[
    {
        "title": "Cobain: Montage of Heck",
        "date_x": "05/07/2015 ",
        "score": 77.0,
        "genre": [
            "Documentary",
            "Music",
            "Animation",
            "History"
        ],
        "overview": "Hailed as one of the most innovative and intimate documentaries of all time, experience Kurt Cobain like never before in the only ever fully authorized portrait of the famed music icon. Academy Award nominated filmmaker Brett Morgen expertly blends Cobain's personal archive of art, music, never seen before movies, animation and revelatory interviews from his family and closest friends.",
        "actors": [
            "Kurt Cobain",
            "Self (archive footage/voice)",
            "Courtney Love",
            "Self",
            "Krist Novoselic",
            "Self",
            "Dave Grohl",
            "Self (archive footage)",
            "Frances Bean Cobain",
            "Self (archive footage)",
            "Pat Smear",
            "Self (archive footage)",
            "Dale Crover",
            "Self (archive footage)",
            "Buzz Osborne",
            "Self (archive footage)",
            "Eric Erlandson",
            "Self (archive footage)"
        ],
        "orig_title": "Cobain: Montage of Heck",
        "status": " Released",
        "orig_lang": " English",
        "budget_x": 93400000.0,
        "revenue": 616715972.8,
        "country": "AU"
    },
    {
        "title": "Japanese Mom",
        "date_x": "02/09/2017 ",
        "score": 55.0,
        "genre": [
            "Romance",
            "Drama"
        ],
        "overview": "\"Innocent face, D-cup breasts and perfect intercourse skills! Son, this is not your girlfriend anymore but your mother!\"  Ki-ho brings Yuki from Japan to marry her. However, he starts cheating on her with his ex-girlfriend in Korea.  Min-cheol comforted Yuki and thought of her as his daughter-in-law, but one day he realizes he is looking at her as a woman.  In the end, Yuki and Min-cheol have intercourse without Ki-ho knowing...",
        "actors": [
            "Ahn Min-sang",
            "Min-cheol",
            "Saki Mizumi",
            "Yuki",
            "Min Ho",
            "Gi-ho",
            "Ha Roo",
            "Minky - Cameo",
            "Ahn So-hee",
            "Eun-ji"
        ],
        "orig_title": " 일본 엄마",
        "status": " Released",
        "orig_lang": " Korean",
        "budget_x": 94000000.0,
        "revenue": 537098095.8,
        "country": "KR"
    },
    {
        "title": "Initial D",
        "date_x": "05/12/2005 ",
        "score": 68.0,
        "genre": [
            "Action",
            "Crime",
            "Thriller",
            "Drama"
        ],
        "overview": "After winning his first competition, Takumi focuses his attention on drift racing, a sport he has unknowingly perfected while delivering tofu in his father's Toyota AE86.",
        "actors": [
            "Jay Chou",
            "Takumi Fujiwara",
            "Anne Suzuki",
            "Natsuki Mogi",
            "Jordan Chan",
            "Kyouichi Sudou",
            "Shawn Yue",
            "Takeshi Nakazato",
            "Anthony Wong",
            "Bunta 'Tofuman' Fujiwara",
            "Kenny Bee",
            "Yuuichi Tachibana",
            "Chapman To",
            "Itsuki Tachibana",
            "Edison Chen",
            "Ryousuke Takahashi",
            "Tsuyoshi Abe",
            ""
        ],
        "orig_title": " 頭文字D",
        "status": " Released",
        "orig_lang": " Cantonese",
        "budget_x": 1549000.0,
        "revenue": 7096000.0,
        "country": "US"
    },
    {
        "title": "The Jewel of the Nile",
        "date_x": "01/01/1986 ",
        "score": 62.0,
        "genre": [
            "Adventure",
            "Action",
            "Comedy",
            "Romance"
        ],
        "overview": "Joan Wilder is thrust back into a world of murder, chases, foreign intrigue... and love. This time out she's duped by a duplicitous Arab dignitary who brings her to the Middle East, ostensibly to write a book about his life. Of course, he's up to no good, and Joan is just another pawn in his wicked game. But Jack Colton and his sidekick Ralph show up to help our intrepid heroine save the day.",
        "actors": [
            "Michael Douglas",
            "Jack T. Colton",
            "Kathleen Turner",
            "Joan Wilder",
            "Danny DeVito",
            "Ralph",
            "Holland Taylor",
            "Gloria",
            "Spiros Focás",
            "Omar",
            "Avner Eisenberg",
            "Jewel",
            "Paul David Magid",
            "Tarak",
            "Howard Jay Patterson",
            "Barak",
            "Randall Edwin Nelson",
            "Karak"
        ],
        "orig_title": "The Jewel of the Nile",
        "status": " Released",
        "orig_lang": " English",
        "budget_x": 25000000.0,
        "revenue": 96773200.0,
        "country": "AU"
    },
    {
        "title": "Brokedown Palace",
        "date_x": "08/13/1999 ",
        "score": 64.0,
        "genre": [
            "Drama"
        ],
        "overview": "Best friends Alice and Darlene take a trip to Thailand after graduating high school. In Thailand, they meet a captivating Australian man, who calls himself Nick Parks. Darlene is particularly smitten with Nick and convinces Alice to take Nick up on his offer to treat the two of them to what amounts to a day trip to Hong Kong. In the airport, the girls are seized by the police and shocked to discover that one of their bags contains heroin.",
        "actors": [
            "Claire Danes",
            "Alice Marano",
            "Kate Beckinsale",
            "Darlene Davis",
            "Bill Pullman",
            "Hank Greene",
            "Jacqueline Kim",
            "Yon Greene",
            "Lou Diamond Phillips",
            "Roy Knox",
            "Daniel Lapaine",
            "Nick Parks",
            "Tom Amandes",
            "Doug Davis",
            "Aimee Graham",
            "Beth Ann Gardener",
            "John Doe",
            "Bill Marano"
        ],
        "orig_title": "Brokedown Palace",
        "status": " Released",
        "orig_lang": " English",
        "budget_x": 25000000.0,
        "revenue": 11115766.0,
        "country": "US"
    },
    {
        "title": "Race to Witch Mountain",
        "date_x": "05/12/2009 ",
        "score": 58.0,
        "genre": [
            "Adventure",
            "Family",
            "Fantasy",
            "Science Fiction",
            "Thriller",
            "Action"
        ],
        "overview": "A taxi driver gets more than he bargained for when he picks up two teen runaways. Not only does the pair possess supernatural powers, but they're also trying desperately to escape people who have made them their targets.",
        "actors": [
            "Dwayne Johnson",
            "Jack Bruno",
            "AnnaSophia Robb",
            "Sara",
            "Alexander Ludwig",
            "Seth",
            "Carla Gugino",
            "Dr. Alex Friedman",
            "Ciarán Hinds",
            "Burke",
            "John Kassir",
            "Chuck",
            "Chris Marquette",
            "Pope",
            "Tom Everett Scott",
            "Matheson",
            "Kim Richards",
            "Tina"
        ],
        "orig_title": "Race to Witch Mountain",
        "status": " Released",
        "orig_lang": " English",
        "budget_x": 50000000.0,
        "revenue": 105103784.0,
        "country": "AU"
    },
    {
        "title": "Serpico",
        "date_x": "06/06/1974 ",
        "score": 75.0,
        "genre": [
            "Crime",
            "History",
            "Drama"
        ],
        "overview": "Frank Serpico is an idealistic New York City cop who refuses to take bribes, unlike the rest of the force. His actions get Frank shunned by the other officers, and often placed in dangerous situations by his partners. When his superiors ignore Frank's accusations of corruption, he decides to go public with the allegations. Although this causes the Knapp Commission to investigate his claims, Frank has also placed a target on himself.",
        "actors": [
            "Al Pacino",
            "Officer Frank Serpico",
            "John Randolph",
            "Sidney Green",
            "Jack Kehoe",
            "Tom Keough",
            "Biff McGuire",
            "Captain McClain",
            "Barbara Eda-Young",
            "Laurie",
            "Cornelia Sharpe",
            "Leslie Lane",
            "Tony Roberts",
            "Bob Blair",
            "John Medici",
            "Pasquale",
            "Allan Rich",
            "D. A. Tauber"
        ],
        "orig_title": "Serpico",
        "status": " Released",
        "orig_lang": " English",
        "budget_x": 3000000.0,
        "revenue": 27274150.0,
        "country": "AU"
    },
    {
        "title": "JFK",
        "date_x": "01/23/1992 ",
        "score": 76.0,
        "genre": [
            "Drama",
            "Thriller",
            "History"
        ],
        "overview": "Follows the investigation into the assassination of President John F. Kennedy led by New Orleans district attorney Jim Garrison.",
        "actors": [
            "Kevin Costner",
            "Jim Garrison",
            "Tommy Lee Jones",
            "Clay Shaw / Clay Bertrand",
            "Gary Oldman",
            "Lee Harvey Oswald",
            "Kevin Bacon",
            "Willie O'Keefe",
            "Michael Rooker",
            "Bill Broussard",
            "Jack Lemmon",
            "Jack Martin",
            "Laurie Metcalf",
            "Susie Cox",
            "Sissy Spacek",
            "Liz Garrison",
            "Joe Pesci",
            "David Ferrie"
        ],
        "orig_title": "JFK",
        "status": " Released",
        "orig_lang": " English",
        "budget_x": 40000000.0,
        "revenue": 205400000.0,
        "country": "AU"
    },
    {
        "title": "Fist of the North Star: Legend of Raoh - Chapter of Fierce Fight",
        "date_x": "04/28/2007 ",
        "score": 65.0,
        "genre": [
            "Action",
            "Animation"
        ],
        "overview": "A film adaptation of the Last Nanto General story arc from the manga, depicting the final battle between Kenshiro and Raoh that led to Kenshiro becoming the successor of Hokuto Shinken. Some events from the manga / anime have been excluded from the story (such as Raoh's fight with Juza) whereas others have been altered or expanded. New content featuring the final battle from Raoh's perspective have been added. This film serves as the follow-up to the first film in the series, which introduced Raoh and Reina's relationship, this time bringing it to a conclusion.",
        "actors": [
            "Hiroshi Abe",
            "Kenshiro",
            "Takashi Ukaji",
            "Raoul",
            "Yuriko Ishida",
            "Julia",
            "Ko Shibasaki",
            "Reina"
        ],
        "orig_title": " 真救世主伝説 北斗の拳 ラオウ伝 激闘の章",
        "status": " Released",
        "orig_lang": " Japanese",
        "budget_x": 82600000.0,
        "revenue": 307390441.0,
        "country": "JP"
    },
    {
        "title": "The Perfection",
        "date_x": "09/20/2018 ",
        "score": 65.0,
        "genre": [
            "Horror",
            "Thriller",
            "Drama"
        ],
        "overview": "When troubled musical prodigy Charlotte seeks out Elizabeth, the new star pupil of her former school, the encounter sends both musicians down a sinister path with shocking consequences.",
        "actors": [
            "Allison Williams",
            "Charlotte",
            "Logan Browning",
            "Lizzie",
            "Steven Weber",
            "Anton",
            "Alaina Huffman",
            "Paloma",
            "Glynis Davies",
            "Aunt",
            "Molly Grace",
            "Young Charlotte",
            "Milah Thompson",
            "Young Lizzie",
            "Christina Jastrzembska",
            "Aunt",
            "Mark Kandborg",
            "Theis"
        ],
        "orig_title": "The Perfection",
        "status": " Released",
        "orig_lang": " English",
        "budget_x": 112360000.0,
        "revenue": 465264845.8,
        "country": "US"
    },
    {
        "title": "God of Gamblers",
        "date_x": "12/14/1989 ",
        "score": 71.0,
        "genre": [
            "Action",
            "Comedy",
            "Drama"
        ],
        "overview": "Ko Chun, an extremely talented and well known gambler. On the eve of a big confrontation with a famous Singaporean gambler, Ko walks into a trap set by Knife, an avid but a so-so gambler, meant for an Indian servant. Struck on the head, Ko suffers from amnesia and regresses to a child-like state. Knife takes care of Ko and begins to exploit Ko's gambling talents.",
        "actors": [
            "Chow Yun-fat",
            "Ko Chun / 'The God of Gamblers'",
            "Andy Lau",
            "Michael Chan / Little Knife / Dagger",
            "Joey Wong",
            "Jane",
            "Sharla Cheung",
            "Janet",
            "Charles Heung",
            "Lung Ng / Dragon Five",
            "Lung Fong",
            "Ko Yee",
            "Bau Hon-Lam",
            "Chan Kam Sing",
            "Yeung Chak-Lam",
            "Nam",
            "Shing Fui-On",
            "Big Mouth"
        ],
        "orig_title": " 賭神",
        "status": " Released",
        "orig_lang": " Cantonese",
        "budget_x": 26662400.0,
        "revenue": 4762337.0,
        "country": "HK"
    },
    {
        "title": "Revenger",
        "date_x": "12/06/2018 ",
        "score": 53.0,
        "genre": [
            "Action"
        ],
        "overview": "Hell-bent on avenging the murder of his family, a former detective infiltrates a remote island that serves as a prison for vicious death row criminals.",
        "actors": [
            "Bruce Khan",
            "Kim Yool",
            "Park Hee-soon",
            "Carlos Kuhn",
            "Yoon Jin-seo",
            "Mali",
            "Kim In-kwon",
            "Bau",
            "Kim Na-yeon",
            "Jin",
            "Park Chul-min",
            "Lee Pa",
            "Jeon Soo-jin",
            "Kaori",
            "Choi Je-heon",
            "Jargal",
            "Ahn Gap-yong",
            "'Two Swords'"
        ],
        "orig_title": " 리벤져",
        "status": " Released",
        "orig_lang": " Korean",
        "budget_x": 110800000.0,
        "revenue": 514469805.4,
        "country": "KR"
    },
    {
        "title": "Peaceful Warrior",
        "date_x": "06/23/2006 ",
        "score": 75.0,
        "genre": [
            "Drama"
        ],
        "overview": "A chance encounter with a stranger changes the life of a college gymnast.",
        "actors": [
            "Scott Mechlowicz",
            "Dan Millman",
            "Nick Nolte",
            "Socrates",
            "Amy Smart",
            "Joy",
            "Tim DeKay",
            "Coach Garrick",
            "Ashton Holmes",
            "Tommy",
            "Paul Wesley",
            "Trevor",
            "Agnes Bruckner",
            "Susye",
            "B.J. Britt",
            "Kyle",
            "Tom Tarantini",
            "Thug with gun"
        ],
        "orig_title": "Peaceful Warrior",
        "status": " Released",
        "orig_lang": " English",
        "budget_x": 10000000.0,
        "revenue": 3260179.0,
        "country": "AU"
    },
    {
        "title": "Shaft",
        "date_x": "06/25/1971 ",
        "score": 65.0,
        "genre": [
            "Action",
            "Crime",
            "Thriller"
        ],
        "overview": "Cool black private eye John Shaft is hired by a crime lord to find and retrieve his kidnapped daughter.",
        "actors": [
            "Richard Roundtree",
            "John Shaft",
            "Moses Gunn",
            "Bumpy Jonas",
            "Charles Cioffi",
            "Vic Androzzi",
            "Christopher St. John",
            "Ben Buford",
            "Gwenn Mitchell",
            "Ellie Moore",
            "Lawrence Pressman",
            "Sergeant Tom Hannon",
            "Victor Arnold",
            "Charlie",
            "Sherri Brewer",
            "Marcy",
            "Rex Robbins",
            "Rollie"
        ],
        "orig_title": "Shaft",
        "status": " Released",
        "orig_lang": " English",
        "budget_x": 53012938.0,
        "revenue": 107190108.0,
        "country": "US"
    },
    {
        "title": "Shaft",
        "date_x": "06/25/1971 ",
        "score": 65.0,
        "genre": [
            "Action",
            "Crime",
            "Thriller"
        ],
        "overview": "Cool black private eye John Shaft is hired by a crime lord to find and retrieve his kidnapped daughter.",
        "actors": [
            "Richard Roundtree",
            "John Shaft",
            "Moses Gunn",
            "Bumpy Jonas",
            "Charles Cioffi",
            "Vic Androzzi",
            "Christopher St. John",
            "Ben Buford",
            "Gwenn Mitchell",
            "Ellie Moore",
            "Lawrence Pressman",
            "Sergeant Tom Hannon",
            "Victor Arnold",
            "Charlie",
            "Sherri Brewer",
            "Marcy",
            "Rex Robbins",
            "Rollie"
        ],
        "orig_title": "Shaft",
        "status": " Released",
        "orig_lang": " English",
        "budget_x": 30000000.0,
        "revenue": 21360215.0,
        "country": "US"
    },
    {
        "title": "The Untold Story",
        "date_x": "05/13/1993 ",
        "score": 60.0,
        "genre": [
            "Crime",
            "Drama",
            "Horror",
            "Thriller"
        ],
        "overview": "In 1978 in Hong Kong, a grisly murder takes place. Eight years later, on a Macao beach, kids discover the severed hands of a fresh victim. A squadron of coarse, happy-go-lucky cops investigate, and suspicion falls on Wong Chi Hang, the new owner of Eight Immortals Restaurant, which serves delicious pork bao. The hands belong to the missing mother of the restaurant's former owner; he and his family have disappeared; staff at the restaurant continue to go missing; and, Wong can't produce a signed bill of sale: but there's no evidence. The police arrest Wong and try to torture him into a confession. Can they make him talk? And what was in those pork bao?",
        "actors": [
            "Anthony Wong",
            "Wong Chi Hang",
            "Danny Lee Sau-Yin",
            "Officer Lee",
            "Emily Kwan Bo-Wai",
            "Bo",
            "Julie Lee",
            "Pearl",
            "Parkman Wong",
            "Bull",
            "Kuang Hsiung",
            "",
            "Shing Fui-On",
            "Cheng Poon",
            "James Jim-Si Ha",
            "Wong's Mahjong Buddy",
            "Lau Siu-Ming",
            "Cheng Lam"
        ],
        "orig_title": " 八仙飯店之人肉叉燒飽",
        "status": " Released",
        "orig_lang": " Cantonese",
        "budget_x": 111000000.0,
        "revenue": 536970985.4,
        "country": "HK"
    },
    {
        "title": "I'm Thinking of Ending Things",
        "date_x": "09/04/2020 ",
        "score": 66.0,
        "genre": [
            "Drama",
            "Fantasy",
            "Mystery",
            "Thriller"
        ],
        "overview": "Nothing is as it seems when a woman experiencing misgivings about her new boyfriend joins him on a road trip to meet his parents at their remote farm.",
        "actors": [
            "Jesse Plemons",
            "Jake",
            "Jessie Buckley",
            "Young Woman",
            "Toni Collette",
            "Mother",
            "David Thewlis",
            "Father",
            "Guy Boyd",
            "Janitor",
            "Hadley Robinson",
            "Laurey / Tulsey Town Girl 1",
            "Gus Birney",
            "Aunt Eller / Tulsey Town Girl 2",
            "Abby Quinn",
            "Tulsey Town Girl 3",
            "Colby Minifie",
            "Yvonne"
        ],
        "orig_title": "I'm Thinking of Ending Things",
        "status": " Released",
        "orig_lang": " English",
        "budget_x": 110000000.0,
        "revenue": 333736596.6,
        "country": "AU"
    },
    {
        "title": "Godzilla, King of the Monsters!",
        "date_x": "04/27/1956 ",
        "score": 66.0,
        "genre": [
            "Science Fiction",
            "Horror"
        ],
        "overview": "During an assignment, foreign correspondent Steve Martin spends a layover in Tokyo and is caught amid the rampage of an unstoppable prehistoric monster the Japanese call 'Godzilla'. The only hope for both Japan and the world lies on a secret weapon, which may prove more destructive than the monster itself.",
        "actors": [
            "Raymond Burr",
            "Steve Martin",
            "Akira Takarada",
            "Ogata",
            "Momoko Kôchi",
            "Emiko Yamane (as Momoko Kochi)",
            "Akihiko Hirata",
            "Dr. Serizawa",
            "Takashi Shimura",
            "Dr. Yamane",
            "Frank Iwanaga",
            "Security Officer",
            "James Hong",
            "Ogata / Serizawa (voice) (uncredited)",
            "Sachio Sakai",
            "Hagiwara",
            "Fuyuki Murakami",
            "Dr. Tabata"
        ],
        "orig_title": "Godzilla, King of the Monsters!",
        "status": " Released",
        "orig_lang": " English",
        "budget_x": 25000.0,
        "revenue": 2000000.0,
        "country": "US"
    },
    {
        "title": "The War of the Worlds",
        "date_x": "03/11/1954 ",
        "score": 68.0,
        "genre": [
            "Science Fiction",
            "Action"
        ],
        "overview": "The residents of a small town are excited when a flaming meteor lands in the hills, until they discover it is the first of many transport devices from Mars bringing an army of invaders invincible to any man-made weapon, even the atomic bomb.",
        "actors": [
            "Gene Barry",
            "Dr. Clayton Forrester",
            "Ann Robinson",
            "Sylvia Van Buren",
            "Lewis Martin",
            "Pastor Dr. Matthew Collins",
            "Les Tremayne",
            "Maj. Gen. Mann",
            "Frank Kreig",
            "Fiddler Hawkins (uncredited)",
            "Vernon Rich",
            "Col. Ralph Heffner",
            "Sandro Giglio",
            "Dr. Bilderbeck",
            "Ann Codee",
            "Dr. Duprey (uncredited)",
            "Robert Cornthwaite",
            "Dr. Pryor (as Bob Cornthwaite)"
        ],
        "orig_title": "The War of the Worlds",
        "status": " Released",
        "orig_lang": " English",
        "budget_x": 2000000.0,
        "revenue": 257720413.2,
        "country": "AU"
    },
    {
        "title": "The Bad Guys: Reign of Chaos",
        "date_x": "09/11/2019 ",
        "score": 68.0,
        "genre": [
            "Action",
            "Crime"
        ],
        "overview": "After a group of criminals manage to escape while being transported, a skilled task force is assembled to help track and return them to prison.",
        "actors": [
            "Ma Dong-seok",
            "Park Woong-chul",
            "Kim Sang-joong",
            "Oh Gu-tak",
            "Kim A-joong",
            "Kwak No-soon",
            "Jang Ki-yong",
            "Ko Yoo-sung",
            "Park Hyo-joon",
            "Yoon Chul-joo",
            "Kim In-woo",
            "Yoshihara",
            "Lee Jae-yoon",
            "Skull tattoo",
            "Park Won-sang",
            "Jo Dong-chul",
            "Jo Young-jin",
            "No Sang-shik"
        ],
        "orig_title": " 나쁜 녀석들: 더 무비",
        "status": " Released",
        "orig_lang": " Korean",
        "budget_x": 68400000.0,
        "revenue": 396375594.0,
        "country": "KR"
    },
    {
        "title": "Four Kids and It",
        "date_x": "04/10/2020 ",
        "score": 64.0,
        "genre": [
            "Family",
            "Fantasy"
        ],
        "overview": "A group of kids on holiday in Cornwall meet a magical creature on the beach with the power to grant wishes.",
        "actors": [
            "Matthew Goode",
            "David",
            "Pippa Haywood",
            "Bookshop Owner",
            "Paula Patton",
            "Alice",
            "Michael Caine",
            "Psammead (voice)",
            "Russell Brand",
            "Tristan Trent",
            "William Franklyn-Miller",
            "Carl",
            "Billy Jenkins",
            "Robbie",
            "Ashley Aufderheide",
            "Smash",
            "Jacqueline Wilson",
            "Herself"
        ],
        "orig_title": "Four Kids and It",
        "status": " Released",
        "orig_lang": " English",
        "budget_x": 77400000.0,
        "revenue": 286421986.2,
        "country": "IE"
    },
    {
        "title": "The Skeleton Key",
        "date_x": "08/18/2005 ",
        "score": 66.0,
        "genre": [
            "Drama",
            "Horror",
            "Mystery",
            "Thriller"
        ],
        "overview": "A hospice nurse working at a spooky New Orleans plantation home finds herself entangled in a mystery involving the house's dark past.",
        "actors": [
            "Kate Hudson",
            "Caroline Ellis",
            "Gena Rowlands",
            "Violet Devereaux",
            "Peter Sarsgaard",
            "Luke Marshall",
            "John Hurt",
            "Ben Devereaux",
            "Joy Bryant",
            "Jill",
            "Marion Zinser",
            "Bayou Woman",
            "Maxine Barnett",
            "Mama Cynthia",
            "Fahnlohnee R. Harris",
            "Hallie",
            "Deneen Tyler",
            "Desk Nurse"
        ],
        "orig_title": "The Skeleton Key",
        "status": " Released",
        "orig_lang": " English",
        "budget_x": 40000000.0,
        "revenue": 92256918.0,
        "country": "AU"
    },
    {
        "title": "Radio",
        "date_x": "10/24/2003 ",
        "score": 72.0,
        "genre": [
            "Drama"
        ],
        "overview": "High school football coach, Harold Jones befriends Radio, a mentally-challenged man who becomes a student at T.L. Hanna High School in Anderson, South Carolina. Their friendship extends over several decades, where Radio transforms from a shy, tormented man into an inspiration to his community.",
        "actors": [
            "Cuba Gooding Jr.",
            "Radio",
            "Ed Harris",
            "Coach Jones",
            "Alfre Woodard",
            "Principle Daniels",
            "S. Epatha Merkerson",
            "Maggie",
            "Debra Winger",
            "Linda Jones",
            "Chris Mulkey",
            "Frank",
            "Sarah Drew",
            "Mary Helen Jones",
            "Brent Sexton",
            "Honeycutt",
            "Riley Smith",
            "Johnny"
        ],
        "orig_title": "Radio",
        "status": " Released",
        "orig_lang": " English",
        "budget_x": 35000000.0,
        "revenue": 53293628.0,
        "country": "US"
    },
    {
        "title": "Zombies",
        "date_x": "05/03/2018 ",
        "score": 58.0,
        "genre": [
            "Horror",
            "Action",
            "Thriller",
            "Mystery"
        ],
        "overview": "When the world is in shambles, plagued by a zombie outbreak, only the strong will survive, but just how much determination will it take? Will Luke and his crew have enough ambition and ammunition to stay alive long enough to save the human race?",
        "actors": [
            "Amanda Day",
            "",
            "Susan Chambers",
            "Woman",
            "Raina Hein",
            "Bena",
            "Tony Todd",
            "Detective Sommers",
            "Heidi Fellner",
            "Haley",
            "Ava Acres",
            "(voice)",
            "Cody Fleury",
            "Zombie",
            "Aundrea Smith",
            "Litlle Girl",
            "Steven Luke",
            "Luke"
        ],
        "orig_title": "Zombies",
        "status": " Released",
        "orig_lang": " German",
        "budget_x": 125000000.0,
        "revenue": 399706279.2,
        "country": "DE"
    },
    {
        "title": "Sudden Impact",
        "date_x": "12/08/1983 ",
        "score": 65.0,
        "genre": [
            "Crime",
            "Action",
            "Thriller"
        ],
        "overview": "When a young rape victim takes justice into her own hands and becomes a serial killer, it's up to Dirty Harry Callahan, on suspension from the SFPD, to bring her to justice.",
        "actors": [
            "Clint Eastwood",
            "Insp. Harry Callahan",
            "Sondra Locke",
            "Jennifer Spencer",
            "Pat Hingle",
            "Chief Jannings",
            "Bradford Dillman",
            "Captain Briggs",
            "Paul Drake",
            "Mick",
            "Audrie Neenan",
            "Ray Parkins",
            "Jack Thibeau",
            "Kruger",
            "Michael Currie",
            "Lt. Donnelly",
            "Albert Popwell",
            "Horace King"
        ],
        "orig_title": "Sudden Impact",
        "status": " Released",
        "orig_lang": " English",
        "budget_x": 22000000.0,
        "revenue": 150000000.0,
        "country": "US"
    },
    {
        "title": "One Piece: Heart of Gold",
        "date_x": "07/16/2016 ",
        "score": 75.0,
        "genre": [
            "Animation",
            "Adventure",
            "Comedy",
            "Fantasy",
            "Action"
        ],
        "overview": "A girl named Olga is pursued by both the World Government and a man named Mad Treasure, as she is the only one who knows the location of the Pure Gold, a substance that can buy the entire world. Olga ends up sailing with the Straw Hat Pirates, and they journey to find the Pure Gold on the lost island of Alchemi, which is located inside the stomach of a large angler fish named Bonbori.",
        "actors": [
            "Kazuki Yao",
            "Franky (voice)",
            "Mayumi Tanaka",
            "Monkey D. Luffy (voice)",
            "Akemi Okamura",
            "Nami (voice)",
            "Yuriko Yamaguchi",
            "Nico Robin (voice)",
            "Kazuya Nakai",
            "Zoro Roronoa (voice)",
            "Hiroaki Hirata",
            "Sanji (voice)",
            "Ikue Otani",
            "Tony Tony Chopper (voice)",
            "Kappei Yamaguchi",
            "Usopp (voice)",
            "Kiko Mizuhara",
            "Naomi (voice)"
        ],
        "orig_title": " ワンピース～ハート オブ ゴールド～",
        "status": " Released",
        "orig_lang": " Japanese",
        "budget_x": 103800000.0,
        "revenue": 449307017.0,
        "country": "JP"
    },
    {
        "title": "Mission to Mars",
        "date_x": "04/06/2000 ",
        "score": 60.0,
        "genre": [
            "Science Fiction",
            "Adventure",
            "Thriller"
        ],
        "overview": "When contact is lost with the crew of the first Mars expedition, a rescue mission is launched to discover their fate.",
        "actors": [
            "Gary Sinise",
            "Jim McConnell",
            "Tim Robbins",
            "Woodrow 'Woody' Blake",
            "Don Cheadle",
            "Luke Graham",
            "Connie Nielsen",
            "Terri Fisher",
            "Jerry O'Connell",
            "Phil Ohlmyer",
            "Peter Outerbridge",
            "Sergei Kirov",
            "Kavan Smith",
            "Nicholas Willis",
            "Jill Teed",
            "Reene Cote",
            "Elise Neal",
            "Debra Graham"
        ],
        "orig_title": "Mission to Mars",
        "status": " Released",
        "orig_lang": " English",
        "budget_x": 90000000.0,
        "revenue": 106000000.0,
        "country": "AU"
    },
    {
        "title": "Space Cowboys",
        "date_x": "10/05/2000 ",
        "score": 64.0,
        "genre": [
            "Action",
            "Adventure",
            "Thriller"
        ],
        "overview": "Frank Corvin, ‘Hawk’ Hawkins, Jerry O'Neill and ‘Tank’ Sullivan were hotdog members of Project Daedalus, the Air Force's test program for space travel, but their hopes were dashed in 1958 with the formation of NASA and the use of trained chimps. They blackmail their way into orbit when Russia's mysterious ‘Ikon’ communications satellite's orbit begins to degrade and threatens to crash to Earth.",
        "actors": [
            "Clint Eastwood",
            "Frank Corvin",
            "Tommy Lee Jones",
            "Hawk Hawkins",
            "Donald Sutherland",
            "Jerry O`Neill",
            "James Garner",
            "Tank Sullivan",
            "James Cromwell",
            "Bob Gerson",
            "Marcia Gay Harden",
            "Sara Holland",
            "William Devane",
            "Eugene Davis",
            "Loren Dean",
            "Ethan Glance",
            "Courtney B. Vance",
            "Roger Hines"
        ],
        "orig_title": "Space Cowboys",
        "status": " Released",
        "orig_lang": " English",
        "budget_x": 65000000.0,
        "revenue": 128874043.0,
        "country": "AU"
    },
    {
        "title": "File 253",
        "date_x": "02/05/2015 ",
        "score": 56.0,
        "genre": [
            "Horror"
        ],
        "overview": "In 2013 a psychiatric clinic which served for more than 50 years caring for patients in Mexico City was demolished. A few months before its demolition, four young men came to investigate the clinic, determined to discover the truth about rumors of strange and paranormal events, recording everything with which they encounter. Today, the whereabouts of these four young men are unknown, remaining only fragments of their recordings.",
        "actors": [
            "Anna Cetti",
            "Isabella",
            "Mario Escalante",
            "Mateo",
            "Michel Chauvet",
            "Diego",
            "Juan Luis Tovar",
            "Charly"
        ],
        "orig_title": " Archivo 253",
        "status": " Released",
        "orig_lang": " Spanish, Castilian",
        "budget_x": 141600000.0,
        "revenue": 522659686.2,
        "country": "MX"
    },
    {
        "title": "Bend It Like Beckham",
        "date_x": "07/04/2002 ",
        "score": 63.0,
        "genre": [
            "Comedy",
            "Drama",
            "Romance"
        ],
        "overview": "Jess Bhamra, the daughter of a strict Indian couple in London, is not permitted to play organized soccer, even though she is 18. When Jess is playing for fun one day, her impressive skills are seen by Jules Paxton, who then convinces Jess to play for her semi-pro team. Jess uses elaborate excuses to hide her matches from her family while also dealing with her romantic feelings for her coach, Joe.",
        "actors": [
            "Parminder Nagra",
            "Jesminder 'Jess' Kaur Bhamra",
            "Keira Knightley",
            "Juliette 'Jules' Paxton",
            "Jonathan Rhys Meyers",
            "Joe",
            "Anupam Kher",
            "Mr. Bhamra",
            "Shaheen Khan",
            "Mrs. Bhamra",
            "Frank Harper",
            "Alan Paxton",
            "Juliet Stevenson",
            "Paula Paxton",
            "Ameet Chana",
            "Tony",
            "Archie Panjabi",
            "Pinky Bhamra"
        ],
        "orig_title": "Bend It Like Beckham",
        "status": " Released",
        "orig_lang": " English",
        "budget_x": 3500159.0,
        "revenue": 76578641.0,
        "country": "AU"
    },
    {
        "title": "The Shaggy Dog",
        "date_x": "03/10/2006 ",
        "score": 49.0,
        "genre": [
            "Comedy",
            "Family"
        ],
        "overview": "The tale of a workaholic dad-turned-dog who finds that being man's best friend shows him the most important job - being a great dad.",
        "actors": [
            "Tim Allen",
            "Dave Douglas",
            "Kristin Davis",
            "Rebecca Douglas",
            "Danny Glover",
            "Ken Hollister",
            "Spencer Breslin",
            "Josh Douglas",
            "Robert Downey Jr.",
            "Dr. Kozak",
            "Zena Grey",
            "Carly Douglas",
            "Joshua Leonard",
            "Justin Forrester",
            "Jane Curtin",
            "Judge Claire Whittaker",
            "Annabelle Gurwitch",
            "Justin Forrester's Attorney"
        ],
        "orig_title": "The Shaggy Dog",
        "status": " Released",
        "orig_lang": " English",
        "budget_x": 60000000.0,
        "revenue": 87123569.0,
        "country": "US"
    },
    {
        "title": "Three Fugitives",
        "date_x": "01/27/1989 ",
        "score": 67.0,
        "genre": [
            "Comedy",
            "Crime"
        ],
        "overview": "On his first day after being released from jail for 14 armed bank robberies, Lucas finds himself caught up in someone else's robbery. Perry has decided to hold up the local bank to raise money so that he can keep his daughter, Meg, and get her the treatment she needs. Dugan, a detective, assumes Lucas helped plan the robbery, and hence Lucas, Perry and Meg become three fugitives.",
        "actors": [
            "Nick Nolte",
            "Lucas",
            "Martin Short",
            "Ned Perry",
            "Sarah Rowland Doroff",
            "Meg Perry",
            "James Earl Jones",
            "Dugan",
            "Alan Ruck",
            "Tener",
            "Kenneth McMillan",
            "Horvath",
            "David Arnott",
            "Bank Teller",
            "Bruce McGill",
            "Charlie",
            "Lee Garlington",
            "Woman Cop"
        ],
        "orig_title": "Three Fugitives",
        "status": " Released",
        "orig_lang": " English",
        "budget_x": 15000000.0,
        "revenue": 40590000.0,
        "country": "US"
    },
    {
        "title": "Tom and Jerry Meet Sherlock Holmes",
        "date_x": "08/24/2010 ",
        "score": 66.0,
        "genre": [
            "Family",
            "Animation",
            "Adventure",
            "Comedy"
        ],
        "overview": "Tom and Jerry need to learn to work together in order to help Sherlock Holmes with an investigation of a jewel theft. But still, they are cat and mouse!",
        "actors": [
            "Michael York",
            "Sherlock Holmes (voice)",
            "Malcolm McDowell",
            "Professor Moriarity (voice)",
            "John Rhys-Davies",
            "Dr. Watson (voice)",
            "Billy West",
            "Tom (voice)",
            "Grey DeLisle",
            "Red (voice)",
            "Phil LaMarr",
            "Spike / Policeman (voice)",
            "Kath Soucie",
            "Tuffy (voice)",
            "Jeff Bergman",
            "Butch / Droopy (voice)",
            "Greg Ellis",
            "Tin / Sergeant (voice)"
        ],
        "orig_title": "Tom and Jerry Meet Sherlock Holmes",
        "status": " Released",
        "orig_lang": " English",
        "budget_x": 35770488.0,
        "revenue": 347988775.0,
        "country": "US"
    },
    {
        "title": "The Fall of the Roman Empire",
        "date_x": "03/26/1964 ",
        "score": 65.0,
        "genre": [
            "Drama",
            "History",
            "War"
        ],
        "overview": "In the year 180 A.D. Germanic tribes are about to invade the Roman empire from the north. In the midst of this crisis ailing emperor Marcus Aurelius has to make a decission about his successor between his son Commodus, who is obsessed by power, and the loyal general Gaius Livius.",
        "actors": [
            "Sophia Loren",
            "Lucilla",
            "Stephen Boyd",
            "Livius",
            "Christopher Plummer",
            "Commodus",
            "Alec Guinness",
            "Marcus Aurelius",
            "James Mason",
            "Timonides",
            "Anthony Quayle",
            "Verulus",
            "John Ireland",
            "Ballomar",
            "Omar Sharif",
            "Sohamus",
            "Mel Ferrer",
            "Cleander"
        ],
        "orig_title": "The Fall of the Roman Empire",
        "status": " Released",
        "orig_lang": " English",
        "budget_x": 19000000.0,
        "revenue": 4750000.0,
        "country": "US"
    },
    {
        "title": "Far Far Away Idol",
        "date_x": "11/05/2004 ",
        "score": 63.0,
        "genre": [
            "Music",
            "Comedy",
            "Animation"
        ],
        "overview": "Shrek, Fiona, Donkey, Puss in Boots, and the rest of the Far Far Away Kingdom battle it out in a singing competition.",
        "actors": [
            "Mike Myers",
            "Shrek (voice)",
            "Eddie Murphy",
            "Donkey (voice)",
            "Cameron Diaz",
            "Princess Fiona (voice)",
            "Antonio Banderas",
            "Puss In Boots (voice)",
            "Simon Cowell",
            "Simon Cowell (voice)",
            "Chris Miller",
            "Magic Mirror (voice)",
            "Larry King",
            "Ugly Stepsister (voice)",
            "Cody Cameron",
            "Pinocchio / Three Pigs (voice)",
            "Conrad Vernon",
            "Gingerbread Man (voice)"
        ],
        "orig_title": "Far Far Away Idol",
        "status": " Released",
        "orig_lang": " English",
        "budget_x": 82400000.0,
        "revenue": 248659580.6,
        "country": "US"
    },
    {
        "title": "Four Christmases",
        "date_x": "12/04/2008 ",
        "score": 58.0,
        "genre": [
            "Comedy",
            "Romance",
            "Drama"
        ],
        "overview": "Brad and Kate have made something of an art form out of avoiding their families during the holidays, but this year their foolproof plan is about go bust -- big time. Stuck at the city airport after all departing flights are canceled, the couple is embarrassed to see their ruse exposed to the world by an overzealous television reporter. Now, Brad and Kate are left with precious little choice other than to swallow their pride and suffer the rounds.",
        "actors": [
            "Vince Vaughn",
            "Brad McVie",
            "Reese Witherspoon",
            "Kate",
            "Robert Duvall",
            "Howard McVie",
            "Sissy Spacek",
            "Paula",
            "Mary Steenburgen",
            "Marilyn",
            "Jon Voight",
            "Creighton",
            "Kristin Chenoweth",
            "Courtney",
            "Jon Favreau",
            "Denver McVie",
            "Tim McGraw",
            "Dallas McVie"
        ],
        "orig_title": "Four Christmases",
        "status": " Released",
        "orig_lang": " English",
        "budget_x": 80000000.0,
        "revenue": 168311558.0,
        "country": "AU"
    },
    {
        "title": "A Royal Winter",
        "date_x": "01/14/2017 ",
        "score": 72.0,
        "genre": [
            "Romance",
            "TV Movie"
        ],
        "overview": "While on a last-minute European holiday, a young woman finds herself in the middle of a real-life fairy tale when a chance meeting with a handsome local leads to something more. However, things get complicated when she learns that the \"local\" is actually a prince who is about to be crowned King, and whose mother is dead-set against her royal son's romance with the tourist.",
        "actors": [
            "Merritt Patterson",
            "Maggie Marks",
            "Jack Donnelly",
            "Prince Adrian of Calpurnia",
            "Samantha Bond",
            "Queen Beatrice of Calpurnia",
            "Rhea Bailey",
            "Sarah Price",
            "Cian Barry",
            "Felix Meyers",
            "Ryan Ellsworth",
            "Henrik",
            "Christopher Bowen",
            "Wickford",
            "Richard Ashton",
            "Frederic",
            "Andrew Pleavin",
            "Andre"
        ],
        "orig_title": "A Royal Winter",
        "status": " Released",
        "orig_lang": " English",
        "budget_x": 106000000.0,
        "revenue": 571836976.6,
        "country": "US"
    },
    {
        "title": "Macario",
        "date_x": "06/09/1960 ",
        "score": 86.0,
        "genre": [
            "Drama",
            "Fantasy"
        ],
        "overview": "Poor, hungry peasant Macario longs for just one good meal on the Day of the Dead. After his wife cooks a turkey for him, he meets three apparitions, the Devil, God, and Death. Each asks him to share his turkey, but he refuses all except Death. In return, Death gives him a bottle of water which will heal any illness. Soon, Macario is more wealthy than the village doctor, which draws the attention of the feared Inquisition.",
        "actors": [
            "Ignacio López Tarso",
            "Macario",
            "Pina Pellicer",
            "Esposa de Macario",
            "Enrique Lucero",
            "La muerte",
            "Mario Alberto Rodríguez",
            "Don Ramiro",
            "José Gálvez",
            "El Demonio",
            "Eduardo Fajardo",
            "Virrey",
            "Consuelo Frank",
            "Virreina",
            "José Dupeyrón",
            "",
            "Celia Tejeda",
            "Chona"
        ],
        "orig_title": "Macario",
        "status": " Released",
        "orig_lang": " Spanish, Castilian",
        "budget_x": 159600000.0,
        "revenue": 997431725.6,
        "country": "MX"
    },
    {
        "title": "Wild Things 2",
        "date_x": "03/06/2004 ",
        "score": 52.0,
        "genre": [
            "Crime",
            "Drama",
            "Mystery"
        ],
        "overview": "Two Florida high school vixens hatch a murderous plan to win an inheritance, but they hadn't bargained for an escalating whirlpool of blackmail and sexual games with a sleazy insurance investigator who has his own plans for the money.",
        "actors": [
            "Susan Ward",
            "Brittney Havers",
            "Leila Arcieri",
            "Maya King",
            "Isaiah Washington",
            "Terence Bridge",
            "Joe Michael Burke",
            "Julian Haynes",
            "Linden Ashby",
            "Detective Morrison",
            "Tony Denison",
            "Niles Dunlap",
            "Ski Carr",
            "Cicatriz",
            "Dylan Kussman",
            "Irvin Brillman",
            "Katie Stuart",
            "Shannon"
        ],
        "orig_title": "Wild Things 2",
        "status": " Released",
        "orig_lang": " English",
        "budget_x": 2800000.0,
        "revenue": 5882400.8,
        "country": "US"
    },
    {
        "title": "The Boy Who Cried Werewolf",
        "date_x": "10/22/2010 ",
        "score": 65.0,
        "genre": [
            "Family",
            "Fantasy",
            "TV Movie",
            "Comedy"
        ],
        "overview": "A Californian family inherits a castle in Romania. This is especially exciting to the son, who is obsessed with monsters. And he is not disappointed.",
        "actors": [
            "Victoria Justice",
            "Jordan",
            "Chase Ellison",
            "Hunter",
            "Brooke D'Orsay",
            "Paulina",
            "Matt Winston",
            "David",
            "Steven Grayhm",
            "Goran",
            "Brooke Shields",
            "Madame Varcolac",
            "Anna Galvin",
            "Ms. Carlsberg",
            "Jillian Marie Hubert",
            "KC",
            "Valerie Tian",
            "Debbie"
        ],
        "orig_title": "The Boy Who Cried Werewolf",
        "status": " Released",
        "orig_lang": " English",
        "budget_x": 126000000.0,
        "revenue": 767609180.8,
        "country": "US"
    },
    {
        "title": "Feel the Beat",
        "date_x": "06/19/2020 ",
        "score": 77.0,
        "genre": [
            "Comedy",
            "Music",
            "Drama"
        ],
        "overview": "After failing to make it on Broadway, April returns to her hometown and reluctantly begins training a misfit group of young dancers for a competition.",
        "actors": [
            "Sofia Carson",
            "April",
            "Wolfgang Novogratz",
            "Nick",
            "Donna Lynne Champlin",
            "Barb",
            "Enrico Colantoni",
            "Frank",
            "Dennis Andres",
            "Coach Buzz",
            "Rex Lee",
            "Wellington 'Welly' Wong",
            "Brandon Kyle Goodman",
            "Deco",
            "Eva Hauge",
            "Sarah",
            "Lidya Jewett",
            "Kari"
        ],
        "orig_title": "Feel the Beat",
        "status": " Released",
        "orig_lang": " English",
        "budget_x": 73400000.0,
        "revenue": 1079234048.0,
        "country": "AU"
    },
    {
        "title": "Out of Time",
        "date_x": "10/17/2003 ",
        "score": 63.0,
        "genre": [
            "Thriller",
            "Crime",
            "Drama"
        ],
        "overview": "Matt Lee Whitlock, respected chief of police in small Banyan Key, Florida, must solve a vicious double homicide before he himself falls under suspicion. Matt Lee has to stay a few steps ahead of his own police force and everyone he's trusted in order to find out the truth.",
        "actors": [
            "Denzel Washington",
            "Matthias \" Lee \" Whitlock",
            "Eva Mendes",
            "Alex Diaz Whitlock",
            "Sanaa Lathan",
            "Ann Merai Harrison",
            "John Billingsley",
            "Chae",
            "Dean Cain",
            "Chris Harrison",
            "Alex Carter",
            "Cabot",
            "Antoni Corone",
            "Deputy Baste",
            "Robert Baker",
            "Tony Dalton",
            "Ron Madoff",
            "Detective"
        ],
        "orig_title": "Out of Time",
        "status": " Released",
        "orig_lang": " English",
        "budget_x": 50000000.0,
        "revenue": 55489826.0,
        "country": "AU"
    },
    {
        "title": "Critters 2",
        "date_x": "03/22/1989 ",
        "score": 60.0,
        "genre": [
            "Comedy",
            "Horror",
            "Science Fiction"
        ],
        "overview": "A batch of unhatched critter eggs are mistaken for Easter eggs by the country-folk inhabitants of Grover's Bend and, before long, the ferocious furballs are on the rampage again.",
        "actors": [
            "Scott Grimes",
            "Brad Brown",
            "Liane Curtis",
            "Megan Morgan",
            "Barry Corbin",
            "Harv",
            "Don Keith Opper",
            "Charlie McFadden",
            "Lin Shaye",
            "Sally",
            "Eddie Deezen",
            "Hungry Heifer Manager",
            "Terrence Mann",
            "Ug",
            "Roxanne Kernohan",
            "Lee",
            "Sam Anderson",
            "Mr. Morgan"
        ],
        "orig_title": "Critters 2",
        "status": " Released",
        "orig_lang": " English",
        "budget_x": 4500000.0,
        "revenue": 3813293.0,
        "country": "AU"
    },
    {
        "title": "In a Valley of Violence",
        "date_x": "10/21/2016 ",
        "score": 61.0,
        "genre": [
            "Western",
            "Action"
        ],
        "overview": "The story of a drifter named Paul who arrives in a small town seeking revenge on the thugs who murdered his friend. Sisters Mary Anne and Ellen, who run the town's hotel, help Paul in his quest for vengeance.",
        "actors": [
            "Ethan Hawke",
            "Paul",
            "John Travolta",
            "The Marshal",
            "Taissa Farmiga",
            "Mary Anne",
            "James Ransone",
            "Gilly",
            "Karen Gillan",
            "Ellen",
            "Burn Gorman",
            "Priest",
            "Toby Huss",
            "Harris",
            "Larry Fessenden",
            "Roy",
            "K. Harrison Sweeney",
            "William T. 'Billy' Baxter"
        ],
        "orig_title": "In a Valley of Violence",
        "status": " Released",
        "orig_lang": " English",
        "budget_x": 8800000.0,
        "revenue": 53647.0,
        "country": "US"
    },
    {
        "title": "Galaxy Quest",
        "date_x": "03/10/2000 ",
        "score": 71.0,
        "genre": [
            "Comedy",
            "Science Fiction",
            "Adventure"
        ],
        "overview": "For four years, the courageous crew of the NSEA protector - \"Commander Peter Quincy Taggart\" (Tim Allen), \"Lt. Tawny Madison (Sigourney Weaver) and \"Dr.Lazarus\" (Alan Rickman) - set off on a thrilling and often dangerous mission in space...and then their series was cancelled! Now, twenty years later, aliens under attack have mistaken the Galaxy Quest television transmissions for \"historical documents\" and beam up the crew of has-been actors to save the universe. With no script, no director and no clue, the actors must turn in the performances of their lives.",
        "actors": [
            "Tim Allen",
            "Jason Nesmith",
            "Sigourney Weaver",
            "Gwen DeMarco",
            "Alan Rickman",
            "Alexander Dane",
            "Tony Shalhoub",
            "Fred Kwan",
            "Sam Rockwell",
            "Guy Fleegman",
            "Daryl Mitchell",
            "Tommy Webber",
            "Enrico Colantoni",
            "Mathesar",
            "Robin Sachs",
            "Sarris",
            "Jed Rees",
            "Teb"
        ],
        "orig_title": "Galaxy Quest",
        "status": " Released",
        "orig_lang": " English",
        "budget_x": 45000000.0,
        "revenue": 90523726.0,
        "country": "AU"
    },
    {
        "title": "Not Without My Daughter",
        "date_x": "01/11/1991 ",
        "score": 66.0,
        "genre": [
            "Drama",
            "Thriller"
        ],
        "overview": "An American woman, trapped in Islamic Iran by her brutish husband, must find a way to escape with her daughter as well.",
        "actors": [
            "Sally Field",
            "Betty Mahmoody",
            "Alfred Molina",
            "Moody",
            "Sheila Rosenthal",
            "Mahtob",
            "Roshan Seth",
            "Houssein",
            "Sarah Badel",
            "Nicole",
            "Mony-Rey",
            "Ameh Bozorg",
            "Georges Corraface",
            "Mohsen",
            "Mary Nell Santacroce",
            "Grandma",
            "Ed Grady",
            "Grandpa"
        ],
        "orig_title": "Not Without My Daughter",
        "status": " Released",
        "orig_lang": " English",
        "budget_x": 45860000.0,
        "revenue": 14789113.0,
        "country": "US"
    },
    {
        "title": "Inspector Gadget",
        "date_x": "07/23/1999 ",
        "score": 44.0,
        "genre": [
            "Action",
            "Adventure",
            "Comedy",
            "Family"
        ],
        "overview": "John Brown is a bumbling but well-intentioned security guard who is badly injured in an explosion planned by an evil mastermind. He is taken to a laboratory, where Brenda, a leading robotics surgeon, replaces his damaged limbs with state-of-the-art gadgets and tools. Named \"Inspector Gadget\" by the press, John -- along with his niece, Penny, and her trusty dog, Brain -- uses his new powers to discover who was behind the explosion.",
        "actors": [
            "Matthew Broderick",
            "Inspector Gadget / Robo Gadget / John Brown",
            "Rupert Everett",
            "Sanford Scolex / Dr. Claw",
            "Joely Fisher",
            "Brenda / Robobrenda",
            "Michelle Trachtenberg",
            "Penny",
            "Andy Dick",
            "Kramer",
            "Cheri Oteri",
            "Mayor Wilson",
            "Mike Hagerty",
            "Sikes",
            "Dabney Coleman",
            "Chief Quimby",
            "D.L. Hughley",
            "Gadgetmobile (voice)"
        ],
        "orig_title": "Inspector Gadget",
        "status": " Released",
        "orig_lang": " English",
        "budget_x": 75000000.0,
        "revenue": 97387965.0,
        "country": "US"
    },
    {
        "title": "Miss March",
        "date_x": "03/13/2009 ",
        "score": 55.0,
        "genre": [
            "Comedy",
            "Romance"
        ],
        "overview": "A young man awakens from a four-year coma to hear that his once virginal high-school sweetheart has since become a centerfold in one of the world's most famous men's magazines. He and his sex-crazed best friend decide to take a cross-country road trip in order to crash a party at the magazine's legendary mansion headquarters and win back the girl.",
        "actors": [
            "Zach Cregger",
            "Eugene Bell",
            "Trevor Moore",
            "Tucker Cleigh",
            "Eve Mauro",
            "Vonka",
            "Hugh Hefner",
            "Hugh Hefner",
            "Craig Robinson",
            "Horsedick.MPEG",
            "Carla Jimenez",
            "Nurse Juanita",
            "Geoff Meed",
            "Fireman Rick",
            "Cedric Yarbrough",
            "Doctor",
            "Raquel Alessi",
            "Cindi Whitehall"
        ],
        "orig_title": "Miss March",
        "status": " Released",
        "orig_lang": " English",
        "budget_x": 6000000.0,
        "revenue": 4713059.0,
        "country": "US"
    },
    {
        "title": "The Dig",
        "date_x": "01/14/2021 ",
        "score": 69.0,
        "genre": [
            "Drama",
            "History"
        ],
        "overview": "As WWII looms, a wealthy widow hires an amateur archaeologist to excavate the burial mounds on her estate. When they make a historic discovery, the echoes of Britain's past resonate in the face of its uncertain future‎.",
        "actors": [
            "Carey Mulligan",
            "Edith Pretty",
            "Ralph Fiennes",
            "Basil Brown",
            "Lily James",
            "Peggy Piggott",
            "Johnny Flynn",
            "Rory Lomax",
            "Ben Chaplin",
            "Stuart Piggott",
            "Ken Stott",
            "Charles Phillips",
            "Archie Barnes",
            "Robert Pretty",
            "Monica Dolan",
            "May Brown",
            "Eamon Farren",
            "John Brailsford"
        ],
        "orig_title": "The Dig",
        "status": " Released",
        "orig_lang": " English",
        "budget_x": 116000000.0,
        "revenue": 887668759.2,
        "country": "AU"
    },
    {
        "title": "La Chèvre",
        "date_x": "12/09/1981 ",
        "score": 72.0,
        "genre": [
            "Comedy",
            "Crime",
            "Adventure"
        ],
        "overview": "When the boss' unlucky daughter is missing in South America, Campana is sent to watch the boss' most unlucky employee who is sent as a private detective in hopes he can duplicate the daughter's mistakes.",
        "actors": [
            "Pierre Richard",
            "François Perrin",
            "Gérard Depardieu",
            "Campana",
            "Pedro Armendáriz Jr.",
            "The Captain",
            "Corynne Charbit",
            "Marie Bens",
            "Michel Robin",
            "Alexandre Bens",
            "André Valardy",
            "Meyer",
            "Maritza Olivares",
            "Prostitute",
            "Sergio Calderón",
            "Prisoner",
            "Jorge Luke",
            "Arbal"
        ],
        "orig_title": "La Chèvre",
        "status": " Released",
        "orig_lang": " French",
        "budget_x": 99000000.0,
        "revenue": 796243101.0,
        "country": "FR"
    },
    {
        "title": "Hawa",
        "date_x": "12/09/2022 ",
        "score": 63.0,
        "genre": [
            "Drama",
            "Comedy"
        ],
        "overview": "A teenage girl lives with her grandmother and worries she will be removed by social services. She sets off to get adopted by someone she admires more than anything, one of the most powerful women in the world.",
        "actors": [
            "Sania Halifa",
            "Hawa",
            "Oumou Sangaré",
            "Mamimata",
            "Yseult",
            "Yseult",
            "Titouan Gerbier",
            "Erwan",
            "Jérôme Pouly",
            "Jackie",
            "Mister V",
            "Mister V",
            "Lola Zidi",
            "Déborah",
            "Hakim Faris",
            "Sam",
            "Jonathan Amoule",
            "The groom"
        ],
        "orig_title": "Hawa",
        "status": " Released",
        "orig_lang": " French",
        "budget_x": 51600000.0,
        "revenue": 249812559.2,
        "country": "FR"
    },
    {
        "title": "Mr. Holmes",
        "date_x": "07/23/2015 ",
        "score": 65.0,
        "genre": [
            "Drama",
            "Crime"
        ],
        "overview": "In 1947, long-retired and near the end of his life, Sherlock Holmes grapples with an unreliable memory and must rely on his housekeeper's son as he revisits the still-unsolved case that led to his retirement.",
        "actors": [
            "Ian McKellen",
            "Sherlock Holmes",
            "Laura Linney",
            "Mrs. Munro",
            "Milo Parker",
            "Roger",
            "Hiroyuki Sanada",
            "Tamiki Umezaki",
            "Roger Allam",
            "Dr. Barrie",
            "Frances de la Tour",
            "Madame Schirmer",
            "Hattie Morahan",
            "Ann Kelmot",
            "Phil Davis",
            "Inspector Gilbert",
            "Patrick Kennedy",
            "Thomas Kelmot"
        ],
        "orig_title": "Mr. Holmes",
        "status": " Released",
        "orig_lang": " English",
        "budget_x": 11000000.0,
        "revenue": 29355203.0,
        "country": "AU"
    },
    {
        "title": "Straw Dogs",
        "date_x": "01/30/1972 ",
        "score": 71.0,
        "genre": [
            "Crime",
            "Drama",
            "Thriller"
        ],
        "overview": "David Sumner, a mild-mannered academic from the United States, marries Amy, an Englishwoman. In order to escape a hectic stateside lifestyle, David and his wife relocate to the small town in rural Cornwall where Amy was raised. There, David is ostracized by the brutish men of the village, including Amy's old flame, Charlie. Eventually the taunts escalate, and two of the locals rape Amy. This sexual assault awakes a shockingly violent side of David.",
        "actors": [
            "Dustin Hoffman",
            "David Sumner",
            "Susan George",
            "Amy",
            "Peter Vaughan",
            "Tom Hedden",
            "T. P. McKenna",
            "Maj. John Scott",
            "Del Henney",
            "Charlie Venner",
            "Jim Norton",
            "Chris Cawsey",
            "Donald Webster",
            "Riddaway",
            "Ken Hutchison",
            "Norman Scutt",
            "Len Jones",
            "Bobby Hedden"
        ],
        "orig_title": "Straw Dogs",
        "status": " Released",
        "orig_lang": " English",
        "budget_x": 25000000.0,
        "revenue": 11253821.0,
        "country": "GB"
    },
    {
        "title": "Creature from the Black Lagoon",
        "date_x": "03/05/1954 ",
        "score": 69.0,
        "genre": [
            "Adventure",
            "Horror",
            "Science Fiction"
        ],
        "overview": "When scientists exploring the Amazon River stumble on a “missing link” connecting humans and fish, they plan to capture it for later study. But the Creature has plans of his own, and has set his sights on the lead scientist's beautiful fiancée, Kay.",
        "actors": [
            "Richard Carlson",
            "Dr. David Reed",
            "Julie Adams",
            "Kay Lawrence",
            "Richard Denning",
            "Dr. Mark Williams",
            "Antonio Moreno",
            "Dr. Carl Maia",
            "Nestor Paiva",
            "Captain Lucas",
            "Whit Bissell",
            "Dr. Edwin Thompson",
            "Bernie Gozier",
            "Zee",
            "Henry A. Escalante",
            "Chico",
            "Ricou Browning",
            "The Gill Man (In Water) (uncredited)"
        ],
        "orig_title": "Creature from the Black Lagoon",
        "status": " Released",
        "orig_lang": " English",
        "budget_x": 28920050.0,
        "revenue": 1300000.0,
        "country": "US"
    },
    {
        "title": "Liz and the Blue Bird",
        "date_x": "04/21/2018 ",
        "score": 72.0,
        "genre": [
            "Animation",
            "Drama",
            "Music"
        ],
        "overview": "Mizore Yoroizuka plays the oboe, and Nozomi Kasaki plays the flute in Kitauji High School concert band. As seniors, this will be their last competition together, and the selected piece \"Liz and the Blue Bird\" features a duet for the oboe and flute. \"This piece reminds me of us.\" Nozomi says cheerfully, enjoying the solo, while Mizore's usual happiness to play with Nozomi is tinged with the dread of their inevitable parting. By all accounts the girls are best friends, but the oboe and flute duet sounds disjointed, as if underscoring a growing distance between them. Talk of college creates a small rift in their relationship, as the story evolves to reveal a shocking and emotional conclusion.",
        "actors": [
            "Atsumi Tanezaki",
            "Mizore Yoroizuka (voice)",
            "Nao Toyama",
            "Nozomi Kasaki (voice)",
            "Ayaka Asai",
            "Hazuki Katou (voice)",
            "Tomoyo Kurosawa",
            "Kumiko Oumae (voice)",
            "Chika Anzai",
            "Reina Kousaka (voice)",
            "Yuichi Nakamura",
            "Masahiro Hashimoto (voice)",
            "Konomi Fujimura",
            "Natsuki Nakagawa (voice)",
            "Takahiro Sakurai",
            "Noboru Taki (voice)",
            "Shiori Sugiura",
            "Ririka Kenzaki (voice)"
        ],
        "orig_title": " リズと青い鳥",
        "status": " Released",
        "orig_lang": " Japanese",
        "budget_x": 99800000.0,
        "revenue": 553635502.2,
        "country": "JP"
    },
    {
        "title": "Thank You for Your Service",
        "date_x": "10/27/2017 ",
        "score": 65.0,
        "genre": [
            "Drama",
            "War"
        ],
        "overview": "A group of U.S. soldiers returning from Iraq struggle to integrate back into family and civilian life, while living with the memory of a war that threatens to destroy them long after they've left the battlefield.",
        "actors": [
            "Miles Teller",
            "Adam Schumann",
            "Haley Bennett",
            "Saskia Schumann",
            "Joe Cole",
            "Billy Waller",
            "Amy Schumer",
            "Amanda Doster",
            "Beulah Koale",
            "Tausolo \"Solo\" Aieti",
            "Scott Haze",
            "Michael Adam Emory",
            "Keisha Castle-Hughes",
            "Alea",
            "Brad Beyer",
            "Sergeant James D. Doster",
            "Omar Dorsey",
            "Dante"
        ],
        "orig_title": "Thank You for Your Service",
        "status": " Released",
        "orig_lang": " English",
        "budget_x": 20000000.0,
        "revenue": 9985316.0,
        "country": "US"
    },
    {
        "title": "The Big Sleep",
        "date_x": "08/23/1946 ",
        "score": 77.0,
        "genre": [
            "Crime",
            "Mystery",
            "Thriller"
        ],
        "overview": "Private Investigator Philip Marlowe is hired by wealthy General Sternwood regarding a matter involving his youngest daughter Carmen. Before the complex case is over, Marlowe sees murder, blackmail, deception, and what might be love.",
        "actors": [
            "Humphrey Bogart",
            "Philip Marlowe",
            "Lauren Bacall",
            "Vivian Sternwood Rutledge",
            "John Ridgely",
            "Eddie Mars",
            "Martha Vickers",
            "Carmen Sternwood",
            "Dorothy Malone",
            "Acme Bookstore Proprietress",
            "Peggy Knudsen",
            "Mona Mars",
            "Regis Toomey",
            "Chief Inspector Bernie Ohls",
            "Charles Waldron",
            "General Sternwood",
            "Charles D. Brown",
            "Norris the Butler"
        ],
        "orig_title": "The Big Sleep",
        "status": " Released",
        "orig_lang": " English",
        "budget_x": 1600000.0,
        "revenue": 4900000.0,
        "country": "US"
    },
    {
        "title": "Assassination Classroom",
        "date_x": "03/21/2015 ",
        "score": 73.0,
        "genre": [
            "Action",
            "Adventure",
            "Comedy",
            "Science Fiction"
        ],
        "overview": "A mysterious creature destroys 70% of the moon. The creature then warns that if he is not destroyed by March of next year, Earth will be next. The creature also demands that he becomes the homeroom teacher for 3rd grade E class at Kunugigaoka Junior High School. The government is powerless to say no.  The creature then becomes the homeroom teacher of 3rd grade E class which consists of failed students including Nagisa Shiota (Ryosuke Yamada). The creature is called Teacher Koro.  Meanwhile, the government requests that the students try to kill Teacher Koro even though he possesses super powers. The government offers a 10 billion yen reward for whomever successfully kills him. The students are confused by the situation, but decide to kill Teacher Koro.  When their class begins with Teacher Koro, the students finds themselves having a good time with their new teacher.",
        "actors": [
            "Kazunari Ninomiya",
            "Koro Sensei (voice)",
            "Ryosuke Yamada",
            "Nagisa Shiota",
            "Masaki Suda",
            "Karuma Akabane",
            "Maika Yamamoto",
            "Kaede Kayano",
            "Haruka",
            "Rio Nakamura",
            "Mio Yuki",
            "Yukiko Kanzaki",
            "Miku Uehara",
            "Manami Okuda",
            "Kippei Shiina",
            "Tadaomi Karasuma",
            "Kouki Osamura",
            "Taiga Okajima"
        ],
        "orig_title": " 暗殺教室",
        "status": " Released",
        "orig_lang": " Japanese",
        "budget_x": 160800000.0,
        "revenue": 345905292.4,
        "country": "JP"
    },
    {
        "title": "Scooby-Doo! Frankencreepy",
        "date_x": "10/15/2014 ",
        "score": 78.0,
        "genre": [
            "Adventure",
            "Animation",
            "Comedy",
            "Family",
            "Fantasy",
            "Mystery",
            "Science Fiction"
        ],
        "overview": "Scooby-Doo and those \"meddling kids\" Shaggy, Fred, Daphne and Velma are back in this all-new original movie! Velma discovers she's inherited her great-great-uncle Dr. Von Dinkenstein’s cursed castle in the terrifying town of Transylvania…Pennsylvania, that is. Just when the Gang persuades Velma to go claim her inheritance, the ghost of Dinkenstein Castle blows up the Mystery Machine as a warning! Now the Crew must spring back into action, but this time it's personal! Who's responsible for the Dinkenstein monster? What family secret has Velma been hiding? Will Fred recover from the loss of his beloved Mystery Machine? Can any helpless snack survive Scooby and Shaggy's monster-sized appetites? This Scooby-Doo adventure has enough spooky fun to make the whole family come alive!",
        "actors": [
            "Frank Welker",
            "Fred Jones / Scooby-Doo (voice)",
            "Matthew Lillard",
            "Shaggy Rogers (voice)",
            "Mindy Cohn",
            "Velma Dinkley (Voice)",
            "Grey DeLisle",
            "Daphne Blake (voice)",
            "Dee Bradley Baker",
            "C.L. Magnus / Mr. Burger (voice)",
            "Diedrich Bader",
            "Mrs. Vanders (voice)",
            "Susanne Blakeslee",
            "Townswoman (voice)",
            "Eric Bauza",
            "Daphanatic / Rock Dude (voice)",
            "Jeff Bennett",
            "Iago / Schmidlap (voice)"
        ],
        "orig_title": "Scooby-Doo! Frankencreepy",
        "status": " Released",
        "orig_lang": " English",
        "budget_x": 100780000.0,
        "revenue": 892986395.2,
        "country": "AU"
    },
    {
        "title": "Asakusa Kid",
        "date_x": "12/09/2021 ",
        "score": 68.0,
        "genre": [
            "Drama"
        ],
        "overview": "Before he hit it big, Takeshi Kitano got his start apprenticing with comedy legend Fukami of Asakusa. But as his star rises, his mentor's declines.",
        "actors": [
            "Yuya Yagira",
            "Takeshi Kitano",
            "Yo Oizumi",
            "Fukami Senzaburo",
            "Mugi Kadowaki",
            "Chiharu",
            "Nobuyuki Tsuchiya",
            "Kiyoshi",
            "Ayumu Nakajima",
            "Inoue Masayoshi",
            "Nana Komaki",
            "Sachi",
            "Yôko Ôshima",
            "Ticket Lady",
            "Hiroyuki Onoue",
            "Hachiro Azuma",
            "Morio Kazama",
            "Tayama Jun"
        ],
        "orig_title": " 浅草キッド",
        "status": " Released",
        "orig_lang": " Japanese",
        "budget_x": 56600000.0,
        "revenue": 583921229.0,
        "country": "US"
    },
    {
        "title": "Dirty Dancing",
        "date_x": "05/24/2017 ",
        "score": 55.0,
        "genre": [
            "Drama",
            "Romance"
        ],
        "overview": "Spending the summer at a Catskills resort with her family, Frances \"Baby\" Houseman falls in love with the camp's dance instructor, Johnny Castle, and nothing is ever the same for anyone in the Houseman family.",
        "actors": [
            "Abigail Breslin",
            "Frances \"Baby\" Houseman",
            "Colt Prattes",
            "Johnny Castle",
            "Sarah Hyland",
            "Lisa Houseman",
            "Debra Messing",
            "Marjorie Houseman",
            "Bruce Greenwood",
            "Dr. Jake Houseman",
            "Katey Sagal",
            "Vivian Pressman",
            "Nicole Scherzinger",
            "Penny Rivera",
            "Billy Dee Williams",
            "Tito",
            "Shane Harper",
            "Robbie Gould"
        ],
        "orig_title": "Dirty Dancing",
        "status": " Released",
        "orig_lang": " English",
        "budget_x": 6000000.0,
        "revenue": 9816585.2,
        "country": "US"
    },
    {
        "title": "Brazil",
        "date_x": "09/12/1985 ",
        "score": 77.0,
        "genre": [
            "Comedy",
            "Science Fiction"
        ],
        "overview": "Low-level bureaucrat Sam Lowry escapes the monotony of his day-to-day life through a recurring daydream of himself as a virtuous hero saving a beautiful damsel. Investigating a case that led to the wrongful arrest and eventual death of an innocent man instead of wanted terrorist Harry Tuttle, he meets the woman from his daydream, and in trying to help her gets caught in a web of mistaken identities, mindless bureaucracy and lies.",
        "actors": [
            "Jonathan Pryce",
            "Sam Lowry",
            "Kim Greist",
            "Jill Layton",
            "Robert De Niro",
            "Archibald 'Harry' Tuttle",
            "Ian Holm",
            "Mr. M. Kurtzmann",
            "Bob Hoskins",
            "Spoor",
            "Katherine Helmond",
            "Mrs. Ida Lowry",
            "Michael Palin",
            "Jack Lint",
            "Ian Richardson",
            "Mr. Warrenn",
            "Peter Vaughan",
            "Mr. Helpmann"
        ],
        "orig_title": "Brazil",
        "status": " Released",
        "orig_lang": " English",
        "budget_x": 15000000.0,
        "revenue": 9934484.0,
        "country": "AU"
    },
    {
        "title": "Kite",
        "date_x": "09/21/2005 ",
        "score": 67.0,
        "genre": [
            "Animation",
            "Crime",
            "Action",
            "Thriller"
        ],
        "overview": "Sawa may seem innocent and naive, but don’t be fooled. She is a cold-blooded killer, and if you’re on the wrong side of the law, you may be her next target. Not content to just watch as the imperfect justice system lets more and more criminals go loose every day, a detective decides to train the young Sawa to be his instrument of justice.",
        "actors": [
            "Kotomi Naruse",
            "Sawa (voice)",
            "Shingo Oyamada",
            "Oburi (voice)",
            "Gorou Shibusawa",
            "Akai (voice)",
            "Tatsuo Matoba",
            "Kanie (voice)",
            "Hiroshi Aida",
            "Comedian A (voice)",
            "Nobuyuki Takano",
            "Comedian B (voice)",
            "Douglas Cartwright",
            "Bodyguard A (voice)",
            "William Rain",
            "Bodyguard B (voice)",
            "Gary Wynn-Jones",
            "Bodyguard C (voice)"
        ],
        "orig_title": " カイト",
        "status": " Released",
        "orig_lang": " Japanese",
        "budget_x": 85400000.0,
        "revenue": 435045871.0,
        "country": "AU"
    },
    {
        "title": "Beasts Clawing at Straws",
        "date_x": "02/19/2020 ",
        "score": 72.0,
        "genre": [
            "Mystery",
            "Thriller",
            "Crime",
            "Comedy",
            "Drama"
        ],
        "overview": "The destinies of hard-luck lowlifes slowly converge and come crashing down: Jung-man barely gets by working at a sauna and taking care of his sick mother until he finds a bag full of cash in the locker room; Tae-young is in trouble after his girlfriend runs away with the money he borrowed from a loan shark. Soon, a dead body mysteriously turns up; Mi-ran, caught between her husband’s violence and a dead-end job as a bar hostess, she finds a young lover, Jin-tae who offers to kill her husband… And now their dog-eat-dog game starts.",
        "actors": [
            "Jeon Do-yeon",
            "Yeon-hee",
            "Jung Woo-sung",
            "Tae-young",
            "Bae Sung-woo",
            "Joong-man",
            "Youn Yuh-jung",
            "Soon-ja",
            "Jeong Man-sik",
            "Du-man",
            "Jin Kyung",
            "Young-sun",
            "Shin Hyun-bin",
            "Mi-ran",
            "Jung Ga-ram",
            "Jin-tae",
            "Park Ji-hwan",
            "Bungeo"
        ],
        "orig_title": " 지푸라기라도 잡고 싶은 짐승들",
        "status": " Released",
        "orig_lang": " Korean",
        "budget_x": 26268000.0,
        "revenue": 5707415.0,
        "country": "KR"
    },
    {
        "title": "The Bélier Family",
        "date_x": "12/26/2015 ",
        "score": 69.0,
        "genre": [
            "Comedy",
            "Music"
        ],
        "overview": "The whole Bélier family is deaf, except for sixteen year old Paula who is the important translator in her parents' day to day life especially when it comes to matters concerning the family farm. When her music teacher discovers she has a fantastic singing voice and she gets an opportunity to enter a big Radio France contest the whole family's future is set up for big changes.",
        "actors": [
            "Karin Viard",
            "Gigi Bélier",
            "François Damiens",
            "Rodolphe Bélier",
            "Eric Elmosnino",
            "Fabien Thomasson",
            "Louane Emera",
            "Paula Bélier",
            "Roxane Duran",
            "Mathilde",
            "Ilian Bergala",
            "Gabriel Chevignon",
            "Luca Gelberg",
            "Quentin Bélier",
            "Mar Sodupe",
            "Ms. Dos Santos",
            "Stéphan Wojtowicz",
            "Lapidus"
        ],
        "orig_title": " La Famille Bélier",
        "status": " Released",
        "orig_lang": " French",
        "budget_x": 11000000.0,
        "revenue": 260243983.0,
        "country": "AU"
    },
    {
        "title": "Moneyboys",
        "date_x": "09/16/2021 ",
        "score": 66.0,
        "genre": [
            "Drama"
        ],
        "overview": "Fei works illegally as a hustler in order to support his family, yet when he realizes they are willing to accept his money but not his way of life, there is a major breakdown in their relations. Through his relationship to the headstrong Long, Fei seems able to find a new lease on life, but then he encounters Xiaolai, the love of his youth, who confronts him with the guilt of his repressed past.",
        "actors": [
            "Kai Ko",
            "Liang Fei",
            "Zeng Meihuizi",
            "Lu Lu / Liang Hong / Li Yu",
            "Bai Yufan",
            "Liang Long",
            "JC Lin",
            "Han Xiaolai",
            "Qiheng Sun",
            "Chen Wei",
            "Yan-Ze Lu",
            "Xiangdong",
            "Daphne Low",
            "Alian",
            "Chen Mu",
            "Guo Yong",
            "Teng-Hui Huang",
            "Client Zhang"
        ],
        "orig_title": " 金錢男孩",
        "status": " Released",
        "orig_lang": " Chinese",
        "budget_x": 47220616.4,
        "revenue": 319773152.6,
        "country": "AU"
    },
    {
        "title": "Fate/stay night: Heaven's Feel III. Spring Song",
        "date_x": "11/19/2020 ",
        "score": 78.0,
        "genre": [
            "Animation",
            "Romance",
            "Fantasy",
            "Action",
            "Drama"
        ],
        "overview": "As Sakura drowns in the murky darkness of the sins she has committed, Shirou's vow to protect her at all costs leads him into a raging battle to put an end to the Holy Grail War.  Will Shirou's wish reach Sakura even as he challenges fate itself in a desperate battle against the rising tide?",
        "actors": [
            "Noriaki Sugiyama",
            "Shirou Emiya (voice)",
            "Noriko Shitaya",
            "Sakura Matou (voice)",
            "Ayako Kawasumi",
            "Saber Alter (voice)",
            "Kana Ueda",
            "Rin Tohsaka (voice)",
            "Mai Kadowaki",
            "Illyasviel von Einzbern (voice)",
            "Miki Ito",
            "Taiga Fujimura (voice)",
            "Jouji Nakata",
            "Kirei Kotomine (voice)",
            "Masane Tsukayama",
            "Zouken Matou (voice)",
            "Yuu Asakawa",
            "Rider (voice)"
        ],
        "orig_title": " 劇場版「Fate/stay night [Heaven’s Feel]」Ⅲ.spring song",
        "status": " Released",
        "orig_lang": " Japanese",
        "budget_x": 39461149.2,
        "revenue": 20150000.0,
        "country": "AU"
    },
    {
        "title": "Be with You",
        "date_x": "03/14/2018 ",
        "score": 83.0,
        "genre": [
            "Romance",
            "Drama",
            "Fantasy"
        ],
        "overview": "Along with his young son, Ji-ho, Woo-jin misses his wife Soo-a, who died after promising to return a year later with the rainy season. Miraculously, they reunite with Soo-a when the rainy season comes around, but she has no memory of her husband and son whom she dearly loved.",
        "actors": [
            "So Ji-sub",
            "Woo-jin",
            "Son Ye-jin",
            "Soo-a",
            "Kim Ji-hwan",
            "Young Ji-ho",
            "Ko Chang-seok",
            "Hong-gu",
            "Lee Jun-hyeok",
            "Swimming Instructor",
            "Son Yeo-eun",
            "Hyun-jung",
            "Lee You-jin",
            "Young Woo-jin",
            "Kim Hyun-soo",
            "Young Soo-a",
            "Bae Yoo-ram",
            "Young Hong-goo"
        ],
        "orig_title": " 지금 만나러 갑니다",
        "status": " Released",
        "orig_lang": " Korean",
        "budget_x": 961023.8,
        "revenue": 18588844.0,
        "country": "KR"
    },
    {
        "title": "Under the Silver Lake",
        "date_x": "06/20/2019 ",
        "score": 64.0,
        "genre": [
            "Crime",
            "Drama",
            "Mystery"
        ],
        "overview": "Young and disenchanted Sam meets a mysterious and beautiful woman who's swimming in his building's pool one night. When she suddenly vanishes the next morning, Sam embarks on a surreal quest across Los Angeles to decode the secret behind her disappearance, leading him into the murkiest depths of mystery, scandal and conspiracy.",
        "actors": [
            "Andrew Garfield",
            "Sam",
            "Riley Keough",
            "Sarah",
            "Topher Grace",
            "Bar Buddy",
            "Callie Hernandez",
            "Millicent Sevence",
            "Don McManus",
            "Final Man",
            "Jeremy Bobb",
            "Songwriter",
            "Riki Lindhome",
            "Actress",
            "Zosia Mamet",
            "Troy",
            "Patrick Fischler",
            "Comic Fan"
        ],
        "orig_title": "Under the Silver Lake",
        "status": " Released",
        "orig_lang": " English",
        "budget_x": 8500000.0,
        "revenue": 2053469.0,
        "country": "AU"
    },
    {
        "title": "Mainstream",
        "date_x": "05/07/2021 ",
        "score": 63.0,
        "genre": [
            "Comedy",
            "Drama"
        ],
        "overview": "A young woman thinks she’s found a path to internet stardom when she starts making YouTube videos with a charismatic stranger  – until the dark side of viral celebrity threatens to ruin them both.",
        "actors": [
            "Andrew Garfield",
            "Link",
            "Maya Hawke",
            "Frankie",
            "Nat Wolff",
            "Jake",
            "Jason Schwartzman",
            "Mark Schwartz",
            "Johnny Knoxville",
            "Ted Wick",
            "Alexa Demie",
            "Isabelle Roberts",
            "Casey Frey",
            "Martin from Temecula",
            "Kalena Yiaueki",
            "Patsy",
            "Jacqui Getty",
            "Lisa"
        ],
        "orig_title": "Mainstream",
        "status": " Released",
        "orig_lang": " English",
        "budget_x": 5000000.0,
        "revenue": 213462544.6,
        "country": "US"
    },
    {
        "title": "Phantom",
        "date_x": "08/07/2013 ",
        "score": 58.0,
        "genre": [
            "Thriller"
        ],
        "overview": "The haunted Captain of a Soviet submarine holds the fate of the world in his hands. Forced to leave his family behind, he is charged with leading a covert mission cloaked in mystery.",
        "actors": [
            "Ed Harris",
            "Demi",
            "David Duchovny",
            "Bruni",
            "Lance Henriksen",
            "Markov",
            "William Fichtner",
            "Alex",
            "Johnathon Schaech",
            "Pavlov",
            "Jason Beghe",
            "Semak",
            "Dagmara Domińczyk",
            "Sophi",
            "Derek Magyar",
            "Garin",
            "Sean Patrick Flanery",
            "Tyrtov"
        ],
        "orig_title": "Phantom",
        "status": " Released",
        "orig_lang": " English",
        "budget_x": 18000000.0,
        "revenue": 1199510.0,
        "country": "AU"
    },
    {
        "title": "The Cabinet of Dr. Caligari",
        "date_x": "02/27/1920 ",
        "score": 80.0,
        "genre": [
            "Drama",
            "Horror",
            "Thriller",
            "Crime"
        ],
        "overview": "Francis, a young man, recalls in his memory the horrible experiences he and his fiancée Jane recently went through. Francis and his friend Alan visit The Cabinet of Dr. Caligari, an exhibit where the mysterious doctor shows the somnambulist Cesare, and awakens him for some moments from his death-like sleep.",
        "actors": [
            "Werner Krauß",
            "Dr. Caligari",
            "Conrad Veidt",
            "Cesare",
            "Friedrich Fehér",
            "Francis",
            "Lil Dagover",
            "Jane Olsen",
            "Hans Heinrich von Twardowski",
            "Alan",
            "Rudolf Lettinger",
            "Dr. Olsen",
            "Henri Peters-Arnolds",
            "Young Doctor (uncredited)",
            "Rudolf Klein-Rogge",
            "Criminal (uncredited)",
            "Hans Lanser-Rudolf",
            "Old Man (uncredited)"
        ],
        "orig_title": " Das Cabinet des Dr. Caligari",
        "status": " Released",
        "orig_lang": " German",
        "budget_x": 18000.0,
        "revenue": 8811.0,
        "country": "DE"
    },
    {
        "title": "Savage Dog",
        "date_x": "08/04/2017 ",
        "score": 52.0,
        "genre": [
            "Action"
        ],
        "overview": "A story set in Indochina in 1959, a lawless land controlled by the criminal class: Vietnamese warlords and European war-criminals. Den-Dhin-Chan Labor Camp is run by four such dangerous men. The worst prison in the land, it is here that an Irish, former-champion boxer Martin Tillman has made a name for himself fighting tournaments, on which wealthy criminals gamble in high stakes events. When Tillman is due for release, he just wants to return home, but the corrupt forces running the jail will do everything in their power to keep him locked down. When all that Tillman holds dear is taken away in a vicious act of violence, he is forced to confront the men responsible and take his revenge.  The birth of a legend.",
        "actors": [
            "Scott Adkins",
            "Martin",
            "Marko Zaror",
            "Rastignac",
            "JuJu Chan",
            "Isabelle",
            "Cung Le",
            "Boon",
            "Vladimir Kulich",
            "Steiner",
            "Keith David",
            "Valentine",
            "Matthew Marsden",
            "Harrison",
            "Luke Massy",
            "The Champ",
            "Aki Aleong",
            "Tribal Chieftain"
        ],
        "orig_title": "Savage Dog",
        "status": " Released",
        "orig_lang": " English",
        "budget_x": 110850080.0,
        "revenue": 440492766.2,
        "country": "US"
    },
    {
        "title": "Sadako DX",
        "date_x": "10/28/2022 ",
        "score": 41.0,
        "genre": [
            "Horror",
            "Mystery"
        ],
        "overview": "Bunka Ichijo is a graduate student with an IQ of 200 who tries to investigate the strange deaths happening nationwide after people supposedly watched a cursed video and her younger sister also did the same out of curiosity.",
        "actors": [
            "Fuka Koshiba",
            "Bunka Ichijo",
            "Naomi Nishida",
            "Chieko Ichijo",
            "Yuki Yagi",
            "Futaba Ichijo",
            "Kazuma Kawamura",
            "Kazuma Maeda",
            "Hiroyuki Ikeuchi",
            "Psychic Kenshin",
            "Hiroyuki Watanabe",
            "Ryushin Tendou",
            "Mario Kuroba",
            "Roido Kanden",
            "Wan Marui",
            "Ai Naruse"
        ],
        "orig_title": " 貞子DX",
        "status": " Released",
        "orig_lang": " Japanese",
        "budget_x": 6030000.0,
        "revenue": 2352175.0,
        "country": "JP"
    },
    {
        "title": "Puppet Master",
        "date_x": "10/12/1989 ",
        "score": 58.0,
        "genre": [
            "Horror",
            "Fantasy",
            "Science Fiction"
        ],
        "overview": "A Jewish puppet maker who's discovered the secret to creating living puppets commits suicide to avoid capture by the Nazis and hides his beloved and harmless puppet children in a California hotel. Years later, a cult of magicians arrive at the hotel under the invitation of an ex-member who betrayed them all, only to find that he's dead - and that the living puppets, under the influence of a new Puppet Master, have turned murderous!",
        "actors": [
            "Paul Le Mat",
            "Alex Whitaker",
            "William Hickey",
            "Andre Toulon",
            "Irene Miracle",
            "Dana Hadley",
            "Jimmie F. Skaggs",
            "Neil Gallagher",
            "Robin Frates",
            "Megan Gallagher",
            "Matt Roe",
            "Frank Forrester",
            "Kathryn O'Reilly",
            "Carlissa Stamford",
            "Mews Small",
            "Theresa",
            "Barbara Crampton",
            "Woman at Carnival"
        ],
        "orig_title": "Puppet Master",
        "status": " Released",
        "orig_lang": " English",
        "budget_x": 156800000.0,
        "revenue": 566216941.8,
        "country": "US"
    },
    {
        "title": "The Greatest Game Ever Played",
        "date_x": "09/30/2005 ",
        "score": 72.0,
        "genre": [
            "Drama"
        ],
        "overview": "A biopic of 20-year-old Francis Ouimet who defeated his golfing idol and 1900 US Open Champion, Harry Vardon.",
        "actors": [
            "Shia LaBeouf",
            "Francis Ouimet",
            "Stephen Dillane",
            "Harry Vardon",
            "Josh Flitter",
            "Eddie Lowery",
            "Peter Firth",
            "Lord Northcliffe",
            "Elias Koteas",
            "Arthur Ouimet",
            "Peyton List",
            "Sarah Wallis",
            "Scott Faulconbridge",
            "Billy",
            "James Paxton",
            "Young Harry Vardon",
            "Tom Rack",
            "Black Top Hatted Man"
        ],
        "orig_title": "The Greatest Game Ever Played",
        "status": " Released",
        "orig_lang": " English",
        "budget_x": 25000000.0,
        "revenue": 15468266.0,
        "country": "US"
    },
    {
        "title": "Kalashnikov AK-47",
        "date_x": "02/20/2020 ",
        "score": 75.0,
        "genre": [
            "War",
            "History",
            "Drama"
        ],
        "overview": "Tank commander Kalashnikov is severely injured in battle in 1941. The accident leaves him incapacitated and unable to return to the front line. While recovering in the hospital he begins creating the initial sketches of what will become one of the world’s most legendary weapons. A self-taught inventor, Mikhail Kalashnikov, is only 29 when he develops the now iconic assault riffle — the AK-47.",
        "actors": [
            "Yuriy Borisov",
            "Kalashnikov",
            "Olga Lerman",
            "Katya",
            "Artur Smolyaninov",
            "Engineer captain Lyutyy",
            "Eldar Kalimulin",
            "Zaytsev",
            "Vitaliy Khaev",
            "Major General Kurbatkin",
            "Valeriy Barinov",
            "Major General Degtyarev",
            "Anatoliy Lobotskiy",
            "Colonel Glukhov",
            "Aleksey Vertkov",
            "State security captain Lobov",
            "Dmitriy Bogdan",
            "Engineer Major Sudaev"
        ],
        "orig_title": " Калашников",
        "status": " Released",
        "orig_lang": " Russian",
        "budget_x": 3500000.0,
        "revenue": 1593464.0,
        "country": "RU"
    },
    {
        "title": "El Gringo",
        "date_x": "05/10/2012 ",
        "score": 62.0,
        "genre": [
            "Adventure",
            "Drama",
            "Action",
            "Thriller"
        ],
        "overview": "A man crossing into Mexico with a satchel of $2,000,000—and a bloody past—finds himself under sudden attack in the sleepy town of El Fronteras.",
        "actors": [
            "Scott Adkins",
            "The Man",
            "Yvette Yates Redick",
            "Anna",
            "Christian Slater",
            "Lieutenant West",
            "Israel Islas",
            "Culebra",
            "Erando González",
            "Chief Espinoza",
            "Sofía Sisniega",
            "Flaca",
            "Valentin Ganev",
            "Deputy Chief Logan",
            "Bashar Rahal",
            "Sullivan",
            "Zachary Baharov",
            "Bell"
        ],
        "orig_title": "El Gringo",
        "status": " Released",
        "orig_lang": " English",
        "budget_x": 3000000.0,
        "revenue": 101510986.2,
        "country": "US"
    }
]