[
    {
        "title": "There Will Be Blood",
        "date_x": "02/04/2008 ",
        "score": 81.0,
        "genre": [
            "Drama"
        ],
        "overview": "Ruthless silver miner, turned oil prospector, Daniel Plainview, moves to oil-rich California. Using his son to project a trustworthy, family-man image, Plainview cons local landowners into selling him their valuable properties for a pittance. However, local preacher Eli Sunday suspects Plainview's motives and intentions, starting a slow-burning feud that threatens both their lives.",
        "actors": [
            "Daniel Day-Lewis",
            "Daniel Plainview",
            "Paul Dano",
            "Paul Sunday / Eli Sunday",
            "Kevin J. O'Connor",
            "Henry",
            "Ciarán Hinds",
            "Fletcher Hamilton",
            "Dillon Freasier",
            "H.W. Plainview",
            "Hope Elizabeth Reeves",
            "Elizabeth",
            "Colleen Foy",
            "Mary Sunday",
            "Barry Del Sherman",
            "H. B. Ailman",
            "David Willis",
            "Abel Sunday"
        ],
        "orig_title": "There Will Be Blood",
        "status": " Released",
        "orig_lang": " English",
        "budget_x": 25000000.0,
        "revenue": 77208672.0,
        "country": "AU"
    },
    {
        "title": "Next Gen",
        "date_x": "09/07/2018 ",
        "score": 70.0,
        "genre": [
            "Animation",
            "Action",
            "Adventure",
            "Comedy",
            "Family",
            "Science Fiction"
        ],
        "overview": "A friendship with a top-secret robot turns a lonely girl's life into a thrilling adventure as they take on bullies, evil bots and a scheming madman.",
        "actors": [
            "John Krasinski",
            "Project 77 (voice)",
            "Charlyne Yi",
            "Mai (voice)",
            "Jason Sudeikis",
            "Justin Pin / Ares (voice)",
            "Michael Peña",
            "Momo (voice)",
            "David Cross",
            "Dr. Tanner Rice / Q-Bots (voice)",
            "Constance Wu",
            "Molly (voice)",
            "Kiana Ledé",
            "Greenwood (voice)",
            "Anna Akana",
            "Ani (voice)",
            "Issac Ryan Brown",
            "Ric (voice)"
        ],
        "orig_title": "Next Gen",
        "status": " Released",
        "orig_lang": " English",
        "budget_x": 22000000.0,
        "revenue": 283819551.8,
        "country": "AU"
    },
    {
        "title": "Desperately Seeking Susan",
        "date_x": "03/29/1985 ",
        "score": 61.0,
        "genre": [
            "Comedy",
            "Crime"
        ],
        "overview": "Roberta is a bored suburban housewife who is fascinated with a woman, Susan, she only knows about by reading messages to and from her in the personals section of the newspaper. This fascination reaches a peak when an ad with the headline \"Desperately Seeking Susan\" proposes a rendezvous. Roberta goes too, and in a series of events involving amnesia and mistaken identity, steps into Susan's life.",
        "actors": [
            "Madonna",
            "Susan",
            "Rosanna Arquette",
            "Roberta Glass",
            "Aidan Quinn",
            "Dez",
            "Mark Blum",
            "Gary Glass",
            "Robert Joy",
            "Jim",
            "Laurie Metcalf",
            "Leslie Glass",
            "Anna Levine Thomson",
            "Crystal",
            "Will Patton",
            "Wayne Nolan",
            "Steven Wright",
            "Larry Stillman D.D.S."
        ],
        "orig_title": "Desperately Seeking Susan",
        "status": " Released",
        "orig_lang": " English",
        "budget_x": 5000000.0,
        "revenue": 27400000.0,
        "country": "US"
    },
    {
        "title": "Death Warrant",
        "date_x": "02/21/1991 ",
        "score": 62.0,
        "genre": [
            "Action",
            "Crime",
            "Thriller"
        ],
        "overview": "The Canadian policeman Louis Burke is assigned in a jail to investigate the murders of prisoners and jailors. When in jail, Louis, using his outstandings martial arts skills, is able to save his life and make himself respected in that violent world. At least, helped by two another prisoners, he succeded in finding the truth about the dreadful crimes.  In a violent and corrupt prison, decorated cop Louis Burke must infiltrate the jail to find answers to a number of inside murders. What he finds is a struggle of life and death tied in to his own past.",
        "actors": [
            "Jean-Claude Van Damme",
            "Louis Burke",
            "Robert Guillaume",
            "Hawkins",
            "Cynthia Gibb",
            "Amanda Beckett",
            "Patrick Kilpatrick",
            "Christian 'The Sandman' Naylor",
            "Art LaFleur",
            "Sergeant DeGraf",
            "George Dickerson",
            "Tom Vogler",
            "Joshua John Miller",
            "Douglas Tisdale",
            "Hank Stone",
            "Romaker",
            "Conrad Dunn",
            "Konefke"
        ],
        "orig_title": "Death Warrant",
        "status": " Released",
        "orig_lang": " English",
        "budget_x": 4000000.0,
        "revenue": 16853487.0,
        "country": "AU"
    },
    {
        "title": "The Only Living Boy in New York",
        "date_x": "10/12/2017 ",
        "score": 64.0,
        "genre": [
            "Drama"
        ],
        "overview": "When a young man learns that his overbearing father is having an affair, he tries to stop it, only to be seduced by the older woman as well.",
        "actors": [
            "Callum Turner",
            "Thomas Webb",
            "Jeff Bridges",
            "W.F. Gerald",
            "Kate Beckinsale",
            "Johanna",
            "Pierce Brosnan",
            "Ethan Webb",
            "Cynthia Nixon",
            "Judith Webb",
            "Kiersey Clemons",
            "Mimi Pastori",
            "Tate Donovan",
            "George",
            "Wallace Shawn",
            "David",
            "Anh Duong",
            "Barbara"
        ],
        "orig_title": "The Only Living Boy in New York",
        "status": " Released",
        "orig_lang": " English",
        "budget_x": 36345000.0,
        "revenue": 2550321.0,
        "country": "AU"
    },
    {
        "title": "32 Malasana Street",
        "date_x": "01/17/2020 ",
        "score": 65.0,
        "genre": [
            "Drama",
            "Horror"
        ],
        "overview": "Malasaña neighborhood, Madrid, Spain, 1976. While political turmoil ravages the streets all over the country, the Olmedo family arrives in the big city and settles into their new apartment. They soon discover that they are not the only ones roaming its corridors.",
        "actors": [
            "Begoña Vargas",
            "Amparo",
            "Iván Marcos",
            "Manolo",
            "Bea Segura",
            "Candela",
            "Sergio Castellanos",
            "Pepe",
            "José Luis de Madariaga",
            "Fermín",
            "Iván Renedo",
            "Rafael",
            "María Ballesteros",
            "Lola",
            "Rosa Álvarez",
            "Susana",
            "Almudena Salort",
            "Clara"
        ],
        "orig_title": " Malasaña 32",
        "status": " Released",
        "orig_lang": " Spanish, Castilian",
        "budget_x": 71554097.6,
        "revenue": 390348447.8,
        "country": "ES"
    },
    {
        "title": "My Hero Academia: World Heroes' Mission – Take-off",
        "date_x": "02/16/2022 ",
        "score": 78.0,
        "genre": [
            "Animation"
        ],
        "overview": "The prologue to My Hero Academia: World Heroes' Mission (2021), taking place before Izuku Midoriya and his friends embark on a new mission.",
        "actors": [
            "Tetsu Inada",
            "Endeavor (voice)",
            "Yuichi Nakamura",
            "Hawks (voice)",
            "Daiki Yamashita",
            "Izuku Midoriya (voice)",
            "Nobuhiko Okamoto",
            "Katsuki Bakugo (voice)",
            "Yuki Kaji",
            "Shoto Todoroki (voice)"
        ],
        "orig_title": " 僕のヒーローアカデミア THE MOVIE ワールド ヒーローズ ミッション ≪旅立ち≫",
        "status": " Released",
        "orig_lang": " Japanese",
        "budget_x": 104000000.0,
        "revenue": 752740099.0,
        "country": "JP"
    },
    {
        "title": "LEGO Marvel Super Heroes: Avengers Reassembled!",
        "date_x": "11/16/2015 ",
        "score": 66.0,
        "genre": [
            "Family",
            "Animation"
        ],
        "overview": "The Avengers are forced to “party” with Ultron when he seeks to disassemble the team by taking control of Iron Man’s armor and enact a nefarious scheme to take over the world.",
        "actors": [
            "Laura Bailey",
            "Black Widow",
            "Troy Baker",
            "Hawkeye",
            "Eric Bauza",
            "Iron Spider",
            "Ben Diskin",
            "Spider-Man",
            "Grant George",
            "Ant-Man",
            "JP Karliak",
            "Baron Strucker",
            "Vision",
            "Jim Meskimen",
            "Ultron",
            "Bumper Robinson",
            "Falcon",
            "Roger Craig Smith",
            "Captain America"
        ],
        "orig_title": "LEGO Marvel Super Heroes: Avengers Reassembled!",
        "status": " Released",
        "orig_lang": " English",
        "budget_x": 99800000.0,
        "revenue": 668859534.0,
        "country": "US"
    },
    {
        "title": "Tall Girl 2",
        "date_x": "02/11/2022 ",
        "score": 58.0,
        "genre": [
            "Comedy",
            "Romance"
        ],
        "overview": "After Jodi Kreyman gains popularity, her miscommunications start causing rifts with those around her and now she really needs to \"stand tall\".",
        "actors": [
            "Ava Michelle",
            "Jodi Kreyman",
            "Griffin Gluck",
            "Jack Dunkleman",
            "Sabrina Carpenter",
            "Harper Kreyman",
            "Clara Wilsey",
            "Kimmy Sticher",
            "Angela Kinsey",
            "Helanie Kreyman",
            "Rico Paris",
            "Schnipper",
            "Anjelika Washington",
            "Fareeda",
            "Luke Eisner",
            "Stig Mohlin",
            "Steve Zahn",
            "Richie Kreyman"
        ],
        "orig_title": "Tall Girl 2",
        "status": " Released",
        "orig_lang": " English",
        "budget_x": 24393503.0,
        "revenue": 50433646.0,
        "country": "US"
    },
    {
        "title": "Monsters",
        "date_x": "11/25/2010 ",
        "score": 62.0,
        "genre": [
            "Drama",
            "Thriller",
            "Science Fiction"
        ],
        "overview": "Six years ago NASA discovered the possibility of alien life within our solar system. A probe was launched to collect samples, but crashed upon re-entry over Central America. Soon after, new life forms began to appear and half of Mexico was quarantined as an infected zone. Today, the American and Mexican military still struggle to contain \"the creatures,\" while a journalist agrees to escort a shaken tourist through the infected zone in Mexico to the safety of the U.S. border.",
        "actors": [
            "Scoot McNairy",
            "Andrew Kaulder",
            "Whitney Able",
            "Samantha Wynden",
            "Mario Zuniga Benavides",
            "Ticket Seller",
            "Annalee Jefferies",
            "Homeless Woman",
            "Justin Hall",
            "Marine",
            "Ricky Catter",
            "Marine",
            "Paul Archer",
            "Marine",
            "Kerry Valderrama",
            "Marine",
            "Jonathan Winnford",
            "Marine"
        ],
        "orig_title": "Monsters",
        "status": " Released",
        "orig_lang": " English",
        "budget_x": 500000.0,
        "revenue": 5639730.0,
        "country": "AU"
    },
    {
        "title": "12 Feet Deep",
        "date_x": "06/20/2017 ",
        "score": 56.0,
        "genre": [
            "Thriller",
            "Horror"
        ],
        "overview": "Two sisters are trapped under the fiberglass cover of an Olympic sized public pool and must brave the cold and each other to survive the harrowing night.",
        "actors": [
            "Nora-Jane Noone",
            "Bree",
            "Alexandra Park",
            "Jonna",
            "Diane Farr",
            "Clara",
            "Tobin Bell",
            "McGradey",
            "Dogen Eyeler",
            "Boy at the Pool",
            "Donald Prince",
            "Detective Zimmerman",
            "Matthew Ryan Michaels",
            "Boy at the Pool",
            "Christian Kain Blackburn",
            "David"
        ],
        "orig_title": "12 Feet Deep",
        "status": " Released",
        "orig_lang": " English",
        "budget_x": 5342000.0,
        "revenue": 6158.0,
        "country": "US"
    },
    {
        "title": "The Graduate",
        "date_x": "08/22/1968 ",
        "score": 77.0,
        "genre": [
            "Comedy",
            "Drama",
            "Romance"
        ],
        "overview": "Benjamin, a recent college graduate very worried about his future, finds himself in a love triangle with an older woman and her daughter.",
        "actors": [
            "Anne Bancroft",
            "Mrs. Robinson",
            "Dustin Hoffman",
            "Ben Braddock",
            "Katharine Ross",
            "Elaine Robinson",
            "Murray Hamilton",
            "Mr. Robinson",
            "William Daniels",
            "Mr. Braddock",
            "Elizabeth Wilson",
            "Mrs. Braddock",
            "Buck Henry",
            "Room Clerk",
            "Brian Avery",
            "Carl Smith",
            "Walter Brooke",
            "Mr. McGuire"
        ],
        "orig_title": "The Graduate",
        "status": " Released",
        "orig_lang": " English",
        "budget_x": 3000000.0,
        "revenue": 104945305.0,
        "country": "AU"
    },
    {
        "title": "Three Kings",
        "date_x": "05/03/2000 ",
        "score": 66.0,
        "genre": [
            "Action",
            "Comedy",
            "War"
        ],
        "overview": "A group of American soldiers stationed in Iraq at the end of the Gulf War find a map they believe will take them to a huge cache of stolen Kuwaiti gold hidden near their base, and they embark on a secret mission that's destined to change everything.",
        "actors": [
            "George Clooney",
            "Archie Gates",
            "Mark Wahlberg",
            "Troy Barlow",
            "Ice Cube",
            "Chief Elgin",
            "Spike Jonze",
            "Conrad Vig",
            "Cliff Curtis",
            "Amir Abdullah",
            "Nora Dunn",
            "Adriana Cruz",
            "Jamie Kennedy",
            "Walter Wogaman",
            "Saïd Taghmaoui",
            "Captain Said",
            "Mykelti Williamson",
            "Colonel Horn"
        ],
        "orig_title": "Three Kings",
        "status": " Released",
        "orig_lang": " English",
        "budget_x": 48000000.0,
        "revenue": 107752036.0,
        "country": "AU"
    },
    {
        "title": "Penguin Bloom",
        "date_x": "01/21/2021 ",
        "score": 71.0,
        "genre": [
            "Drama"
        ],
        "overview": "When an unlikely ally enters the Bloom family's world in the form of an injured baby magpie they name Penguin, the bird’s arrival makes a profound difference in the struggling family’s life.",
        "actors": [
            "Naomi Watts",
            "Sam Bloom",
            "Andrew Lincoln",
            "Cameron Bloom",
            "Griffin Murray-Johnston",
            "Noah Bloom",
            "Felix Cameron",
            "Rueben Bloom",
            "Abe Clifford-Barr",
            "Oli Bloom",
            "Jacki Weaver",
            "Jan",
            "Rachel House",
            "Gaye Hatfield",
            "Gia Carides",
            "Megan",
            "Leeanna Walsman",
            "Kylie"
        ],
        "orig_title": "Penguin Bloom",
        "status": " Released",
        "orig_lang": " English",
        "budget_x": 100000000.0,
        "revenue": 369861963.8,
        "country": "AU"
    },
    {
        "title": "Kids",
        "date_x": "07/28/1995 ",
        "score": 69.0,
        "genre": [
            "Drama",
            "Crime"
        ],
        "overview": "A day in the life of a group of teens as they travel around New York City skating, drinking, smoking and deflowering virgins.",
        "actors": [
            "Leo Fitzpatrick",
            "Telly",
            "Justin Pierce",
            "Casper",
            "Chloë Sevigny",
            "Jennie",
            "Rosario Dawson",
            "Ruby",
            "Yakira Peguero",
            "Darcy",
            "Atabey Rodriguez",
            "Misha",
            "Harold Hunter",
            "Harold",
            "Jon Abrahams",
            "Steven",
            "Sajan Bhagat",
            "Paul"
        ],
        "orig_title": "Kids",
        "status": " Released",
        "orig_lang": " English",
        "budget_x": 1500000.0,
        "revenue": 20412216.0,
        "country": "US"
    },
    {
        "title": "Ronin",
        "date_x": "02/04/1999 ",
        "score": 69.0,
        "genre": [
            "Action",
            "Thriller",
            "Crime"
        ],
        "overview": "A briefcase with undisclosed contents – sought by Irish terrorists and the Russian mob – makes its way into criminals' hands. An Irish liaison assembles a squad of mercenaries, or 'ronin', and gives them the thorny task of recovering the case.",
        "actors": [
            "Robert De Niro",
            "Sam",
            "Jean Reno",
            "Vincent",
            "Natascha McElhone",
            "Deirdre",
            "Stellan Skarsgård",
            "Gregor",
            "Skipp Sudduth",
            "Larry",
            "Jonathan Pryce",
            "Seamus O'Rourke",
            "Sean Bean",
            "Spence",
            "Michael Lonsdale",
            "Jean-Pierre",
            "Féodor Atkine",
            "Mikhi"
        ],
        "orig_title": "Ronin",
        "status": " Released",
        "orig_lang": " English",
        "budget_x": 55000000.0,
        "revenue": 70692101.0,
        "country": "AU"
    },
    {
        "title": "Never Say Never Again",
        "date_x": "12/15/1983 ",
        "score": 61.0,
        "genre": [
            "Adventure",
            "Action",
            "Thriller"
        ],
        "overview": "James Bond returns as the secret agent 007 to battle the evil organization SPECTRE. Bond must defeat Largo, who has stolen two atomic warheads for nuclear blackmail. But Bond has an ally in Largo's girlfriend, the willowy Domino, who falls for Bond and seeks revenge.",
        "actors": [
            "Sean Connery",
            "James Bond",
            "Klaus Maria Brandauer",
            "Maximilian Largo",
            "Max von Sydow",
            "Ernst Stavro Blofeld",
            "Barbara Carrera",
            "Fatima Blush",
            "Kim Basinger",
            "Domino Petachi",
            "Bernie Casey",
            "Felix Leiter",
            "Edward Fox",
            "M",
            "Alec McCowen",
            "Q 'Algy' Algernon",
            "Pamela Salem",
            "Miss Moneypenny"
        ],
        "orig_title": "Never Say Never Again",
        "status": " Released",
        "orig_lang": " English",
        "budget_x": 36000000.0,
        "revenue": 160000000.0,
        "country": "AU"
    },
    {
        "title": "Eleven Days, Eleven Nights",
        "date_x": "03/27/1987 ",
        "score": 47.0,
        "genre": [
            "Drama",
            "Romance"
        ],
        "overview": "In eleven days time, Michael is due to wed his fiancée Helen. However, a chance meeting with Sarah, a total stranger, threatens to destroy all his plans as he is seduced on the spot and finds himself unable to resist her.",
        "actors": [
            "Jessica Moore",
            "Sarah Asproon",
            "Joshua McDonald",
            "Michael Terenzi",
            "Mary Sellers",
            "Helen",
            "Tom Mojack",
            "Dan",
            "David Brandon",
            "Peter",
            "Laura Gemser",
            "Dorothy Tipton",
            "Richard Barkeley",
            "Dottore Porter",
            "Barbara Cupisti",
            "Alicia",
            "Don Fiore",
            "Poliziotto"
        ],
        "orig_title": " Undici giorni, undici notti",
        "status": " Released",
        "orig_lang": " Italian",
        "budget_x": 129200000.0,
        "revenue": 947468745.8,
        "country": "IT"
    },
    {
        "title": "New Initial D the Movie - Legend 1: Awakening",
        "date_x": "08/24/2014 ",
        "score": 82.0,
        "genre": [
            "Animation",
            "Action"
        ],
        "overview": "The first movie in a trilogy, focusing on the battle against the Takahashi brothers. High school student Takumi Fujiwara works as a gas station attendant during the day and a delivery boy for his father's tofu shop during late nights. Little does he know that his precise driving skills and his father's modified Toyota Sprinter AE86 Trueno make him the best amateur road racer on Mt. Akina's highway. Because of this, racing groups from all over the Gunma prefecture issue challenges to Takumi to see if he really has what it takes to be a road legend.",
        "actors": [
            "Mamoru Miyano",
            "Takumi Fujiwara",
            "Yuichi Nakamura",
            "Keisuke Takahashi",
            "Daisuke Ono",
            "Ryosuke Takahashi",
            "Maaya Uchida",
            "Natsuki Mogi",
            "Minoru Shiraishi",
            "Itsuki Takeuchi",
            "Hiroaki Hirata",
            "Bunta Fujiwara",
            "Junichi Suwabe",
            "Takeshi Nakazato",
            "Hiroshi Tsuchida",
            "Koichiro Iketani"
        ],
        "orig_title": " 頭文字D Legend1 覚醒",
        "status": " Released",
        "orig_lang": " Japanese",
        "budget_x": 227600000.0,
        "revenue": 1101791047.6,
        "country": "JP"
    },
    {
        "title": "The Cave",
        "date_x": "11/24/2005 ",
        "score": 53.0,
        "genre": [
            "Action",
            "Adventure",
            "Horror",
            "Thriller"
        ],
        "overview": "After a group of biologists discovers a huge network of unexplored caves in Romania and, believing it to be an undisturbed eco-system that has produced a new species, they hire the best American team of underwater cave explorers in the world. While exploring deeper into the underwater caves, a rockslide blocks their exit, and they soon discover a larger carnivorous creature has added them to its food chain.",
        "actors": [
            "Cole Hauser",
            "Jack McAllister",
            "Lena Headey",
            "Dr. Kathryn Jennings",
            "Morris Chestnut",
            "Top Buchanan",
            "Eddie Cibrian",
            "Tyler McAllister",
            "Piper Perabo",
            "Charlie",
            "Daniel Dae Kim",
            "Alex Kim",
            "Kieran Darcy-Smith",
            "Strode",
            "Rick Ravanello",
            "Briggs",
            "Marcel Iureș",
            "Dr. Nicolai"
        ],
        "orig_title": "The Cave",
        "status": " Released",
        "orig_lang": " English",
        "budget_x": 30000000.0,
        "revenue": 27147991.0,
        "country": "AU"
    },
    {
        "title": "Cradle 2 the Grave",
        "date_x": "03/27/2003 ",
        "score": 61.0,
        "genre": [
            "Action",
            "Crime",
            "Drama"
        ],
        "overview": "Gang leader Tony pulls off a major diamond heist with his crew, but cop-turned-criminal Ling knows who has the loot and responds by kidnapping Tony's daughter and holding her for ransom. Unfortunately, Tony's lost the diamonds as well. As he frantically searches for his daughter and the jewels, Tony pairs with a high-kicking government agent who once worked with Ling and seeks revenge on him.",
        "actors": [
            "Jet Li",
            "Su",
            "DMX",
            "Anthony Fait",
            "Kelly Hu",
            "Sona",
            "Anthony Anderson",
            "Tommy",
            "Tom Arnold",
            "Archie",
            "Mark Dacascos",
            "Yao Ling",
            "Gabrielle Union",
            "Daria",
            "Sean Cory",
            "Willy Chickens",
            "Michael Jace",
            "Odion"
        ],
        "orig_title": "Cradle 2 the Grave",
        "status": " Released",
        "orig_lang": " English",
        "budget_x": 25000000.0,
        "revenue": 56434942.0,
        "country": "AU"
    },
    {
        "title": "22 July",
        "date_x": "10/10/2018 ",
        "score": 71.0,
        "genre": [
            "History",
            "Drama",
            "Thriller",
            "Crime"
        ],
        "overview": "On 22 July 2011, neo-Nazi terrorist Anders Behring Breivik murdered 77 young people attending a Labour Party Youth Camp on Utøya Island outside of Oslo. This three-part story focuses on the survivors, the political leadership of Norway, and the lawyers involved.",
        "actors": [
            "Jonas Strand Gravli",
            "Viljar Hanssen",
            "Anders Danielsen Lie",
            "Anders Behring Breivik",
            "Jon Øigarden",
            "Geir Lippestad",
            "Seda Witt",
            "Lara Rashid",
            "Ola G. Furuseth",
            "Prime Minister Stoltenberg",
            "Maria Bock",
            "Christin Kristoffersen",
            "Isak Bakli Aglen",
            "Torje Hanssen",
            "Thorbjørn Harr",
            "Sveinn Are Hanssen",
            "Marit Andreassen",
            "Prime Minister Aide"
        ],
        "orig_title": "22 July",
        "status": " Released",
        "orig_lang": " English",
        "budget_x": 20000000.0,
        "revenue": 278331290.6,
        "country": "AU"
    },
    {
        "title": "A Werewolf Boy",
        "date_x": "10/31/2012 ",
        "score": 77.0,
        "genre": [
            "Romance",
            "Fantasy"
        ],
        "overview": "An unexpected phone call brings an elderly woman to her childhood country cottage, and memories of an orphan boy she knew 47 years ago come flooding back to her.",
        "actors": [
            "Song Joong-ki",
            "Wolf-Boy / Chul-soo",
            "Park Bo-young",
            "Young Sun-yi / Eun-ju",
            "Yoo Yeon-seok",
            "Ji-tae",
            "Lee Young-lan",
            "Sun-yi",
            "Jang Young-nam",
            "Sun-yi's Mother",
            "Kim Hyang-gi",
            "Sun-ja",
            "Yoo Seung-mok",
            "Professor Kang Tae-shik",
            "Shin Bi",
            "Dong-mi",
            "Woo Jung-kook",
            "Mr. Jung"
        ],
        "orig_title": " 늑대소년",
        "status": " Released",
        "orig_lang": " Korean",
        "budget_x": 112640000.0,
        "revenue": 719378536.0,
        "country": "KR"
    },
    {
        "title": "Tom and Jerry: The Lost Dragon",
        "date_x": "07/27/2014 ",
        "score": 57.0,
        "genre": [
            "Family",
            "Animation",
            "Comedy"
        ],
        "overview": "Tom and Jerry find a dragon egg, and help the baby dragon find its mother.",
        "actors": [
            "Kelly Stables",
            "Athena / Puffy (voice)",
            "Vicki Lewis",
            "Drizelda (voice)",
            "Jim Cummings",
            "Haldorf (voice)",
            "Laraine Newman",
            "Elf Elder's Wife (voice)",
            "Greg Ellis",
            "Tin (voice)",
            "Jess Harnell",
            "Pan (voice)",
            "Richard McGonagle",
            "Alley (voice)",
            "Wayne Knight",
            "The Elf Elder (voice)",
            "Dee Bradley Baker",
            "Buster / Elf Boy (voice)"
        ],
        "orig_title": "Tom and Jerry: The Lost Dragon",
        "status": " Released",
        "orig_lang": " English",
        "budget_x": 115000000.0,
        "revenue": 217542135.6,
        "country": "US"
    },
    {
        "title": "Every Which Way but Loose",
        "date_x": "12/30/1978 ",
        "score": 62.0,
        "genre": [
            "Action",
            "Comedy",
            "Adventure",
            "Romance",
            "Drama"
        ],
        "overview": "Philo Beddoe is your regular, easygoing, truck-driving guy. He's also the best bar-room brawler west of the Rockies. And he lives with a 165-pound orangutan named Clyde. Like other guys, Philo finally falls in love - with a flighty singer who leads him on a screwball chase across the American Southwest. Nothing's in the way except a motorcycle gang, and legendary brawler Tank Murdock.",
        "actors": [
            "Clint Eastwood",
            "Philo Beddoe",
            "Sondra Locke",
            "Lynn Halsey-Taylor",
            "Geoffrey Lewis",
            "Orville Boggs",
            "Manis",
            "Clyde",
            "Beverly D'Angelo",
            "Echo",
            "Walter Barnes",
            "Tank Murdock",
            "George Chandler",
            "Clerk at D.M.V.",
            "Roy Jenson",
            "Woody",
            "Secretary Biker",
            "James McEachin",
            "Herb"
        ],
        "orig_title": "Every Which Way but Loose",
        "status": " Released",
        "orig_lang": " English",
        "budget_x": 5000000.0,
        "revenue": 85196485.0,
        "country": "AU"
    },
    {
        "title": "Paper Towns",
        "date_x": "07/16/2015 ",
        "score": 61.0,
        "genre": [
            "Mystery",
            "Drama",
            "Romance"
        ],
        "overview": "Quentin Jacobsen has spent a lifetime loving the magnificently adventurous Margo Roth Spiegelman from afar. So when she cracks open a window and climbs back into his life-dressed like a ninja and summoning him for an ingenious campaign of revenge-he follows. After their all-nighter ends and a new day breaks, Q arrives at school to discover that Margo, always an enigma, has now become a mystery. But Q soon learns that there are clues-and they're for him. Urged down a disconnected path, the closer he gets, the less Q sees of the girl he thought he knew.",
        "actors": [
            "Nat Wolff",
            "Quentin Jacobsen",
            "Cara Delevingne",
            "Margo Roth Spiegelman",
            "Justice Smith",
            "Marcus 'Radar' Lincoln",
            "Austin Abrams",
            "Ben Starling",
            "Halston Sage",
            "Lacey Pemberton",
            "Cara Buono",
            "Connie Jacobsen",
            "Caitlin Carver",
            "Becca Arrington",
            "John Green",
            "Dwight Arrington (voice)",
            "Jaz Sinclair",
            "Angela"
        ],
        "orig_title": "Paper Towns",
        "status": " Released",
        "orig_lang": " English",
        "budget_x": 12000000.0,
        "revenue": 85450484.0,
        "country": "AU"
    },
    {
        "title": "Hands of Stone",
        "date_x": "08/26/2016 ",
        "score": 63.0,
        "genre": [
            "Drama"
        ],
        "overview": "The legendary Roberto Duran and his equally legendary trainer Ray Arcel change each other's lives.",
        "actors": [
            "Edgar Ramírez",
            "Roberto Duran",
            "Robert De Niro",
            "Ray Arcel",
            "Usher",
            "Sugar Ray Leonard",
            "Rubén Blades",
            "Carlos Eleta",
            "Ana de Armas",
            "Felicidad Iglesias",
            "Óscar Jaenada",
            "Chaflan",
            "John Turturro",
            "Frankie Carbo",
            "Ellen Barkin",
            "Stephanie Arcel",
            "Jurnee Smollett",
            "Juanita Leonard"
        ],
        "orig_title": "Hands of Stone",
        "status": " Released",
        "orig_lang": " English",
        "budget_x": 20000000.0,
        "revenue": 5031975.0,
        "country": "US"
    },
    {
        "title": "Asterix & Obelix Take on Caesar",
        "date_x": "08/07/2006 ",
        "score": 60.0,
        "genre": [
            "Family",
            "Adventure",
            "Comedy",
            "Fantasy"
        ],
        "overview": "Set in 50 B.C., Asterix and Obelix are living in a small but well-protected village in Gaul, where a magic potion concocted by Druids turns the townsfolk into mighty soldiers. When Roman troops carve a path through Gaul to reach the English Channel, Caesar and his aide de camp Detritus discover the secret elixir and capture the Druid leader who knows its formula, and Asterix and Obelix are sent off to rescue them.",
        "actors": [
            "Christian Clavier",
            "Astérix",
            "Gérard Depardieu",
            "Obélix",
            "Roberto Benigni",
            "Lucius Detritus",
            "Michel Galabru",
            "Abraracourcix",
            "Gottfried John",
            "Jules César",
            "Laetitia Casta",
            "Falbala",
            "Claude Piéplu",
            "Panoramix",
            "Daniel Prévost",
            "Prolix",
            "Pierre Palmade",
            "Assurancetourix"
        ],
        "orig_title": " Astérix & Obélix contre César",
        "status": " Released",
        "orig_lang": " French",
        "budget_x": 1881932.4,
        "revenue": 1644060.0,
        "country": "AU"
    },
    {
        "title": "Northmen: A Viking Saga",
        "date_x": "04/26/2015 ",
        "score": 54.0,
        "genre": [
            "Adventure",
            "Action",
            "Drama"
        ],
        "overview": "A band of Vikings cross enemy lines and a panicked race begins. The losers will pay with their lives.",
        "actors": [
            "Ryan Kwanten",
            "Conall",
            "James Norton",
            "Bjorn",
            "Ed Skrein",
            "Hjorr",
            "Tom Hopper",
            "Asbjorn",
            "Charlie Murphy",
            "Inghean",
            "Leo Gregory",
            "Jorund",
            "Ken Duken",
            "Thorald",
            "Anatole Taubman",
            "Bovarr",
            "Darrell D'Silva",
            "Gunnar"
        ],
        "orig_title": "Northmen: A Viking Saga",
        "status": " Released",
        "orig_lang": " English",
        "budget_x": 2640017.8,
        "revenue": 3005082.0,
        "country": "AU"
    },
    {
        "title": "The Banker",
        "date_x": "03/20/2020 ",
        "score": 76.0,
        "genre": [
            "Drama"
        ],
        "overview": "In the 1960s, two entrepreneurs hatch an ingenious business plan to fight for housing integration—and equal access to the American Dream.",
        "actors": [
            "Anthony Mackie",
            "Bernard Garrett",
            "Samuel L. Jackson",
            "Joe Morris",
            "Nicholas Hoult",
            "Matt Steiner",
            "Nia Long",
            "Eunice Garrett",
            "Jessie T. Usher",
            "Tony Jackson",
            "Colm Meaney",
            "Patrick Barker",
            "Paul Ben-Victor",
            "Donald Silverthorne",
            "James DuMont",
            "Senator McClellan",
            "Taylor Black",
            "Susie"
        ],
        "orig_title": "The Banker",
        "status": " Released",
        "orig_lang": " English",
        "budget_x": 11000000.0,
        "revenue": 2990000.0,
        "country": "AU"
    },
    {
        "title": "Burning",
        "date_x": "05/17/2018 ",
        "score": 74.0,
        "genre": [
            "Mystery",
            "Drama",
            "Thriller"
        ],
        "overview": "Deliveryman Jongsu is out on a job when he runs into Haemi, a girl who once lived in his neighborhood. She asks if he'd mind looking after her cat while she's away on a trip to Africa. On her return she introduces to Jongsu an enigmatic young man named Ben, who she met during her trip. And one day Ben tells Jongsu about his most unusual hobby...",
        "actors": [
            "Yoo Ah-in",
            "Lee Jong-su",
            "Steven Yeun",
            "Ben",
            "Jun Jong-seo",
            "Shin Hae-mi",
            "Kim Soo-kyung",
            "Yeon-ju",
            "Choi Seung-ho",
            "Lee Yong-seok",
            "Moon Sung-keun",
            "Lawyer",
            "Min Bok-gi",
            "Judge",
            "Ban Hye-ra",
            "Jong-su's Mother",
            "Cha Mi-kyung",
            "Hae-mi's Mother"
        ],
        "orig_title": " 버닝",
        "status": " Released",
        "orig_lang": " Korean",
        "budget_x": 7280000.0,
        "revenue": 6591038.0,
        "country": "KR"
    },
    {
        "title": "Tetris: From Russia with Love",
        "date_x": "09/04/2004 ",
        "score": 65.0,
        "genre": [
            "Documentary"
        ],
        "overview": "This is the story behind the fiendishly addictive game, a tale of high stakes, intimidation and legal feuds set against the backdrop of Cold War tensions between East and West.",
        "actors": [
            "Dervla Kirwan",
            "Narrator",
            "Alexey Pajitnov",
            "Himself",
            "Evgeni Nikolaevich Belikov",
            "himself",
            "Phil Adam",
            "himself",
            "Randy Broweleit",
            "himself",
            "Howard Lincoln",
            "Himself",
            "Henk Rogers",
            "Himself"
        ],
        "orig_title": "Tetris: From Russia with Love",
        "status": " Released",
        "orig_lang": " English",
        "budget_x": 38600000.0,
        "revenue": 542233172.2,
        "country": "GB"
    },
    {
        "title": "Joy Ride 2: Dead Ahead",
        "date_x": "10/07/2008 ",
        "score": 55.0,
        "genre": [
            "Crime",
            "Thriller",
            "Horror"
        ],
        "overview": "While driving to Las Vegas for the bachelor party of her sister Melissa and her fiance Bobby, Kayla stops the car at a gas station to meet her date, Nik, a guy she met on the internet. Nik convinces her to take a secondary road under the protest of Bobby but the car breaks down. They find a house in the middle of nowhere and decide to take the car parked in the house's garage to the next city...",
        "actors": [
            "Nicki Aycox",
            "Melissa",
            "Nick Zano",
            "Bobby",
            "Kyle Schmid",
            "Nik",
            "Daniel Boileau",
            "Bald Trucker",
            "Laura Jordan",
            "Kayla",
            "Mark Gibbon",
            "Rusty Nail",
            "Krystal Vrba",
            "lézard",
            "Kathryn Kirkpatrick",
            "Serveuse",
            "Rebecca Davis",
            "Woman Stuck in Snow"
        ],
        "orig_title": "Joy Ride 2: Dead Ahead",
        "status": " Released",
        "orig_lang": " English",
        "budget_x": 5000000.0,
        "revenue": 48763622.8,
        "country": "US"
    },
    {
        "title": "Fireflies in the North",
        "date_x": "09/01/1984 ",
        "score": 54.0,
        "genre": [
            "Drama"
        ],
        "overview": "Set in the icy wilderness of Hokkaido during the early days of the Meiji era, where the brutal warden of Kabato Prison terrorizes convicts sentenced to forced labor to build the roads needed to open up the territory.",
        "actors": [
            "Tatsuya Nakadai",
            "Takeshi Tsukigata",
            "Shima Iwashita",
            "Yu Nakamura",
            "Koichi Sato",
            "Yakichi",
            "Ai Saotome",
            "Setsu Furuya",
            "Daisuke Ryû",
            "Nagakura",
            "Kunihiko Mitamura",
            "Masaki",
            "Reiko Nakamura",
            "Hamagiku",
            "Junko Takazawa",
            "Hanayakko",
            "Shunsuke Kariya",
            ""
        ],
        "orig_title": " 北の螢",
        "status": " Released",
        "orig_lang": " Japanese",
        "budget_x": 132600000.0,
        "revenue": 293773121.0,
        "country": "JP"
    },
    {
        "title": "You Were Never Really Here",
        "date_x": "08/24/2018 ",
        "score": 66.0,
        "genre": [
            "Thriller",
            "Drama",
            "Crime"
        ],
        "overview": "A traumatised veteran, unafraid of violence, tracks down missing girls for a living. When a job spins out of control, his nightmares overtake him as a conspiracy is uncovered leading to what may be his death trip or his awakening.",
        "actors": [
            "Joaquin Phoenix",
            "Joe",
            "Judith Roberts",
            "Joe's Mother",
            "Ekaterina Samsonov",
            "Nina Votto",
            "John Doman",
            "John McCleary",
            "Alex Manette",
            "Senator Albert Votto",
            "Dante Pereira-Olson",
            "Young Joe",
            "Alessandro Nivola",
            "Governor Williams",
            "Larry Canady",
            "Cincinnati Cab Driver",
            "Vinicius Damasceno",
            "Moises"
        ],
        "orig_title": "You Were Never Really Here",
        "status": " Released",
        "orig_lang": " English",
        "budget_x": 40517129.0,
        "revenue": 10891281.0,
        "country": "AU"
    },
    {
        "title": "Mickey's Twice Upon a Christmas",
        "date_x": "11/09/2004 ",
        "score": 70.0,
        "genre": [
            "Animation",
            "Family"
        ],
        "overview": "Santa Claus, Mickey Mouse and all his Disney pals star in an original movie about the importance of opening your heart to the true spirit of Christmas. Stubborn old Donald tries in vain to resist the joys of the season, and Mickey and Pluto learn a great lesson about the power of friendship.",
        "actors": [
            "Wayne Allwine",
            "Mickey Mouse (voice)",
            "Tony Anselmo",
            "Donald Duck (voice)",
            "Bill Farmer",
            "Goofy / Pluto (voice)",
            "Jim Cummings",
            "Blitzen (voice)",
            "Tress MacNeille",
            "Daisy Duck (voice)",
            "Jeff Bennett",
            "Elf #1 / Elf #2 / Grouchy Man / Donner (voice)",
            "Jason Marsden",
            "Max Goof (voice)",
            "Chuck McCann",
            "Santa Claus (voice)",
            "Clive Revill",
            "Narrator (voice)"
        ],
        "orig_title": "Mickey's Twice Upon a Christmas",
        "status": " Released",
        "orig_lang": " English",
        "budget_x": 10000000.0,
        "revenue": 166946230.6,
        "country": "US"
    },
    {
        "title": "The Goldfinch",
        "date_x": "09/26/2019 ",
        "score": 72.0,
        "genre": [
            "Drama"
        ],
        "overview": "A boy in New York is taken in by a wealthy family after his mother is killed in a bombing at the Metropolitan Museum of Art. In a rush of panic, he steals 'The Goldfinch', a painting that eventually draws him into a world of crime.",
        "actors": [
            "Ansel Elgort",
            "Theodore Decker",
            "Oakes Fegley",
            "Young Theodore Decker",
            "Nicole Kidman",
            "Samantha Barbour",
            "Jeffrey Wright",
            "James 'Hobie' Hobart",
            "Luke Wilson",
            "Larry Decker",
            "Sarah Paulson",
            "Xandra",
            "Willa Fitzgerald",
            "Kitsey Barbour",
            "Aneurin Barnard",
            "Boris Pavlikovsky",
            "Finn Wolfhard",
            "Young Boris Pavlikovsky"
        ],
        "orig_title": "The Goldfinch",
        "status": " Released",
        "orig_lang": " English",
        "budget_x": 40000000.0,
        "revenue": 9429910.0,
        "country": "AU"
    },
    {
        "title": "Beverly Hills Cop III",
        "date_x": "06/16/1994 ",
        "score": 59.0,
        "genre": [
            "Action",
            "Comedy",
            "Crime"
        ],
        "overview": "Back in sunny southern California and on the trail of two murderers, Axel Foley again teams up with LA cop Billy Rosewood. Soon, they discover that an amusement park is being used as a front for a massive counterfeiting ring – and it's run by the same gang that shot Billy's boss.",
        "actors": [
            "Eddie Murphy",
            "Det. Axel Foley",
            "Judge Reinhold",
            "Det. Sgt. William 'Billy' Rosewood",
            "Hector Elizondo",
            "Jon Flint",
            "Gilbert R. Hill",
            "Insp. Douglas Todd",
            "Timothy Carhart",
            "Ellis Dewald",
            "Bronson Pinchot",
            "Serge",
            "Stephen McHattie",
            "Steve Fulbright",
            "Theresa Randle",
            "Janice",
            "John Saxon",
            "Orrin Sanderson"
        ],
        "orig_title": "Beverly Hills Cop III",
        "status": " Released",
        "orig_lang": " English",
        "budget_x": 50000000.0,
        "revenue": 119180938.0,
        "country": "AU"
    },
    {
        "title": "The Amityville Harvest",
        "date_x": "10/20/2020 ",
        "score": 61.0,
        "genre": [
            "Horror"
        ],
        "overview": "While staying at an aging manor to research its liquor-smuggling history, Christina and her documentary video team interview their spooky host Vincent—but no one can capture his image or voice on video. After shocking dreams and bloody encounters, the crew members fall under Victor’s hypnotic spell.",
        "actors": [
            "Kyle Lowder",
            "Vincent Miller",
            "Sadie Katz",
            "Christina",
            "Brandon Alan Smith",
            "Cosmo",
            "Johanna Rae",
            "Janet",
            "Alexa Pellerin",
            "Nancy",
            "Michael Cervantes",
            "Scratch",
            "Eva Ceja",
            "Lexy",
            "George W. Scott",
            "Otis",
            "Keavy Bradley",
            "Lana"
        ],
        "orig_title": "The Amityville Harvest",
        "status": " Released",
        "orig_lang": " English",
        "budget_x": 146500000.0,
        "revenue": 321770184.6,
        "country": "US"
    },
    {
        "title": "Escape from Planet Earth",
        "date_x": "03/28/2013 ",
        "score": 57.0,
        "genre": [
            "Animation",
            "Comedy",
            "Adventure",
            "Family",
            "Science Fiction"
        ],
        "overview": "Astronaut Scorch Supernova finds himself caught in a trap when he responds to an SOS from a notoriously dangerous alien planet.",
        "actors": [
            "Brendan Fraser",
            "Scorch Supernova (voice)",
            "Jessica Alba",
            "Lena (voice)",
            "Rob Corddry",
            "Gary Supernova (voice)",
            "Steve Zahn",
            "Hawk (voice)",
            "Sarah Jessica Parker",
            "Kira Supernova (voice)",
            "Ricky Gervais",
            "Mr Bing (voice)",
            "Gregg Binkley",
            "Ralph (voice) (uncredited)",
            "Sofía Vergara",
            "Gabby (voice)",
            "Kaitlin Olson",
            "3D Movie Girl (voice)"
        ],
        "orig_title": "Escape from Planet Earth",
        "status": " Released",
        "orig_lang": " English",
        "budget_x": 40000000.0,
        "revenue": 74597643.0,
        "country": "AU"
    },
    {
        "title": "Capone",
        "date_x": "09/01/2020 ",
        "score": 50.0,
        "genre": [
            "Crime",
            "Drama"
        ],
        "overview": "The 47-year old Al Capone, after 10 years in prison, starts suffering from dementia and comes to be haunted by his violent past.",
        "actors": [
            "Tom Hardy",
            "Al Capone",
            "Linda Cardellini",
            "Mae",
            "Matt Dillon",
            "Johnny",
            "Kyle MacLachlan",
            "Doctor Karlock",
            "Kathrine Narducci",
            "Rosie",
            "Jack Lowden",
            "Crawford",
            "Noel Fisher",
            "Junior",
            "Tilda Del Toro",
            "Mona Lisa",
            "Al Sapienza",
            "Ralphie"
        ],
        "orig_title": "Capone",
        "status": " Released",
        "orig_lang": " English",
        "budget_x": 20600000.0,
        "revenue": 858281.0,
        "country": "AU"
    },
    {
        "title": "Doraemon: Nobita's Treasure Island",
        "date_x": "03/03/2018 ",
        "score": 70.0,
        "genre": [
            "Animation"
        ],
        "overview": "Doraemon, Nobita, Shizuka, Gian, and Suneo set out on an adventure in the Caribbean Sea. Nobita is the captain of a ship and fights his enemies on board. Shizuka gets kidnapped, and a storm impedes their journey. Mini-Dora help Nobita and friends on their journey. When the adventurers finally find the mysterious Treasure Island, they discover it is more than just an ordinary island.",
        "actors": [
            "Wasabi Mizuta",
            "Doraemon (voice)",
            "Megumi Oohara",
            "Nobita (voice)",
            "Yumi Kakazu",
            "Shizuka (voice)",
            "Subaru Kimura",
            "Gian (voice)",
            "Tomokazu Seki",
            "Suneo (voice)",
            "Yo Oizumi",
            "(voice)",
            "Kotono Mitsuishi",
            "Tamako Nobi (voice)",
            "Yasunori Matsumoto",
            "Nobisuke Nobi  (voice)",
            "Shihoko Hagino",
            "Hidetoshi Dekisugi (voice)"
        ],
        "orig_title": " 映画ドラえもん のび太の宝島",
        "status": " Released",
        "orig_lang": " Japanese",
        "budget_x": 72000000.0,
        "revenue": 757565646.4,
        "country": "JP"
    },
    {
        "title": "My Little Pony: Equestria Girls",
        "date_x": "06/16/2013 ",
        "score": 73.0,
        "genre": [
            "Animation",
            "Comedy",
            "Family",
            "Fantasy",
            "Music"
        ],
        "overview": "Via a magic mirror, Twilight Sparkle travels into an alternate universe in order to recover a crown that was stolen from the Crystal Empire. Upon her arrival she is horrified to learn that she has turned into a human.",
        "actors": [
            "Tara Strong",
            "Twilight Sparkle (voice)",
            "Ashleigh Ball",
            "Applejack / Rainbow Dash (voice)",
            "Andrea Libman",
            "Pinkie Pie / Fluttershy (voice)",
            "Tabitha St. Germain",
            "Rarity / Princess Luna / Vice Principal Luna / Cup Cake (voice)",
            "Cathy Weseluck",
            "Spike (voice)",
            "Rebecca Shoichet",
            "Sunset Shimmer (voice) / Twilight Sparkle  (singing voice)",
            "Britt McKillip",
            "Princess Cadance (voice)",
            "Lee Tockar",
            "Snips (voice)",
            "Richard Ian Cox",
            "Snails (voice)"
        ],
        "orig_title": "My Little Pony: Equestria Girls",
        "status": " Released",
        "orig_lang": " English",
        "budget_x": 6209044.6,
        "revenue": 485232.0,
        "country": "US"
    },
    {
        "title": "Doraemon: Nobita and the Winged Braves",
        "date_x": "03/10/2001 ",
        "score": 74.0,
        "genre": [
            "Family",
            "Animation",
            "Adventure"
        ],
        "overview": "After watching a televised showing about supposedly humanoid birds spotted in Africa, Nobita dreams of being able to fly with wings. He builds wooden wings after Doraemon refuses to help him, though he repeatedly fails to fly using them. While helping Shizuka to reclaim her pet canary, they witness a portal opens in the sky and a humanoid bird riding an airplane coming out. He introduces himself as Gusuke, a humanoid bird who lives in \"Birdopia\". Doraemon, Nobita, and Shizuka help Gusuke fix his airplane, where Nobita becomes fast friends with him. As Gusuke departs to his home, Gian and Suneo catch him and grab his plane. The other three follow them through the porta",
        "actors": [
            "Nobuyo Oyama",
            "",
            "Noriko Ohara",
            "",
            "Sachiko Chijimatsu",
            "",
            "Rina Chinen",
            "",
            "Daisuke Gôri",
            "",
            "Kyoko Hikami",
            "",
            "Kaneta Kimotsuki",
            "",
            "Yasunori Matsumoto",
            "",
            "Hisaya Morishige",
            ""
        ],
        "orig_title": " のび太と翼の勇者たち",
        "status": " Released",
        "orig_lang": " Japanese",
        "budget_x": 80000000.0,
        "revenue": 430315391.8,
        "country": "JP"
    },
    {
        "title": "Journey with Tarsilinha",
        "date_x": "03/17/2022 ",
        "score": 50.0,
        "genre": [
            "Animation",
            "Adventure",
            "Family",
            "Fantasy"
        ],
        "overview": "Tarsilinha sets off on a journey to save her mother’s memory. The only way to do this is to find her mom's stolen keepsakes and overcome her own fears.",
        "actors": [
            "Alice Barion",
            "Tarsilinha (voice)",
            "Ando Camargo",
            "Frog (voice)",
            "Maira Chasseroux",
            "Mother (voice)",
            "Marisa Orth",
            "Caterpillar (voice)",
            "Skowa",
            "Saci (voice)"
        ],
        "orig_title": " Tarsilinha",
        "status": " Released",
        "orig_lang": " Portuguese",
        "budget_x": 144200000.0,
        "revenue": 958123472.8,
        "country": "BR"
    },
    {
        "title": "Riley's First Date?",
        "date_x": "11/03/2015 ",
        "score": 71.0,
        "genre": [
            "Animation",
            "Family"
        ],
        "overview": "Riley, now 12, who is hanging out with her parents at home when potential trouble comes knocking. Mom's and Dad's Emotions find themselves forced to deal with Riley going on her first \"date.\"",
        "actors": [
            "Pete Docter",
            "Dad's Anger (voice)",
            "Ben Cox",
            "Jordan (voice)",
            "Kyle MacLachlan",
            "Dad (voice)",
            "Diane Lane",
            "Mom (voice)",
            "Carlos Alazraqui",
            "Dad's Fear (voice)",
            "Kaitlyn Dias",
            "Riley (voice)",
            "Josh Cooley",
            "Dad's Sadness (voice)",
            "Sherry Lynn",
            "Mom's Disgust / Mom's Joy (voice)",
            "Bill Hader",
            "Fear / Jordan's Joy (voice)"
        ],
        "orig_title": "Riley's First Date?",
        "status": " Released",
        "orig_lang": " English",
        "budget_x": 81300000.0,
        "revenue": 409447432.8,
        "country": "US"
    },
    {
        "title": "Antrum",
        "date_x": "11/12/2019 ",
        "score": 59.0,
        "genre": [
            "Horror"
        ],
        "overview": "Rumored to have been lost, Antrum appears as a cursed film from the 1970s. Viewers are warned to proceed with caution. It’s said to be a story about a young boy and girl who enter the forest in an attempt to save the soul of their recently deceased pet. They journey to “The Antrum,” the very spot the devil landed after being cast out of heaven. There, the children begin to dig a hole to hell.",
        "actors": [
            "Nicole Tompkins",
            "Oralee",
            "Rowan Smyth",
            "Nathan",
            "Dan Istrate",
            "Cassius",
            "Circus-Szalewski",
            "Hanzie",
            "Shu Sakimoto",
            "Haruki",
            "Kristel Elling",
            "Mother",
            "Lucy Rayner",
            "Narrator",
            "Carrie Hammontree",
            "Woman on Boat",
            "Pierluca Arancio",
            "(Demon) Amon"
        ],
        "orig_title": "Antrum",
        "status": " Released",
        "orig_lang": " English",
        "budget_x": 81200000.0,
        "revenue": 642941655.2,
        "country": "CA"
    },
    {
        "title": "Death of Me",
        "date_x": "03/01/2021 ",
        "score": 50.0,
        "genre": [
            "Horror",
            "Mystery"
        ],
        "overview": "A couple on holiday on a remote South Pacific island awaken one morning with a hang over and no recollection of what transpired. When playing back a video of the previous night, they see they participated in a local ritual that somehow ends with him murdering her.",
        "actors": [
            "Maggie Q",
            "Christine",
            "Luke Hemsworth",
            "Neil",
            "Alex Essoe",
            "Samantha",
            "Kat Ingkarat",
            "Madee",
            "Kelly B. Jones",
            "Kanda",
            "Caledonia Burr",
            "Nathida",
            "Chatchawai Kamonsakpitak",
            "Dr. Anuman",
            "Sahapoom Totrungsup",
            "Cabbie",
            "Tanapath Singamrath",
            "Capt. Kriang Krai"
        ],
        "orig_title": "Death of Me",
        "status": " Released",
        "orig_lang": " English",
        "budget_x": 2801100.0,
        "revenue": 41848.0,
        "country": "AU"
    },
    {
        "title": "The Woman in Black",
        "date_x": "05/17/2012 ",
        "score": 61.0,
        "genre": [
            "Drama",
            "Horror",
            "Thriller"
        ],
        "overview": "The story follows a young lawyer, Arthur Kipps, who is ordered to travel to a remote village and sort out a recently deceased client’s papers. As he works alone in the client’s isolated house, Kipps begins to uncover tragic secrets, his unease growing when he glimpses a mysterious woman dressed only in black. Receiving only silence from the locals, Kipps is forced to uncover the true identity of the Woman in Black on his own, leading to a desperate race against time when he discovers her true identity.",
        "actors": [
            "Daniel Radcliffe",
            "Arthur Kipps",
            "Ciarán Hinds",
            "Mr. Daily",
            "Janet McTeer",
            "Mrs. Daily",
            "Liz White",
            "Jennet Humfrye",
            "Tim McMullan",
            "Mr. Jerome",
            "Jessica Raine",
            "Nanny",
            "Shaun Dooley",
            "Fisher",
            "Mary Stockley",
            "Mrs. Fisher",
            "Roger Allam",
            "Mr. Bentley"
        ],
        "orig_title": "The Woman in Black",
        "status": " Released",
        "orig_lang": " English",
        "budget_x": 15000000.0,
        "revenue": 128955898.0,
        "country": "AU"
    },
    {
        "title": "Sleepwalkers",
        "date_x": "04/10/1992 ",
        "score": 60.0,
        "genre": [
            "Horror",
            "Fantasy",
            "Thriller"
        ],
        "overview": "Charles Brady and his mother, Mary, are the last of a dying breed whose needs are not of this world.  They are Sleepwalkers - able to stay alive only by feeding on the life-force of the innocent, but destined to roam the earth, avoiding discovery while searching for their next victim.  That search takes them to the sleepy little town of Travis, Indiana, where beautiful teenager Tanya Robertson is about to become an unwilling pawn in their nightmarish fight for survival.",
        "actors": [
            "Brian Krause",
            "Charles Brady",
            "Mädchen Amick",
            "Tanya Robertson",
            "Alice Krige",
            "Mary Brady",
            "Jim Haynie",
            "Sheriff Ira",
            "Cindy Pickett",
            "Mrs. Robertson",
            "Ron Perlman",
            "Captain Soames",
            "Lyman Ward",
            "Mr. Robertson",
            "Dan Martin",
            "Andy Simpson",
            "Glenn Shadix",
            "Mr. Fallows"
        ],
        "orig_title": "Sleepwalkers",
        "status": " Released",
        "orig_lang": " English",
        "budget_x": 15000000.0,
        "revenue": 30524763.0,
        "country": "US"
    },
    {
        "title": "The Family Man",
        "date_x": "01/25/2001 ",
        "score": 68.0,
        "genre": [
            "Comedy",
            "Drama",
            "Romance",
            "Fantasy"
        ],
        "overview": "Jack's lavish, fast-paced lifestyle changes one Christmas night when he stumbles into a grocery store holdup and disarms the gunman. The next morning he wakes up in bed lying next to Kate, his college sweetheart he left in order to pursue his career, and to the horrifying discovery that his former life no longer exists. As he stumbles through this alternate suburban universe, Jack finds himself at a crossroad where he must choose between his high-power career and the woman he loves.",
        "actors": [
            "Nicolas Cage",
            "Jack Campbell",
            "Téa Leoni",
            "Kate Reynolds",
            "Don Cheadle",
            "Cash",
            "Jeremy Piven",
            "Arnie",
            "Saul Rubinek",
            "Alan Mintz",
            "Josef Sommer",
            "Peter Lassiter",
            "Makenzie Vega",
            "Annie Campbell",
            "Jake Milkovich",
            "Josh Campbell",
            "Ryan Milkovich",
            "Josh Campbell"
        ],
        "orig_title": "The Family Man",
        "status": " Released",
        "orig_lang": " English",
        "budget_x": 60000000.0,
        "revenue": 124715863.0,
        "country": "AU"
    },
    {
        "title": "David and Goliath",
        "date_x": "05/09/2016 ",
        "score": 46.0,
        "genre": [
            "Action",
            "Adventure",
            "Drama"
        ],
        "overview": "At the crossroads of two great ancient empires, a simple shepherd named David transforms into a powerful warrior and takes on a terrifying giant. One of history's most legendary battles is retold in a stylistic, bloody tale of courage and faith.",
        "actors": [
            "Matt Berberi",
            "David",
            "Michael Foster",
            "Goliath",
            "John Knox",
            "Samuel",
            "Rodger Halston",
            "Saul",
            "Steve Boyd",
            "Joshua",
            "Les Brandt",
            "Shammah",
            "James Logan",
            "Israelite Leader"
        ],
        "orig_title": "David and Goliath",
        "status": " Released",
        "orig_lang": " English",
        "budget_x": 86300000.0,
        "revenue": 861782460.4,
        "country": "FR"
    },
    {
        "title": "The House of the Spirits",
        "date_x": "03/31/1994 ",
        "score": 69.0,
        "genre": [
            "Romance",
            "Drama"
        ],
        "overview": "A rancher, his clairvoyant wife and their family face turbulent years in South America.",
        "actors": [
            "Meryl Streep",
            "Clara del Valle Trueba",
            "Glenn Close",
            "Ferula Trueba",
            "Jeremy Irons",
            "Esteban Trueba",
            "Winona Ryder",
            "Blanca Trueba",
            "Antonio Banderas",
            "Pedro Tercero Gareia",
            "Armin Mueller-Stahl",
            "Severo del Valle",
            "Vanessa Redgrave",
            "Nivea del Valle",
            "María Conchita Alonso",
            "Transito Soto",
            "Jan Niklas",
            "Count Jean de Satigny"
        ],
        "orig_title": "The House of the Spirits",
        "status": " Released",
        "orig_lang": " English",
        "budget_x": 25000000.0,
        "revenue": 6265311.0,
        "country": "US"
    },
    {
        "title": "Gothika",
        "date_x": "04/29/2004 ",
        "score": 61.0,
        "genre": [
            "Horror",
            "Thriller"
        ],
        "overview": "After a car crash, a criminal psychologist regains consciousness only to find that she's a patient in the same mental institution that currently employs her. It seems she's been accused of murdering her husband—but she has no memory of committing the crime. As she tries to regain her memory and convince her co-workers of her innocence, a vengeful spirit uses her as an earthly pawn, which further convinces everyone of her guilt.",
        "actors": [
            "Halle Berry",
            "Miranda Grey",
            "Robert Downey Jr.",
            "Pete Graham",
            "Charles S. Dutton",
            "Douglas Grey",
            "John Carroll Lynch",
            "Sheriff Ryan",
            "Bernard Hill",
            "Phil Parsons",
            "Penélope Cruz",
            "Chloe Sava",
            "Dorian Harewood",
            "Teddy Howard",
            "Bronwen Mantel",
            "Irene",
            "Kathleen Mackey",
            "Rachel Parsons"
        ],
        "orig_title": "Gothika",
        "status": " Released",
        "orig_lang": " English",
        "budget_x": 40000000.0,
        "revenue": 141484812.0,
        "country": "AU"
    },
    {
        "title": "Twitches",
        "date_x": "10/14/2005 ",
        "score": 68.0,
        "genre": [
            "Comedy",
            "Drama",
            "Family",
            "Fantasy",
            "TV Movie"
        ],
        "overview": "Twins separated at birth, Camryn and Alex meet by chance for the first time on their 21st birthday and discover they're witches with the power to save their homeland of Coventry from the evil that threatens it. But when Camryn leaves Alex to face the darkness alone, will Coventry be doomed? Or will the sisters multiply their magic by standing together?",
        "actors": [
            "Tamera Mowry-Housley",
            "Camryn Barnes / Apolla",
            "Tia Mowry",
            "Alex Fielding / Artemis",
            "Pat Kelly",
            "Karsh",
            "Kristen Wilson",
            "Miranda",
            "Patrick Fabian",
            "Thantos",
            "Karen Holness",
            "Emily Barnes",
            "Arnold Pinnock",
            "David Barnes",
            "Jessica Greco",
            "Lucinda",
            "Natalie Krill",
            "Salesgirl"
        ],
        "orig_title": "Twitches",
        "status": " Released",
        "orig_lang": " English",
        "budget_x": 20000000.0,
        "revenue": 258404301.8,
        "country": "US"
    },
    {
        "title": "Two by Two: Overboard!",
        "date_x": "04/01/2021 ",
        "score": 76.0,
        "genre": [
            "Animation",
            "Adventure",
            "Comedy",
            "Family"
        ],
        "overview": "The Honeymoon is over… How we enjoyed the party when our amphibious Nestrian chums discovered their incredible newfound agility underwater! But, when we revisit our curious, loveable pals, the entire animal kingdom’s survival is once again at stake. Amid the prospect of no new land on which to live and prosper, not to mention the ever-diminishing food resources, the mood on board the Ark is laden with mounting tensions, which regularly spill over into ark rage. Fragile peace is frequently broken with general chaos ensuing. How can our unlikely heroes help? And what lies beneath for Finny in an oceanful of possibilities when he quite literally falls into some rather surprising new company?",
        "actors": [
            "Max Carolan",
            "Finny (voice)",
            "Dermot Magennis",
            "Dave (voice)",
            "Tara Flynn",
            "Hazel (voice)",
            "Ava Connolly",
            "Leah (voice)",
            "Mary Murray",
            "Patch / Bridget (voice)",
            "Brendan McDonald",
            "Chief Clyde (voice)",
            "Carly Kane",
            "Jelly (voice)",
            "Alan Stanford",
            "Leonard (voice)",
            "Aileen Mythen",
            "Mrs. Nestrian Guard (voice) / Additional Voices"
        ],
        "orig_title": "Two by Two: Overboard!",
        "status": " Released",
        "orig_lang": " English",
        "budget_x": 119200000.0,
        "revenue": 379074781.8,
        "country": "AU"
    },
    {
        "title": "Big Game",
        "date_x": "09/20/2015 ",
        "score": 55.0,
        "genre": [
            "Action",
            "Adventure",
            "Thriller"
        ],
        "overview": "Air Force One is shot down by terrorists, leaving the President of the United States stranded in the wilderness. 13-year old Oskari is also in that wilderness, on a hunting mission to prove his maturity to his kinsfolk by tracking down a deer, but instead discovers the President in an escape pod. With the terrorists closing in to capture their prize, the unlikely duo team up to escape their hunters.",
        "actors": [
            "Samuel L. Jackson",
            "President William Alan Moore",
            "Onni Tommila",
            "Oskari",
            "Ted Levine",
            "General Underwood",
            "Victor Garber",
            "Vice President",
            "Felicity Huffman",
            "CIA Director",
            "Ray Stevenson",
            "Morris",
            "Mehmet Kurtuluş",
            "Hazar",
            "Jim Broadbent",
            "Herbert",
            "Jaymes Butler",
            "Otis"
        ],
        "orig_title": "Big Game",
        "status": " Released",
        "orig_lang": " English",
        "budget_x": 8500000.0,
        "revenue": 7500000.0,
        "country": "AU"
    },
    {
        "title": "The Bucket List",
        "date_x": "02/14/2008 ",
        "score": 72.0,
        "genre": [
            "Drama",
            "Comedy"
        ],
        "overview": "Corporate billionaire Edward Cole and working class mechanic Carter Chambers are worlds apart. At a crossroads in their lives, they share a hospital room and discover they have two things in common: a desire to spend the time they have left doing everything they ever wanted to do and an unrealized need to come to terms with who they are. Together they embark on the road trip of a lifetime, becoming friends along the way and learning to live life to the fullest, with insight and humor.",
        "actors": [
            "Jack Nicholson",
            "Edward Periman Cole",
            "Morgan Freeman",
            "Carter Chambers",
            "Sean Hayes",
            "Thomas",
            "Beverly Todd",
            "Virginia Chambers",
            "Alfonso Freeman",
            "Roger Chambers",
            "Destiny Brownridge",
            "Maya",
            "Rob Morrow",
            "Dr. Hollins",
            "Dawn Lewis",
            "Flight Attendant",
            "Rowena King",
            "Angelica"
        ],
        "orig_title": "The Bucket List",
        "status": " Released",
        "orig_lang": " English",
        "budget_x": 45000000.0,
        "revenue": 174807445.0,
        "country": "AU"
    },
    {
        "title": "Street Fighter II: The Animated Movie",
        "date_x": "08/06/1994 ",
        "score": 69.0,
        "genre": [
            "Animation",
            "Action"
        ],
        "overview": "Bison, the ruthless leader of the international terrorist organization Shadowlaw, has been desperately searching for the greatest fighter on the planet for years. He finds it in Ryu, a young wanderer who never stays in one place long enough for Bison to find him. He does, however, get a fix on Ken Masters, an American martial arts champion who studied with Ryu as a child under the same master. Meanwhile, Major Guile of the United States Army is forced to team up with Chun Li from China in hopes of apprehending Bison and putting a stop his international ring of crime.",
        "actors": [
            "Kôjiro Shimizu",
            "Ryu (voice)",
            "Kenji Haga",
            "Ken Masters (voice)",
            "Miki Fujitani",
            "Chun-Li (voice)",
            "Masane Tsukayama",
            "Guile (voice)",
            "Takeshi Kusaka",
            "Vega (voice)",
            "Kaneto Shiozawa",
            "Balrog Fabio La Cerda (voice)",
            "Shigezou Sasaoka",
            "Sagat (voice)",
            "Jouji Nakata",
            "Mike Bison (voice)",
            "Masakatsu Funaki",
            "Fei-Long (voice)"
        ],
        "orig_title": " ストリートファイター II MOVIE",
        "status": " Released",
        "orig_lang": " Japanese",
        "budget_x": 97500000.0,
        "revenue": 589458929.8,
        "country": "JP"
    },
    {
        "title": "The Jackal",
        "date_x": "01/08/1998 ",
        "score": 63.0,
        "genre": [
            "Action",
            "Thriller",
            "Adventure",
            "Crime"
        ],
        "overview": "Hired by a powerful member of the Russian mafia to avenge an FBI sting that left his brother dead, a psychopathic hitman known only as The Jackal proves an elusive target for the people charged with the task of bringing him down: a deputy FBI director, a Russian MVK Major,  and a jailed IRA terrorist who can recognize him.",
        "actors": [
            "Bruce Willis",
            "The Jackal",
            "Richard Gere",
            "Declan Mulqueen",
            "Sidney Poitier",
            "Carter Preston",
            "Diane Venora",
            "Major Valentina Koslova",
            "J.K. Simmons",
            "FBI Agent T. I. Witherspoon",
            "Mathilda May",
            "Isabella Zanconia",
            "John Cunningham",
            "FBI Director Donald Brown",
            "Jack Black",
            "Ian Lamont",
            "Stephen Spinella",
            "Douglas"
        ],
        "orig_title": "The Jackal",
        "status": " Released",
        "orig_lang": " English",
        "budget_x": 60000000.0,
        "revenue": 159356941.0,
        "country": "AU"
    },
    {
        "title": "Lansky",
        "date_x": "10/04/2021 ",
        "score": 62.0,
        "genre": [
            "Crime",
            "Drama",
            "Thriller"
        ],
        "overview": "When the aging Meyer Lansky is investigated one last time by the Feds who suspect he has stashed away millions of dollars over half a century, the retired gangster spins a dizzying tale, revealing the untold truth about his life as the notorious boss of Murder Inc. and the National Crime Syndicate.",
        "actors": [
            "Harvey Keitel",
            "Meyer Lansky",
            "Sam Worthington",
            "David Stone",
            "John Magaro",
            "Young Meyer Lansky",
            "Minka Kelly",
            "Maureen Duffy",
            "David James Elliott",
            "Frank Rivers",
            "Danny A. Abeckaser",
            "Greg Kunz",
            "David Cade",
            "Ben \"Bugsy\" Siegel",
            "AnnaSophia Robb",
            "Anne Lansky",
            "Shane McRae",
            "Charlie \"Lucky\" Luciano"
        ],
        "orig_title": "Lansky",
        "status": " Released",
        "orig_lang": " English",
        "budget_x": 5000000.0,
        "revenue": 144894.0,
        "country": "AU"
    },
    {
        "title": "Astérix at the Olympic Games",
        "date_x": "09/18/2008 ",
        "score": 52.0,
        "genre": [
            "Fantasy",
            "Adventure",
            "Comedy",
            "Family"
        ],
        "overview": "Astérix and Obélix have to win the Olympic Games in order to help their friend Alafolix marry Princess Irina. Brutus uses every trick in the book to have his own team win the game, and get rid of his father Julius Caesar in the process.",
        "actors": [
            "Clovis Cornillac",
            "Astérix",
            "Gérard Depardieu",
            "Obélix",
            "Franck Dubosc",
            "Assurancetourix",
            "José Garcia",
            "Couverdepus",
            "Stéphane Rousseau",
            "Alafolix",
            "Jean-Pierre Cassel",
            "Panoramix",
            "Mónica Cruz",
            "Esmeralda",
            "Alain Delon",
            "Jules César",
            "Benoît Poelvoorde",
            "Brutus"
        ],
        "orig_title": " Astérix aux Jeux Olympiques",
        "status": " Released",
        "orig_lang": " French",
        "budget_x": 97250400.0,
        "revenue": 132900000.0,
        "country": "AU"
    },
    {
        "title": "Chariots of Fire",
        "date_x": "09/24/1981 ",
        "score": 68.0,
        "genre": [
            "Drama",
            "History"
        ],
        "overview": "In the class-obsessed and religiously divided UK of the early 1920s, two determined young runners train for the 1924 Paris Olympics. Eric Liddell, a devout Christian born to Scottish missionaries in China, sees running as part of his worship of God's glory and refuses to train or compete on the Sabbath. Harold Abrahams overcomes anti-Semitism and class bias, but neglects his beloved sweetheart in his single-minded quest.",
        "actors": [
            "Ben Cross",
            "Harold Abrahams",
            "Ian Charleson",
            "Eric Liddell",
            "Cheryl Campbell",
            "Jennie Liddell",
            "Alice Krige",
            "Sybil Gordon",
            "Nigel Havers",
            "Lord Andrew Lindsay",
            "Ian Holm",
            "Sam Mussabini",
            "Nicholas Farrell",
            "Aubrey Montague",
            "Daniel Gerroll",
            "Henry Stallard",
            "John Gielgud",
            "Master of Trinity"
        ],
        "orig_title": "Chariots of Fire",
        "status": " Released",
        "orig_lang": " English",
        "budget_x": 5500000.0,
        "revenue": 61910507.0,
        "country": "AU"
    },
    {
        "title": "Nosferatu the Vampyre",
        "date_x": "04/12/1979 ",
        "score": 74.0,
        "genre": [
            "Drama",
            "Horror"
        ],
        "overview": "Jonathan Harker, a real estate agent, goes to Transylvania to visit the mysterious Count Dracula and formalize the purchase of a property in Wismar. Once Jonathan is caught under his evil spell, Dracula travels to Wismar where he meets the beautiful Lucy, Jonathan's wife, while a plague spreads through the town, now ruled by death.",
        "actors": [
            "Klaus Kinski",
            "Count Dracula",
            "Isabelle Adjani",
            "Lucy Harker",
            "Bruno Ganz",
            "Jonathan Harker",
            "Roland Topor",
            "Renfield",
            "Walter Ladengast",
            "Dr. Van Helsing",
            "Martje Grohmann",
            "Mina",
            "Carsten Bodinus",
            "Schrader",
            "Beverly Walker",
            "Abbess",
            "Jacques Dufilho",
            "Captain"
        ],
        "orig_title": " Nosferatu - Phantom der Nacht",
        "status": " Released",
        "orig_lang": " German",
        "budget_x": 1400000.0,
        "revenue": 57450549.6,
        "country": "DE"
    },
    {
        "title": "Frenemies",
        "date_x": "01/13/2012 ",
        "score": 59.0,
        "genre": [
            "Drama",
            "Family",
            "TV Movie",
            "Comedy"
        ],
        "overview": "Zendaya and Bella Thorne, who play Rocky and CeCe in hit Disney Channel series Shake It Up, star in this Disney Channel Original Movie. Three pairs of friends relationships go from good to bad and back again. Several couple fall out over girls, boys and work. Can all these couples settle their differences and be friends again?",
        "actors": [
            "Bella Thorne",
            "Avalon Greene",
            "Zendaya",
            "Halley Brandon",
            "Mary Mouser",
            "Savannah O'Neal / Emma Reynolds",
            "Nick Robinson",
            "Jake Logan",
            "Stefanie Scott",
            "Julianne",
            "Connor Price",
            "Walker",
            "Jascha Washington",
            "Kendall Brandon",
            "Dylan Everett",
            "Lance Lancaster",
            "Kathryn Greenwood",
            "Lisa Logan"
        ],
        "orig_title": "Frenemies",
        "status": " Released",
        "orig_lang": " English",
        "budget_x": 78000000.0,
        "revenue": 960466466.0,
        "country": "US"
    },
    {
        "title": "Copycat",
        "date_x": "10/27/1995 ",
        "score": 65.0,
        "genre": [
            "Thriller",
            "Crime"
        ],
        "overview": "An agoraphobic psychologist and a female detective must work together to take down a serial killer who copies serial killers from the past.",
        "actors": [
            "Sigourney Weaver",
            "Helen Hudson",
            "Holly Hunter",
            "M.J. Monahan",
            "Dermot Mulroney",
            "Ruben Goetz",
            "William McNamara",
            "Peter Foley",
            "Harry Connick Jr.",
            "Daryll Lee Cullum",
            "J.E. Freeman",
            "Lt. Quinn",
            "Will Patton",
            "Nicoletti",
            "John Rothman",
            "Andy",
            "Shannon O'Hurley",
            "Susan Schiffer"
        ],
        "orig_title": "Copycat",
        "status": " Released",
        "orig_lang": " English",
        "budget_x": 20000000.0,
        "revenue": 32051917.0,
        "country": "US"
    },
    {
        "title": "Drive My Car",
        "date_x": "02/10/2022 ",
        "score": 74.0,
        "genre": [
            "Drama"
        ],
        "overview": "Yusuke Kafuku, a stage actor and director, still unable, after two years, to cope with the loss of his beloved wife, accepts to direct Uncle Vanya at a theater festival in Hiroshima. There he meets Misaki, an introverted young woman, appointed to drive his car. In between rides, secrets from the past and heartfelt confessions will be unveiled.",
        "actors": [
            "Hidetoshi Nishijima",
            "Yūsuke Kafuku",
            "Toko Miura",
            "Misaki Watari",
            "Masaki Okada",
            "Kōshi Takatsuki",
            "Reika Kirishima",
            "Oto Kafuku",
            "Park Yu-rim",
            "Lee Yoo-na",
            "Jin Dae-yeon",
            "Gong Yoon-su",
            "Sonia Yuan",
            "Janice Chang",
            "Ahn Hwi-tae",
            "Ryu Jong-ui",
            "Perry Dizon",
            "Roy Rossello"
        ],
        "orig_title": " ドライブ・マイ・カー",
        "status": " Released",
        "orig_lang": " Japanese",
        "budget_x": 3006525.2,
        "revenue": 15308325.0,
        "country": "AU"
    },
    {
        "title": "Squeal",
        "date_x": "08/19/2022 ",
        "score": 60.0,
        "genre": [
            "Comedy",
            "Horror",
            "Fantasy"
        ],
        "overview": "Lost in remotest part of Eastern Europe, Sam is a foreigner, searching for his biological father Lagzdins where a minor road accident leads to a chance meeting with a pig-farmer's daughter, who captures him and makes him a forced laborer on the farm.",
        "actors": [
            "Kevin Janssens",
            "Samuel",
            "Laura Siliņa",
            "Kirke",
            "Aigars Vilims",
            "",
            "Juris Bartkevičs",
            "",
            "Normunds Griestiņš",
            "",
            "Guntis Pilsums",
            ""
        ],
        "orig_title": " Sema ceļojumi",
        "status": " Released",
        "orig_lang": " Latvian",
        "budget_x": 165800000.0,
        "revenue": 385711392.2,
        "country": "US"
    },
    {
        "title": "A Man Apart",
        "date_x": "06/12/2003 ",
        "score": 61.0,
        "genre": [
            "Action",
            "Drama"
        ],
        "overview": "When Vetter's wife is killed in a botched hit organized by Diablo, he seeks revenge against those responsible. But in the process, Vetter and Hicks have to fight their way up the chain to get to Diablo but it's easier said than done when all Vetter can focus on is revenge.",
        "actors": [
            "Vin Diesel",
            "Sean Vetter",
            "Larenz Tate",
            "Demetrius Hicks",
            "Timothy Olyphant",
            "Hollywood Jack",
            "Geno Silva",
            "Memo Lucero",
            "Jacqueline Obradors",
            "Stacy Vetter",
            "Steve Eastin",
            "Ty Frost",
            "Juan Fernández",
            "Mateo Santos",
            "Jeff Kober",
            "Pomona Joe",
            "Marco Rodríguez",
            "Hondo"
        ],
        "orig_title": "A Man Apart",
        "status": " Released",
        "orig_lang": " English",
        "budget_x": 36000000.0,
        "revenue": 43797731.0,
        "country": "AU"
    },
    {
        "title": "The Librarian: Quest for the Spear",
        "date_x": "07/12/2004 ",
        "score": 62.0,
        "genre": [
            "Adventure",
            "Action",
            "Fantasy"
        ],
        "overview": "When a magical artifact is lifted from his library, a meek librarian sets out to ensure its safe return.",
        "actors": [
            "Noah Wyle",
            "Flynn Carsen",
            "Sonya Walger",
            "Nicole Noone",
            "Kelly Hu",
            "Lana",
            "Bob Newhart",
            "Judson",
            "Kyle MacLachlan",
            "Edward Wilde",
            "David Dayan Fisher",
            "Rhodes",
            "Jane Curtin",
            "Charlene",
            "Olympia Dukakis",
            "Margie Carsen",
            "Lisa Brenner",
            "Debra"
        ],
        "orig_title": "The Librarian: Quest for the Spear",
        "status": " Released",
        "orig_lang": " English",
        "budget_x": 160000000.0,
        "revenue": 472290835.2,
        "country": "AU"
    },
    {
        "title": "Last Vegas",
        "date_x": "01/01/2014 ",
        "score": 64.0,
        "genre": [
            "Comedy"
        ],
        "overview": "Aging pals Billy, Paddy, Archie, and Sam have been best friends since childhood. When Billy finally proposes to his much-younger girlfriend, all four friends go to Las Vegas to celebrate the end of Billy's longtime bachelorhood and relive their glory days. However, the four quickly realize that the intervening decades have changed Sin City and tested their friendship in ways they had not imagined.",
        "actors": [
            "Robert De Niro",
            "Patrick 'Paddy' Connors",
            "Morgan Freeman",
            "Archibald 'Archie' Clayton",
            "Michael Douglas",
            "Billy Gerson",
            "Kevin Kline",
            "Sam Harris",
            "Mary Steenburgen",
            "Diana Boyle",
            "Jerry Ferrara",
            "Dean",
            "Romany Malco",
            "Lonnie",
            "Roger Bart",
            "Maurice",
            "Joanna Gleason",
            "Miriam Harris"
        ],
        "orig_title": "Last Vegas",
        "status": " Released",
        "orig_lang": " English",
        "budget_x": 28000000.0,
        "revenue": 112914167.0,
        "country": "AU"
    },
    {
        "title": "Scooby-Doo! and KISS: Rock and Roll Mystery",
        "date_x": "07/10/2015 ",
        "score": 81.0,
        "genre": [
            "Family",
            "Animation",
            "Comedy",
            "Mystery"
        ],
        "overview": "Get ready to Rock! Scooby-Doo and the Mystery Inc. Gang team up with the one and only KISS in this all-new, out-of-this-world adventure! We join the Gang at KISS World – the all-things-KISS theme park, as they investigate a series of strange hauntings. With help from KISS, they discover that the Crimson Witch has returned to summon The Destroyer from the alternate dimension of Kissteria! The evil duos ghastly plan, to destroy the earth! Can the Gang's cunning and KISS's power of rock save the day?!",
        "actors": [
            "Frank Welker",
            "Fred Jones / Scooby-Doo (voice)",
            "Mindy Cohn",
            "Velma Dinkley (voice)",
            "Matthew Lillard",
            "Shaggy Rogers (voice)",
            "Grey DeLisle",
            "Daphne Blake (voice)",
            "Gene Simmons",
            "Demon (voice)",
            "Paul Stanley",
            "Starchild (voice)",
            "Eric Singer",
            "Catman (voice)",
            "Garry Marshall",
            "Manny Goldman (voice)",
            "Doc McGhee",
            "Chip McGhoo (voice)"
        ],
        "orig_title": "Scooby-Doo! and KISS: Rock and Roll Mystery",
        "status": " Released",
        "orig_lang": " English",
        "budget_x": 94600000.0,
        "revenue": 796928361.6,
        "country": "US"
    },
    {
        "title": "Buried",
        "date_x": "10/07/2010 ",
        "score": 66.0,
        "genre": [
            "Drama",
            "Thriller",
            "Mystery"
        ],
        "overview": "Paul is a U.S. truck driver working in Iraq. After an attack by a group of Iraqis he wakes to find he is buried alive inside a coffin. With only a lighter and a cell phone it's a race against time to escape this claustrophobic death trap.",
        "actors": [
            "Ryan Reynolds",
            "Paul Conroy",
            "José Luis García Pérez",
            "Jabir (voice)",
            "Robert Paterson",
            "Dan Brenner (voice)",
            "Stephen Tobolowsky",
            "Alan Davenport (voice)",
            "Samantha Mathis",
            "Linda Conroy (voice)",
            "Ivana Miño",
            "Pamela Lutti (voice)",
            "Warner Loughlin",
            "Maryanne Conroy / Donna Mitchell / Rebecca Browning (voice)",
            "Erik Palladino",
            "Special Agent Harris (voice)",
            "Kali Rocha",
            "911 Operator (voice)"
        ],
        "orig_title": "Buried",
        "status": " Released",
        "orig_lang": " English",
        "budget_x": 1987650.0,
        "revenue": 21270290.0,
        "country": "AU"
    },
    {
        "title": "A Chinese Odyssey Part Two: Cinderella",
        "date_x": "02/04/1995 ",
        "score": 76.0,
        "genre": [
            "Comedy",
            "Fantasy",
            "Action",
            "Adventure",
            "Romance"
        ],
        "overview": "This sequel to \"Pandora's Box\" continues director Jeffrey Lau's adaptation of the Buddhism saga \"Journey to the West\". Stranded five centuries in the past, Joker Monkey King must battle a variety of monsters, seductive women and super-powered villains to save the dying Pak Jing-Jing.",
        "actors": [
            "Stephen Chow",
            "Chi Juen Bo / Joker / Monkey King",
            "Ng Man-tat",
            "Jue Baat Gaai / Piggy",
            "Athena Chu",
            "Purple / Lin Zixia",
            "Law Kar-Ying",
            "Tong Chang / Longevity Monk",
            "Yammie Lam",
            "Jeung Chu Cheng / Xiang Xiang",
            "Karen Mok",
            "Baak Gwat Cheng / Pak Jing Jing",
            "Jeffrey Lau",
            "Piu Dai Liu Jo / The Grapes / Grandpa Buddha",
            "Ada Choi",
            "Iron Fan Princess / Lin Qing Xia",
            "Lu Shuming",
            "King Bull"
        ],
        "orig_title": " 西遊記大結局之仙履奇緣",
        "status": " Released",
        "orig_lang": " Cantonese",
        "budget_x": 31655933.2,
        "revenue": 2692748.0,
        "country": "HK"
    },
    {
        "title": "Dead Again in Tombstone",
        "date_x": "08/30/2017 ",
        "score": 51.0,
        "genre": [
            "Western",
            "Action",
            "Fantasy",
            "Horror"
        ],
        "overview": "The devil’s outlaw and reluctant servant, Guerrero returns from the dead again in this action-packed western which promises to be one hell of a ride. Guerrero is forced to protect a stolen relic from getting into the hands of Jackson Boomer and his gang of soldiers, but Jackson will stop at nothing to raise his comrades from the dead and bring the wrath of hell upon earth. Guerrero must use all his dark powers in order to defeat Jackson and find redemption…or die again trying.",
        "actors": [
            "Danny Trejo",
            "Guerrero",
            "Jake Busey",
            "Colonel Jackson Boomer",
            "Elysia Rotaru",
            "Alicia",
            "Nathaniel Arcand",
            "Bull Dog",
            "Dean McDermott",
            "Dr. Goldsworthy",
            "Elizabeth Lavender",
            "Madame Du Vere",
            "Peter Skagen",
            "Mr. Cravens",
            "Joe Norman Shaw",
            "Sheriff Judkins",
            "John Tierney",
            "Jeremiah"
        ],
        "orig_title": "Dead Again in Tombstone",
        "status": " Released",
        "orig_lang": " English",
        "budget_x": 154400000.0,
        "revenue": 870340802.6,
        "country": "US"
    },
    {
        "title": "Titan A.E.",
        "date_x": "07/27/2000 ",
        "score": 66.0,
        "genre": [
            "Animation",
            "Action",
            "Science Fiction",
            "Family",
            "Adventure"
        ],
        "overview": "A young man finds out that he holds the key to restoring hope and ensuring survival for the human race, while an alien species called the Drej are bent on mankind's destruction.",
        "actors": [
            "Matt Damon",
            "Cale Tucker (voice)",
            "Bill Pullman",
            "Captain Korso (voice)",
            "Drew Barrymore",
            "Akima (voice)",
            "John Leguizamo",
            "Gune (voice)",
            "Nathan Lane",
            "Preed (voice)",
            "Janeane Garofalo",
            "Stith (voice)",
            "Ron Perlman",
            "Prof. Sam Tucker (voice)",
            "Alex D. Linz",
            "Young Cale (voice)",
            "Tone Loc",
            "Tek (voice)"
        ],
        "orig_title": "Titan A.E.",
        "status": " Released",
        "orig_lang": " English",
        "budget_x": 75000000.0,
        "revenue": 36751979.0,
        "country": "AU"
    },
    {
        "title": "Red Heat",
        "date_x": "10/19/1988 ",
        "score": 62.0,
        "genre": [
            "Action",
            "Crime"
        ],
        "overview": "A tough Russian policeman is forced to partner up with a cocky Chicago police detective when he is sent to Chicago to apprehend a Georgian drug lord who killed his partner and fled the country.",
        "actors": [
            "Arnold Schwarzenegger",
            "Ivan Danko",
            "Jim Belushi",
            "Art Ridzik",
            "Peter Boyle",
            "Lou Donnelly",
            "Ed O'Ross",
            "Viktor Rostavili",
            "Laurence Fishburne",
            "Lt. Stobbs",
            "Gina Gershon",
            "Cat Manzetti",
            "Richard Bright",
            "Sgt. Gallagher",
            "J.W. Smith",
            "Salim",
            "Brent Jennings",
            "Abdul Elijah"
        ],
        "orig_title": "Red Heat",
        "status": " Released",
        "orig_lang": " English",
        "budget_x": 29000000.0,
        "revenue": 34994648.0,
        "country": "AU"
    },
    {
        "title": "The Day the Earth Stood Still",
        "date_x": "09/28/1951 ",
        "score": 75.0,
        "genre": [
            "Drama",
            "Science Fiction"
        ],
        "overview": "An alien and a robot land on Earth after World War II and tell mankind to be peaceful or face destruction.",
        "actors": [
            "Michael Rennie",
            "Klaatu",
            "alias Mr. Carpenter",
            "Patricia Neal",
            "Helen Benson",
            "Billy Gray",
            "Bobby Benson",
            "Sam Jaffe",
            "Prof. Jacob Barnhardt",
            "Hugh Marlowe",
            "Tom Stevens",
            "Lock Martin",
            "Gort",
            "Freeman Lusk",
            "General Cutler",
            "Edith Evanson",
            "Mrs. Crockett",
            "landlady",
            "Frank Conroy",
            "Mr. Harley",
            "Secretary to the President"
        ],
        "orig_title": "The Day the Earth Stood Still",
        "status": " Released",
        "orig_lang": " English",
        "budget_x": 80000000.0,
        "revenue": 237370350.0,
        "country": "US"
    }
]