[
    {
        "title": "The Howling",
        "date_x": "03/13/1981 ",
        "score": 66.0,
        "genre": [
            "Horror"
        ],
        "overview": "After a bizarre and near fatal encounter with a serial killer, a newswoman is sent to a rehabilitation center whose inhabitants may not be what they seem.",
        "actors": [
            "Dee Wallace",
            "Karen White",
            "Patrick Macnee",
            "Dr. George Waggner",
            "Dennis Dugan",
            "Chris",
            "Christopher Stone",
            "R. William 'Bill' Neill",
            "Belinda Balaski",
            "Terry Fisher",
            "Kevin McCarthy",
            "Fred Francis",
            "John Carradine",
            "Erle Kenton",
            "Slim Pickens",
            "Sam Newfield",
            "Elisabeth Brooks",
            "Marsha Quist"
        ],
        "orig_title": "The Howling",
        "status": " Released",
        "orig_lang": " English",
        "budget_x": 1000000.0,
        "revenue": 17985130.0,
        "country": "US"
    },
    {
        "title": "Photocopier",
        "date_x": "01/13/2022 ",
        "score": 70.0,
        "genre": [
            "Drama",
            "Mystery",
            "Thriller"
        ],
        "overview": "When photos of her at a party cause her to lose a scholarship, a student investigates whether something devastating happened to her that night.",
        "actors": [
            "Shenina Cinnamon",
            "Sur",
            "Lutesha",
            "Farah",
            "Chicco Kurniawan",
            "Amin",
            "Jerome Kurnia",
            "Tariq",
            "Dea Panendra",
            "Anggun",
            "Giulio Parengkuan",
            "Rama",
            "Ruth Marini",
            "Sur's Mother",
            "Lukman Sardi",
            "Sur's Father",
            "Landung Simatupang",
            "Burhan"
        ],
        "orig_title": " Penyalin Cahaya",
        "status": " Released",
        "orig_lang": " Indonesian",
        "budget_x": 139800000.0,
        "revenue": 571361977.4,
        "country": "ID"
    },
    {
        "title": "Species II",
        "date_x": "07/09/1998 ",
        "score": 51.0,
        "genre": [
            "Science Fiction",
            "Action",
            "Horror"
        ],
        "overview": "Having just returned from a mission to Mars, Commander Ross isn't exactly himself. He's slowly becoming a terrifying alien entity with one goal -- to procreate with human women! When countless women suffer gruesome deaths after bearing half-alien offspring, scientist Laura Baker and hired assassin Press Lennox use Eve, a more tempered alien clone, to find Ross and his brood. Before long Eve escapes to mate with Ross.",
        "actors": [
            "Michael Madsen",
            "Press Lenox",
            "Natasha Henstridge",
            "Eve",
            "Marg Helgenberger",
            "Dr. Laura Baker",
            "Mykelti Williamson",
            "Dennis Gamble",
            "George Dzundza",
            "Colonel Burgess",
            "James Cromwell",
            "Senator Ross",
            "Sarah Wynter",
            "Melissa",
            "Justin Lazard",
            "Patrick Ross",
            "Myriam Cyr",
            "Anne Sampas"
        ],
        "orig_title": "Species II",
        "status": " Released",
        "orig_lang": " English",
        "budget_x": 35000000.0,
        "revenue": 19165560.0,
        "country": "AU"
    },
    {
        "title": "Confessions of a Hitman",
        "date_x": "07/20/2022 ",
        "score": 66.0,
        "genre": [
            "Crime",
            "Drama",
            "Action"
        ],
        "overview": "A paid assassin working for the biker gangs of Quebec outsmarts both the police and the underworld for decades, committing 28 hits over 25 years.",
        "actors": [
            "Luc Picard",
            "Gérald Gallant",
            "David La Haye",
            "Donald 'Dolly' Lemaire",
            "Sandrine Bisson",
            "Jocelyne Lacroix",
            "Éveline Gélinas",
            "Pauline Gallant",
            "Dany Boudreault",
            "Carlo",
            "Emmanuel Charest",
            "Sergent Claude St-Cyr",
            "Jean-François Boudreau",
            "Marc Larose",
            "Bobby Beshro",
            "Réjean Deslauriers",
            "Maxim Gaudette",
            "Rodrigue 'Rod' Lemay"
        ],
        "orig_title": " Confessions",
        "status": " Released",
        "orig_lang": " French",
        "budget_x": 48540000.0,
        "revenue": 367960476.0,
        "country": "CA"
    },
    {
        "title": "Sweet Home Alabama",
        "date_x": "12/19/2002 ",
        "score": 64.0,
        "genre": [
            "Comedy",
            "Romance"
        ],
        "overview": "New York fashion designer, Melanie Carmichael suddenly finds herself engaged to the city's most eligible bachelor. But her past holds many secrets—including Jake, the redneck husband she married in high school, who refuses to divorce her. Bound and determined to end their contentious relationship once and for all, Melanie sneaks back home to Alabama to confront her past.",
        "actors": [
            "Reese Witherspoon",
            "Melanie \"Carmichael\" Smooter Perry",
            "Josh Lucas",
            "Jake Perry",
            "Patrick Dempsey",
            "Andrew Hennings",
            "Candice Bergen",
            "Mayor Kate Hennings",
            "Mary Kay Place",
            "Pearl Smooter",
            "Fred Ward",
            "Earl Smooter",
            "Jean Smart",
            "Stella Kay",
            "Ethan Embry",
            "Bobby Ray",
            "Melanie Lynskey",
            "Lurlynn"
        ],
        "orig_title": "Sweet Home Alabama",
        "status": " Released",
        "orig_lang": " English",
        "budget_x": 38000000.0,
        "revenue": 182365114.0,
        "country": "AU"
    },
    {
        "title": "Crimson Rivers II: Angels of the Apocalypse",
        "date_x": "02/18/2004 ",
        "score": 61.0,
        "genre": [
            "Action",
            "Thriller",
            "Crime"
        ],
        "overview": "No one is safe when seemingly random killings emerge as a deadly pattern intended to usher in the end of the world.  A murder victim with the same DNA as Christ. A serial killer mimicking the deaths of the 12 Apostles. Inspector Niemans and a young, rebellious detective team up with a beautiful expert in religion to crack the case before their elusive suspect completes the cycle of terror, paving the way to an even bigger bloody catastrophe.",
        "actors": [
            "Jean Reno",
            "Commissaire Pierre Niemans",
            "Benoît Magimel",
            "Capitaine Reda",
            "Camille Natta",
            "Marie",
            "Christopher Lee",
            "Emerich",
            "Johnny Hallyday",
            "L'ermite",
            "Gabrielle Lazure",
            "Femme de Philippe",
            "Serge Riaboukine",
            "Père Vincent",
            "Augustin Legrand",
            "Jésus",
            "André Penvern",
            "Père Dominique"
        ],
        "orig_title": " Les Rivières pourpres 2 : Les Anges de l'apocalypse",
        "status": " Released",
        "orig_lang": " French",
        "budget_x": 13600000.0,
        "revenue": 40152148.0,
        "country": "FR"
    },
    {
        "title": "Max",
        "date_x": "06/26/2015 ",
        "score": 71.0,
        "genre": [
            "Adventure",
            "Drama"
        ],
        "overview": "A dog that helped soldiers in Afghanistan returns to the U.S. and is adopted by his handler's family after suffering a traumatic experience.",
        "actors": [
            "Thomas Haden Church",
            "Ray",
            "Josh Wiggins",
            "Justin",
            "Lauren Graham",
            "Pamela",
            "Robbie Amell",
            "Kyle Wincott",
            "Mia Xitlali",
            "Carmen",
            "Luke Kleintank",
            "Tyler Harne",
            "Jay Hernandez",
            "Sergeant Reyes",
            "J. J. Soria",
            "Emilio",
            "Zeeko Zaki",
            "Afghan Interpreter"
        ],
        "orig_title": "Max",
        "status": " Released",
        "orig_lang": " English",
        "budget_x": 20000000.0,
        "revenue": 43658157.0,
        "country": "US"
    },
    {
        "title": "Highlander: Endgame",
        "date_x": "11/07/2000 ",
        "score": 49.0,
        "genre": [
            "Action",
            "Fantasy"
        ],
        "overview": "Immortals Connor and Duncan Macleod join forces against a man from Connor's distant past in the highlands of Scotland, Kell, an immensely powerful immortal who leads an army of equally powerful and deadly immortal swordsmen and assassins. No immortal alive has been able to defeat Kell yet, and neither Connor nor Duncan are skilled enough themselves to take him on and live. The two of them eventually come to one inevitable conclusion; one of them must die so that the combined power of both the Highlanders can bring down Kell for good. There can be only one... the question is, who will it be?",
        "actors": [
            "Christopher Lambert",
            "Connor MacLeod",
            "Adrian Paul",
            "Duncan MacLeod",
            "Bruce Payne",
            "Jacob Kell",
            "Lisa Barbuscia",
            "Kate MacLeod / Faith",
            "Donnie Yen",
            "Jin Ke",
            "Jim Byrnes",
            "Joe Dawson",
            "Peter Wingfield",
            "Methos",
            "Beatie Edney",
            "Heather MacLeod",
            "David Nicholls",
            "Drunk Friend"
        ],
        "orig_title": "Highlander: Endgame",
        "status": " Released",
        "orig_lang": " English",
        "budget_x": 15000000.0,
        "revenue": 12801190.0,
        "country": "AU"
    },
    {
        "title": "Lupin the Third vs. Detective Conan: The Movie",
        "date_x": "12/07/2013 ",
        "score": 69.0,
        "genre": [
            "Animation",
            "Action",
            "Thriller"
        ],
        "overview": "Conan Edogawa sets out to apprehend Lupin the Third, the suspect of stealing a jewel called Cherry Sapphire. (A sequel to the TV special Lupin the Third vs. Detective Conan, 2009.)",
        "actors": [
            "Kanichi Kurita",
            "Lupin the Third (voice)",
            "Minami Takayama",
            "Conan Edogawa (voice)",
            "Kappei Yamaguchi",
            "Shinichi Kudo / Kaito Kuroba (voice)",
            "Wakana Yamazaki",
            "Ran Mouri (voice)",
            "Kiyoshi Kobayashi",
            "Daisuke Jigen (voice)",
            "Rikiya Koyama",
            "Kogoro Mouri (voice)",
            "Megumi Hayashibara",
            "Ai Haibara (voice)",
            "Daisuke Namikawa",
            "Goemon Ishikawa XIII (voice)",
            "Miyuki Sawashiro",
            "Fujiko Mine (voice)"
        ],
        "orig_title": " ルパン三世VS名探偵コナン THE MOVIE",
        "status": " Released",
        "orig_lang": " Japanese",
        "budget_x": 85540000.0,
        "revenue": 473090744.2,
        "country": "JP"
    },
    {
        "title": "Date Night",
        "date_x": "04/08/2010 ",
        "score": 61.0,
        "genre": [
            "Comedy",
            "Action",
            "Adventure"
        ],
        "overview": "Phil and Claire Foster fear that their mild-mannered relationship may be falling into a stale rut. During their weekly date night, their dinner reservation leads to their being mistaken for a couple of thieves—and now a number of unsavoury characters want Phil and Claire killed.",
        "actors": [
            "Steve Carell",
            "Phil Foster",
            "Tina Fey",
            "Claire Foster",
            "Mark Wahlberg",
            "Holbrooke",
            "Taraji P. Henson",
            "Detective Arroyo",
            "Jimmi Simpson",
            "Armstrong",
            "Common",
            "Collins",
            "William Fichtner",
            "DA Frank Crenshaw",
            "Leighton Meester",
            "Katy",
            "J.B. Smoove",
            "Cabbie"
        ],
        "orig_title": "Date Night",
        "status": " Released",
        "orig_lang": " English",
        "budget_x": 55000000.0,
        "revenue": 152269033.0,
        "country": "AU"
    },
    {
        "title": "Police Academy 4: Citizens on Patrol",
        "date_x": "04/09/1987 ",
        "score": 55.0,
        "genre": [
            "Comedy",
            "Crime"
        ],
        "overview": "A new batch of recruits arrives at Police Academy, this time a group of civilian volunteers who have joined Commandant Lassard's new Citizens on Patrol program. Although the community relations project has strong governmental support, a disgusted Captain Harris is determined to see it fail.",
        "actors": [
            "Steve Guttenberg",
            "Mahoney",
            "Bubba Smith",
            "Hightower",
            "Michael Winslow",
            "Jones",
            "David Graf",
            "Tackleberry",
            "Tim Kazurinsky",
            "Sweetchuck",
            "Sharon Stone",
            "Claire Mattson",
            "Leslie Easterbrook",
            "Callahan",
            "Marion Ramsey",
            "Hooks",
            "Lance Kinsey",
            "Proctor"
        ],
        "orig_title": "Police Academy 4: Citizens on Patrol",
        "status": " Released",
        "orig_lang": " English",
        "budget_x": 17000000.0,
        "revenue": 76800000.0,
        "country": "AU"
    },
    {
        "title": "The Assassination of Jesse James by the Coward Robert Ford",
        "date_x": "11/01/2007 ",
        "score": 71.0,
        "genre": [
            "Action",
            "Drama",
            "Western"
        ],
        "overview": "Outlaw Jesse James is rumored to be the 'fastest gun in the West'. An eager recruit into James' notorious gang, Robert Ford eventually grows jealous of the famed outlaw and, when Robert and his brother sense an opportunity to kill James, their murderous action elevates their target to near mythical status.",
        "actors": [
            "Brad Pitt",
            "Jesse James",
            "Casey Affleck",
            "Robert Ford",
            "Sam Rockwell",
            "Charley Ford",
            "Sam Shepard",
            "Frank James",
            "Mary-Louise Parker",
            "Zee James",
            "Paul Schneider",
            "Dick Liddil",
            "Jeremy Renner",
            "Wood Hite",
            "Garret Dillahunt",
            "Ed Miller",
            "Zooey Deschanel",
            "Dorothy Evans"
        ],
        "orig_title": "The Assassination of Jesse James by the Coward Robert Ford",
        "status": " Released",
        "orig_lang": " English",
        "budget_x": 30000000.0,
        "revenue": 14711793.0,
        "country": "AU"
    },
    {
        "title": "The Poseidon Adventure",
        "date_x": "12/13/1972 ",
        "score": 71.0,
        "genre": [
            "Action",
            "Adventure",
            "Thriller"
        ],
        "overview": "When their ocean liner capsizes, a group of passengers struggle to survive and escape.",
        "actors": [
            "Gene Hackman",
            "Reverend Scott",
            "Ernest Borgnine",
            "Mike Rogo",
            "Red Buttons",
            "James Martin",
            "Carol Lynley",
            "Nonnie Parry",
            "Roddy McDowall",
            "Acres",
            "Stella Stevens",
            "Linda Rogo",
            "Shelley Winters",
            "Belle Rosen",
            "Jack Albertson",
            "Manny Rosen",
            "Leslie Nielsen",
            "Captain Harrison"
        ],
        "orig_title": "The Poseidon Adventure",
        "status": " Released",
        "orig_lang": " English",
        "budget_x": 5000000.0,
        "revenue": 84563118.0,
        "country": "US"
    },
    {
        "title": "The Sting",
        "date_x": "04/05/1974 ",
        "score": 80.0,
        "genre": [
            "Comedy",
            "Crime",
            "Drama"
        ],
        "overview": "A novice con man teams up with an acknowledged master to avenge the murder of a mutual friend by pulling off the ultimate big con and swindling a fortune from a big-time mobster.",
        "actors": [
            "Paul Newman",
            "Henry Gondorff",
            "Robert Redford",
            "Johnny Hooker",
            "Robert Shaw",
            "Doyle Lonnegan",
            "Charles Durning",
            "Lt. Wm. Snyder",
            "Ray Walston",
            "J.J. Singleton",
            "Eileen Brennan",
            "Billie",
            "Harold Gould",
            "Kid Twist",
            "John Heffernan",
            "Eddie Niles",
            "Dana Elcar",
            "F.B.I. Agent Polk"
        ],
        "orig_title": "The Sting",
        "status": " Released",
        "orig_lang": " English",
        "budget_x": 5500000.0,
        "revenue": 159616327.0,
        "country": "AU"
    },
    {
        "title": "Marvel Studios Assembled: The Making of Doctor Strange in the Multiverse of Madness",
        "date_x": "07/08/2022 ",
        "score": 75.0,
        "genre": [
            "Documentary"
        ],
        "overview": "Join visionary director Sam Raimi and the cast of the film as they recount their experiences bringing Marvel’s darkest story to life.  From world-building to universe-building, hear first hand accounts from the cast and crew on what it took to design, create and make each universe unique and believable.",
        "actors": [
            "Bruce Campbell",
            "Self - Host / Pizza Poppa",
            "Kevin Feige",
            "Self - Producer",
            "Sam Raimi",
            "Self - Director",
            "Richie Palmer",
            "Self - Co-Producer",
            "Michael Waldron",
            "Self - Screenwriter",
            "Chiwetel Ejiofor",
            "Self - Baron Mordo",
            "Doug Lefler",
            "Self - Storyboard Artist",
            "Benedict Cumberbatch",
            "Self - Doctor Stephen Strange",
            "Xochitl Gomez",
            "Self - America Chavez"
        ],
        "orig_title": "Marvel Studios Assembled: The Making of Doctor Strange in the Multiverse of Madness",
        "status": " Released",
        "orig_lang": " English",
        "budget_x": 98800000.0,
        "revenue": 580810039.6,
        "country": "US"
    },
    {
        "title": "The Privilege",
        "date_x": "02/09/2022 ",
        "score": 51.0,
        "genre": [
            "Horror"
        ],
        "overview": "A wealthy teen and his friends attending an elite private school uncover a dark conspiracy while looking into a series of strange supernatural events.",
        "actors": [
            "Max Schimmelpfennig",
            "Finn Bergmann",
            "Lea van Acken",
            "Lena",
            "Tijan Marei",
            "Samira Steinke",
            "Milena Tscharntke",
            "Sophie Bergmann",
            "Lise Risom Olsen",
            "Yvonne Bergmann",
            "Roman Knizka",
            "Roman Bergmann",
            "Nadeshda Brennicke",
            "Dr Steinke",
            "Horst Janson",
            "Grandpa Bergmann",
            "Caroline Hartig",
            "Anna Bergmann"
        ],
        "orig_title": " Das Privileg - Die Auserwählten",
        "status": " Released",
        "orig_lang": " German",
        "budget_x": 108400000.0,
        "revenue": 218436574.8,
        "country": "DE"
    },
    {
        "title": "Godzilla: City on the Edge of Battle",
        "date_x": "05/18/2018 ",
        "score": 64.0,
        "genre": [
            "Animation",
            "Science Fiction"
        ],
        "overview": "Humanity's desperate battle to reclaim the Earth from Godzilla continues. The key to defeating the King of the Monsters may be Mechagodzilla, a robotic weapon thought to have been lost nearly 20,000 years ago.",
        "actors": [
            "Mamoru Miyano",
            "Haruo Sakaki (voice)",
            "Yuki Kaji",
            "Adam Bindewald (voice)",
            "Tomokazu Sugita",
            "Martin Lazzari (voice)",
            "Takahiro Sakurai",
            "Metphies (voice)",
            "Junichi Suwabe",
            "Mulu-Elu Galu-Gu (voice)",
            "Kana Hanazawa",
            "Yuko Tani (voice)"
        ],
        "orig_title": " GODZILLA 決戦機動増殖都市",
        "status": " Released",
        "orig_lang": " Japanese",
        "budget_x": 51400000.0,
        "revenue": 519039594.0,
        "country": "JP"
    },
    {
        "title": "Pandorum",
        "date_x": "02/04/2010 ",
        "score": 65.0,
        "genre": [
            "Action",
            "Horror",
            "Mystery",
            "Science Fiction",
            "Thriller"
        ],
        "overview": "Two crew members wake up on an abandoned spacecraft with no idea who they are, how long they've been asleep, or what their mission is. The two soon discover they're actually not alone – and the reality of their situation is more horrifying than they could have imagined.",
        "actors": [
            "Ben Foster",
            "Bower",
            "Dennis Quaid",
            "Payton",
            "Cam Gigandet",
            "Gallo",
            "Antje Traue",
            "Nadia",
            "Cung Le",
            "Manh",
            "Eddie Rouse",
            "Leland",
            "Norman Reedus",
            "Shepard",
            "André Hennicke",
            "Hunter Leader",
            "Friederike Kempter",
            "Evalon"
        ],
        "orig_title": "Pandorum",
        "status": " Released",
        "orig_lang": " English",
        "budget_x": 40000000.0,
        "revenue": 17033431.0,
        "country": "AU"
    },
    {
        "title": "De Caperucita a loba",
        "date_x": "04/05/2023 ",
        "score": 0.0,
        "genre": [
            "Comedy"
        ],
        "overview": "A wolf is a little hood that has learned to laugh at herself. And that is the greatest superpower that exists because when we convert to humor there is nothing that can harm us. A story that shows us that we are all pathetic in love but that learning to laugh at it automatically turns drama into comedy. And therefore Little Red Riding Hood as a wolf. The conversion process of Marta, our protagonist, will take her several years and several \"uncles\", from when she decides to become a wolf until she achieves it, because she will have to learn that laughter is not reached by avoiding the forest of drama but by going through it until the bottom. Submitting to the \"oyster-essay\" method, he will go through a lot of pathetic situations until he learns to abandon self-deception and face reality, discovering that laughter springs from drama and laughter springs... power.",
        "actors": [
            "Elena Irureta",
            "",
            "Berto Romero",
            "",
            "José Mota",
            "",
            "Marta González de Vega",
            "",
            "Antonio Resines",
            "",
            "Santiago Segura",
            "",
            "David Guapo",
            "",
            "Martita de Graná",
            "",
            "Melania Urbina",
            ""
        ],
        "orig_title": "De Caperucita a loba",
        "status": " Released",
        "orig_lang": " Spanish, Castilian",
        "budget_x": 264940000.0,
        "revenue": 175269998.8,
        "country": "ES"
    },
    {
        "title": "Daylight's End",
        "date_x": "04/16/2016 ",
        "score": 59.0,
        "genre": [
            "Action",
            "Horror",
            "Science Fiction"
        ],
        "overview": "Years after a mysterious plague has devastated the planet and turned most of humanity into blood-hungry creatures, a rogue drifter on a vengeful hunt stumbles across a band of survivors in an abandoned police station and reluctantly agrees to try to help them defend themselves and escape to the sanctuary they so desperately need.",
        "actors": [
            "Johnny Strong",
            "Thomas Rourke",
            "Lance Henriksen",
            "Frank Hill",
            "Louis Mandylor",
            "Ethan Hill",
            "Hakeem Kae-Kazim",
            "Chris Whitlock",
            "Farah White",
            "Annabelle Wallace",
            "Gary Cairns",
            "Drew Macallister",
            "Heather Kafka",
            "Earnesta",
            "Mark Hanson",
            "Burton",
            "Chelsea Edmundson",
            "Sam Sheridan"
        ],
        "orig_title": "Daylight's End",
        "status": " Released",
        "orig_lang": " English",
        "budget_x": 2000000.0,
        "revenue": 20363381.2,
        "country": "US"
    },
    {
        "title": "The Red Thread",
        "date_x": "05/19/2016 ",
        "score": 63.0,
        "genre": [
            "Drama",
            "Romance"
        ],
        "overview": "Seven years after their first infatuated encounter, Abril and Manuel meet again. Despite the fact that they are both married, it is soon apparent that their attraction has only grown.",
        "actors": [
            "Eugenia Suárez",
            "Abril",
            "Benjamín Vicuña",
            "Manuel",
            "Hugo Silva",
            "Bruno",
            "Guillermina Valdes",
            "Laura",
            "Manuel Bozal",
            "Felix",
            "Leticia Siciliani",
            "Sofía"
        ],
        "orig_title": " El hilo rojo",
        "status": " Released",
        "orig_lang": " Spanish, Castilian",
        "budget_x": 120000000.0,
        "revenue": 303727772.6,
        "country": "AR"
    },
    {
        "title": "The Pornographer",
        "date_x": "10/03/2001 ",
        "score": 46.0,
        "genre": [
            "Drama"
        ],
        "overview": "Jacques Laurent made pornographic films in the 1970s and '80s, but had put that aside for 20 years. His artistic ideas, born of the '60s counter-culture, had elevated the entire genre. Older and paunchier, he is now directing a porno again. Jacques's artistry clashes with his financially-troubled producer's ideas about shooting hard-core sex. Jacques has been estranged from his son Joseph for years, since the son first learned the nature of the family business. They are now speaking again. Joseph and his friends want to recapture the idealism of 1968 with a protest. Separated from his wife, Jacques strives for personal renewal with plans to build a new house by himself...",
        "actors": [
            "Jean-Pierre Léaud",
            "Jacques Laurent",
            "Jérémie Renier",
            "Joseph",
            "Dominique Blanc",
            "Jeanne",
            "Alice Houri",
            "Monika",
            "Ovidie",
            "Jenny",
            "Catherine Mouchet",
            "Olivia Rochet",
            "Thibault de Montalembert",
            "Richard",
            "André Marcon",
            "Louis",
            "Laurent Lucas",
            "Carles"
        ],
        "orig_title": " Le Pornographe",
        "status": " Released",
        "orig_lang": " French",
        "budget_x": 6461098.6,
        "revenue": 126.0,
        "country": "FR"
    },
    {
        "title": "Age of Tomorrow",
        "date_x": "06/10/2014 ",
        "score": 30.0,
        "genre": [
            "Thriller",
            "Science Fiction",
            "Action"
        ],
        "overview": "Mankind must fight to survive as Earth is invaded by hostile UFOs bent on destroying the planet. As the epic battle wages on, astronauts sneak aboard the mothership where they discover a portal to the aliens' home world. They manage to alert Earth before they are brutally murdered. Left with no other choice, Earth sends an elite military team of science and combat specialists through the portal where they attempt to stop the invasion from the inside out.",
        "actors": [
            "Kelly Hu",
            "Dr. Gordon",
            "Anthony Marks",
            "Captain James Wheeler",
            "Robert Picardo",
            "General Magowan",
            "Lane Townsend",
            "Chris Meher",
            "Morgan West",
            "Rick Sullivan",
            "Mitchell Carpenter",
            "Col. Mac",
            "Nick Stellate",
            "Major Blake",
            "Nicholas Alexander",
            "Clayton",
            "Sarah Karijan",
            "Control"
        ],
        "orig_title": "Age of Tomorrow",
        "status": " Released",
        "orig_lang": " English",
        "budget_x": 15541000.0,
        "revenue": 38139010.0,
        "country": "US"
    },
    {
        "title": "Green Zone",
        "date_x": "03/12/2010 ",
        "score": 65.0,
        "genre": [
            "War",
            "Action",
            "Adventure",
            "Drama",
            "Thriller"
        ],
        "overview": "During the U.S.-led occupation of Baghdad in 2003, Chief Warrant Officer Roy Miller and his team of Army inspectors are dispatched to find weapons of mass destruction believed to be stockpiled in the Iraqi desert. Rocketing from one booby-trapped and treacherous site to the next, the men search for deadly chemical agents but stumble instead upon an elaborate cover-up that threatens to invert the purpose of their mission.",
        "actors": [
            "Matt Damon",
            "Roy Miller",
            "Greg Kinnear",
            "Clark Poundstone",
            "Brendan Gleeson",
            "Martin Brown",
            "Amy Ryan",
            "Lawrie Dayne",
            "Khalid Abdalla",
            "Freddy",
            "Jason Isaacs",
            "Maj. Briggs",
            "Igal Naor",
            "General Al Rawi",
            "Said Faraj",
            "Seyyed Hamza",
            "Raad Rawi",
            "Ahmed Zubaidi"
        ],
        "orig_title": "Green Zone",
        "status": " Released",
        "orig_lang": " English",
        "budget_x": 100000000.0,
        "revenue": 97523020.0,
        "country": "AU"
    },
    {
        "title": "Midway",
        "date_x": "09/18/1976 ",
        "score": 66.0,
        "genre": [
            "Action",
            "Drama",
            "History",
            "War"
        ],
        "overview": "This war drama depicts the U.S. and Japanese forces in the naval Battle of Midway, which became a turning point for Americans during World War II.",
        "actors": [
            "Charlton Heston",
            "Capt. Matthew Garth",
            "Henry Fonda",
            "Adm. Chester W. Nimitz",
            "James Coburn",
            "Capt. Vinton Maddox",
            "Glenn Ford",
            "Rear Admiral Raymond A. Spruance",
            "Hal Holbrook",
            "Cmdr. Joseph Rochefort",
            "Robert Mitchum",
            "Vice Adm. William F. 'Bull' Halsey Jr.",
            "Toshirō Mifune",
            "Admiral Isoroku Yamamoto",
            "Cliff Robertson",
            "Cmdr. Jessop",
            "Robert Wagner",
            "Lt.Cmdr. Blake"
        ],
        "orig_title": "Midway",
        "status": " Released",
        "orig_lang": " English",
        "budget_x": 100000000.0,
        "revenue": 126815030.0,
        "country": "AU"
    },
    {
        "title": "The Nut Job 2: Nutty by Nature",
        "date_x": "04/18/2018 ",
        "score": 59.0,
        "genre": [
            "Animation",
            "Family",
            "Adventure",
            "Comedy"
        ],
        "overview": "When the evil mayor of Oakton decides to bulldoze Liberty Park and build a dangerous amusement park in its place, Surly Squirrel and his ragtag group of animal friends need to band together to save their home, defeat the mayor, and take back the park.",
        "actors": [
            "Will Arnett",
            "Surly (voice)",
            "Maya Rudolph",
            "Precious (voice)",
            "Bobby Cannavale",
            "Frankie (voice)",
            "Bobby Moynihan",
            "The Mayor (voice)",
            "Isabela Merced",
            "Heather (voice)",
            "Peter Stormare",
            "Gunther (voice)",
            "Gabriel Iglesias",
            "Jimmy (voice)",
            "Jeff Dunham",
            "Mole (voice)",
            "Sebastian Maniscalco",
            "Johnny (voice)"
        ],
        "orig_title": "The Nut Job 2: Nutty by Nature",
        "status": " Released",
        "orig_lang": " English",
        "budget_x": 40000000.0,
        "revenue": 57424952.0,
        "country": "AU"
    },
    {
        "title": "DC Showcase: Blue Beetle",
        "date_x": "07/27/2021 ",
        "score": 62.0,
        "genre": [
            "Animation",
            "Science Fiction",
            "Action",
            "Adventure"
        ],
        "overview": "SUFFERIN' SCARABS! Silver Age Blue Beetle is back! Thrill to the adventures of Ted Kord, alias the Blue Beetle, as he teams up with fellow Charlton Comics heroes Captain Atom, The Questions and Nightshade to battle the nefarious finagler of feelings, Doctor Spectro!",
        "actors": [
            "Matt Lanter",
            "Blue Beetle (voice)",
            "Jeff Bennett",
            "Captain Atom / Pops (voice)",
            "Ashly Burch",
            "Nightshade (voice)",
            "David Kaye",
            "The Question (voice)",
            "Tom Kenny",
            "Dr. Spectro (voice)"
        ],
        "orig_title": "DC Showcase: Blue Beetle",
        "status": " Released",
        "orig_lang": " English",
        "budget_x": 74500000.0,
        "revenue": 528766635.8,
        "country": "US"
    },
    {
        "title": "Booty Call",
        "date_x": "07/31/1997 ",
        "score": 53.0,
        "genre": [
            "Comedy"
        ],
        "overview": "Rushon is sexually pent-up and ready to take thing things to the next level with his girlfriend, Nikki. But when he calls for a date, she asks to make it a double — bringing along her brash friend, Lysterine, whom Rushon sets up with his lewd buddy, Bunz. Things go better than expected. As the evening transitions from the restaurant to the bedroom, the two men go on a madcap search for what will surely make the night complete: condoms.",
        "actors": [
            "Jamie Foxx",
            "Bunz",
            "Tommy Davidson",
            "Rushon",
            "Vivica A. Fox",
            "Lysterine",
            "Tamala Jones",
            "Nikki",
            "Amy Monique Waddell",
            "Arguing Woman",
            "Wiley Moore",
            "Arguing Man",
            "Kam Ray Chan",
            "Ug Lee",
            "Ric Young",
            "Mr. Chiu",
            "Ammie Sin",
            "Yoyo"
        ],
        "orig_title": "Booty Call",
        "status": " Released",
        "orig_lang": " English",
        "budget_x": 7520000.0,
        "revenue": 20060051.0,
        "country": "AU"
    },
    {
        "title": "Kung Fu Panda: Secrets of the Furious Five",
        "date_x": "11/08/2008 ",
        "score": 67.0,
        "genre": [
            "Animation",
            "Family",
            "Action"
        ],
        "overview": "Ordered to teach a martial arts class of rambunctious bunny kittens, Po tells stories of each of the Furious Five's pasts.",
        "actors": [
            "Jack Black",
            "Po (voice)",
            "Dustin Hoffman",
            "Shifu (voice)",
            "David Cross",
            "Crane (voice)",
            "Randall Duk Kim",
            "Oogway (voice)",
            "Elizabeth Ann Bennett",
            "Ant / Bunny (voice)",
            "Jaycee Chan",
            "Young Monkey (voice)",
            "Jim Cummings",
            "Instructor (voice)",
            "Jessica DiCicco",
            "Young Viper (voice)",
            "James Sie",
            "Great Master Viper (voice)"
        ],
        "orig_title": "Kung Fu Panda: Secrets of the Furious Five",
        "status": " Released",
        "orig_lang": " English",
        "budget_x": 144200000.0,
        "revenue": 630310770.0,
        "country": "US"
    },
    {
        "title": "Love Wrecked",
        "date_x": "01/21/2007 ",
        "score": 51.0,
        "genre": [
            "Family",
            "Romance"
        ],
        "overview": "On a Caribbean cruise, Jenny is marooned on a beach with her rock and roll idol. Deliriously in love with the idea of time alone with him, she manages to hide the fact that they're a stone's throw away from their resort.",
        "actors": [
            "Amanda Bynes",
            "Jenny Taylor",
            "Chris Carmack",
            "Jason Masters",
            "Fred Willard",
            "Ben Taylor",
            "Jamie-Lynn Sigler",
            "Alexis Manetti",
            "Jonathan Bennett",
            "Ryan Howell",
            "Kathy Griffin",
            "Belinda",
            "Joey Kern",
            "Milo Dinsdale",
            "Jackie Long",
            "Chase",
            "Susan Duerden",
            "Bree Taylor"
        ],
        "orig_title": "Love Wrecked",
        "status": " Released",
        "orig_lang": " English",
        "budget_x": 150200000.0,
        "revenue": 667039926.0,
        "country": "US"
    },
    {
        "title": "Crash",
        "date_x": "05/12/2005 ",
        "score": 72.0,
        "genre": [
            "Drama"
        ],
        "overview": "In post-Sept. 11 Los Angeles, tensions erupt when the lives of a Brentwood housewife, her district attorney husband, a Persian shopkeeper, two cops, a pair of carjackers and a Korean couple converge during a 36-hour period.",
        "actors": [
            "Sandra Bullock",
            "Jean Cabot",
            "Don Cheadle",
            "Det. Graham Waters",
            "Matt Dillon",
            "Officer John Ryan",
            "Michael Peña",
            "Daniel",
            "Jennifer Esposito",
            "Ria",
            "Brendan Fraser",
            "Rick Cabot",
            "Nona Gaye",
            "Karen",
            "Terrence Howard",
            "Cameron Thayer",
            "Ludacris",
            "Anthony"
        ],
        "orig_title": "Crash",
        "status": " Released",
        "orig_lang": " English",
        "budget_x": 10000000.0,
        "revenue": 3412380.0,
        "country": "AU"
    },
    {
        "title": "Crash",
        "date_x": "05/12/2005 ",
        "score": 72.0,
        "genre": [
            "Drama"
        ],
        "overview": "In post-Sept. 11 Los Angeles, tensions erupt when the lives of a Brentwood housewife, her district attorney husband, a Persian shopkeeper, two cops, a pair of carjackers and a Korean couple converge during a 36-hour period.",
        "actors": [
            "Sandra Bullock",
            "Jean Cabot",
            "Don Cheadle",
            "Det. Graham Waters",
            "Matt Dillon",
            "Officer John Ryan",
            "Michael Peña",
            "Daniel",
            "Jennifer Esposito",
            "Ria",
            "Brendan Fraser",
            "Rick Cabot",
            "Nona Gaye",
            "Karen",
            "Terrence Howard",
            "Cameron Thayer",
            "Ludacris",
            "Anthony"
        ],
        "orig_title": "Crash",
        "status": " Released",
        "orig_lang": " English",
        "budget_x": 7303082.0,
        "revenue": 101173038.0,
        "country": "AU"
    },
    {
        "title": "Cry Macho",
        "date_x": "11/25/2021 ",
        "score": 60.0,
        "genre": [
            "Drama",
            "Western"
        ],
        "overview": "Mike Milo, a one-time rodeo star and washed-up horse breeder, takes a job from an ex-boss to bring the man's young son home from Mexico.",
        "actors": [
            "Clint Eastwood",
            "Mike Milo",
            "Eduardo Minett",
            "Rafo",
            "Natalia Traven",
            "Marta",
            "Dwight Yoakam",
            "Howard Polk",
            "Fernanda Urrejola",
            "Leta",
            "Horacio García Rojas",
            "Aurelio",
            "Marco Rodríguez",
            "Porfirio",
            "Paul Alayo",
            "Sergeant. Perez",
            "Brytnee Ratledge",
            "Hippie Girl #1"
        ],
        "orig_title": "Cry Macho",
        "status": " Released",
        "orig_lang": " English",
        "budget_x": 33000000.0,
        "revenue": 16481544.0,
        "country": "AU"
    },
    {
        "title": "Outlaws",
        "date_x": "10/08/2021 ",
        "score": 69.0,
        "genre": [
            "Crime"
        ],
        "overview": "Introverted Girona student Nacho meets two delinquents from the city's Chinatown and gets caught up in a summer onslaught of burglaries and hold ups that will change his life.",
        "actors": [
            "Marcos Ruiz",
            "Nacho",
            "Begoña Vargas",
            "Tere",
            "Chechu Salgado",
            "Zarco",
            "Pep Tosar",
            "Inspector Vives",
            "Xavier Martín",
            "Gordo",
            "Daniel Ibáñez",
            "Piernas",
            "Guillermo Lasheras",
            "Víctor",
            "Cintia García",
            "Lidia",
            "Jorge Aparicio",
            "Chino"
        ],
        "orig_title": " Las leyes de la frontera",
        "status": " Released",
        "orig_lang": " Spanish, Castilian",
        "budget_x": 62500000.0,
        "revenue": 520816421.6,
        "country": "ES"
    },
    {
        "title": "USS Indianapolis: Men of Courage",
        "date_x": "10/14/2016 ",
        "score": 59.0,
        "genre": [
            "Action",
            "War"
        ],
        "overview": "The harrowing true story of the crew of the USS Indianapolis, who were stranded in the Philippine Sea for five days after delivering the atomic weapons that would eventually end WWII. As they awaited rescue, they endured extreme thirst, hunger, and relentless shark attacks.",
        "actors": [
            "Nicolas Cage",
            "Captain McVay",
            "Tom Sizemore",
            "McWhorter",
            "Matt Lanter",
            "Bama",
            "Thomas Jane",
            "Chuck Gwinn",
            "Emily Tennant",
            "Clara",
            "Craig Tate",
            "Garrison",
            "Cody Walker",
            "West",
            "James Remar",
            "Admiral Parnell",
            "Max Ryan",
            "Lt. Chuck Gwinn"
        ],
        "orig_title": "USS Indianapolis: Men of Courage",
        "status": " Released",
        "orig_lang": " English",
        "budget_x": 40000000.0,
        "revenue": 1663785.0,
        "country": "US"
    },
    {
        "title": "Belli ciao",
        "date_x": "10/20/2022 ",
        "score": 57.0,
        "genre": [
            "Comedy"
        ],
        "overview": "Pio and Amedeo are inseparable friends, or at least they were until they graduated from high school, at which point each one was faced with the question: move up north or stay in the south?",
        "actors": [
            "Pio D'Antini",
            "",
            "Amedeo Grieco",
            "",
            "Lorena Cacciatore",
            "",
            "Rosa Diletta Rossi",
            "",
            "Gegia",
            "",
            "Nicasio Catanese",
            "",
            "Giorgio Colangeli",
            "",
            "Adriano De Pasquale",
            "",
            "Pinuccio Sinisi",
            ""
        ],
        "orig_title": "Belli ciao",
        "status": " Released",
        "orig_lang": " Italian",
        "budget_x": 118600000.0,
        "revenue": 245108932.8,
        "country": "AU"
    },
    {
        "title": "Four Weddings and a Funeral",
        "date_x": "05/13/1994 ",
        "score": 68.0,
        "genre": [
            "Comedy",
            "Drama",
            "Romance"
        ],
        "overview": "Over the course of five social occasions, a committed bachelor must consider the notion that he may have discovered love.",
        "actors": [
            "Hugh Grant",
            "Charles",
            "Andie MacDowell",
            "Carrie",
            "James Fleet",
            "Tom",
            "Simon Callow",
            "Gareth",
            "John Hannah",
            "Matthew",
            "Kristin Scott Thomas",
            "Fiona",
            "David Bower",
            "David",
            "Charlotte Coleman",
            "Scarlett",
            "Anna Chancellor",
            "Henrietta"
        ],
        "orig_title": "Four Weddings and a Funeral",
        "status": " Released",
        "orig_lang": " English",
        "budget_x": 4500000.0,
        "revenue": 242895809.0,
        "country": "AU"
    },
    {
        "title": "The Layover",
        "date_x": "02/28/2018 ",
        "score": 54.0,
        "genre": [
            "Comedy",
            "Romance"
        ],
        "overview": "When their plane is rerouted due to a hurricane warning, two single female best friends find themselves competing for the same guy during an extended layover in St. Louis.",
        "actors": [
            "Alexandra Daddario",
            "Kate Jeffries",
            "Kate Upton",
            "Meg",
            "Matt Barr",
            "Ryan",
            "Matt Jones",
            "Craig",
            "Rob Corddry",
            "Stan Moss",
            "Molly Shannon",
            "Nancy",
            "Kal Penn",
            "Anuj",
            "Roark Critchlow",
            "Roger",
            "John Cassini",
            "Chuck"
        ],
        "orig_title": "The Layover",
        "status": " Released",
        "orig_lang": " English",
        "budget_x": 98100000.0,
        "revenue": 376152925.6,
        "country": "AU"
    },
    {
        "title": "Holiday Harmony",
        "date_x": "11/24/2022 ",
        "score": 64.0,
        "genre": [
            "Romance",
            "Comedy",
            "Music"
        ],
        "overview": "A likeable and talented underdog gets momentarily sidelined from chasing her musical dreams when her van breaks down in a welcoming small town just before Christmas.",
        "actors": [
            "Annelise Cepero",
            "Gail Travers",
            "Jeremy Sumpter",
            "Jeremy Crawford",
            "Brooke Shields",
            "Van Crawford",
            "Carla Jimenez",
            "Rachael",
            "Lauren Swickard",
            "Lila",
            "Sophia Reid-Gantzert",
            "Sarah",
            "Michael Wiseman",
            "Abe Crawford",
            "Jordyn Curet",
            "Rosemary",
            "Ryder Franco",
            "Johnny"
        ],
        "orig_title": "Holiday Harmony",
        "status": " Released",
        "orig_lang": " English",
        "budget_x": 121200000.0,
        "revenue": 319022322.6,
        "country": "US"
    },
    {
        "title": "Maverick",
        "date_x": "06/09/1994 ",
        "score": 68.0,
        "genre": [
            "Action",
            "Adventure",
            "Comedy",
            "Drama",
            "Western"
        ],
        "overview": "Maverick is a gambler who would rather con someone than fight them, and needs an additional three thousand dollars in order to enter a winner-takes-all poker game that begins in a few days, so he joins forces with a woman gambler with a marvellous southern accent, and the two try and enter the game.",
        "actors": [
            "Mel Gibson",
            "Bret Maverick",
            "Jodie Foster",
            "Annabelle Bransford",
            "James Garner",
            "Marshal Zane Cooper",
            "Graham Greene",
            "Joseph",
            "Alfred Molina",
            "Angel",
            "James Coburn",
            "Commodore Duvall",
            "Dub Taylor",
            "Room Clerk",
            "Geoffrey Lewis",
            "Matthew Wicker / Eugene",
            "Banker",
            "Paul L. Smith",
            "The Archduke"
        ],
        "orig_title": "Maverick",
        "status": " Released",
        "orig_lang": " English",
        "budget_x": 75000000.0,
        "revenue": 183031272.0,
        "country": "AU"
    },
    {
        "title": "Next Avengers: Heroes of Tomorrow",
        "date_x": "09/02/2008 ",
        "score": 69.0,
        "genre": [
            "Animation",
            "Family",
            "Action",
            "Adventure",
            "Science Fiction"
        ],
        "overview": "The children of the Avengers hone their powers and go head to head with the very enemy responsible for their parents' demise.",
        "actors": [
            "Noah Crawford",
            "James Rogers (voice)",
            "Brenna O'Brien",
            "Torunn (voice)",
            "Fred Tatasciore",
            "Hulk (voice)",
            "Nicole Oliver",
            "Betty Ross (voice)",
            "Michael Adamthwaite",
            "Thor (voice)",
            "Aidan Drummond",
            "Pym (voice)",
            "Adrian Petriw",
            "Hawkeye (voice)",
            "Tom Kane",
            "Tony Stark / Iron Man / Ultron (voice)",
            "Dempsey Pappion",
            "Azari (voice)"
        ],
        "orig_title": "Next Avengers: Heroes of Tomorrow",
        "status": " Released",
        "orig_lang": " English",
        "budget_x": 53620000.0,
        "revenue": 3800000.0,
        "country": "US"
    },
    {
        "title": "Maggie",
        "date_x": "05/18/2015 ",
        "score": 54.0,
        "genre": [
            "Horror",
            "Drama",
            "Mystery"
        ],
        "overview": "There's a deadly zombie epidemic threatening humanity, but Wade, a small-town farmer and family man, refuses to accept defeat even when his daughter Maggie becomes infected. As Maggie's condition worsens and the authorities seek to eradicate those with the virus, Wade is pushed to the limits in an effort to protect her. Joely Richardson co-stars in this post-apocalyptic thriller.",
        "actors": [
            "Arnold Schwarzenegger",
            "Wade Vogel",
            "Abigail Breslin",
            "Maggie Vogel",
            "Joely Richardson",
            "Caroline",
            "Douglas M. Griffin",
            "Ray",
            "J.D. Evermore",
            "Holt",
            "Rachel Whitman Groves",
            "Bonnie",
            "Jodie Moore",
            "Dr. Kaplan",
            "Bryce Romero",
            "Trent",
            "Raeden Greer",
            "Allie"
        ],
        "orig_title": "Maggie",
        "status": " Released",
        "orig_lang": " English",
        "budget_x": 4500000.0,
        "revenue": 1027760.0,
        "country": "AU"
    },
    {
        "title": "Falcon Rising",
        "date_x": "09/05/2014 ",
        "score": 62.0,
        "genre": [
            "Adventure",
            "Action"
        ],
        "overview": "Chapman is an ex-marine in Brazil's slums, battling the yakuza outfit who attacked his sister and left her for dead.",
        "actors": [
            "Michael Jai White",
            "John 'Falcon' Chapman",
            "Neal McDonough",
            "Manny Ridley",
            "Lateef Crowder",
            "Carlo Bororo",
            "Laila Ali",
            "Cindy Chapman",
            "Hazuki Kato",
            "Tomoe",
            "Masashi Odate",
            "Hirimoto",
            "Millie Ruperto",
            "Katarina Da' Silva",
            "Robert Colón",
            "Police Officer",
            "Jazmin Caratini",
            "Nurse"
        ],
        "orig_title": "Falcon Rising",
        "status": " Released",
        "orig_lang": " English",
        "budget_x": 4500000.0,
        "revenue": 11774.0,
        "country": "US"
    },
    {
        "title": "Welcome Home",
        "date_x": "11/16/2018 ",
        "score": 52.0,
        "genre": [
            "Thriller",
            "Horror"
        ],
        "overview": "A couple try to repair their damaged union in an Italian vacation paradise. Then they discover the owner's intentions.",
        "actors": [
            "Aaron Paul",
            "Bryan",
            "Emily Ratajkowski",
            "Cassie",
            "Riccardo Scamarcio",
            "Federico",
            "Katy Louise Saunders",
            "Alessandra",
            "Alice Bellagamba",
            "Isabella",
            "Francesco Acquaroli",
            "Eduardo",
            "Nav Ghotra",
            "Indian Woman",
            "Sam Mane",
            "Young Man",
            "Daphne Alexander",
            "Young Woman"
        ],
        "orig_title": "Welcome Home",
        "status": " Released",
        "orig_lang": " English",
        "budget_x": 136000000.0,
        "revenue": 544681313.6,
        "country": "US"
    },
    {
        "title": "The King",
        "date_x": "11/01/2019 ",
        "score": 72.0,
        "genre": [
            "Drama",
            "History",
            "War"
        ],
        "overview": "England, 15th century. Hal, a capricious prince who lives among the populace far from court, is forced by circumstances to reluctantly accept the throne and become Henry V.",
        "actors": [
            "Timothée Chalamet",
            "Hal",
            "Joel Edgerton",
            "Falstaff",
            "Sean Harris",
            "William",
            "Tom Glynn-Carney",
            "Hotspur",
            "Lily-Rose Depp",
            "Catherine",
            "Thomasin McKenzie",
            "Philippa",
            "Queen of Denmark",
            "Robert Pattinson",
            "The Dauphin",
            "Ben Mendelsohn",
            "King Henry IV",
            "Andrew Havill",
            "Archbishop of Canterbury"
        ],
        "orig_title": "The King",
        "status": " Released",
        "orig_lang": " English",
        "budget_x": 69200000.0,
        "revenue": 369890597.2,
        "country": "AU"
    },
    {
        "title": "Grease 2",
        "date_x": "06/11/1982 ",
        "score": 51.0,
        "genre": [
            "Comedy",
            "Music",
            "Romance"
        ],
        "overview": "It's 1961, two years after the original Grease gang graduated, and there's a new crop of seniors and new members of the coolest cliques on campus, the Pink Ladies and T-Birds. Michael Carrington is the new kid in school - but he's been branded a brainiac. Can he fix up an old motorcycle, don a leather jacket, avoid a rumble with the leader of the T-Birds, and win the heart of Pink Lady Stephanie?",
        "actors": [
            "Maxwell Caulfield",
            "Michael",
            "Michelle Pfeiffer",
            "Stephanie",
            "Lorna Luft",
            "Paulette",
            "Maureen Teefy",
            "Sharon",
            "Alison Price",
            "Rhonda",
            "Pamela Adlon",
            "Dolores",
            "Adrian Zmed",
            "Nogerelli",
            "Peter Frechette",
            "DiMucci",
            "Christopher McDonald",
            "Goose"
        ],
        "orig_title": "Grease 2",
        "status": " Released",
        "orig_lang": " English",
        "budget_x": 13200000.0,
        "revenue": 15171476.0,
        "country": "US"
    },
    {
        "title": "The Ark",
        "date_x": "11/17/2007 ",
        "score": 46.0,
        "genre": [
            "Animation",
            "Adventure",
            "Family"
        ],
        "overview": "An animated comedy that recreates the misadventures of the passengers of the Ark built by Noah as per God’s request. It’s just that living together does not seem to come easy for the passengers on board.",
        "actors": [
            "Juan Carlos Mesa",
            "Noé",
            "Jorge Guinzburg",
            "Farfan",
            "Mariana Fabbiani",
            "Miriam",
            "Alejandro Fantino",
            "Jafet",
            "Enrique Porcellana",
            "Dios",
            "Magdalena Ruiz Guiñazú",
            "Reina Oriana",
            "Lucila Gómez",
            "Kairel",
            "Alejandro Dolina",
            "Puma Cachito",
            "Diego Topa",
            "Palomo Pepe"
        ],
        "orig_title": " El arca",
        "status": " Released",
        "orig_lang": " Spanish, Castilian",
        "budget_x": 116500000.0,
        "revenue": 636383185.2,
        "country": "US"
    },
    {
        "title": "Amazing Love",
        "date_x": "11/06/2012 ",
        "score": 69.0,
        "genre": [
            "Drama"
        ],
        "overview": "Teen friends, Steve, Carrie, Cooper, and Gameboy embark on a weekend camping trip lead by their church youth group leader Stuart (Sean Astin) and his wife Beth (Erin Bethea). Joining them is an outsider Ashley, a self-involved rich kid, whose attitude causes a major commotion within the group, specifically between her and Carrie. Before it gets too out of hand though, Stuart takes this opportunity to share with the kids the incredibly powerful biblical story of Hosea; a story of immovable faith, impeccable commitment, and impervious love.",
        "actors": [
            "Sean Astin",
            "Stuart",
            "Patty Duke",
            "Helen",
            "Erin Bethea",
            "Beth",
            "Savannah Jayde",
            "Ashley",
            "Samantha Hanratty",
            "Carrie",
            "Kenton Duty",
            "Steve",
            "Terrence Hardy Jr.",
            "Cooper",
            "Creagen Dow",
            "Gameboy",
            "Elijah Alexander",
            "Hosea"
        ],
        "orig_title": "Amazing Love",
        "status": " Released",
        "orig_lang": " English",
        "budget_x": 95000000.0,
        "revenue": 406434252.2,
        "country": "US"
    },
    {
        "title": "7500",
        "date_x": "01/10/2020 ",
        "score": 61.0,
        "genre": [
            "Action",
            "Drama",
            "Thriller"
        ],
        "overview": "When terrorists try to seize control of a Berlin-Paris flight, a soft-spoken young American co-pilot struggles to save the lives of the passengers and crew while forging a surprising connection with one of the hijackers.",
        "actors": [
            "Joseph Gordon-Levitt",
            "Tobias Ellis",
            "Omid Memar",
            "Vedat",
            "Aylin Tezel",
            "Gökçe",
            "Carlo Kitzlinger",
            "Michael Lutzmann",
            "Murathan Muslu",
            "Kenan",
            "Paul Wollin",
            "Daniel",
            "Aurélie Thépaut",
            "Natalie",
            "Max Schimmelpfennig",
            "Student",
            "Simon Schwarz",
            "Alexander Franz (voice)"
        ],
        "orig_title": "7500",
        "status": " Released",
        "orig_lang": " English",
        "budget_x": 5000000.0,
        "revenue": 0.0,
        "country": "AT"
    },
    {
        "title": "Goodnight Mommy",
        "date_x": "04/20/2016 ",
        "score": 67.0,
        "genre": [
            "Horror",
            "Drama",
            "Thriller",
            "Mystery"
        ],
        "overview": "In the heat of the summer lays a lonesome house in the countryside where nine year old twin brothers await their mother’s return.  When she comes home, bandaged after cosmetic surgery, nothing is like before and the children start to doubt whether this woman is actually who she says she is.",
        "actors": [
            "Elias Schwarz",
            "Elias",
            "Lukas Schwarz",
            "Lukas",
            "Susanne Wuest",
            "Mother",
            "Hans Escher",
            "Priest",
            "Elfriede Schatz",
            "Red Cross Collector #1",
            "Karl Purker",
            "Red Cross Collector #2",
            "Georg Deliovsky",
            "Pizza Supplier",
            "Christian Steindl",
            "Mesner",
            "Christian Schatz",
            "Farmer"
        ],
        "orig_title": " Ich seh, Ich seh",
        "status": " Released",
        "orig_lang": " German",
        "budget_x": 61140900.0,
        "revenue": 2193474.0,
        "country": "AU"
    },
    {
        "title": "Professor Marston and the Wonder Women",
        "date_x": "10/13/2017 ",
        "score": 72.0,
        "genre": [
            "Drama",
            "Romance"
        ],
        "overview": "The unconventional life of Dr. William Marston, the Harvard psychologist and inventor who helped invent the modern lie detector test and created Wonder Woman in 1941.",
        "actors": [
            "Luke Evans",
            "Dr. William Moulton Marston",
            "Rebecca Hall",
            "Elizabeth Marston",
            "Bella Heathcote",
            "Olive Byrne",
            "Connie Britton",
            "Josette Frank",
            "JJ Feild",
            "Charles Guyette",
            "Oliver Platt",
            "M.C. Gaines",
            "Monica Giordano",
            "Mary",
            "Maggie Castle",
            "Dorothy Roubicek",
            "Alexa Havins",
            "Molly Stewart"
        ],
        "orig_title": "Professor Marston and the Wonder Women",
        "status": " Released",
        "orig_lang": " English",
        "budget_x": 26730400.0,
        "revenue": 1584759.0,
        "country": "US"
    },
    {
        "title": "Devil in the Flesh",
        "date_x": "04/22/1986 ",
        "score": 57.0,
        "genre": [
            "Drama",
            "Romance"
        ],
        "overview": "An Italian high school student becomes infatuated with a woman he sees outside his class window. Her fiancée is in jail for being involved in a radical movement, and she spends much time in court providing moral support. At first she resists the student's advances, but eventually begins an affair with him. Their situation is condemned by her family and his father, who is the woman's psychologist.",
        "actors": [
            "Maruschka Detmers",
            "Giulia",
            "Federico Pitzalis",
            "Andrea",
            "Anita Laurenzi",
            "Mrs. Pulcini",
            "Alberto Di Stasio",
            "Professor Raimondi",
            "Riccardo De Torrebruna",
            "Giacomo Pulcini",
            "Catherine Diamant",
            "Mrs. Raimondi",
            "Anna Orso",
            "Sig.ra Dozza",
            "Lidia Broccolino",
            "terrorista",
            "Stefano Abbati",
            "terrorista"
        ],
        "orig_title": " Diavolo in corpo",
        "status": " Released",
        "orig_lang": " Italian",
        "budget_x": 5906709.8,
        "revenue": 546904.0,
        "country": "IT"
    },
    {
        "title": "Tarzan II",
        "date_x": "06/13/2005 ",
        "score": 61.0,
        "genre": [
            "Adventure",
            "Animation",
            "Family"
        ],
        "overview": "When one of his missteps puts his family in jeopardy, Tarzan decides they would be better off without him.",
        "actors": [
            "Harrison Chad",
            "Tarzan (voice)",
            "George Carlin",
            "Zugor (voice)",
            "Brad Garrett",
            "Uto (voice)",
            "Ron Perlman",
            "Kago (voice)",
            "Estelle Harris",
            "Mama Gunda (voice)",
            "Glenn Close",
            "Kala (voice)",
            "Lance Henriksen",
            "Kerchak (voice)",
            "Brenda Grate",
            "Terk (voice)",
            "Connor Hutcherson",
            "Tonka (voice)"
        ],
        "orig_title": "Tarzan II",
        "status": " Released",
        "orig_lang": " English",
        "budget_x": 120000000.0,
        "revenue": 274833060.0,
        "country": "US"
    },
    {
        "title": "August Never Ends",
        "date_x": "04/16/2021 ",
        "score": 55.0,
        "genre": [
            "Romance"
        ],
        "overview": "A story revolving around two friends with very different personalities - the no-nonsense and rebellious Weiyang and the idealist 'Princess' Qiao. When Xiao Qiao met Weiyang, the two easily became close friends. However, Xiao Qiao's fiancee Chao Yan can't help himself as he falls deeply in love with Weiyang, which crushes Xiao Qiao's fairytale love story. Just as the three are entangled in a world of complications, Weiyang makes a surprising decision.",
        "actors": [
            "Elaine Zhong",
            "Wei Yang",
            "Luo Jin",
            "Chao Yan",
            "Tan Songyun",
            "Xiao Qiao",
            "Tian Yu",
            "",
            "Chen Minghao",
            "",
            "Ziqing Wan",
            "",
            "Guo Mucheng",
            ""
        ],
        "orig_title": " 八月未央",
        "status": " Released",
        "orig_lang": " Chinese",
        "budget_x": 144400000.0,
        "revenue": 326683695.4,
        "country": "CN"
    },
    {
        "title": "Where Eagles Dare",
        "date_x": "12/04/1968 ",
        "score": 76.0,
        "genre": [
            "Action",
            "Adventure",
            "War"
        ],
        "overview": "World War II is raging, and an American general has been captured and is being held hostage in the Schloss Adler, a Bavarian castle that's nearly impossible to breach. It's up to a group of skilled Allied soldiers to liberate the general before it's too late.",
        "actors": [
            "Richard Burton",
            "Maj. Smith",
            "Clint Eastwood",
            "Lt. Morris Schaffer",
            "Mary Ure",
            "Mary Elison",
            "Patrick Wymark",
            "Col. Wyatt Turner DSO MC",
            "Michael Hordern",
            "Adm. Rolland",
            "Donald Houston",
            "Christiansen",
            "Peter Barkworth",
            "Berkeley",
            "William Squire",
            "Thomas",
            "Robert Beatty",
            "Gen. George Carnaby"
        ],
        "orig_title": "Where Eagles Dare",
        "status": " Released",
        "orig_lang": " English",
        "budget_x": 7700000.0,
        "revenue": 21000000.0,
        "country": "AU"
    },
    {
        "title": "Next-Door Nightmare",
        "date_x": "07/08/2021 ",
        "score": 53.0,
        "genre": [
            "Thriller",
            "TV Movie",
            "Drama"
        ],
        "overview": "When young couple Sarah and Kyle move next door to Helen, a charismatic older woman, they have no idea she's a deeply disturbed psychopath who will stop at nothing to become Sarah's surrogate mother, and grandmother to the child she is expecting. Julia Borsellino, Mark Taylor, Deborah Grover, Marium Carvell star. (2021)",
        "actors": [
            "Julia Borsellino",
            "Sarah Collins",
            "Mark Taylor",
            "Kyle Collins",
            "Deborah Grover",
            "Helen Henderson",
            "Marium Carvell",
            "Judith Collins",
            "Michelle Chiu",
            "Jennifer Wiles",
            "Cait Alexander",
            "Angela Robinson",
            "Deanna Jarvis",
            "Grace Henry",
            "Ash Catherwood",
            "Dave Mellard",
            "Alysa King",
            "Kelly Jones"
        ],
        "orig_title": "Next-Door Nightmare",
        "status": " Released",
        "orig_lang": " English",
        "budget_x": 131600000.0,
        "revenue": 323696630.8,
        "country": "US"
    },
    {
        "title": "Bayala: A Magical Adventure",
        "date_x": "10/24/2019 ",
        "score": 58.0,
        "genre": [
            "Adventure",
            "Animation",
            "Family",
            "Fantasy"
        ],
        "overview": "As the dragons have almost disappeared from the kingdom of Bayala, the magic powers of the fairies are weakening. The fairy princesses Sera and Surah are thrilled when they discover they have the key to save the world in their hands: a dragon egg! Now the sisters must reach the dragon mountains and they embark on an adventurous journey into the unknown...",
        "actors": [
            "Madison Mullahey",
            "Surah (voice)",
            "Jessica Webb",
            "Sera (voice)",
            "Olivia Manning",
            "Marween (voice)",
            "Marc Thompson",
            "Falaroy (voice)",
            "Gregory Max",
            "Jaro (voice)",
            "Liza Ortiz",
            "Ophira (voice)",
            "Rebecca Becker",
            "Nuray (voice)",
            "Kathryn Cahill",
            "Bilara (voice)",
            "Louise White",
            "Feya (voice)"
        ],
        "orig_title": " Bayala - Das magische Elfenabenteuer",
        "status": " Released",
        "orig_lang": " German",
        "budget_x": 6324600.0,
        "revenue": 521149.0,
        "country": "DE"
    },
    {
        "title": "Nobody Knows",
        "date_x": "08/07/2004 ",
        "score": 80.0,
        "genre": [
            "Drama"
        ],
        "overview": "In a small Tokyo apartment, twelve-year-old Akira must care for his younger siblings after their mother leaves them and shows no sign of returning.",
        "actors": [
            "Yuya Yagira",
            "Akira",
            "Ayu Kitaura",
            "Kyoko",
            "Hiei Kimura",
            "Shigeru",
            "Momoko Shimizu",
            "Yuki",
            "Hanae Kan",
            "Saki",
            "YOU",
            "Mutter Keiko",
            "Ryo Kase",
            "Hiroyama Jun",
            "Kazuyoshi Kushida",
            "Yoshinaga",
            "Yukiko Okamoto",
            "Eriko Yoshinaga"
        ],
        "orig_title": " 誰も知らない",
        "status": " Released",
        "orig_lang": " Japanese",
        "budget_x": 172000000.0,
        "revenue": 682835308.6,
        "country": "JP"
    },
    {
        "title": "Miami Vice",
        "date_x": "08/10/2006 ",
        "score": 60.0,
        "genre": [
            "Action",
            "Crime",
            "Thriller"
        ],
        "overview": "A case involving drug lords and murder in South Florida takes a personal turn for undercover detectives Sonny Crockett and Ricardo Tubbs. Unorthodox Crockett gets involved romantically with the Chinese-Cuban wife of a trafficker of arms and drugs, while Tubbs deals with an assault on those he loves.",
        "actors": [
            "Colin Farrell",
            "Det. James 'Sonny' Crockett",
            "Jamie Foxx",
            "Det. Ricardo 'Rico' Tubbs",
            "Gong Li",
            "Isabella",
            "Naomie Harris",
            "Det. Trudy Joplin",
            "John Ortiz",
            "José Yero",
            "Ciarán Hinds",
            "FBI Agent John Fujima",
            "Justin Theroux",
            "Det. Larry Zito",
            "Barry Shabaka Henley",
            "Lt. Martin Castillo",
            "Elizabeth Rodriguez",
            "Det. Gina Calabrese"
        ],
        "orig_title": "Miami Vice",
        "status": " Released",
        "orig_lang": " English",
        "budget_x": 135000000.0,
        "revenue": 164920076.0,
        "country": "AU"
    },
    {
        "title": "Mighty Morphin Power Rangers: Once & Always",
        "date_x": "04/19/2023 ",
        "score": 0.0,
        "genre": [
            "Action",
            "Science Fiction",
            "Fantasy",
            "Family"
        ],
        "overview": "After tragedy strikes, an unlikely young hero takes her rightful place among the Power Rangers to face off against the team's oldest archnemesis.",
        "actors": [
            "Walter Jones",
            "Zack Taylor",
            "David Yost",
            "Billy Cranston",
            "Steve Cardenas",
            "Rocky DeSantos",
            "Johnny Yong Bosch",
            "Adam Park",
            "Karan Ashley",
            "Aisha Campbell",
            "Catherine Sutherland",
            "Katherine \"Kat\" Hillard",
            "Charlie Kersh",
            "Minh Kwan",
            "Richard Steven Horvitz",
            "Alpha (voice)",
            "Barbara Goodson",
            "Rita Repulsa"
        ],
        "orig_title": "Mighty Morphin Power Rangers: Once & Always",
        "status": " In Production",
        "orig_lang": " English",
        "budget_x": 231940000.0,
        "revenue": 175269998.8,
        "country": "US"
    },
    {
        "title": "Kizumonogatari Part 1: Tekketsu",
        "date_x": "01/08/2016 ",
        "score": 78.0,
        "genre": [
            "Animation",
            "Fantasy",
            "Mystery"
        ],
        "overview": "One day, Koyomi Araragi encounters the horrifying vampire, Kiss-shot Acerola-orion Heart-under-blade A.K.A. the \"King of Apparitions.\" He saves the fatally wounded Kiss-shot by offering his blood at the expense of his own life as a human. Now Koyomi has to face the vampire hunters to retrieve Kiss-shot’s limbs which were taken by these hunters...",
        "actors": [
            "Hiroshi Kamiya",
            "Koyomi Araragi (voice)",
            "Maaya Sakamoto",
            "Kiss-Shot Acerola-Orion Heart-Under-Blade (voice)",
            "Yui Horie",
            "Tsubasa Hanekawa (voice)",
            "Takahiro Sakurai",
            "Meme Oshino (voice)",
            "Masashi Ebara",
            "Dramaturgy (voice)",
            "Miyu Irino",
            "Episode (voice)",
            "Hochu Otsuka",
            "Guillotinecutter (voice)"
        ],
        "orig_title": " 傷物語〈Ⅰ鉄血篇〉",
        "status": " Released",
        "orig_lang": " Japanese",
        "budget_x": 136000000.0,
        "revenue": 596365973.8,
        "country": "JP"
    },
    {
        "title": "King of Thorn",
        "date_x": "05/01/2010 ",
        "score": 66.0,
        "genre": [
            "Fantasy",
            "Animation",
            "Science Fiction"
        ],
        "overview": "A mysterious virus, nicknamed Medusa, is spreading around Japan, turning its victims into stone. Given the impossibility of finding an immediate cure, the government opts for cryopreserving a select group of patients until they come up with a solution. Kasumi, one of the chosen ones, has been asleep for years and her awakening, more than a bed of roses, is a bed of thorns, and happens in the midst of total chaos where monstrous creatures lie in wait all around.",
        "actors": [
            "Kana Hanazawa",
            "Kasumi Ishiki (voice)",
            "Kohsei Hirota",
            "Alexandro Pecchino (voice)",
            "Misaki Kuno",
            "Alice (voice)",
            "Tsutomu Isobe",
            "Ivan Coral Vega (voice)",
            "Sayaka Ohara",
            "Katherine Turner (voice)",
            "Ayako Kawasumi",
            "Laura Owen (voice)",
            "Toshiyuki Morikawa",
            "Marco Owen (voice)",
            "Shin-ichiro Miki",
            "Peter Stevens (voice)",
            "Eri Sendai",
            "Shizuku Ishiki (voice)"
        ],
        "orig_title": " いばらの王 -King of Thorn-",
        "status": " Released",
        "orig_lang": " Japanese",
        "budget_x": 102800000.0,
        "revenue": 448180574.8,
        "country": "JP"
    },
    {
        "title": "Journey to the West: Conquering the Demons",
        "date_x": "02/10/2013 ",
        "score": 70.0,
        "genre": [
            "Action",
            "Fantasy",
            "Adventure",
            "Comedy"
        ],
        "overview": "In a world plagued by demons who cause great human suffering, young demon hunter Tang Sanzang must fight against monstrous demons, as well as contend with a beautiful demon hunting woman on his path to enlightenment.",
        "actors": [
            "Wen Zhang",
            "Chen Xuanzang / Tripitaka",
            "Shu Qi",
            "Miss Duan",
            "Huang Bo",
            "Monkey King",
            "Show Lo",
            "Prince Vacant / Prince Important",
            "Lee Sheung-Ching",
            "Fish Demon / Monk Sandy",
            "Chen Bing Qiang",
            "Pig Demon / KL Hog",
            "Cheng Si-Han",
            "Master Nameless",
            "Xing Yu",
            "Fist of the North Star",
            "Lu Zhengyu",
            "Bandit One"
        ],
        "orig_title": " 西游·降魔篇",
        "status": " Released",
        "orig_lang": " Chinese",
        "budget_x": 13457040.0,
        "revenue": 215000000.0,
        "country": "CN"
    },
    {
        "title": "Daisy Quokka: World’s Scariest Animal",
        "date_x": "11/28/2020 ",
        "score": 67.0,
        "genre": [
            "Animation",
            "Comedy",
            "Family"
        ],
        "overview": "When an unbearably adorable, eternally optimistic Quokka named Daisy wants to achieve the impossible – to win the annual ‘World’s Scariest Animal’ championship, she enlists the guidance of a washed-up, former champion, a grouchy Saltwater Crocodile, to help her achieve her dreams and prove that champions can come in all sizes.",
        "actors": [
            "Angourie Rice",
            "Daisy Quokka (voice)",
            "Sam Neill",
            "Frankie Scales (voice)",
            "Sharnee Tones",
            "Ronda Saltie (voice)",
            "Grant Denyer",
            "Dad Quokka (voice)",
            "Lucy Durack",
            "Mum Quokka (voice)",
            "Frank Woodley",
            "Flightless Feather (voice)",
            "Andrew Cook",
            "Jerry Whiskers (voice)",
            "Karl Stefanovic",
            "Wombat Citizen (voice)",
            "Allison Langdon",
            "Kangaroo Citizen (voice)"
        ],
        "orig_title": "Daisy Quokka: World’s Scariest Animal",
        "status": " Released",
        "orig_lang": " English",
        "budget_x": 127600000.0,
        "revenue": 629825382.2,
        "country": "AU"
    },
    {
        "title": "As Good as It Gets",
        "date_x": "02/05/1998 ",
        "score": 74.0,
        "genre": [
            "Drama",
            "Comedy",
            "Romance"
        ],
        "overview": "Melvin Udall, a cranky, bigoted, obsessive-compulsive writer of romantic fiction, is rude to everyone he meets, including his gay neighbor, Simon. After Simon is hospitalized, Melvin finds his life turned upside down when he has to look after Simon's dog. In addition, Carol, the only waitress at the local diner who will tolerate him, must leave work to care for her sick son, making it impossible for Melvin to eat breakfast.",
        "actors": [
            "Jack Nicholson",
            "Melvin Udall",
            "Helen Hunt",
            "Carol Connelly",
            "Greg Kinnear",
            "Simon Bishop",
            "Cuba Gooding Jr.",
            "Frank Sachs",
            "Shirley Knight",
            "Beverly",
            "Jesse James",
            "Spencer Connelly",
            "Yeardley Smith",
            "Jackie Simpson",
            "Lupe Ontiveros",
            "Nora Manning",
            "Skeet Ulrich",
            "Vincent Lopiano"
        ],
        "orig_title": "As Good as It Gets",
        "status": " Released",
        "orig_lang": " English",
        "budget_x": 50000000.0,
        "revenue": 314178011.0,
        "country": "AU"
    },
    {
        "title": "Ring",
        "date_x": "09/13/2001 ",
        "score": 71.0,
        "genre": [
            "Horror",
            "Thriller"
        ],
        "overview": "A mysterious video has been linked to a number of deaths, and when an inquisitive journalist finds the tape and views it herself, she sets in motion a chain of events that puts her own life in danger.",
        "actors": [
            "Nanako Matsushima",
            "Reiko Asakawa",
            "Miki Nakatani",
            "Mai Takano",
            "Hiroyuki Sanada",
            "Ryuji Takayama",
            "Yûko Takeuchi",
            "Tomoko Oishi",
            "Hitomi Satô",
            "Masami Kurahashi",
            "Yôichi Numata",
            "Takashi Yamamura",
            "Yutaka Matsushige",
            "Yoshino",
            "Katsumi Muramatsu",
            "Koichi Asakawa",
            "Rikiya Ôtaka",
            "Yoichi Asakawa"
        ],
        "orig_title": " リング",
        "status": " Released",
        "orig_lang": " Japanese",
        "budget_x": 1200000.0,
        "revenue": 19400000.0,
        "country": "AU"
    },
    {
        "title": "Alive",
        "date_x": "04/01/1993 ",
        "score": 69.0,
        "genre": [
            "Adventure",
            "Drama",
            "Thriller"
        ],
        "overview": "The amazing, true story of a Uruguayan rugby team's plane that crashed in the middle of the Andes mountains, and their immense will to survive and pull through alive, forced to do anything and everything they could to stay alive on meager rations and through the freezing cold.",
        "actors": [
            "Ethan Hawke",
            "Nando Parrado",
            "Vincent Spano",
            "Antonio Balbi",
            "Josh Hamilton",
            "Roberto Canessa",
            "Bruce Ramsay",
            "Carlitos Páez",
            "John Newton",
            "Antonio Vizintín",
            "David Kriegel",
            "Gustavo Zerbino",
            "Kevin Breznahan",
            "Roy Harley",
            "Sam Behrens",
            "Javier Methol",
            "Illeana Douglas",
            "Lilliana Methol"
        ],
        "orig_title": "Alive",
        "status": " Released",
        "orig_lang": " English",
        "budget_x": 32000000.0,
        "revenue": 36299670.0,
        "country": "AU"
    },
    {
        "title": "The Transformers: The Movie",
        "date_x": "12/26/1986 ",
        "score": 72.0,
        "genre": [
            "Animation",
            "Science Fiction",
            "Action",
            "Adventure",
            "Family"
        ],
        "overview": "The Autobots must stop a colossal planet-consuming robot who goes after the Autobot Matrix of Leadership. At the same time, they must defend themselves against an all-out attack from the Decepticons.",
        "actors": [
            "Judd Nelson",
            "Hot Rod / Rodimus Prime (voice)",
            "Peter Cullen",
            "Optimus Prime (voice)",
            "Frank Welker",
            "Megatron / Soundwave / Rumble (voice)",
            "Leonard Nimoy",
            "Galvatron (voice)",
            "Orson Welles",
            "Unicron (voice)",
            "Casey Kasem",
            "Cliffjumper (voice)",
            "Dan Gilvezan",
            "Bumblebee (voice)",
            "Scatman Crothers",
            "Jazz (voice)",
            "Susan Blu",
            "Arcee (voice)"
        ],
        "orig_title": "The Transformers: The Movie",
        "status": " Released",
        "orig_lang": " English",
        "budget_x": 6000000.0,
        "revenue": 5849647.0,
        "country": "AU"
    },
    {
        "title": "Corsage",
        "date_x": "02/09/2023 ",
        "score": 69.0,
        "genre": [
            "Drama",
            "History"
        ],
        "overview": "A fictional account of one year in the life of Empress Elisabeth of Austria. On Christmas Eve 1877, Elisabeth, once idolized for her beauty, turns 40 and is officially deemed an old woman; she starts trying to maintain her public image.",
        "actors": [
            "Vicky Krieps",
            "Empress Elisabeth",
            "Florian Teichtmeister",
            "Franz Josef",
            "Katharina Lorenz",
            "Marie Festetics",
            "Jeanne Werner",
            "Ida Ferenczy",
            "Alma Hasun",
            "Fanny Feifalik",
            "Finnegan Oldfield",
            "Louis Le Prince",
            "Manuel Rubey",
            "Ludwig II",
            "Aaron Friesz",
            "Rudolf",
            "Crown Prince of Austria",
            "Colin Morgan",
            "Bay Middleton"
        ],
        "orig_title": "Corsage",
        "status": " Released",
        "orig_lang": " German",
        "budget_x": 7580600.0,
        "revenue": 537274.0,
        "country": "AU"
    },
    {
        "title": "The Battle at Lake Changjin",
        "date_x": "09/30/2021 ",
        "score": 61.0,
        "genre": [
            "Drama",
            "War"
        ],
        "overview": "Korean War, winter 1950. In the frozen and snowy area of Changjin Lake, a bloody battle is about to begin between the elite troops of the United States and China.",
        "actors": [
            "Wu Jing",
            "Wu Qianli",
            "Jackson Yee",
            "Wu Wanli",
            "Duan Yihong",
            "Tan Ziwei",
            "Yawen Zhu",
            "Mei Sheng",
            "Jerry Lee",
            "Yu Congrong",
            "Zhang Hanyu",
            "Song Shi Lun",
            "Hu Jun",
            "Lei Jusheng",
            "Elvis Han",
            "Ping He",
            "Oho Ou",
            "Yang Gen Si"
        ],
        "orig_title": " 长津湖",
        "status": " Released",
        "orig_lang": " Chinese",
        "budget_x": 200000000.0,
        "revenue": 902540935.0,
        "country": "CN"
    },
    {
        "title": "Clouds",
        "date_x": "10/16/2020 ",
        "score": 83.0,
        "genre": [
            "Music",
            "Drama",
            "Romance"
        ],
        "overview": "Young musician Zach Sobiech discovers his cancer has spread, leaving him just a few months to live. With limited time, he follows his dream and makes an album, unaware that it will soon be a viral music phenomenon.",
        "actors": [
            "Steffan Argus",
            "Zach Sobiech",
            "Sabrina Carpenter",
            "Sammy",
            "Madison Iseman",
            "Amy",
            "Neve Campbell",
            "Laura Sobiech",
            "Tom Everett Scott",
            "Rob Sobiech",
            "Lil Rel Howery",
            "Mr. Weaver",
            "Summer H. Howell",
            "Grace Sobiech",
            "Vivien Endicott Douglas",
            "Alli",
            "Dylan Everett",
            "Sam"
        ],
        "orig_title": "Clouds",
        "status": " Released",
        "orig_lang": " English",
        "budget_x": 104400000.0,
        "revenue": 592783137.6,
        "country": "AU"
    },
    {
        "title": "Babylon A.D.",
        "date_x": "09/16/2008 ",
        "score": 56.0,
        "genre": [
            "Action",
            "Adventure",
            "Science Fiction",
            "Thriller"
        ],
        "overview": "A veteran-turned-mercenary is hired to take a young woman with a secret from post-apocalyptic Eastern Europe to New York City.",
        "actors": [
            "Vin Diesel",
            "Toorop",
            "Michelle Yeoh",
            "Schwester Rebecca",
            "Mélanie Thierry",
            "Aurora",
            "Lambert Wilson",
            "Darquandier",
            "Charlotte Rampling",
            "Hohepriesterin",
            "Gérard Depardieu",
            "Gorsky",
            "Mark Strong",
            "Finn",
            "Jérôme Le Banner",
            "Killa",
            "Joel Kirby",
            "Dr. Newton"
        ],
        "orig_title": "Babylon A.D.",
        "status": " Released",
        "orig_lang": " English",
        "budget_x": 45000000.0,
        "revenue": 70216497.0,
        "country": "AU"
    },
    {
        "title": "Land of the Dead",
        "date_x": "08/04/2005 ",
        "score": 62.0,
        "genre": [
            "Horror",
            "Thriller",
            "Science Fiction"
        ],
        "overview": "The world is full of zombies and the survivors have barricaded themselves inside a walled city to keep out the living dead. As the wealthy hide out in skyscrapers and chaos rules the streets, the rest of the survivors must find a way to stop the evolving zombies from breaking into the city.",
        "actors": [
            "Robin Ward",
            "Fiddler's Green Promo Announcer",
            "Bryan Renfro",
            "Number 9's Victim",
            "Simon Baker",
            "Riley",
            "John Leguizamo",
            "Cholo",
            "Dennis Hopper",
            "Kaufman",
            "Asia Argento",
            "Slack",
            "Robert Joy",
            "Charlie",
            "Eugene A. Clark",
            "Big Daddy",
            "Joanne Boland",
            "Pretty Boy"
        ],
        "orig_title": "Land of the Dead",
        "status": " Released",
        "orig_lang": " English",
        "budget_x": 15000000.0,
        "revenue": 47074133.0,
        "country": "AU"
    },
    {
        "title": "My Girlfriend's Mother 3",
        "date_x": "03/22/2019 ",
        "score": 10.0,
        "genre": [
            "Romance",
            "Drama"
        ],
        "overview": "The man was originally very loving with his girlfriend, and often did some exciting love, including in public places. However, when the man went to his girlfriend's house to see the future mother-in-law, things began to reverse, and the first rushed into it. The mother-in-law’s bathroom made the man’s heart yy, and all this has just begun, because the mother-in-law also discovered his huge genitals...",
        "actors": [
            "Baek Se-ri",
            "",
            "Ahn So-hee",
            ""
        ],
        "orig_title": " 여친 엄마 3",
        "status": " Released",
        "orig_lang": " Korean",
        "budget_x": 198540000.0,
        "revenue": 38157314.0,
        "country": "CN"
    },
    {
        "title": "Soul Plane",
        "date_x": "05/28/2004 ",
        "score": 53.0,
        "genre": [
            "Romance",
            "Comedy"
        ],
        "overview": "Following a ridiculously awful flight that leads to his pet's death, Nashawn Wade files a lawsuit against the airline, and wins a multimillion-dollar settlement. Determined to create a better flying experience, Nashawn starts his own airline, one that caters to an African-American clientele. Going into business with a tricked-out plane piloted by the smooth Capt. Mack, the airline hits a snag when it has to deal with the family of Elvis Hunkee.",
        "actors": [
            "Tom Arnold",
            "Mr. Hunkee",
            "Kevin Hart",
            "Nashawn",
            "Method Man",
            "Muggsy",
            "Snoop Dogg",
            "Captain Mack",
            "K.D. Aubert",
            "Giselle",
            "Godfrey",
            "Gaeman",
            "D.L. Hughley",
            "Johnny",
            "Mo'Nique",
            "Jamiqua",
            "Sofía Vergara",
            "Blanca"
        ],
        "orig_title": "Soul Plane",
        "status": " Released",
        "orig_lang": " English",
        "budget_x": 16000000.0,
        "revenue": 14553807.0,
        "country": "US"
    },
    {
        "title": "Wyatt Earp",
        "date_x": "06/24/1994 ",
        "score": 68.0,
        "genre": [
            "Western",
            "Drama",
            "Action",
            "Adventure"
        ],
        "overview": "Covering the life and times of one of the West's most iconic heroes.",
        "actors": [
            "Kevin Costner",
            "Wyatt Earp",
            "Dennis Quaid",
            "Doc Holliday",
            "Gene Hackman",
            "Nicholas Earp",
            "David Andrews",
            "James Earp",
            "Linden Ashby",
            "Morgan Earp",
            "Jeff Fahey",
            "Ike Clanton",
            "Joanna Going",
            "Josie Marcus",
            "Mark Harmon",
            "Sheriff Johnny Behan",
            "Michael Madsen",
            "Virgil Earp"
        ],
        "orig_title": "Wyatt Earp",
        "status": " Released",
        "orig_lang": " English",
        "budget_x": 63000000.0,
        "revenue": 25052000.0,
        "country": "US"
    },
    {
        "title": "Freaks",
        "date_x": "02/12/1932 ",
        "score": 78.0,
        "genre": [
            "Drama",
            "Horror"
        ],
        "overview": "A circus' beautiful trapeze artist agrees to marry the leader of side-show performers, but his deformed friends discover she is only marrying him for his inheritance.",
        "actors": [
            "Harry Earles",
            "Hans",
            "Olga Baclanova",
            "Cleopatra",
            "Daisy Earles",
            "Frieda",
            "Henry Victor",
            "Hercules",
            "Wallace Ford",
            "Phroso",
            "Leila Hyams",
            "Venus",
            "Roscoe Ates",
            "Roscoe",
            "Angelo Rossitto",
            "Angeleno",
            "Jerry Austin",
            "Knife-Throwing Dwarf (uncredited)"
        ],
        "orig_title": "Freaks",
        "status": " Released",
        "orig_lang": " English",
        "budget_x": 310607.0,
        "revenue": 4679111.6,
        "country": "US"
    },
    {
        "title": "The Mothman Prophecies",
        "date_x": "05/23/2002 ",
        "score": 62.0,
        "genre": [
            "Drama",
            "Horror",
            "Mystery"
        ],
        "overview": "Reporter John Klein is plunged into a world of impossible terror and unthinkable chaos when fate draws him to a sleepy West Virginia town whose residents are being visited by a great winged shape that sows hideous nightmares and fevered visions.",
        "actors": [
            "Richard Gere",
            "John Klein",
            "Laura Linney",
            "Connie Mills",
            "Will Patton",
            "Gordon Smallwood",
            "Debra Messing",
            "Mary Klein",
            "David Eigenberg",
            "Ed Fleischman",
            "Alan Bates",
            "Alexander Leek",
            "Lucinda Jenney",
            "Denise Smallwood",
            "Nesbitt Blaisdell",
            "Chief Josh Jarrett",
            "Bill Laing",
            "Indrid Cold"
        ],
        "orig_title": "The Mothman Prophecies",
        "status": " Released",
        "orig_lang": " English",
        "budget_x": 42000000.0,
        "revenue": 56438555.0,
        "country": "AU"
    }
]