[
    {
        "title": "Lock Up",
        "date_x": "10/26/1989 ",
        "score": 68.0,
        "genre": [
            "Action",
            "Crime"
        ],
        "overview": "Frank Leone is nearing the end of his prison term for a relatively minor crime. Just before he is paroled, however, Warden Drumgoole takes charge. Drumgoole was assigned to a hell-hole prison after his administration was publicly humiliated by Leone, and has now arrived on the scene to ensure that Leone never sees the light of day.",
        "actors": [
            "Sylvester Stallone",
            "Frank Leone",
            "Donald Sutherland",
            "Warden Drumgoole",
            "John Amos",
            "Captain Meissner",
            "Sonny Landham",
            "Chink Weber",
            "Tom Sizemore",
            "Dallas",
            "Frank McRae",
            "Eclipse",
            "Darlanne Fluegel",
            "Melissa",
            "William Allen Young",
            "Braden",
            "Larry Romano",
            "First Base"
        ],
        "orig_title": "Lock Up",
        "status": " Released",
        "orig_lang": " English",
        "budget_x": 24000000.0,
        "revenue": 22099847.0,
        "country": "AU"
    },
    {
        "title": "Chernobyl Diaries",
        "date_x": "05/24/2012 ",
        "score": 52.0,
        "genre": [
            "Horror",
            "Thriller"
        ],
        "overview": "A group of six tourists looking to go off the beaten path, hire an 'extreme tour guide' who, ignoring warnings, takes them into the city of Pripyat, the former home to the workers of the Chernobyl nuclear reactor, but now a deserted town since the disaster more than 25 years earlier. After a brief exploration of the abandoned city, the group members find themselves stranded, only to discover that they are not alone.",
        "actors": [
            "Jesse McCartney",
            "Chris",
            "Devin Kelley",
            "Amanda",
            "Jonathan Sadowski",
            "Paul",
            "Olivia Taylor Dudley",
            "Natalie",
            "Ingrid Bolsø Berdal",
            "Zoe",
            "Nathan Phillips",
            "Michael",
            "Alex Feldman",
            "Medic Goldshmidt",
            "Milutin Milošević",
            "Ukrainian Thug",
            "Kristof Konrad",
            "Medic Grotzky"
        ],
        "orig_title": "Chernobyl Diaries",
        "status": " Released",
        "orig_lang": " English",
        "budget_x": 1000000.0,
        "revenue": 42411721.0,
        "country": "AU"
    },
    {
        "title": "Falling Down",
        "date_x": "03/10/1993 ",
        "score": 74.0,
        "genre": [
            "Crime",
            "Drama",
            "Thriller"
        ],
        "overview": "An ordinary man frustrated with the various flaws he sees in society begins to psychotically and violently lash out against them.",
        "actors": [
            "Michael Douglas",
            "D-Fens",
            "Robert Duvall",
            "Prendergast",
            "Barbara Hershey",
            "Beth",
            "Rachel Ticotin",
            "Sandra",
            "Tuesday Weld",
            "Mrs. Prendergast",
            "Frederic Forrest",
            "Surplus Store Owner",
            "Lois Smith",
            "D-Fens' Mother",
            "Ebbe Roe Smith",
            "Guy on Freeway",
            "Michael Paul Chan",
            "Mr. Lee"
        ],
        "orig_title": "Falling Down",
        "status": " Released",
        "orig_lang": " English",
        "budget_x": 25000000.0,
        "revenue": 40903593.0,
        "country": "AU"
    },
    {
        "title": "40 Years Young",
        "date_x": "03/10/2022 ",
        "score": 59.0,
        "genre": [
            "Comedy"
        ],
        "overview": "After turning 40, César is invited to a culinary contest in Cancún, but a bitter discovery threatens to destroy his family as well as his chances to win the competition.",
        "actors": [
            "Adal Ramones",
            "Paolo",
            "Erick Elías",
            "César",
            "Gaby Espino",
            "Naomi",
            "Sonia Couoh",
            "Selina",
            "Ximena Rubio",
            "Amelia",
            "Anabel Ferreira",
            "Mamá de Amelia",
            "Miguel Pizarro",
            "Casas",
            "Giovanna Zacarías",
            "Mujer del jurado popular",
            "Juan Carlos Colombo",
            "Cura"
        ],
        "orig_title": " Cuarentones",
        "status": " Released",
        "orig_lang": " Spanish, Castilian",
        "budget_x": 135159000.0,
        "revenue": 234980052.8,
        "country": "MX"
    },
    {
        "title": "Crouching Tiger, Hidden Dragon",
        "date_x": "01/04/2001 ",
        "score": 74.0,
        "genre": [
            "Adventure",
            "Drama",
            "Action",
            "Romance"
        ],
        "overview": "Two warriors in pursuit of a stolen sword and a notorious fugitive are led to an impetuous, physically-skilled, teenage nobleman's daughter, who is at a crossroads in her life.",
        "actors": [
            "Chow Yun-fat",
            "Master Li Mu Bai",
            "Michelle Yeoh",
            "Yu Shu Lien",
            "Zhang Ziyi",
            "Jen Yu",
            "Chang Chen",
            "Lo \"Dark Cloud\"",
            "Sihung Lung",
            "Sir Te",
            "Cheng Pei-pei",
            "Jade Fox",
            "Li Fazeng",
            "Governor Yu",
            "Gao Xi'an",
            "Bo",
            "Hai Yan",
            "Madame Yu"
        ],
        "orig_title": " 卧虎藏龍",
        "status": " Released",
        "orig_lang": " Chinese",
        "budget_x": 15000000.0,
        "revenue": 213963830.0,
        "country": "AU"
    },
    {
        "title": "Ride Above",
        "date_x": "12/21/2022 ",
        "score": 72.0,
        "genre": [
            "Drama",
            "Comedy",
            "Family"
        ],
        "overview": "Growing up among horses at her parents' stud farm, Zoé dreams of becoming a jockey and forms a deep bond with a young horse. A terrible accident threatens to end their racing careers, but they fight to reach victory together.",
        "actors": [
            "Mélanie Laurent",
            "",
            "Pio Marmaï",
            "",
            "Kacey Mottet Klein",
            "",
            "Carmen Kassovitz",
            "",
            "Charlie Paulet",
            "",
            "June Benard",
            "",
            "Carole Bouquet",
            "",
            "Danny Huston",
            "",
            "Hugo Becker",
            ""
        ],
        "orig_title": " Tempête",
        "status": " Released",
        "orig_lang": " French",
        "budget_x": 12000000.0,
        "revenue": 101412590.0,
        "country": "FR"
    },
    {
        "title": "The Last Days on Mars",
        "date_x": "09/19/2013 ",
        "score": 54.0,
        "genre": [
            "Science Fiction",
            "Thriller",
            "Horror"
        ],
        "overview": "On the last day of the first manned mission to Mars, a crew member of Tantalus Base believes he has made an astounding discovery – fossilized evidence of bacterial life. Unwilling to let the relief crew claim all the glory, he disobeys orders to pack up and goes out on an unauthorized expedition to collect further samples. But a routine excavation turns to disaster when the porous ground collapses and he falls into a deep crevice. His devastated colleagues attempt to recover his body. However, when another vanishes, they start to suspect that the life-form they have discovered is not without danger.",
        "actors": [
            "Liev Schreiber",
            "Vincent Campbell",
            "Romola Garai",
            "Rebecca Lane",
            "Elias Koteas",
            "Charles Brunel",
            "Olivia Williams",
            "Kim Aldrich",
            "Johnny Harris",
            "Robert Irwin",
            "Goran Kostić",
            "Marko Petrovic",
            "Tom Cullen",
            "Richard Harrington",
            "Yusra Warsama",
            "Lauren Dalby",
            "Patrick Joseph Byrnes",
            "Flight Commander Ellis"
        ],
        "orig_title": "The Last Days on Mars",
        "status": " Released",
        "orig_lang": " English",
        "budget_x": 10600000.0,
        "revenue": 261364.0,
        "country": "GB"
    },
    {
        "title": "Backcountry",
        "date_x": "08/28/2015 ",
        "score": 58.0,
        "genre": [
            "Thriller",
            "Drama",
            "Horror"
        ],
        "overview": "A couple on a deep-wilderness hike become hopelessly lost within an aggressive black bear's territory.",
        "actors": [
            "Missy Peregrym",
            "Jenn",
            "Jeff Roop",
            "Alex",
            "Eric Balfour",
            "Brad",
            "Nicholas Campbell",
            "Ranger"
        ],
        "orig_title": "Backcountry",
        "status": " Released",
        "orig_lang": " English",
        "budget_x": 213000000.0,
        "revenue": 478445768.8,
        "country": "CA"
    },
    {
        "title": "Vice",
        "date_x": "03/18/2015 ",
        "score": 44.0,
        "genre": [
            "Thriller",
            "Science Fiction",
            "Action",
            "Adventure"
        ],
        "overview": "Julian Michaels has designed the ultimate resort: VICE, where anything goes and the customers can play out their wildest fantasies with artificial inhabitants who look, think and feel like humans. When an artificial becomes self-aware and escapes, she finds herself caught in the crossfire between Julian's mercenaries and a cop who is hell-bent on shutting down Vice, and stopping the violence once and for all.",
        "actors": [
            "Ambyr Childers",
            "Kelly",
            "Thomas Jane",
            "Roy",
            "Bryan Greenberg",
            "Evan",
            "Bruce Willis",
            "Julian",
            "Johnathon Schaech",
            "Chris",
            "Charlotte Kirk",
            "Melissa",
            "Brett Granstaff",
            "James",
            "Ryan O'Nan",
            "Det. Matthews",
            "David Gordon",
            "Mitch"
        ],
        "orig_title": "Vice",
        "status": " Released",
        "orig_lang": " English",
        "budget_x": 60000000.0,
        "revenue": 70893782.0,
        "country": "AU"
    },
    {
        "title": "Popeye",
        "date_x": "05/07/1981 ",
        "score": 54.0,
        "genre": [
            "Action",
            "Adventure",
            "Comedy",
            "Family"
        ],
        "overview": "Popeye is a super-strong, spinach-scarfing sailor man who's searching for his father. During a storm that wrecks his ship, Popeye washes ashore and winds up rooming at the Oyl household, where he meets Olive. Before he can win her heart, he must first contend with Olive's fiancé, Bluto.",
        "actors": [
            "Robin Williams",
            "Popeye",
            "Shelley Duvall",
            "Olive Oyl",
            "Ray Walston",
            "Poopdeck Pappy",
            "Paul Dooley",
            "Wimpy",
            "Paul L. Smith",
            "Bluto",
            "Richard Libertini",
            "Geezil",
            "Donald Moffat",
            "The Taxman",
            "MacIntyre Dixon",
            "Cole Oyl",
            "Roberta Maxwell",
            "Nana Oyl"
        ],
        "orig_title": "Popeye",
        "status": " Released",
        "orig_lang": " English",
        "budget_x": 20000000.0,
        "revenue": 49823037.0,
        "country": "AU"
    },
    {
        "title": "Garo: Divine Flame",
        "date_x": "04/01/2016 ",
        "score": 59.0,
        "genre": [
            "Action",
            "Animation"
        ],
        "overview": "Leon, who has succeeded the name of Golden Knight \"GARO,\" devotes himself to train a young Makai Knight for the next generation, together with Prince Alfonso of the Valiante Kingdom. Then, they receive an order to exterminate the most beautiful Horror in the world which resides in a neighboring country \"Vazelia.\" At the same time, a young Makai Knight for the next generation is kidnapped by an unknown person. Leon desperately follows them, only to find that he is surrounded by his enemies at a dead end. Then, a Makai Knight Dario who was supposed to be missing for some time suddenly appears and rescues him. Under his guidance, Leon is led to the town where he meets up a totally unexpected person.",
        "actors": [
            "Katsuhito Nomura",
            "Alfonso San Valiante (voice)",
            "Daisuke Namikawa",
            "Leon \"Garo\" Luis (voice)",
            "Kenyu Horiuchi",
            "German \"Roberto\" Luis (voice)",
            "Romi Park",
            "Emma Guzman (voice)",
            "Yumi Sudo",
            "Ximena Coronado (voice)",
            "Miyu Tomita",
            "Roberto Luis (voice)",
            "Masato Hagiwara",
            "Dario Montooya (voice)",
            "Arisa Komiya",
            "Sarah (voice)"
        ],
        "orig_title": " 劇場版 牙狼〈GARO〉‐DIVINE FLAME‐",
        "status": " Released",
        "orig_lang": " Japanese",
        "budget_x": 101300000.0,
        "revenue": 819177204.2,
        "country": "JP"
    },
    {
        "title": "Tusk",
        "date_x": "09/06/2014 ",
        "score": 55.0,
        "genre": [
            "Comedy",
            "Horror"
        ],
        "overview": "When his best friend and podcast co-host goes missing in the backwoods of Canada, a young guy joins forces with his friend's girlfriend to search for him.",
        "actors": [
            "Justin Long",
            "Wallace Bryton",
            "Michael Parks",
            "Howard Howe",
            "Génesis Rodríguez",
            "Allison",
            "Haley Joel Osment",
            "Teddy",
            "Ralph Garman",
            "Frank Garmin",
            "Johnny Depp",
            "Guy Lapointe",
            "Harley Quinn Smith",
            "Colleen McKenzie / Girl Clerk #1",
            "Lily-Rose Depp",
            "Colleen Collette / Girl Clerk #2",
            "Matt Shively",
            "Young Howard Howe"
        ],
        "orig_title": "Tusk",
        "status": " Released",
        "orig_lang": " English",
        "budget_x": 3000000.0,
        "revenue": 1887554.0,
        "country": "CA"
    },
    {
        "title": "DuckTales: The Movie - Treasure of the Lost Lamp",
        "date_x": "01/03/1991 ",
        "score": 67.0,
        "genre": [
            "Adventure",
            "Animation",
            "Family",
            "Comedy",
            "Fantasy"
        ],
        "overview": "With his nephews and niece, everyone's favorite rich uncle, Scrooge McDuck, treks from his mansion home in Duckburg in search of the long-lost loot of the thief Collie Baba. But finding the goods isn't quite what it's \"quacked\" up to be! Their thrilling adventure leads to comical chaos, magical mayhem, and a lesson about what is far more valuable than money, gold and jewels.",
        "actors": [
            "Alan Young",
            "Scrooge McDuck (voice)",
            "Terence McGovern",
            "Launchpad McQuack (voice)",
            "Russi Taylor",
            "Huey Duck / Dewey Duck / Louie Duck / Webby Vanderquack (voice)",
            "Richard Libertini",
            "Dijon (voice)",
            "Christopher Lloyd",
            "Merlock the Magician (voice)",
            "June Foray",
            "Mrs. Featherby (voice)",
            "Chuck McCann",
            "Duckworth (voice)",
            "Joan Gerber",
            "Mrs. Beakley (voice)",
            "Rip Taylor",
            "Gene the Genie (voice)"
        ],
        "orig_title": "DuckTales: The Movie - Treasure of the Lost Lamp",
        "status": " Released",
        "orig_lang": " English",
        "budget_x": 86204572.0,
        "revenue": 18115724.0,
        "country": "AU"
    },
    {
        "title": "Under Siege 2: Dark Territory",
        "date_x": "07/20/1995 ",
        "score": 58.0,
        "genre": [
            "Action",
            "Thriller"
        ],
        "overview": "A passenger train has been hijacked by an electronics expert and turned into an untraceable command center for a weapons satellite. He has planned to blow up Washington DC and only one man can stop him, former Navy SEAL Casey Ryback.",
        "actors": [
            "Steven Seagal",
            "Casey Ryback",
            "Eric Bogosian",
            "Travis Dane",
            "Katherine Heigl",
            "Sarah Ryback",
            "Morris Chestnut",
            "Bobby Zachs",
            "Everett McGill",
            "Penn",
            "Brenda Bakke",
            "Cap. Linda Gilder",
            "Peter Greene",
            "Merc #1",
            "Andy Romano",
            "Admiral Bates",
            "Nick Mancuso",
            "Tom Breaker"
        ],
        "orig_title": "Under Siege 2: Dark Territory",
        "status": " Released",
        "orig_lang": " English",
        "budget_x": 60000000.0,
        "revenue": 104324083.0,
        "country": "AU"
    },
    {
        "title": "Village of the Damned",
        "date_x": "04/28/1995 ",
        "score": 60.0,
        "genre": [
            "Thriller",
            "Horror",
            "Science Fiction"
        ],
        "overview": "An American village is visited by some unknown life form which leaves the women of the village pregnant. Nine months later, the babies are born, and they all look normal, but it doesn't take the \"parents\" long to realize that the kids are not human or humane.",
        "actors": [
            "Christopher Reeve",
            "Dr. Alan Chaffee",
            "Kirstie Alley",
            "Dr. Susan Verner",
            "Linda Kozlowski",
            "Jill McGowan",
            "Michael Paré",
            "Frank McGowan",
            "Meredith Salenger",
            "Melanie Roberts",
            "Mark Hamill",
            "Reverend George",
            "Pippa Pearthree",
            "Sarah",
            "George's Wife",
            "Peter Jason",
            "Ben Blum",
            "Constance Forslund",
            "Callie Blum"
        ],
        "orig_title": "Village of the Damned",
        "status": " Released",
        "orig_lang": " English",
        "budget_x": 22000000.0,
        "revenue": 9418365.0,
        "country": "US"
    },
    {
        "title": "The Edge of Seventeen",
        "date_x": "01/05/2017 ",
        "score": 72.0,
        "genre": [
            "Comedy",
            "Drama"
        ],
        "overview": "Two high school girls are best friends until one dates the other's older brother, who is totally his sister's nemesis.",
        "actors": [
            "Hailee Steinfeld",
            "Nadine Franklin",
            "Haley Lu Richardson",
            "Krista",
            "Blake Jenner",
            "Darian Franklin",
            "Woody Harrelson",
            "Mr. Bruner",
            "Kyra Sedgwick",
            "Mona Franklin",
            "Hayden Szeto",
            "Erwin Kim",
            "Alexander Calvert",
            "Nick Mossman",
            "Eric Keenleyside",
            "Tom Franklin",
            "Nesta Cooper",
            "Shannon"
        ],
        "orig_title": "The Edge of Seventeen",
        "status": " Released",
        "orig_lang": " English",
        "budget_x": 9000000.0,
        "revenue": 19096003.0,
        "country": "AU"
    },
    {
        "title": "Monster High: Welcome to Monster High",
        "date_x": "08/27/2016 ",
        "score": 68.0,
        "genre": [
            "Animation",
            "Family"
        ],
        "overview": "Monsters once lived in hiding—even from each other—because they were afraid they would be in danger if humans knew they existed. But Draculaura, the daughter of Dracula, along with her best ghoulfriends, dreamt of a school where everyone was welcome and accepted for who they are. Determined to make their dream come true, the ghouls travel the world on an epic adventure to recruit new students. But even in this amazing place, there's drama: a villainess zombie is spreading trouble rather than friendship, and every student must live with the fear that their secret will be revealed. Now the ghouls must save their school so that every monster has a place where they belong and their uniqueness is celebrated!",
        "actors": [
            "Hippo Cabal",
            "Burrito Cat",
            "Cam Clarke",
            "Agent / Monster Boy Gargoyle / Monster Boy Vampire",
            "Sara Cravens",
            "Clawdeen's Mom / Manager",
            "Debi Derryberry",
            "Draculaura",
            "Ben Diskin",
            "Gob / Zomboys",
            "Travis Dresden",
            "Raythe",
            "Jun Falkenstein",
            "Lunch Lady",
            "Larissa Gallagher",
            "Lagoona / Reporter",
            "Jonquil Goode",
            "Tash / Ari"
        ],
        "orig_title": "Monster High: Welcome to Monster High",
        "status": " Released",
        "orig_lang": " English",
        "budget_x": 98140000.0,
        "revenue": 494358731.6,
        "country": "US"
    },
    {
        "title": "Lost in Space",
        "date_x": "04/09/1998 ",
        "score": 54.0,
        "genre": [
            "Science Fiction",
            "Adventure"
        ],
        "overview": "The prospects for continuing life on Earth in the year 2058 are grim. So the Robinsons are launched into space to colonize Alpha Prime, the only other inhabitable planet in the galaxy. But when a stowaway sabotages the mission, the Robinsons find themselves hurtling through uncharted space.",
        "actors": [
            "Jack Johnson",
            "Will Robinson",
            "Gary Oldman",
            "Dr. Zachary Smith",
            "William Hurt",
            "Prof. John Robinson",
            "Mimi Rogers",
            "Dr. Maureen Robinson",
            "Lacey Chabert",
            "Penny Robinson",
            "Matt LeBlanc",
            "Maj. Don West",
            "Heather Graham",
            "Dr. Judy Robinson",
            "Jared Harris",
            "Older Will Robinson",
            "Mark Goddard",
            "General"
        ],
        "orig_title": "Lost in Space",
        "status": " Released",
        "orig_lang": " English",
        "budget_x": 80000000.0,
        "revenue": 136159423.0,
        "country": "AU"
    },
    {
        "title": "New Initial D the Movie - Legend 3: Dream",
        "date_x": "02/06/2016 ",
        "score": 76.0,
        "genre": [
            "Action",
            "Animation",
            "Drama"
        ],
        "overview": "Mt. Akina's new downhill racing hero Fujiwara Takumi prepares for the final showdown against Red Sun's unbeaten leader and Akagi's fastest driver, Takahashi Ryosuke.",
        "actors": [
            "Hiroaki Hirata",
            "Bunta Fujiwara",
            "Hiroshi Tsuchida",
            "Kōichirō Iketani",
            "Mamoru Miyano",
            "Takumi Fujiwara",
            "Yuichi Nakamura",
            "Keisuke Takahashi",
            "Daisuke Ono",
            "Ryosuke Takahashi",
            "Maaya Uchida",
            "Natsuki Mogi"
        ],
        "orig_title": " 頭文字D Legend3 夢現",
        "status": " Released",
        "orig_lang": " Japanese",
        "budget_x": 128800000.0,
        "revenue": 487794129.8,
        "country": "JP"
    },
    {
        "title": "A Dirty Shame",
        "date_x": "09/24/2004 ",
        "score": 54.0,
        "genre": [
            "Comedy"
        ],
        "overview": "Sylvia Stickles runs a convenience store with her husband and mother-in-law. One day, Sylvia is hit on the head and transforms from an uptight prude to a sex-crazed lunatic. As she goes on a rampage through town, Sylvia attracts the attention of Ray Ray, a sexual healer and tow truck driver in search of the world's greatest orgasm. Their sexual revolution, however, causes a class war in their tiny Baltimore community.",
        "actors": [
            "Tracey Ullman",
            "Sylvia Stickles",
            "Johnny Knoxville",
            "Ray Ray Perkins",
            "Selma Blair",
            "Caprice Stickles",
            "Chris Isaak",
            "Vaughn Stickles",
            "Suzanne Shepherd",
            "Big Ethel",
            "Mink Stole",
            "Marge the Neuter",
            "Patricia Hearst",
            "Paige",
            "Jackie Hoffman",
            "Dora",
            "Nicholas E.I. Noble",
            "Weird Paperboy"
        ],
        "orig_title": "A Dirty Shame",
        "status": " Released",
        "orig_lang": " English",
        "budget_x": 15000000.0,
        "revenue": 1914166.0,
        "country": "US"
    },
    {
        "title": "The Hard Way",
        "date_x": "03/05/2019 ",
        "score": 54.0,
        "genre": [
            "Action"
        ],
        "overview": "After learning of his brother's death during a mission in Romania, a former soldier joins two allies to hunt down a mysterious enemy and take his revenge.",
        "actors": [
            "Michael Jai White",
            "Payne",
            "Luke Goss",
            "Mason",
            "Randy Couture",
            "Briggs",
            "Mãdãlina Anea",
            "Lacy Love",
            "Grant Campbell",
            "Cody",
            "George Remes",
            "Joe Vig",
            "Ovidiu Niculescu",
            "Frankie Fine",
            "Andreea Diac",
            "Sky",
            "Michaela Holla",
            "Monica"
        ],
        "orig_title": "The Hard Way",
        "status": " Released",
        "orig_lang": " English",
        "budget_x": 83800000.0,
        "revenue": 746458890.8,
        "country": "AU"
    },
    {
        "title": "Like a Boss",
        "date_x": "05/06/2020 ",
        "score": 63.0,
        "genre": [
            "Comedy"
        ],
        "overview": "Two female friends with very different ideals decide to start a beauty company together. One is more practical, while the other wants to earn her fortune and live a lavish lifestyle.",
        "actors": [
            "Tiffany Haddish",
            "Mia Carter",
            "Rose Byrne",
            "Mel Paige",
            "Salma Hayek",
            "Claire Luna",
            "Karan Soni",
            "Josh Tinker",
            "Jacob Latimore",
            "Harry",
            "Billy Porter",
            "Barrett",
            "Jimmy O. Yang",
            "Ron",
            "Ryan Hansen",
            "Greg",
            "Jennifer Coolidge",
            "Sydney"
        ],
        "orig_title": "Like a Boss",
        "status": " Released",
        "orig_lang": " English",
        "budget_x": 29000000.0,
        "revenue": 26563888.0,
        "country": "AU"
    },
    {
        "title": "Dial M for Murder",
        "date_x": "04/20/1955 ",
        "score": 80.0,
        "genre": [
            "Crime",
            "Thriller"
        ],
        "overview": "An ex-tennis pro carries out a plot to have his wife murdered after discovering she is having an affair, and assumes she will soon leave him for the other man anyway. When things go wrong, he improvises a new plan—to frame her for murder instead.",
        "actors": [
            "Ray Milland",
            "Tony Wendice",
            "Grace Kelly",
            "Margot Wendice",
            "Robert Cummings",
            "Mark Halliday",
            "John Williams",
            "Chief Inspector Hubbard",
            "Anthony Dawson",
            "Charles Swann",
            "Leo Britt",
            "Storyteller",
            "Patrick Allen",
            "Detective Pearson",
            "George Leigh",
            "Detective Williams",
            "George Alderson",
            "First Detective"
        ],
        "orig_title": "Dial M for Murder",
        "status": " Released",
        "orig_lang": " English",
        "budget_x": 1400000.0,
        "revenue": 3000000.0,
        "country": "AU"
    },
    {
        "title": "The Lost Prince",
        "date_x": "02/12/2020 ",
        "score": 57.0,
        "genre": [
            "Fantasy",
            "Adventure",
            "Comedy"
        ],
        "overview": "Djibi lives alone with Sofia, his 8-year-old daughter. Every night, he invents a story to put him to sleep. When Sofia falls asleep, these extraordinary stories come to life somewhere in an imaginary world inhabited by knights, pirates and other dragons. In this world that belongs only to them, Sofia is always the princess to save, and the brave Prince is none other than Djibi himself.  But 3 years later, the entry of Sofia to the college will mark the end of her childhood. To the despair of her father, she no longer needs her stories at night. On the one hand, Djibi will have to accept that his daughter will grow up and move away from him. On the other hand, in the World of Stories, the Prince will have to face the most epic of all his adventures. Find your destiny in a world where it no longer has a place.",
        "actors": [
            "Omar Sy",
            "Djibi",
            "le père / le prince",
            "Bérénice Bejo",
            "Clotilde",
            "la voisine / la femme à la porte",
            "François Damiens",
            "Pritprout",
            "Sarah Gaye",
            "Sofia (12 ans)",
            "Keyla Fala",
            "Sofia (8 ans) / la princesse",
            "Néotis Ronzon",
            "Max / le nouveau prince",
            "Philippe Vieux",
            "Wallace",
            "le régisseur",
            "Philippe Uchan",
            "Bernard",
            "le régisseur",
            "Lionel Laget",
            "Jacques dit \"Benoit\"",
            "l'accessoiriste"
        ],
        "orig_title": " Le prince oublié",
        "status": " Released",
        "orig_lang": " French",
        "budget_x": 122800000.0,
        "revenue": 366208661.4,
        "country": "FR"
    },
    {
        "title": "Eli",
        "date_x": "10/18/2019 ",
        "score": 60.0,
        "genre": [
            "Horror"
        ],
        "overview": "A boy named Eli with a rare autoimmune disorder is confined to a special experimental clinic for his treatment. He soon begins experiencing supernatural forces, turning the supposedly safe facility into a haunted prison for him and his fellow patients.",
        "actors": [
            "Charlie Shotwell",
            "Eli",
            "Lili Taylor",
            "Dr. Isabella Horn",
            "Kelly Reilly",
            "Rose",
            "Max Martini",
            "Paul",
            "Sadie Sink",
            "Haley",
            "Deneen Tyler",
            "Nurse Barbara",
            "Katia Gomez",
            "Nurse Maricela",
            "Austin Foxx",
            "Perry",
            "Parker Lovein",
            "Lucius"
        ],
        "orig_title": "Eli",
        "status": " Released",
        "orig_lang": " English",
        "budget_x": 11000000.0,
        "revenue": 0.0,
        "country": "AU"
    },
    {
        "title": "DOA: Dead or Alive",
        "date_x": "09/07/2006 ",
        "score": 52.0,
        "genre": [
            "Adventure",
            "Action",
            "Thriller"
        ],
        "overview": "Four beautiful rivals at an invitation-only martial-arts tournament join forces against a sinister threat. Princess Kasumi is an aristocratic warrior trained by martial-arts masters. Tina Armstrong is a wrestling superstar. Helena Douglas is an athlete with a tragic past. Christie Allen earns her keep as a thief and an assassin-for-hire.",
        "actors": [
            "Jaime Pressly",
            "Tina Armstrong",
            "Devon Aoki",
            "Kasumi",
            "Holly Valance",
            "Christie Allen",
            "Sarah Carter",
            "Helena Douglas",
            "Natassia Malthe",
            "Ayane",
            "Kane Kosugi",
            "Ryu Hayabusa",
            "Eric Roberts",
            "Donovan",
            "Steve Howey",
            "Weatherby",
            "Brian J. White",
            "Zack"
        ],
        "orig_title": "DOA: Dead or Alive",
        "status": " Released",
        "orig_lang": " English",
        "budget_x": 30000000.0,
        "revenue": 7755686.0,
        "country": "AU"
    },
    {
        "title": "The Paperboy",
        "date_x": "02/26/2013 ",
        "score": 56.0,
        "genre": [
            "Thriller",
            "Drama",
            "Mystery"
        ],
        "overview": "As investigative reporter Ward Jansen and his partner Yardley Acheman chase a sensational, career-making story with the help of Ward's younger brother Jack and sultry death-row groupie Charlotte Bless, the pair tries to prove violent swamp-dweller Hillary Van Wetter was framed for the murder of a corrupt local sheriff.",
        "actors": [
            "Zac Efron",
            "Jack Jansen",
            "Matthew McConaughey",
            "Ward Jansen",
            "Nicole Kidman",
            "Charlotte Bless",
            "John Cusack",
            "Hillary Van Wetter",
            "David Oyelowo",
            "Yardley Acheman",
            "Scott Glenn",
            "W.W. Jansen",
            "Ned Bellamy",
            "Tyree van Wetter",
            "Nealla Gordon",
            "Ellen Guthrie",
            "Macy Gray",
            "Anita / Narrator"
        ],
        "orig_title": "The Paperboy",
        "status": " Released",
        "orig_lang": " English",
        "budget_x": 12500000.0,
        "revenue": 4027663.0,
        "country": "AU"
    },
    {
        "title": "Wall Street: Money Never Sleeps",
        "date_x": "09/02/2010 ",
        "score": 61.0,
        "genre": [
            "Drama",
            "Crime"
        ],
        "overview": "As the global economy teeters on the brink of disaster, a young Wall Street trader partners with disgraced former Wall Street corporate raider Gordon Gekko on a two tiered mission: To alert the financial community to the coming doom, and to find out who was responsible for the death of the young trader's mentor.",
        "actors": [
            "Michael Douglas",
            "Gordon Gekko",
            "Shia LaBeouf",
            "Jacob Moore",
            "Josh Brolin",
            "Bretton James",
            "Carey Mulligan",
            "Winnie Gekko",
            "Frank Langella",
            "Lewis Zabel",
            "Susan Sarandon",
            "Sylvia Moore",
            "Eli Wallach",
            "Julie Steinhardt",
            "Vanessa Ferlito",
            "Audrey",
            "Jason Clarke",
            "Jack Schwietzer"
        ],
        "orig_title": "Wall Street: Money Never Sleeps",
        "status": " Released",
        "orig_lang": " English",
        "budget_x": 70000000.0,
        "revenue": 134748021.0,
        "country": "AU"
    },
    {
        "title": "Little Miss Sunshine",
        "date_x": "10/12/2006 ",
        "score": 77.0,
        "genre": [
            "Comedy",
            "Drama"
        ],
        "overview": "A family loaded with quirky, colorful characters piles into an old van and road trips to California for little Olive to compete in a beauty pageant.",
        "actors": [
            "Greg Kinnear",
            "Richard Hoover",
            "Toni Collette",
            "Sheryl Hoover",
            "Steve Carell",
            "Frank Ginsberg",
            "Paul Dano",
            "Dwayne Hoover",
            "Abigail Breslin",
            "Olive Hoover",
            "Alan Arkin",
            "Edwin Hoover",
            "Bryan Cranston",
            "Stan Grossman",
            "Beth Grant",
            "Nancy Jenkins",
            "Wallace Langham",
            "Kirby"
        ],
        "orig_title": "Little Miss Sunshine",
        "status": " Released",
        "orig_lang": " English",
        "budget_x": 8000000.0,
        "revenue": 100642353.0,
        "country": "AU"
    },
    {
        "title": "Detective Conan: Dimensional Sniper",
        "date_x": "04/19/2014 ",
        "score": 69.0,
        "genre": [
            "Action",
            "Animation",
            "Drama",
            "Mystery"
        ],
        "overview": "A vicious sniper has appeared in Tokyo, rendering the people too scared to go outside, once again it's up to Conan to figure out the meaning behind the killings and capture the mysterious sniper before more lives are lost.",
        "actors": [
            "Minami Takayama",
            "Conan Edogawa (voice)",
            "Wakana Yamazaki",
            "Ran Mori (voice)",
            "Rikiya Koyama",
            "Kogoro Mori (voice)",
            "Kappei Yamaguchi",
            "Shinichi Kudo (voice)",
            "Megumi Hayashibara",
            "Ai Haibara (voice)",
            "Noriko Hidaka",
            "Masumi Sera (voice)",
            "Shuichi Ikeda",
            "Shuichi Akai (voice)",
            "Miyuki Ichijou",
            "Jodie Starling (voice)",
            "Iemasa Kayumi",
            "James Black (voice)"
        ],
        "orig_title": " 名探偵コナン 異次元の狙撃手",
        "status": " Released",
        "orig_lang": " Japanese",
        "budget_x": 149800000.0,
        "revenue": 858082276.4,
        "country": "JP"
    },
    {
        "title": "Books of Blood",
        "date_x": "10/07/2020 ",
        "score": 65.0,
        "genre": [
            "Horror",
            "Science Fiction"
        ],
        "overview": "A journey into uncharted and forbidden territory through three tales tangled in space and time.",
        "actors": [
            "Britt Robertson",
            "Jenna",
            "Freda Foh Shen",
            "Ellie",
            "Nicholas Campbell",
            "Sam",
            "Anna Friel",
            "Mary",
            "Rafi Gavron",
            "Simon",
            "Yul Vazquez",
            "Bennett",
            "Andy McQueen",
            "Steve",
            "Kenji Fitzgerald",
            "Gavin",
            "Paige Turco",
            "Nicole"
        ],
        "orig_title": "Books of Blood",
        "status": " Released",
        "orig_lang": " English",
        "budget_x": 123000000.0,
        "revenue": 472727714.0,
        "country": "US"
    },
    {
        "title": "Revolt",
        "date_x": "01/29/2018 ",
        "score": 55.0,
        "genre": [
            "Science Fiction",
            "Action"
        ],
        "overview": "The story of humankind's last stand against a cataclysmic alien invasion. Set in the war-ravaged African countryside, a U.S. soldier and a French foreign aid worker team up to survive the alien onslaught. Their bond will be tested as they search for refuge across a crumbling world.",
        "actors": [
            "Lee Pace",
            "Bo",
            "Bérénice Marlohe",
            "Nadia",
            "Jason Flemyng",
            "Stander",
            "Sibulele Gcilitshana",
            "Kara",
            "Wandile Molebatsi",
            "Roderick",
            "Sekoati Tsubane",
            "Juma",
            "Leroy Gopal",
            "Jeandre",
            "Welile Nzuza",
            "Cedric",
            "Patrick Bokaba",
            "Kenyan Captain"
        ],
        "orig_title": "Revolt",
        "status": " Released",
        "orig_lang": " English",
        "budget_x": 4000000.0,
        "revenue": 24416.0,
        "country": "GB"
    },
    {
        "title": "Children Who Chase Lost Voices",
        "date_x": "05/07/2011 ",
        "score": 72.0,
        "genre": [
            "Animation",
            "Adventure",
            "Drama",
            "Fantasy",
            "Romance"
        ],
        "overview": "The film centers on Asuna, a young girl who spends her solitary days listening to the mysterious music emanating from the crystal radio she received from her late father as a memento. One day while walking home she is attacked by a fearsome monster and saved mysterious boy named Shun. However, Shun disappears and Asuna embarks on a journey of adventure to the land of Agartha with her teacher Mr. Morisaki to meet a Shun again. Through her journey she comes to know the cruelty and beauty of the world, as well as loss.",
        "actors": [
            "Hisako Kanemoto",
            "Asuna Watase (voice)",
            "Kazuhiko Inoue",
            "Ryuji Morisaki (voice)",
            "Miyu Irino",
            "Shin / Shun (voice)",
            "Rina Hidaka",
            "Mana (voice)",
            "Fumiko Orikasa",
            "Asuna's Mother (voice)",
            "Sumi Shimamoto",
            "Risa (voice)",
            "Junko Takeuchi",
            "Mimi (voice)",
            "Kanae Ito",
            "Seri (voice)",
            "Tamio Ohki",
            "Old Man from Amaurot (voice)"
        ],
        "orig_title": " 星を追う子ども",
        "status": " Released",
        "orig_lang": " Japanese",
        "budget_x": 164000000.0,
        "revenue": 436456074.6,
        "country": "JP"
    },
    {
        "title": "Belle's Magical World",
        "date_x": "02/17/1998 ",
        "score": 62.0,
        "genre": [
            "Animation",
            "Family"
        ],
        "overview": "Belle, the Beast, Lumiere, Cogsworth and the rest of those zany castle residents use their imaginations to embark on three magical, storybook adventures. This direct-to-video anthology serves as a \"sequel\" to Disney's animated hit film. In \"The Perfect World,\" Belle and the Beast learn about forgiveness. In \"Fifi's Folly,\" Lumiere's girlfriend is jealous of his bond with Belle. And in \"Broken Wing,\" the Beast learns to be kind to an injured bird.",
        "actors": [
            "Robby Benson",
            "Beast (voice)",
            "Paige O'Hara",
            "Belle (voice)",
            "David Ogden Stiers",
            "Cogsworth (voice)",
            "Jerry Orbach",
            "Lumiere (voice)",
            "Kimmy Robertson",
            "Fifi (voice)",
            "Frank Welker",
            "Sultan (voice)",
            "Jeff Bennett",
            "Crane (voice)",
            "Jim Cummings",
            "Webster (voice)",
            "Rob Paulsen",
            "LePlume (voice)"
        ],
        "orig_title": "Belle's Magical World",
        "status": " Released",
        "orig_lang": " English",
        "budget_x": 77800000.0,
        "revenue": 458884347.4,
        "country": "AU"
    },
    {
        "title": "The International",
        "date_x": "02/03/2009 ",
        "score": 62.0,
        "genre": [
            "Action",
            "Thriller",
            "Drama",
            "Crime"
        ],
        "overview": "An interpol agent and an attorney are determined to bring one of the world's most powerful banks to justice. Uncovering money laundering, arms trading, and conspiracy to destabilize world governments, their investigation takes them from Berlin, Milan, New York and Istanbul. Finding themselves in a chase across the globe, their relentless tenacity puts their own lives at risk.",
        "actors": [
            "Clive Owen",
            "Louis Salinger",
            "Naomi Watts",
            "Eleanor Whitman",
            "Armin Mueller-Stahl",
            "Wilhelm Wexler",
            "Ulrich Thomsen",
            "Jonas Skarssen",
            "Brían F. O'Byrne",
            "The Consultant",
            "Patrick Baladi",
            "Martin White",
            "Jay Villiers",
            "Francis Ehames",
            "James Rebhorn",
            "New York D.A.",
            "Michel Voletti",
            "Viktor Haas"
        ],
        "orig_title": "The International",
        "status": " Released",
        "orig_lang": " English",
        "budget_x": 50000000.0,
        "revenue": 53850527.0,
        "country": "AU"
    },
    {
        "title": "Peaky Blinders: The True Story",
        "date_x": "04/02/2016 ",
        "score": 85.0,
        "genre": [
            "Documentary"
        ],
        "overview": "The story of the real Peaky Blinders and how they became a TV sensation. Hear of the actual gangsters who became leading characters in the series and the real events behind many of the main story lines, learn the identity of the crime family that inspired the Shelbys, then take a tour of the film locations where the dark and violent world of the Peaky Blinders was recreated.",
        "actors": [
            "Roger Vernon",
            "Presenter"
        ],
        "orig_title": "Peaky Blinders: The True Story",
        "status": " Released",
        "orig_lang": " English",
        "budget_x": 139800000.0,
        "revenue": 1075683451.4,
        "country": "GB"
    },
    {
        "title": "A Policewoman on the Porno Squad",
        "date_x": "08/10/1979 ",
        "score": 53.0,
        "genre": [
            "Crime",
            "Comedy"
        ],
        "overview": "The adventures of Gianna, a sexy policewoman who wants to help a child in search of his mother.",
        "actors": [
            "Edwige Fenech",
            "Gianna D'Amico",
            "Alvaro Vitali",
            "Agent Tarallo",
            "Marzio Honorato",
            "Agent Arturo",
            "Franco Diogene",
            "Joe Maccarone",
            "Gianfranco Barra",
            "Commissioner Nardecchia",
            "Salvatore Borgese",
            "Pierre La Turaine",
            "Giacomo Rizzo",
            "Cocozza",
            "Lino Banfi",
            "Commissioner Scappavia",
            "Silvia Patras",
            "Teresa Porceddu"
        ],
        "orig_title": " La poliziotta della squadra del buon costume",
        "status": " Released",
        "orig_lang": " Italian",
        "budget_x": 106050080.0,
        "revenue": 197233429.2,
        "country": "IT"
    },
    {
        "title": "Tammy",
        "date_x": "10/16/2014 ",
        "score": 53.0,
        "genre": [
            "Comedy"
        ],
        "overview": "For Tammy, a burger-joint employee, a bad day keeps getting worse. She wrecks her car, loses her job and finds that her husband has been unfaithful. It's time for Tammy to hit the road, but without money or transportation, her options are limited. Her only choice is a road trip with her hard-drinking grandmother, Pearl, who has a car, cash and an itch to see Niagara Falls. It's not the escape Tammy had in mind, but it may be what she needs.",
        "actors": [
            "Melissa McCarthy",
            "Tammy",
            "Susan Sarandon",
            "Pearl",
            "Kathy Bates",
            "Lenore",
            "Mark Duplass",
            "Bobby",
            "Gary Cole",
            "Earl",
            "Sandra Oh",
            "Susanne",
            "Allison Janney",
            "Deb",
            "Dan Aykroyd",
            "Don",
            "Nat Faxon",
            "Greg"
        ],
        "orig_title": "Tammy",
        "status": " Released",
        "orig_lang": " English",
        "budget_x": 20000000.0,
        "revenue": 96407655.0,
        "country": "AU"
    },
    {
        "title": "To the Bone",
        "date_x": "01/22/2017 ",
        "score": 72.0,
        "genre": [
            "Drama"
        ],
        "overview": "A young woman dealing with anorexia meets an unconventional doctor who challenges her to face her condition and embrace life.",
        "actors": [
            "Lily Collins",
            "Ellen",
            "Keanu Reeves",
            "Dr. William Beckham",
            "Carrie Preston",
            "Susan",
            "Lili Taylor",
            "Judy",
            "Alex Sharp",
            "Luke",
            "Liana Liberato",
            "Kelly",
            "Brooke Smith",
            "Olive",
            "Leslie Bibb",
            "Megan",
            "Kathryn Prescott",
            "Anna"
        ],
        "orig_title": "To the Bone",
        "status": " Released",
        "orig_lang": " English",
        "budget_x": 81200000.0,
        "revenue": 472749495.2,
        "country": "US"
    },
    {
        "title": "Mom's Friend 2020",
        "date_x": "06/05/2020 ",
        "score": 10.0,
        "genre": [
            "Romance"
        ],
        "overview": "Tae-hee, can't live without her dead husband, and is living alone without being remarried. Her neighborhood friends, Yeong-ju and Cheol-min still feels sorry for her. However, Yeong-ju's son, Min-ho, secretly takes pictures of Tae-hee, admiring her. One day, Tae-hee and Yeong-ju goes to the grocery when she heads back home, after forgetting her cellphone in Yeong-ju's house. Just in time, Min-ho comes out of the shower and hugs Tae-hee...",
        "actors": [
            "Kim Ji-ah",
            "",
            "Lee Eun-mi",
            "",
            "Han Seok-bong",
            "",
            "Min Do-yoon",
            ""
        ],
        "orig_title": " 엄마친구 2020",
        "status": " Released",
        "orig_lang": " Korean",
        "budget_x": 201940000.0,
        "revenue": 38157314.0,
        "country": "KR"
    },
    {
        "title": "The Shootist",
        "date_x": "08/11/1976 ",
        "score": 71.0,
        "genre": [
            "Western",
            "Drama"
        ],
        "overview": "Afflicted with a terminal illness John Bernard Brooks, the last of the legendary gunfighters, quietly returns to Carson City for medical attention from his old friend Dr. Hostetler. Aware that his days are numbered, the troubled man seeks solace and peace in a boarding house run by a widow and her son. However, it is not Brooks' fate to die in peace, as he becomes embroiled in one last valiant battle.",
        "actors": [
            "John Wayne",
            "J.B. Books",
            "Lauren Bacall",
            "Bond Rogers",
            "Ron Howard",
            "Gillom Rogers",
            "James Stewart",
            "Dr. Hostetler",
            "Richard Boone",
            "Sweeney",
            "Hugh O'Brian",
            "Pulford",
            "Bill McKinney",
            "Cobb",
            "Harry Morgan",
            "Marshall Thibido",
            "John Carradine",
            "Beckum"
        ],
        "orig_title": "The Shootist",
        "status": " Released",
        "orig_lang": " English",
        "budget_x": 25874800.0,
        "revenue": 8091910.0,
        "country": "US"
    },
    {
        "title": "Awakenings",
        "date_x": "03/14/1991 ",
        "score": 78.0,
        "genre": [
            "Drama"
        ],
        "overview": "Dr. Malcolm Sayer, a shy research physician, uses an experimental drug to \"awaken\" the catatonic victims of a rare disease. Leonard is the first patient to receive the controversial treatment. His awakening, filled with awe and enthusiasm, proves a rebirth for Sayer too, as the exuberant patient reveals life's simple but unutterably sweet pleasures to the introverted doctor.",
        "actors": [
            "Robert De Niro",
            "Leonard Lowe",
            "Robin Williams",
            "Malcolm Sayer",
            "John Heard",
            "Dr. Kaufman",
            "Julie Kavner",
            "Eleanor Costello",
            "Penelope Ann Miller",
            "Paula",
            "Ruth Nelson",
            "Mrs. Lowe",
            "Max von Sydow",
            "Peter Ingham",
            "Anne Meara",
            "Miriam",
            "Dexter Gordon",
            "Rolando"
        ],
        "orig_title": "Awakenings",
        "status": " Released",
        "orig_lang": " English",
        "budget_x": 29000000.0,
        "revenue": 51636504.0,
        "country": "AU"
    },
    {
        "title": "Amityville: The Awakening",
        "date_x": "11/14/2017 ",
        "score": 53.0,
        "genre": [
            "Thriller",
            "Horror"
        ],
        "overview": "Belle, her little sister, and her comatose twin brother move into a new house with their single mother Joan in order to save money to help pay for her brother's expensive healthcare. But when strange phenomena begin to occur in the house including the miraculous recovery of her brother, Belle begins to suspect her Mother isn't telling her everything and soon realizes they just moved into the infamous Amityville house.",
        "actors": [
            "Jennifer Jason Leigh",
            "Joan Walker",
            "Bella Thorne",
            "Belle Walker",
            "Cameron Monaghan",
            "James Walker",
            "Thomas Mann",
            "Terrence",
            "Jennifer Morrison",
            "Candice",
            "Kurtwood Smith",
            "Dr. Milton",
            "Mckenna Grace",
            "Juliet Walker",
            "Taylor Spreitler",
            "Marissa"
        ],
        "orig_title": "Amityville: The Awakening",
        "status": " Released",
        "orig_lang": " English",
        "budget_x": 96200000.0,
        "revenue": 322945018.8,
        "country": "US"
    },
    {
        "title": "Sex: A Relationship and Not Marriage",
        "date_x": "04/19/2016 ",
        "score": 57.0,
        "genre": [
            "Romance",
            "Drama"
        ],
        "overview": "The life story of a woman who doesn't want to settle for one man. Her mom nags at her to get married, her superior grills her to bring results and her boyfriend turns out to be married. Soo-kyeong comforts herself with some spicy food. One lonely birthday, she ends up having sex with the chef of the spicy food restaurant. They fit well mentally and physically so they get closer but Soo-kyeong rejects the chef's marriage proposal. The chef gets married with someone else and asks her, \"I got married with someone else like you said. Now will you have a relationship with me?\"",
        "actors": [
            "Yoo So-hyeon",
            "",
            "Joo In-cheol",
            "",
            "Kim Yoo-yeon",
            "",
            "Ahn So-hee",
            ""
        ],
        "orig_title": " 정사: 결혼 말고 연애",
        "status": " Released",
        "orig_lang": " Korean",
        "budget_x": 114800000.0,
        "revenue": 384414469.8,
        "country": "KR"
    },
    {
        "title": "Vampire Academy",
        "date_x": "02/14/2014 ",
        "score": 63.0,
        "genre": [
            "Comedy",
            "Action",
            "Fantasy"
        ],
        "overview": "Rose, a rebellious half-vampire/half-human guardian-in-training and her best friend, Lissa -- a mortal, royal vampire Princess - have been on the run when they are captured and returned to St. Vladamirs Academy, the very place where they believe their lives may be in most jeopardy. Rose will sacrifice everything to protect Lissa from those who intend to exploit her from within the Academy walls and the Strigoi (immortal, evil vampires) who hunt her kind from outside its sanctuary.",
        "actors": [
            "Zoey Deutch",
            "Rose Hathaway",
            "Lucy Fry",
            "Vasilisa \"Lissa\" Dragomir",
            "Danila Kozlovsky",
            "Dimitri Belikov",
            "Dominic Sherwood",
            "Christian Ozera",
            "Olga Kurylenko",
            "Headmistress Kirova",
            "Gabriel Byrne",
            "Victor Dashkov",
            "Cameron Monaghan",
            "Mason Ashford",
            "Sami Gayle",
            "Mia Rinalidi",
            "Sarah Hyland",
            "Natalie Dashkov"
        ],
        "orig_title": "Vampire Academy",
        "status": " Released",
        "orig_lang": " English",
        "budget_x": 30000000.0,
        "revenue": 15391979.0,
        "country": "AU"
    },
    {
        "title": "Your Ticket Is No Longer Valid",
        "date_x": "12/18/1981 ",
        "score": 37.0,
        "genre": [
            "Drama"
        ],
        "overview": "Set within the super-rich jet-set society of Paris, Richard Harris portrays a man whose life is gradually being destroyed. From sexual trauma to financial disaster, he slowly descends into a world of insanity, perversion and finally the bottomless pit!",
        "actors": [
            "Richard Harris",
            "Jason",
            "Jennifer Dale",
            "Laura",
            "George Peppard",
            "Jim Daley",
            "Jeanne Moreau",
            "Lili Marlene",
            "Winston Rekert",
            "Antonio Montoya",
            "Alexandra Stewart",
            "Clara",
            "Jan Rubeš",
            "Psychiatrist",
            "Michael Kane",
            "Steinhart",
            "Peter Hutt",
            "Peter"
        ],
        "orig_title": "Your Ticket Is No Longer Valid",
        "status": " Released",
        "orig_lang": " English",
        "budget_x": 58670000.0,
        "revenue": 385960548.2,
        "country": "CA"
    },
    {
        "title": "Raw",
        "date_x": "03/15/2017 ",
        "score": 71.0,
        "genre": [
            "Drama",
            "Horror"
        ],
        "overview": "In Justine’s family everyone is a vet and a vegetarian. At 16, she’s a gifted teen ready to take on her first year in vet school, where her older sister also studies. There, she gets no time to settle: hazing starts right away. Justine is forced to eat raw meat for the first time in her life. Unexpected consequences emerge as her true self begins to form.",
        "actors": [
            "Garance Marillier",
            "Justine",
            "Ella Rumpf",
            "Alexia",
            "Rabah Nait Oufella",
            "Adrien",
            "Laurent Lucas",
            "Father",
            "Joana Preiss",
            "Mother",
            "Bouli Lanners",
            "Truck Driver",
            "Marion Vernoux",
            "Nurse",
            "Thomas Mustin",
            "BDE Chef",
            "Marouan Iddoub",
            "Haze Refectory"
        ],
        "orig_title": " Grave",
        "status": " Released",
        "orig_lang": " French",
        "budget_x": 3500000.0,
        "revenue": 4100000.0,
        "country": "FR"
    },
    {
        "title": "Poveda",
        "date_x": "02/24/2016 ",
        "score": 70.0,
        "genre": [
            "Drama",
            "History"
        ],
        "overview": "We don't have an overview translated in English. Help us expand our database by adding one.",
        "actors": [
            "Natalia Álvarez-Bilbao",
            "",
            "Raúl Escudero",
            "",
            "Elena Furiase",
            "",
            "Daniel Gómez",
            "",
            "Pablo Viña",
            "",
            "Xiqui Rodríguez",
            "",
            "Ainhoa Aldanondo",
            "",
            "Alejandro Arroyo",
            "",
            "Miguel Berlanga",
            ""
        ],
        "orig_title": "Poveda",
        "status": " Released",
        "orig_lang": " Spanish, Castilian",
        "budget_x": 55200000.0,
        "revenue": 280089513.4,
        "country": "ES"
    },
    {
        "title": "Here Comes the Boom",
        "date_x": "11/16/2012 ",
        "score": 62.0,
        "genre": [
            "Comedy",
            "Action"
        ],
        "overview": "A high school biology teacher moonlights as a mixed-martial arts fighter in an effort to raise money to save the school's music program.",
        "actors": [
            "Kevin James",
            "Scott Voss",
            "Salma Hayek",
            "Bella Flores",
            "Henry Winkler",
            "Marty Streb",
            "Greg Germann",
            "Duke Betcher",
            "Joe Rogan",
            "Joe Rogan",
            "Gary Valentine",
            "Eric Voss",
            "Jake Zyrus",
            "Malia De La Cruz",
            "Bas Rutten",
            "Niko",
            "Nikki Tyler-Flynn",
            "Mollie Streb"
        ],
        "orig_title": "Here Comes the Boom",
        "status": " Released",
        "orig_lang": " English",
        "budget_x": 42000000.0,
        "revenue": 73239258.0,
        "country": "AU"
    },
    {
        "title": "Osmosis Jones",
        "date_x": "08/10/2001 ",
        "score": 65.0,
        "genre": [
            "Adventure",
            "Animation",
            "Action",
            "Comedy",
            "Family"
        ],
        "overview": "A white blood cell policeman, with the help of a cold pill, must stop a deadly virus from destroying the human they live in, Frank.",
        "actors": [
            "Chris Rock",
            "Osmosis Jones (voice)",
            "Laurence Fishburne",
            "Thrax (voice)",
            "David Hyde Pierce",
            "Drix (voice)",
            "Brandy Norwood",
            "Leah (voice)",
            "Bill Murray",
            "Frank Detorre",
            "Molly Shannon",
            "Mrs. Boyd",
            "William Shatner",
            "Mayor Phlegmming (voice)",
            "Ron Howard",
            "Tom Colonic (voice)",
            "Sherry Lynn",
            "(voice)"
        ],
        "orig_title": "Osmosis Jones",
        "status": " Released",
        "orig_lang": " English",
        "budget_x": 70000000.0,
        "revenue": 13596911.0,
        "country": "US"
    },
    {
        "title": "Jumanji",
        "date_x": "03/21/1996 ",
        "score": 72.0,
        "genre": [
            "Adventure",
            "Fantasy",
            "Family"
        ],
        "overview": "When siblings Judy and Peter discover an enchanted board game that opens the door to a magical world, they unwittingly invite Alan -- an adult who's been trapped inside the game for 26 years -- into their living room. Alan's only hope for freedom is to finish the game, which proves risky as all three find themselves running from giant rhinoceroses, evil monkeys and other terrifying creatures.",
        "actors": [
            "Robin Williams",
            "Alan Parrish",
            "Kirsten Dunst",
            "Judy Shepherd",
            "Bradley Pierce",
            "Peter Shepherd",
            "Bonnie Hunt",
            "Sarah Whittle",
            "Jonathan Hyde",
            "Samuel Alan Parrish / Van Pelt",
            "Bebe Neuwirth",
            "Nora Shepherd",
            "David Alan Grier",
            "Carl Bentley",
            "Adam Hann-Byrd",
            "Young Alan",
            "Patricia Clarkson",
            "Carol Anne Parrish"
        ],
        "orig_title": "Jumanji",
        "status": " Released",
        "orig_lang": " English",
        "budget_x": 65000000.0,
        "revenue": 262758310.0,
        "country": "AU"
    },
    {
        "title": "You've Got Mail",
        "date_x": "02/26/1999 ",
        "score": 67.0,
        "genre": [
            "Comedy",
            "Romance"
        ],
        "overview": "Book superstore magnate, Joe Fox and independent book shop owner, Kathleen Kelly fall in love in the anonymity of the Internet—both blissfully unaware that he's trying to put her out of business.",
        "actors": [
            "Tom Hanks",
            "Joe Fox",
            "Meg Ryan",
            "Kathleen Kelly",
            "Greg Kinnear",
            "Frank Navasky",
            "Parker Posey",
            "Patricia Eden",
            "Steve Zahn",
            "George Pappas",
            "Dave Chappelle",
            "Kevin Jackson",
            "Dabney Coleman",
            "Nelson Fox",
            "Jean Stapleton",
            "Birdie Conrad",
            "Heather Burns",
            "Christina Plutzker"
        ],
        "orig_title": "You've Got Mail",
        "status": " Released",
        "orig_lang": " English",
        "budget_x": 65000000.0,
        "revenue": 250821495.0,
        "country": "AU"
    },
    {
        "title": "Broken City",
        "date_x": "03/06/2013 ",
        "score": 59.0,
        "genre": [
            "Thriller",
            "Crime",
            "Drama"
        ],
        "overview": "In a broken city rife with injustice, ex-cop Billy Taggart seeks redemption and revenge after being double-crossed and then framed by its most powerful figure, the mayor. Billy's relentless pursuit of justice, matched only by his streetwise toughness, makes him an unstoppable force - and the mayor's worst nightmare.",
        "actors": [
            "Mark Wahlberg",
            "Billy Taggart",
            "Russell Crowe",
            "Nicholas Hostetler",
            "Catherine Zeta-Jones",
            "Cathleen Hostetler",
            "Jeffrey Wright",
            "Carl Fairbanks",
            "Barry Pepper",
            "Jack Valliant",
            "Alona Tal",
            "Katy Bradshaw",
            "Natalie Martinez",
            "Natalie Barrow",
            "Michael Beach",
            "Tony Jansen",
            "Kyle Chandler",
            "Paul Andrews"
        ],
        "orig_title": "Broken City",
        "status": " Released",
        "orig_lang": " English",
        "budget_x": 35000000.0,
        "revenue": 37114977.0,
        "country": "AU"
    },
    {
        "title": "Wasabi",
        "date_x": "10/31/2001 ",
        "score": 66.0,
        "genre": [
            "Drama",
            "Action",
            "Comedy"
        ],
        "overview": "Hubert is a French policeman with very sharp methods. After being forced to take 2 months off by his boss, who doesn't share his view on working methods, he goes back to Japan, where he used to work 19 years ago, to settle the probate of his girlfriend who left him shortly after marriage without a trace.",
        "actors": [
            "Jean Reno",
            "Hubert Fiorentini",
            "Ryoko Hirosue",
            "Yumi Yoshimido",
            "Michel Muller",
            "Maurice 'Momo'",
            "Carole Bouquet",
            "Sofia",
            "Yoshi Oida",
            "Takanawa 'Zébra'",
            "Christian Sinniger",
            "'Le Squale'",
            "Alexandre Brik",
            "Irène",
            "Jean-Marc Montalto",
            "Olivier",
            "Véronique Balme",
            "Betty"
        ],
        "orig_title": "Wasabi",
        "status": " Released",
        "orig_lang": " French",
        "budget_x": 15300000.0,
        "revenue": 7000000.0,
        "country": "FR"
    },
    {
        "title": "Siren",
        "date_x": "12/02/2016 ",
        "score": 60.0,
        "genre": [
            "Horror"
        ],
        "overview": "A bachelor party becomes a savage fight for survival when the groomsmen unwittingly unleash a fabled predator upon the festivities.",
        "actors": [
            "Chase Williamson",
            "Jonah",
            "Justin Welborn",
            "Mr. Nyx",
            "Hannah Fierman",
            "Lily",
            "Michael Aaron Milligan",
            "Mac",
            "Hayes Mercure",
            "Rand",
            "Randy McDowell",
            "Elliott",
            "Lindsey Garrett",
            "Eva",
            "Stephen Caudill",
            "Sheriff Boone",
            "William Mark McCullough",
            "The Addict"
        ],
        "orig_title": "Siren",
        "status": " Released",
        "orig_lang": " English",
        "budget_x": 300000.0,
        "revenue": 99000630.0,
        "country": "US"
    },
    {
        "title": "Grand Blue",
        "date_x": "08/07/2020 ",
        "score": 54.0,
        "genre": [
            "Comedy"
        ],
        "overview": "Iori’s only dream is to go to college on a remote island—but when he gets roped into the school’s debaucherous, alcohol-indulgent diving club his hope for a sparkling campus life is thrown into chaos.",
        "actors": [
            "Ryo Ryusei",
            "Iori Kitahara",
            "Atsuhiro Inukai",
            "Kohei Imamura",
            "Yuki Yoda",
            "Chisa Furutegawa",
            "Aya Asahina",
            "Nana Furukawa",
            "Yuka Ogura",
            "Azusa Hamaoka",
            "Ren Ishikawa",
            "Mana Yoshihara",
            "Masahiro Takashima",
            "Toshio Furukawa"
        ],
        "orig_title": " ぐらんぶる",
        "status": " Released",
        "orig_lang": " Japanese",
        "budget_x": 76000000.0,
        "revenue": 152911218.6,
        "country": "JP"
    },
    {
        "title": "League of Gods",
        "date_x": "07/28/2016 ",
        "score": 54.0,
        "genre": [
            "Action",
            "Fantasy"
        ],
        "overview": "During the reign of King Zhou, an official enters his bedchamber, and is devoured by the monstrous tails of Daji, his concubine. Outside their city, several warriors within a metal wagon discuss their strategies to free the Invisible People and their Chief, when Jiang Ziya appears to them. He tells them that when King Zhou was younger, he let himself become possessed by the Black Dragon for his quest for power.",
        "actors": [
            "Jet Li",
            "Jiang Ziya",
            "Fan Bingbing",
            "Daji",
            "Huang Xiaoming",
            "Yang Jian",
            "Louis Koo",
            "General Leopard (Mahamayuri)",
            "AngelaBaby",
            "Blue Butterfly",
            "Jacky Heung",
            "Ji Lei (Skylord)",
            "Tony Leung Ka-fai",
            "King Zhou of Shang",
            "Andy On",
            "Ji Fa",
            "Wen Zhang",
            "Naza the Warrior"
        ],
        "orig_title": " 封神传奇",
        "status": " Released",
        "orig_lang": " Chinese",
        "budget_x": 38000000.0,
        "revenue": 43300000.0,
        "country": "AU"
    },
    {
        "title": "Primal",
        "date_x": "11/08/2019 ",
        "score": 57.0,
        "genre": [
            "Action"
        ],
        "overview": "A big-game hunter for zoos books passage on a Greek shipping freighter with a fresh haul of exotic and deadly animals from the Amazon, including a rare white Jaguar – along with a political assassin being extradited to the U.S in secret. Two days into the journey, the assassin escapes and releases the captive animals, throwing the ship into chaos.",
        "actors": [
            "Nicolas Cage",
            "Frank Walsh",
            "Famke Janssen",
            "Dr. Ellen Taylor",
            "Kevin Durand",
            "Richard Loffler",
            "Jeremy Jay Nazario",
            "Rafael",
            "LaMonica Garrett",
            "John Ringer",
            "Michael Imperioli",
            "Paul Freed",
            "Isaac Santiago",
            "Vasquez",
            "Braulio Castillo Jr.",
            "Morales",
            "Tommy Walker",
            "Forrest"
        ],
        "orig_title": "Primal",
        "status": " Released",
        "orig_lang": " English",
        "budget_x": 9000000.0,
        "revenue": 146863.0,
        "country": "US"
    },
    {
        "title": "The Knight of Shadows: Between Yin and Yang",
        "date_x": "02/05/2019 ",
        "score": 55.0,
        "genre": [
            "Action",
            "Fantasy"
        ],
        "overview": "Pu Songling, a legendary demon hunter, is asked to investigate the mysterious disappearances of young girls from a small village. When he discovers evil forces are kidnapping the girls to feast on their souls, he sets out to save humanity from the inhuman invasion journeying through hidden worlds and colorful dimensions.",
        "actors": [
            "Jackie Chan",
            "Pu Songling",
            "Elaine Zhong",
            "Nie Xiaoqian",
            "Ethan Juan",
            "Ning Cai Cheng",
            "Austin Lin",
            "",
            "Qiao Shan",
            "",
            "Charles Luu",
            "",
            "Lance Luu",
            "",
            "Mark Luu",
            "",
            "Pan Changjiang",
            ""
        ],
        "orig_title": " 神探蒲松齡",
        "status": " Released",
        "orig_lang": " Chinese",
        "budget_x": 123000000.0,
        "revenue": 748580504.0,
        "country": "CN"
    },
    {
        "title": "Cashback",
        "date_x": "04/20/2007 ",
        "score": 70.0,
        "genre": [
            "Drama",
            "Comedy",
            "Romance"
        ],
        "overview": "After a painful breakup, Ben develops insomnia. To kill time, he starts working the late night shift at the local supermarket, where his artistic imagination runs wild.",
        "actors": [
            "Sean Biggerstaff",
            "Ben Willis",
            "Emilia Fox",
            "Sharon Pintey",
            "Shaun Evans",
            "Sean Higgins",
            "Michael Dixon",
            "Barry Brickman",
            "Michelle Ryan",
            "Suzy",
            "Stuart Goodwin",
            "Jenkins",
            "Frank Hesketh",
            "Young Ben Willis",
            "Daphne Guinness",
            "Anna Shapiro",
            "Jay Bowen",
            "Steve Jenkins"
        ],
        "orig_title": "Cashback",
        "status": " Released",
        "orig_lang": " English",
        "budget_x": 9490400.0,
        "revenue": 2294291.0,
        "country": "US"
    },
    {
        "title": "Live and Let Die",
        "date_x": "08/01/1973 ",
        "score": 65.0,
        "genre": [
            "Adventure",
            "Action",
            "Thriller"
        ],
        "overview": "James Bond must investigate a mysterious murder case of a British agent in New Orleans. Soon he finds himself up against a gangster boss named Mr. Big.",
        "actors": [
            "Roger Moore",
            "James Bond",
            "Yaphet Kotto",
            "Kananga/Mr. Big",
            "Jane Seymour",
            "Solitaire",
            "Clifton James",
            "Sheriff J.W. Pepper",
            "Julius Harris",
            "Tee Hee",
            "Geoffrey Holder",
            "Baron Samedi",
            "David Hedison",
            "Felix Leiter",
            "Gloria Hendry",
            "Rosie Carver",
            "Bernard Lee",
            "M"
        ],
        "orig_title": "Live and Let Die",
        "status": " Released",
        "orig_lang": " English",
        "budget_x": 7000000.0,
        "revenue": 161800000.0,
        "country": "AU"
    },
    {
        "title": "An Affair: Kind Daughters-in-law",
        "date_x": "01/25/2018 ",
        "score": 10.0,
        "genre": [
            "Romance"
        ],
        "overview": "When the oldest son fails in business and the younger son dies in an accident, Hyunwook unintentionally lives with his two daughters-in-law. Then one day, Hyun-wook accidentally sees a small daughter-in-law taking a shower, and since then, her daughter-in-law continues to look like a woman, not a family. Besides, the daughters-in-law who have been alone for a long time are also noticing Hyunwook…",
        "actors": [
            "Jin Si-ah",
            "",
            "Bo Ra",
            "",
            "Song Gi-myung",
            ""
        ],
        "orig_title": " 정사 : 착한 며느리들",
        "status": " Released",
        "orig_lang": " Korean",
        "budget_x": 201940000.0,
        "revenue": 38157314.0,
        "country": "KR"
    },
    {
        "title": "Moonlight",
        "date_x": "01/26/2017 ",
        "score": 74.0,
        "genre": [
            "Drama"
        ],
        "overview": "The tender, heartbreaking story of a young man’s struggle to find himself, told across three defining chapters in his life as he experiences the ecstasy, pain, and beauty of falling in love, while grappling with his own sexuality.",
        "actors": [
            "Trevante Rhodes",
            "Black",
            "André Holland",
            "Kevin",
            "Janelle Monáe",
            "Teresa",
            "Ashton Sanders",
            "Chiron",
            "Jharrel Jerome",
            "Kevin Age 16",
            "Alex Hibbert",
            "Little",
            "Jaden Piner",
            "Kevin Age 9",
            "Naomie Harris",
            "Paula",
            "Mahershala Ali",
            "Juan"
        ],
        "orig_title": "Moonlight",
        "status": " Released",
        "orig_lang": " English",
        "budget_x": 1500000.0,
        "revenue": 64895106.0,
        "country": "AU"
    },
    {
        "title": "Touch of Evil",
        "date_x": "03/30/1958 ",
        "score": 78.0,
        "genre": [
            "Crime",
            "Thriller",
            "Mystery"
        ],
        "overview": "When a car bomb explodes on the American side of the U.S./Mexico border, Mexican drug enforcement agent Miguel Vargas begins his investigation, along with American police captain Hank Quinlan. When Vargas begins to suspect that Quinlan and his shady partner, Menzies, are planting evidence to frame an innocent man, his investigations into their possible corruption quickly put himself and his new bride, Susie, in jeopardy.",
        "actors": [
            "Charlton Heston",
            "Ramon Miguel Vargas",
            "Janet Leigh",
            "Susan 'Susie' Vargas",
            "Orson Welles",
            "Police Captain Hank Quinlan",
            "Joseph Calleia",
            "Police Sergeant Pete Menzies",
            "Akim Tamiroff",
            "'Uncle' Joe Grandi",
            "Joanna Moore",
            "Marcia Linnekar",
            "Ray Collins",
            "District Attorney Adair",
            "Dennis Weaver",
            "Mirador Motel Night Manager",
            "Valentin de Vargas",
            "Pancho"
        ],
        "orig_title": "Touch of Evil",
        "status": " Released",
        "orig_lang": " English",
        "budget_x": 829000.0,
        "revenue": 2247500.0,
        "country": "US"
    },
    {
        "title": "The Little Vampire",
        "date_x": "12/05/2000 ",
        "score": 68.0,
        "genre": [
            "Family",
            "Adventure",
            "Comedy",
            "Fantasy"
        ],
        "overview": "Based on the popular books, the story tells of Tony who wants a friend to add some adventure to his life. What he gets is Rudolph, a vampire kid with a good appetite. The two end up inseparable, but their fun is cut short when all the hopes of the vampire race could be gone forever in single night. With Tony's access to the daytime world, he helps them to find what they've always wanted.",
        "actors": [
            "Jonathan Lipnicki",
            "Tony Thompson",
            "Richard E. Grant",
            "Frederick Sackville-Bagg",
            "Jim Carter",
            "Rookery",
            "Alice Krige",
            "Freda Sackville-Bagg",
            "Pamela Gidley",
            "Dottie Thompson",
            "Tommy Hinkley",
            "Bob Thompson",
            "Anna Popplewell",
            "Anna Sackville-Bagg",
            "Dean Cook",
            "Gregory Sackville-Bagg",
            "Iain De Caestecker",
            "Nigel"
        ],
        "orig_title": "The Little Vampire",
        "status": " Released",
        "orig_lang": " English",
        "budget_x": 22000000.0,
        "revenue": 13560782.0,
        "country": "DE"
    },
    {
        "title": "Ma",
        "date_x": "06/06/2019 ",
        "score": 58.0,
        "genre": [
            "Horror",
            "Thriller"
        ],
        "overview": "Sue Ann is a loner who keeps to herself in her quiet Ohio town. One day, she is asked by Maggie, a new teenager in town, to buy some booze for her and her friends, and Sue Ann sees the chance to make some unsuspecting, if younger, friends of her own.",
        "actors": [
            "Octavia Spencer",
            "Sue Ann",
            "Diana Silvers",
            "Maggie",
            "Juliette Lewis",
            "Erica",
            "Corey Fogelmanis",
            "Andy",
            "McKaley Miller",
            "Haley",
            "Tanyell Waivers",
            "Genie",
            "Gianni Paolo",
            "Chaz",
            "Dante Brown",
            "Darrell",
            "Allison Janney",
            "Doctor Brooks"
        ],
        "orig_title": "Ma",
        "status": " Released",
        "orig_lang": " English",
        "budget_x": 5000000.0,
        "revenue": 51749995.0,
        "country": "AU"
    },
    {
        "title": "X+Y",
        "date_x": "03/13/2015 ",
        "score": 67.0,
        "genre": [
            "Drama"
        ],
        "overview": "A socially awkward teenage math prodigy finds new confidence and new friendships when he lands a spot on the British squad at the International Mathematics Olympiad.",
        "actors": [
            "Asa Butterfield",
            "Nathan Ellis",
            "Rafe Spall",
            "Martin Humphreys",
            "Sally Hawkins",
            "Julie Ellis",
            "Eddie Marsan",
            "Richard",
            "Jo Yang",
            "Zhang Mei",
            "Alex Lawther",
            "Isaac Cooper",
            "Alexa Davies",
            "Rebecca Dunn",
            "Martin McCann",
            "Michael Ellis",
            "Orion Lee",
            "Deng Laoshi"
        ],
        "orig_title": "X+Y",
        "status": " Released",
        "orig_lang": " English",
        "budget_x": 75500000.0,
        "revenue": 509726081.0,
        "country": "GB"
    },
    {
        "title": "Three Christs",
        "date_x": "01/10/2020 ",
        "score": 68.0,
        "genre": [
            "Drama"
        ],
        "overview": "Dr. Alan Stone breaks new ground for treatment of the mentally ill through an experiment on three paranoid schizophrenic patients who believe they are Jesus Christ.",
        "actors": [
            "Richard Gere",
            "Dr. Alan Stone",
            "Peter Dinklage",
            "Joseph",
            "Walton Goggins",
            "Leon",
            "Bradley Whitford",
            "Clyde",
            "Charlotte Hope",
            "Becky",
            "Julianna Margulies",
            "Ruth",
            "Kevin Pollak",
            "Dr. Orbus",
            "James Monroe Iglehart",
            "Benny",
            "Stephen Root",
            "Dr. Rogers"
        ],
        "orig_title": "Three Christs",
        "status": " Released",
        "orig_lang": " English",
        "budget_x": 56600000.0,
        "revenue": 583921229.0,
        "country": "US"
    },
    {
        "title": "Tarzan & Jane",
        "date_x": "07/22/2002 ",
        "score": 60.0,
        "genre": [
            "Animation",
            "Family"
        ],
        "overview": "With the first anniversary of her wedding to Tarzan beckoning, Jane ponders how to make it the perfect English celebration.",
        "actors": [
            "Michael T. Weiss",
            "Tarzan (voice)",
            "Olivia d'Abo",
            "Jane Porter (voice)",
            "Jeff Bennett",
            "Prof. Archimedes Q. Porter (voice)",
            "Jim Cummings",
            "Tantor/Merkus (voice)",
            "April Winchell",
            "Terk (voice)",
            "René Auberjonois",
            "(voice)",
            "Grey DeLisle",
            "Greenly (voice)",
            "Alexis Denisof",
            "Nigel Taylor (voice)",
            "John O'Hurley",
            "Neils (voice)"
        ],
        "orig_title": "Tarzan & Jane",
        "status": " Released",
        "orig_lang": " English",
        "budget_x": 114000000.0,
        "revenue": 1002554527.0,
        "country": "US"
    },
    {
        "title": "Cape Fear",
        "date_x": "01/09/1992 ",
        "score": 73.0,
        "genre": [
            "Crime",
            "Thriller"
        ],
        "overview": "Sam Bowden is a small-town corporate attorney. Max Cady is a tattooed, cigar-smoking, Bible-quoting, psychotic rapist. What do they have in common? 14 years ago, Sam was a public defender assigned to Max Cady's rape trial, and he made a serious error: he hid a document from his illiterate client that could have gotten him acquitted. Now, the cagey Cady has been released, and he intends to teach Sam Bowden and his family a thing or two about loss.",
        "actors": [
            "Robert De Niro",
            "Max Cady",
            "Nick Nolte",
            "Sam Bowden",
            "Jessica Lange",
            "Leigh Bowden",
            "Juliette Lewis",
            "Danielle Bowden",
            "Joe Don Baker",
            "Claude Kersek",
            "Robert Mitchum",
            "Lieutenant Elgart",
            "Gregory Peck",
            "Lee Heller",
            "Martin Balsam",
            "Judge",
            "Illeana Douglas",
            "Lori Davis"
        ],
        "orig_title": "Cape Fear",
        "status": " Released",
        "orig_lang": " English",
        "budget_x": 35000000.0,
        "revenue": 182291969.0,
        "country": "AU"
    },
    {
        "title": "Werewolf: The Beast Among Us",
        "date_x": "10/09/2012 ",
        "score": 60.0,
        "genre": [
            "Drama",
            "Horror",
            "Thriller"
        ],
        "overview": "Set in a 19th century village, a young man studying under a local doctor joins a team of hunters on the trail of a wolf-like creature.",
        "actors": [
            "Ed Quinn",
            "Charles",
            "Guy Wilson",
            "Daniel",
            "Stephen Rea",
            "Doc",
            "Rachel DiPillo",
            "Eva",
            "Adam Croasdell",
            "Stefan",
            "Ana Ularu",
            "Kazia",
            "Steven Bauer",
            "Hyde",
            "Nia Peeples",
            "Valdoma",
            "Zoltan Butuc",
            "Ferka"
        ],
        "orig_title": "Werewolf: The Beast Among Us",
        "status": " Released",
        "orig_lang": " English",
        "budget_x": 5000000.0,
        "revenue": 63615565.6,
        "country": "US"
    },
    {
        "title": "Sailor Moon R: The Movie",
        "date_x": "07/27/2000 ",
        "score": 80.0,
        "genre": [
            "Animation",
            "Romance",
            "Action",
            "Fantasy"
        ],
        "overview": "While enjoying the flower gardens, Sailor Moon (Usagi) and friends encounter an old childhood friend of Mamoru's: an alien! He's come back to give Mamoru a special flower, but doesn't like Usagi and the rest of the planet's inhabitants. Sailor Moon must defend the earth from the evil Kisenian Flower he's brought back... before the evil vines and blossoms overrun the planet!",
        "actors": [
            "Kotono Mitsuishi",
            "Usagi Tsukino / Sailor Moon (voice)",
            "Toru Furuya",
            "Mamoru Chiba / Tuxedo Mask (voice)",
            "Michie Tomizawa",
            "Rei Hino / Sailor Mars (voice)",
            "Aya Hisakawa",
            "Ami Mizuno / Sailor Mercury (voice)",
            "Emi Shinohara",
            "Makoto Kino / Sailor Jupiter (voice)",
            "Rica Fukami",
            "Minako Aino / Sailor Venus (voice)",
            "Keiko Han",
            "Luna (voice)",
            "Yasuhiro Takato",
            "Artemis (voice)",
            "Kae Araki",
            "Chibiusa (voice)"
        ],
        "orig_title": " 劇場版　美少女戦士セーラームーンＲ",
        "status": " Released",
        "orig_lang": " Japanese",
        "budget_x": 54601333.2,
        "revenue": 12307555.0,
        "country": "AU"
    },
    {
        "title": "Taxi 2",
        "date_x": "03/29/2000 ",
        "score": 62.0,
        "genre": [
            "Action",
            "Comedy"
        ],
        "overview": "A cabdriver and a cop race to Paris to rescue a love interest and the Japanese minister of defense from kidnappers.",
        "actors": [
            "Samy Naceri",
            "Daniel Morales",
            "Frédéric Diefenthal",
            "Émilien Coutant-Kerbalec",
            "Marion Cotillard",
            "Lilly Bertineau",
            "Emma Wiklund",
            "Petra",
            "Bernard Farcy",
            "Commissaire Gibert",
            "Jean-Christophe Bouvet",
            "Général Edmond Bertineau",
            "Frédérique Tirmont",
            "Mother",
            "Marc Faure",
            "French Minister",
            "Haruhiko Hirata",
            "Japanese Minister"
        ],
        "orig_title": "Taxi 2",
        "status": " Released",
        "orig_lang": " French",
        "budget_x": 10500000.0,
        "revenue": 64400000.0,
        "country": "FR"
    },
    {
        "title": "Acrimony",
        "date_x": "03/30/2018 ",
        "score": 68.0,
        "genre": [
            "Thriller"
        ],
        "overview": "A faithful wife takes action when it becomes clear to her that her devious husband has betrayed her.",
        "actors": [
            "Taraji P. Henson",
            "Melinda",
            "Danielle Nicolet",
            "Sarah",
            "Ajiona Alexus",
            "Young Melinda",
            "Lyriq Bent",
            "Robert",
            "Jazmyn Simon",
            "June",
            "Kendrick Cross",
            "Kalvin",
            "Jay Hunter",
            "Devon",
            "Ptosha Storey",
            "Brenda",
            "Nelson Estevez",
            "Casey"
        ],
        "orig_title": "Acrimony",
        "status": " Released",
        "orig_lang": " English",
        "budget_x": 20000000.0,
        "revenue": 46627836.0,
        "country": "US"
    },
    {
        "title": "Long Story Short",
        "date_x": "02/11/2021 ",
        "score": 69.0,
        "genre": [
            "Romance",
            "Comedy",
            "Fantasy"
        ],
        "overview": "Teddy wakes up the morning after his wedding to discover that he's jumped forward a year in his life to his first anniversary. Trapped in an endless cycle of time jumps, transported another year ahead every few minutes, he is faced with a race against time as his life crumbles around him.",
        "actors": [
            "Rafe Spall",
            "Teddy",
            "Zahra Newman",
            "Leane",
            "Ronny Chieng",
            "Sam",
            "Dena Kaplan",
            "Becka",
            "Noni Hazlehurst",
            "The Stranger",
            "Josh Lawson",
            "Patrick"
        ],
        "orig_title": "Long Story Short",
        "status": " Released",
        "orig_lang": " English",
        "budget_x": 183600000.0,
        "revenue": 672680361.8,
        "country": "AU"
    },
    {
        "title": "Mojin: The Lost Legend",
        "date_x": "12/18/2015 ",
        "score": 62.0,
        "genre": [
            "Action",
            "Adventure",
            "Fantasy"
        ],
        "overview": "At the beginning of the 1990s, famous tomb explorer Hu Bayi decided to retire and move to the United States with his girlfriend Shirley. But before his wedding, Bayi discovers his first love Ding Shitian, who supposedly had died in the \"One Hundred Cave\" 20 years ago, is actually still alive. Together with Shirley and his old exploration partner, Bayi unravels a terrible millennium-old secret...",
        "actors": [
            "Chen Kun",
            "Hu Baiyi",
            "Huang Bo",
            "Wang Kaixuan",
            "Shu Qi",
            "Shirley Yang",
            "AngelaBaby",
            "Ding Shitian",
            "Xia Yu",
            "Grill",
            "Cherry Ngan",
            "Yoko",
            "Liu Xiaoqing",
            "Ying Caihong",
            "Jonathan Kos-Read",
            "Mark",
            "Wang Qing",
            "Prisoner Cai Xia"
        ],
        "orig_title": " 寻龙诀",
        "status": " Released",
        "orig_lang": " Chinese",
        "budget_x": 37000000.0,
        "revenue": 278300000.0,
        "country": "CN"
    },
    {
        "title": "Curious George 2: Follow That Monkey!",
        "date_x": "10/27/2009 ",
        "score": 66.0,
        "genre": [
            "Animation",
            "Family"
        ],
        "overview": "The film chronicles George's adventures as he befriends Kayla, a baby elephant, at a magic circus show and helps her travel across the country to be reunited with her family.Accompanied by his friend, the Man with the Yellow Hat, George travels by foot, train, and truck to reach Kayla's brother and sister in California, only to be accused of elephant-napping and brought all the way back to New York.",
        "actors": [
            "Frank Welker",
            "George / Duck / Cow (voice)",
            "Amy Hill",
            "Flower Pot Lady / Irate Woman (voice)",
            "Ed O'Ross",
            "Ivan the Doorman (voice)",
            "Carlos Alazraqui",
            "Newspaper Vendor / Conductor (voice)",
            "Jeff Bennett",
            "Ted (voice)",
            "Fred Tatasciore",
            "Mr. Bloomsberry (voice)",
            "Nickie Bryar",
            "Maggie / Teenage Boy (voice)",
            "Jamie Kennedy",
            "\"Danno\" Wolfe (voice)",
            "Catherine Taber",
            "Tina (voice)"
        ],
        "orig_title": "Curious George 2: Follow That Monkey!",
        "status": " Released",
        "orig_lang": " English",
        "budget_x": 127000000.0,
        "revenue": 325823441.8,
        "country": "US"
    },
    {
        "title": "First Daughter",
        "date_x": "04/26/2006 ",
        "score": 61.0,
        "genre": [
            "Family",
            "Comedy",
            "Drama",
            "Romance"
        ],
        "overview": "Samantha MacKenzie, the daughter of the president of the United States, arrives at college with a group of Secret Service agents. Samantha, however, resents their presence and decides she wants to attend school just like a normal student. Her father agrees to recall the agents but secretly assigns James, an undercover agent, to pose as a student. They fall in love, but their romance is jeopardized when Samantha learns James' true identity.",
        "actors": [
            "Katie Holmes",
            "Samantha Mackenzie",
            "Marc Blucas",
            "James Lansome",
            "Amerie",
            "Mia Thompson",
            "Michael Keaton",
            "President Mackenzie",
            "Margaret Colin",
            "Melanie Mackenzie",
            "Lela Rochon",
            "Liz Pappas",
            "Michael Milhoan",
            "Agent Bock",
            "Dwayne Adway",
            "Agent Dylan",
            "Hollis Hill",
            "Agent Colvin"
        ],
        "orig_title": "First Daughter",
        "status": " Released",
        "orig_lang": " English",
        "budget_x": 30000000.0,
        "revenue": 10419084.0,
        "country": "AU"
    }
]