[
    {
        "title": "Phalguna Chaitra",
        "date_x": "04/07/2023 ",
        "score": 0.0,
        "genre": [
            "Family",
            "Romance",
            "Drama"
        ],
        "overview": "Kabya is an architect who gets an assignment to renovate a vintage house in a remote hilly small town of Odisha. There he meets the chirpy and bubbly interior decorator Smruti who is also the granddaughter of the head of the house Das Babu. Kabya and Smruti fall in love while renovating the house together. But then something agonizing happens which changes the dynamics of all the relationships around.",
        "actors": [
            "Sukant Rath",
            "",
            "Partha Sarathi Ray",
            "",
            "Ananya Mishra",
            "",
            "Choudhary Jayprakash Das",
            "",
            "B M Baisali",
            "",
            "Pranab Prasanna Rath",
            "",
            "Chandan Biswal",
            "",
            "Manisha Manjari Mishra",
            "",
            "Kailash Panigrahi",
            ""
        ],
        "orig_title": " ଫାଲ୍‌ଗୁନ ଚୈତ୍ର",
        "status": " Released",
        "orig_lang": " Oriya",
        "budget_x": 103845.0,
        "revenue": 1240261.6,
        "country": "IN"
    },
    {
        "title": "Soy leyenda",
        "date_x": "01/01/1967 ",
        "score": 62.0,
        "genre": [
            "Drama",
            "Horror",
            "Science Fiction"
        ],
        "overview": "First the atomic war broke out, new machines were made, dead birds appeared. In 1999, a bacteriological warfare began, there were sandstorms and giant locust infestations; the human tissue was transformed and a new being, once legendary, now real, emerged: the vampire. Only Robert Neville, the last man on Earth, remains unpolluted, living in constant struggle with the new inhabitants of the planet.",
        "actors": [
            "Moisés Menéndez",
            "Robert Neville",
            "Eliska Ramírez",
            "Virginia",
            "José María Resel",
            "Ben Cortman",
            "Ricardo Palacios",
            "Fat Man",
            "Ana Castor",
            "Ruth"
        ],
        "orig_title": "Soy leyenda",
        "status": " Released",
        "orig_lang": " Spanish, Castilian",
        "budget_x": 102200000.0,
        "revenue": 630793781.0,
        "country": "ES"
    },
    {
        "title": "Robbing Mussolini",
        "date_x": "10/15/2022 ",
        "score": 56.0,
        "genre": [
            "Comedy",
            "Crime"
        ],
        "overview": "At the end of WWII, an ambitious bootlegger and his nightclub-singing girlfriend assemble a ragtag bunch of misfits for an impossible heist: to steal Mussolini's treasure right from his headquarters.",
        "actors": [
            "Pietro Castellitto",
            "Isola",
            "Matilda De Angelis",
            "Yvonne",
            "Tommaso Ragno",
            "Marcello Davoli",
            "Isabella Ferrari",
            "Nora Cavalieri",
            "Filippo Timi",
            "Achille Borsalino",
            "Alberto Astorri",
            "Molotov",
            "Maccio Capatonda",
            "Giovanni Fabbri",
            "Luigi Fedele",
            "Amedeo",
            "Coco Rebecca Edogamhe",
            "Hessa"
        ],
        "orig_title": " Rapiniamo il Duce",
        "status": " Released",
        "orig_lang": " Italian",
        "budget_x": 12000000.0,
        "revenue": 28263556.8,
        "country": "IT"
    },
    {
        "title": "The Man with the Iron Heart",
        "date_x": "06/07/2018 ",
        "score": 66.0,
        "genre": [
            "War",
            "Action",
            "History",
            "Thriller"
        ],
        "overview": "With the Third Reich at its peak in 1942, the Czech resistance in London plans the most ambitious military operation of WWII –  Anthropoid. Two young recruits are sent to Prague to assassinate the most ruthless Nazi leader – Reinhardt Heydrich, head of the SS, the Gestapo and the architect of the Final Solution.",
        "actors": [
            "Jason Clarke",
            "Reinhard Heydrich",
            "Rosamund Pike",
            "Lina von Osten",
            "Jack O'Connell",
            "Jan Kubiš",
            "Jack Reynor",
            "Jozef Gabčík",
            "Mia Wasikowska",
            "Anna Novák",
            "Stephen Graham",
            "Heinrich Himmler",
            "Thomas M. Wright",
            "Josef Valčík",
            "Barry Atsma",
            "Karl Hermann Frank",
            "Geoff Bell",
            "Muller"
        ],
        "orig_title": "The Man with the Iron Heart",
        "status": " Released",
        "orig_lang": " English",
        "budget_x": 32679734.0,
        "revenue": 4412639.0,
        "country": "AU"
    },
    {
        "title": "Rurouni Kenshin Part II: Kyoto Inferno",
        "date_x": "08/01/2014 ",
        "score": 76.0,
        "genre": [
            "Action",
            "Adventure",
            "Drama",
            "Fantasy"
        ],
        "overview": "Kenshin has settled into his new life with Kaoru and his other friends when he is approached with a request from the Meiji government. Makoto Shishio, a former assassin like Kenshin, was betrayed, set on fire and left for dead. He survived, and is now in Kyoto, plotting with his gathered warriors to overthrow the new government. Against Kaoru's wishes, Kenshin reluctantly agrees to go to Kyoto and help keep his country from falling back into civil war.",
        "actors": [
            "Takeru Satoh",
            "Kenshin Himura",
            "Emi Takei",
            "Kaoru Kamiya",
            "Munetaka Aoki",
            "Sanosuke Sagara",
            "Kaito Oyagi",
            "Yahiko Myojin",
            "Yu Aoi",
            "Megumi Takani",
            "Yosuke Eguchi",
            "Hajime Saito",
            "Yûsuke Iseya",
            "Aoshi Shinomori",
            "Min Tanaka",
            "Kashiwazaki Nenji",
            "Tao Tsuchiya",
            "Makimachi Misao"
        ],
        "orig_title": " るろうに剣心 京都大火編",
        "status": " Released",
        "orig_lang": " Japanese",
        "budget_x": 93400000.0,
        "revenue": 874940419.6,
        "country": "JP"
    },
    {
        "title": "The Marine 5: Battleground",
        "date_x": "03/29/2017 ",
        "score": 64.0,
        "genre": [
            "Action"
        ],
        "overview": "While working as an EMT back stateside Jake Carter after responding to a distress call, finds himself caught up protecting a person of interest from a biker gang ruthlessly hunting them down.",
        "actors": [
            "Mike 'The Miz' Mizanin",
            "Jake Carter",
            "Anna Van Hooft",
            "Zoe Williams",
            "Joe Hennig",
            "Deacon",
            "Sharon Crandall",
            "Paramedic",
            "Maryse Mizanin",
            "Ana",
            "Naomi",
            "Murphy",
            "Heath Miller",
            "Cash",
            "Brad Kelly",
            "Gunner",
            "Tony Skinner",
            "Xander"
        ],
        "orig_title": "The Marine 5: Battleground",
        "status": " Released",
        "orig_lang": " English",
        "budget_x": 67800000.0,
        "revenue": 348256501.8,
        "country": "US"
    },
    {
        "title": "Exposed",
        "date_x": "07/28/2016 ",
        "score": 49.0,
        "genre": [
            "Drama",
            "Crime",
            "Thriller",
            "Mystery"
        ],
        "overview": "After witnessing a miracle, a young Latina woman experiences strange things as a police detective searches for the truth behind his partner's death.",
        "actors": [
            "Keanu Reeves",
            "Detective Scott Galban",
            "Ana de Armas",
            "Isabel de La Cruz",
            "Mira Sorvino",
            "Janine Cullen",
            "Christopher McDonald",
            "Lt. Galban",
            "Laura Gómez",
            "Eva",
            "Sandy Tejada",
            "Yesenia",
            "Ismael Cruz Córdova",
            "Jose de La Cruz",
            "Big Daddy Kane",
            "Black",
            "Melissa Cardello Linton",
            "Detective Ramirez"
        ],
        "orig_title": "Exposed",
        "status": " Released",
        "orig_lang": " English",
        "budget_x": 3500017.4,
        "revenue": 1787926.0,
        "country": "AU"
    },
    {
        "title": "Girls Trip",
        "date_x": "07/21/2017 ",
        "score": 68.0,
        "genre": [
            "Comedy"
        ],
        "overview": "Four girlfriends take a trip to New Orleans for an annual festival and, along the way, rediscover their wild sides and strengthen the bonds of sisterhood.",
        "actors": [
            "Regina Hall",
            "Ryan Pierce",
            "Queen Latifah",
            "Sasha Franklin",
            "Jada Pinkett Smith",
            "Lisa Cooper",
            "Tiffany Haddish",
            "Dina",
            "Larenz Tate",
            "Julian Stevens",
            "Mike Colter",
            "Stewart Pierce",
            "Kate Walsh",
            "Elizabeth Davelli",
            "Kofi Siriboe",
            "Malik",
            "Deborah Ayorinde",
            "Simone"
        ],
        "orig_title": "Girls Trip",
        "status": " Released",
        "orig_lang": " English",
        "budget_x": 28000000.0,
        "revenue": 140886353.0,
        "country": "US"
    },
    {
        "title": "Gran Torino",
        "date_x": "01/12/2009 ",
        "score": 80.0,
        "genre": [
            "Drama"
        ],
        "overview": "Disgruntled Korean War veteran Walt Kowalski sets out to reform his neighbor, Thao Lor, a Hmong teenager who tried to steal Kowalski's prized possession: a 1972 Gran Torino.",
        "actors": [
            "Clint Eastwood",
            "Walt Kowalski",
            "Christopher Carley",
            "Father Janovich",
            "Bee Vang",
            "Tao Vang Lor",
            "Ahney Her",
            "Sue Lor",
            "Brian Haley",
            "Mitch Kowalski",
            "Geraldine Hughes",
            "Karen Kowalski",
            "Dreama Walker",
            "Ashley Kowalski",
            "Brian Howe",
            "Steve Kowalski",
            "John Carroll Lynch",
            "Barber Martin"
        ],
        "orig_title": "Gran Torino",
        "status": " Released",
        "orig_lang": " English",
        "budget_x": 25000000.0,
        "revenue": 274543085.0,
        "country": "AU"
    },
    {
        "title": "Firestarter",
        "date_x": "05/12/2022 ",
        "score": 58.0,
        "genre": [
            "Science Fiction",
            "Thriller",
            "Horror"
        ],
        "overview": "For more than a decade, parents Andy and Vicky have been on the run, desperate to hide their daughter Charlie from a shadowy federal agency that wants to harness her unprecedented gift for creating fire into a weapon of mass destruction. Andy has taught Charlie how to defuse her power, which is triggered by anger or pain. But as Charlie turns 11, the fire becomes harder and harder to control. After an incident reveals the family's location, a mysterious operative is deployed to hunt down the family and seize Charlie once and for all. Charlie has other plans.",
        "actors": [
            "Ryan Kiera Armstrong",
            "Charlie McGee",
            "Zac Efron",
            "Andy McGee",
            "Sydney Lemmon",
            "Vicky Tomlinson-McGee",
            "Kurtwood Smith",
            "Dr. Joseph Wanless",
            "Michael Greyeyes",
            "John Rainbird",
            "Gloria Reuben",
            "Captain Jane Hollister",
            "John Beasley",
            "Irv Manders",
            "Tina Jung",
            "Ms. Gardner",
            "Hannan Younis",
            "Darla Gurney"
        ],
        "orig_title": "Firestarter",
        "status": " Released",
        "orig_lang": " English",
        "budget_x": 15000000.0,
        "revenue": 15136870.0,
        "country": "AU"
    },
    {
        "title": "The Thirteenth Floor",
        "date_x": "09/02/1999 ",
        "score": 70.0,
        "genre": [
            "Thriller",
            "Science Fiction",
            "Mystery"
        ],
        "overview": "Los Angeles. A wealthy man, known as Mr. Fuller, discovers a shocking secret about the world he lives in. Fearing for his life, he leaves a desperate message for a friend of his in the most unexpected place.",
        "actors": [
            "Craig Bierko",
            "Douglas Hall",
            "Armin Mueller-Stahl",
            "Hannon Fuller",
            "Gretchen Mol",
            "Jane Fuller",
            "Vincent D'Onofrio",
            "Whitney",
            "Dennis Haysbert",
            "Det. Larry McBain",
            "Steven Schub",
            "Det. Zev Bernstein",
            "Jeremy Roberts",
            "Tom Jones",
            "Rif Hutton",
            "Joe",
            "Leon Rippy",
            "Jane's Lawyer"
        ],
        "orig_title": "The Thirteenth Floor",
        "status": " Released",
        "orig_lang": " English",
        "budget_x": 16000000.0,
        "revenue": 11810854.0,
        "country": "AU"
    },
    {
        "title": "Behind Enemy Lines",
        "date_x": "01/31/2002 ",
        "score": 63.0,
        "genre": [
            "Action",
            "Drama",
            "Thriller",
            "War"
        ],
        "overview": "While flying a routine reconnaissance mission over Bosnia, fighter pilot Chris Burnett photographs something he wasn't supposed to see and gets shot down behind enemy lines, where he must outrun an army led by a ruthless Serbian general. With time running out and a deadly tracker on his trail, Burnett's commanding officer decides to risk his career and launch a renegade rescue mission to save his life.",
        "actors": [
            "Owen Wilson",
            "Lt. Chris Burnett",
            "Gene Hackman",
            "Admiral Leslie McMahon Reigart",
            "Gabriel Macht",
            "Stackhouse",
            "Joaquim de Almeida",
            "Admiral Piquet",
            "David Keith",
            "Master Chief Tom O'Malley",
            "Olek Krupa",
            "Miroslav Lokar",
            "Vladimir Mashkov",
            "Tracker",
            "Charles Malik Whitfield",
            "Capt. Rodway",
            "USMC",
            "Geoff Pierson",
            "Admiral Donnelly"
        ],
        "orig_title": "Behind Enemy Lines",
        "status": " Released",
        "orig_lang": " English",
        "budget_x": 40000000.0,
        "revenue": 58855732.0,
        "country": "AU"
    },
    {
        "title": "I, Frankenstein",
        "date_x": "03/20/2014 ",
        "score": 53.0,
        "genre": [
            "Horror",
            "Thriller"
        ],
        "overview": "200 years after his shocking creation, Dr. Frankenstein's creature, Adam, still walks the earth. But when he finds himself in the middle of a war over the fate of humanity, Adam discovers he holds the key that could destroy humankind.",
        "actors": [
            "Aaron Eckhart",
            "Adam",
            "Yvonne Strahovski",
            "Terra",
            "Bill Nighy",
            "Naberius",
            "Jai Courtney",
            "Gideon",
            "Miranda Otto",
            "Leonore",
            "Caitlin Stasey",
            "Keziah",
            "Penny Higgs",
            "Sargon",
            "Aden Young",
            "Dr. Frankenstein",
            "Kevin Grevioux",
            "Dekar"
        ],
        "orig_title": "I, Frankenstein",
        "status": " Released",
        "orig_lang": " English",
        "budget_x": 65000000.0,
        "revenue": 74575290.0,
        "country": "AU"
    },
    {
        "title": "Shaun the Sheep: The Flight Before Christmas",
        "date_x": "12/03/2021 ",
        "score": 70.0,
        "genre": [
            "Animation",
            "Comedy",
            "Family"
        ],
        "overview": "Shaun's seasonal excitement turns to dismay when a farmhouse raid to get bigger stockings for the flock inadvertently leads to Timmy going missing. Can Shaun get Timmy back before he becomes someone else’s present?",
        "actors": [
            "Justin Fletcher",
            "Shaun / Timmy (voice)",
            "John Sparkes",
            "The Farmer / Bitzer (voice)",
            "Kate Harbour",
            "Timmy's Mother (voice)",
            "Laura Aikman",
            "Ella (voice)",
            "Marcus Brigstocke",
            "Farmer Ben (voice)",
            "Anna Leong Brophy",
            "Jin (voice)",
            "Simon Greenall",
            "Additional Voices (voice)",
            "Andy Nyman",
            "Additional Voices (voice)",
            "Emma Tate",
            "Additional Voices (voice)"
        ],
        "orig_title": "Shaun the Sheep: The Flight Before Christmas",
        "status": " Released",
        "orig_lang": " English",
        "budget_x": 111000000.0,
        "revenue": 294668448.4,
        "country": "GB"
    },
    {
        "title": "The Rover",
        "date_x": "06/12/2014 ",
        "score": 63.0,
        "genre": [
            "Crime",
            "Drama"
        ],
        "overview": "10 years after a global economic collapse, a hardened loner pursues the men who stole his car through the lawless wasteland of the Australian outback, aided by the brother of one of the thieves.",
        "actors": [
            "Guy Pearce",
            "Eric",
            "Robert Pattinson",
            "Rey",
            "Scoot McNairy",
            "Henry",
            "David Field",
            "Archie",
            "Susan Prior",
            "Dorothy Peeples",
            "Anthony Hayes",
            "Sgt. Rickofferson",
            "Tawanda Manyimo",
            "Caleb",
            "Nash Edgerton",
            "Town Soldier",
            "Gillian Jones",
            "Grandma"
        ],
        "orig_title": "The Rover",
        "status": " Released",
        "orig_lang": " English",
        "budget_x": 8500000.0,
        "revenue": 3180252.0,
        "country": "AU"
    },
    {
        "title": "Sex Game 6969",
        "date_x": "01/27/2022 ",
        "score": 15.0,
        "genre": [
            "Comedy",
            "Drama",
            "Romance"
        ],
        "overview": "Three married women had always been dissatisfied sexually with their husbands, and Hyoji, who recently divorced due to her husband's erectile dysfunction. They gathered after a long time and had a drink complaining to each other, and they received a business card from an unidentified handsome man, saying, \"Don't you want to play tteok pounding game?\" The four of them head to the meeting place and meet suspicious agents who were waiting for them.",
        "actors": [
            "Lee Chae-dam",
            "",
            "Yoo Jung",
            "",
            "So Jeong",
            "",
            "Kim Soo-ji",
            "",
            "Woo Yeol",
            ""
        ],
        "orig_title": " 물오징어6969",
        "status": " Released",
        "orig_lang": " Korean",
        "budget_x": 124940040.0,
        "revenue": 46369741.0,
        "country": "KR"
    },
    {
        "title": "Scooby-Doo! Camp Scare",
        "date_x": "09/14/2010 ",
        "score": 80.0,
        "genre": [
            "Animation",
            "Comedy",
            "Family",
            "Mystery"
        ],
        "overview": "Scooby and the gang experience outdoor fun as they go back to Fred's old summer camp.",
        "actors": [
            "Frank Welker",
            "Fred / Scooby Doo (voice)",
            "Mindy Cohn",
            "Velma (voice)",
            "Matthew Lillard",
            "Shaggy (voice)",
            "Grey DeLisle",
            "Daphne (voice)",
            "Dee Bradley Baker",
            "Ranger Knudsen / Woodsman / Spectre / Fishman (voice)",
            "Mark Hamill",
            "Deacon / Babyface Boretti / Store Owner (voice)",
            "Phil LaMarr",
            "Darryl (voice)",
            "Scott Menville",
            "Luke (voice)",
            "Stephen Root",
            "Burt (voice)"
        ],
        "orig_title": "Scooby-Doo! Camp Scare",
        "status": " Released",
        "orig_lang": " English",
        "budget_x": 109400000.0,
        "revenue": 1090154232.0,
        "country": "US"
    },
    {
        "title": "Jaws 2",
        "date_x": "06/16/1978 ",
        "score": 60.0,
        "genre": [
            "Horror",
            "Thriller"
        ],
        "overview": "Police chief Brody must protect the citizens of Amity after a second monstrous shark begins terrorizing the waters.",
        "actors": [
            "Roy Scheider",
            "Police Chief Martin Brody",
            "Lorraine Gary",
            "Ellen Brody",
            "Murray Hamilton",
            "Mayor Larry Vaughn",
            "Joseph Mascolo",
            "Len Peterson",
            "Jeffrey Kramer",
            "Deputy Jeff Hendricks",
            "Collin Wilcox Paxton",
            "Dr. Lureen Elkins",
            "Ann Dusenberry",
            "Tina Wilcox",
            "Mark Gruner",
            "Michael 'Mike' Brody",
            "Barry Coe",
            "Tom Andrews"
        ],
        "orig_title": "Jaws 2",
        "status": " Released",
        "orig_lang": " English",
        "budget_x": 20000000.0,
        "revenue": 208900376.0,
        "country": "US"
    },
    {
        "title": "Gurren Lagann the Movie: The Lights in the Sky Are Stars",
        "date_x": "04/25/2009 ",
        "score": 80.0,
        "genre": [
            "Action",
            "Science Fiction",
            "Animation",
            "Adventure"
        ],
        "overview": "Seven years after the defeat of the spiral king, Simon and the Dai-Gurren brigade must set out to the vastness of space to defeat a new threat and save the universe.",
        "actors": [
            "Tetsuya Kakihara",
            "Simon (voice)",
            "Yukari Fukui",
            "Nia Teppelin (voice)",
            "Marina Inoue",
            "Yoko Littner (voice)",
            "Katsuyuki Konishi",
            "Kamina (voice)",
            "Masaya Onosaka",
            "Leeron Littner (voice)",
            "Mitsuki Saiga",
            "Rossiu Adai (voice)",
            "Nobuyuki Hiyama",
            "Viral (voice)",
            "Shizuka Itoh",
            "Boota (voice) / Darry Adai (voice)",
            "Takako Honda",
            "Darry Adai (voice) / Leite Jokin (voice)"
        ],
        "orig_title": " 劇場版 天元突破グレンラガン 螺巌篇",
        "status": " Released",
        "orig_lang": " Japanese",
        "budget_x": 136000000.0,
        "revenue": 719009391.0,
        "country": "JP"
    },
    {
        "title": "TMNT",
        "date_x": "04/05/2007 ",
        "score": 61.0,
        "genre": [
            "Adventure",
            "Animation",
            "Comedy",
            "Family"
        ],
        "overview": "After the defeat of their old arch nemesis, The Shredder, the Turtles have grown apart as a family. Struggling to keep them together, their rat sensei, Splinter, becomes worried when strange things begin to brew in New York City.",
        "actors": [
            "James Arnold Taylor",
            "Leonardo (voice)",
            "Mitchell Whitfield",
            "Donatello / Additional Voices (voice)",
            "Nolan North",
            "Raphael / Nightwatcher (voice)",
            "Mikey Kelley",
            "Michelangelo (voice)",
            "Sarah Michelle Gellar",
            "April O'Neil (voice)",
            "Chris Evans",
            "Casey Jones (voice)",
            "Mako",
            "Splinter (voice)",
            "Patrick Stewart",
            "Winters (voice)",
            "Kevin Smith",
            "Diner Cook (voice)"
        ],
        "orig_title": "TMNT",
        "status": " Released",
        "orig_lang": " English",
        "budget_x": 35000000.0,
        "revenue": 96096018.0,
        "country": "AU"
    },
    {
        "title": "Die Another Day",
        "date_x": "12/11/2002 ",
        "score": 60.0,
        "genre": [
            "Adventure",
            "Action",
            "Thriller"
        ],
        "overview": "James Bond is sent to investigate the connection between a North Korean terrorist and a diamond mogul, who is funding the development of an international space weapon.",
        "actors": [
            "Pierce Brosnan",
            "James Bond",
            "Halle Berry",
            "Jinx Johnson",
            "Toby Stephens",
            "Gustav Graves",
            "Rosamund Pike",
            "Miranda Frost",
            "Rick Yune",
            "Zao",
            "Judi Dench",
            "M",
            "John Cleese",
            "Q",
            "Michael Madsen",
            "Damian Falco",
            "Will Yun Lee",
            "Colonel Moon"
        ],
        "orig_title": "Die Another Day",
        "status": " Released",
        "orig_lang": " English",
        "budget_x": 142000000.0,
        "revenue": 431942139.0,
        "country": "AU"
    },
    {
        "title": "Legend",
        "date_x": "01/02/1986 ",
        "score": 62.0,
        "genre": [
            "Adventure",
            "Fantasy"
        ],
        "overview": "Set in a timeless mythical forest inhabited by fairies, goblins, unicorns and mortals, this fantastic story follows a mystical forest dweller, chosen by fate, to undertake a heroic quest. He must save the beautiful Princess  Lili and defeat the demonic Lord of Darkness, or the world will be plunged into a never-ending ice age.",
        "actors": [
            "Tom Cruise",
            "Jack",
            "Mia Sara",
            "Princess Lili",
            "Tim Curry",
            "Lord of \"Darkness\"",
            "David Bennent",
            "Honeythorn Gump",
            "Alice Playten",
            "Blix",
            "Billy Barty",
            "Screwball",
            "Cork Hubbert",
            "Brown Tom",
            "Peter O'Farrell",
            "Pox",
            "Kiran Shah",
            "Blunder"
        ],
        "orig_title": "Legend",
        "status": " Released",
        "orig_lang": " English",
        "budget_x": 25000000.0,
        "revenue": 23506237.0,
        "country": "AU"
    },
    {
        "title": "Legend",
        "date_x": "01/02/1986 ",
        "score": 62.0,
        "genre": [
            "Adventure",
            "Fantasy"
        ],
        "overview": "Set in a timeless mythical forest inhabited by fairies, goblins, unicorns and mortals, this fantastic story follows a mystical forest dweller, chosen by fate, to undertake a heroic quest. He must save the beautiful Princess  Lili and defeat the demonic Lord of Darkness, or the world will be plunged into a never-ending ice age.",
        "actors": [
            "Tom Cruise",
            "Jack",
            "Mia Sara",
            "Princess Lili",
            "Tim Curry",
            "Lord of \"Darkness\"",
            "David Bennent",
            "Honeythorn Gump",
            "Alice Playten",
            "Blix",
            "Billy Barty",
            "Screwball",
            "Cork Hubbert",
            "Brown Tom",
            "Peter O'Farrell",
            "Pox",
            "Kiran Shah",
            "Blunder"
        ],
        "orig_title": "Legend",
        "status": " Released",
        "orig_lang": " English",
        "budget_x": 25000000.0,
        "revenue": 42425450.0,
        "country": "AU"
    },
    {
        "title": "Return to Never Land",
        "date_x": "03/28/2002 ",
        "score": 65.0,
        "genre": [
            "Adventure",
            "Fantasy",
            "Animation",
            "Family"
        ],
        "overview": "In 1940, the world is besieged by World War II. Wendy, all grown up, has two children; including Jane, who does not believe Wendy's stories about Peter Pan.",
        "actors": [
            "Harriet Owen",
            "Jane / Young Wendy (Voice)",
            "Blayne Weaver",
            "Peter Pan (Voice)",
            "Jeff Bennett",
            "Smee / Pirates (Voice)",
            "Kath Soucie",
            "Wendy Darling (voice)",
            "Corey Burton",
            "Captain Hook (voice)",
            "Andrew McDonough",
            "Danny (voice)",
            "Roger Rees",
            "Edward (voice)",
            "Spencer Breslin",
            "Cubby (voice)",
            "Bradley Pierce",
            "Nibs (voice)"
        ],
        "orig_title": "Return to Never Land",
        "status": " Released",
        "orig_lang": " English",
        "budget_x": 20000000.0,
        "revenue": 109862682.0,
        "country": "AU"
    },
    {
        "title": "Go! Go! Cory Carson: Chrissy Takes the Wheel",
        "date_x": "09/21/2021 ",
        "score": 58.0,
        "genre": [
            "Animation",
            "Family"
        ],
        "overview": "From arcade games to sled days and hiccup cures, Cory Carson’s curious little sister Chrissy speeds off on her own for fun and adventure all over town!",
        "actors": [
            "Maisie Benson",
            "",
            "Paul Killam",
            "",
            "Kerry Gudjohnsen",
            "",
            "Emma Berman",
            "Winifred Wings (voice)"
        ],
        "orig_title": "Go! Go! Cory Carson: Chrissy Takes the Wheel",
        "status": " Released",
        "orig_lang": " English",
        "budget_x": 93000000.0,
        "revenue": 477850338.2,
        "country": "US"
    },
    {
        "title": "Snow White: A Tale of Terror",
        "date_x": "07/18/1997 ",
        "score": 60.0,
        "genre": [
            "Fantasy",
            "Horror"
        ],
        "overview": "When young Lili's mother dies in childbirth, her father remarries Lady Claudia, a woman ruled by an evil mirror with the power to make her queen of all living things.  After escaping an attempt on her life, Lili finds herself lost in a dark forest, where living happily ever after seems unlikely.",
        "actors": [
            "Sigourney Weaver",
            "Lady Claudia Hoffman",
            "Sam Neill",
            "Lord Friedrich Hoffman",
            "Monica Keena",
            "Lilliana 'Lilly' Hoffman",
            "Gil Bellows",
            "Will",
            "Brian Glover",
            "Lars",
            "David Conrad",
            "Peter Gutenberg",
            "Anthony Brophy",
            "Rolf",
            "Andrew Tiernan",
            "Scar",
            "Taryn Davis",
            "Little Lilliana 'Lilly' Hoffman"
        ],
        "orig_title": "Snow White: A Tale of Terror",
        "status": " Released",
        "orig_lang": " English",
        "budget_x": 26000000.0,
        "revenue": 25798931.2,
        "country": "US"
    },
    {
        "title": "The Farm",
        "date_x": "04/19/2019 ",
        "score": 53.0,
        "genre": [
            "Horror"
        ],
        "overview": "A young couple gets kidnapped and treated like farm animals after stopping at a roadside diner to eat meat.",
        "actors": [
            "Nora Yessayan",
            "Nora",
            "Alec Gaylord",
            "Alec",
            "Ken Volok",
            "Landlord",
            "Rob Tisdale",
            "Andrew",
            "Kelly Mis",
            "Ashley",
            "Jola Cora",
            "Women in cages"
        ],
        "orig_title": "The Farm",
        "status": " Released",
        "orig_lang": " English",
        "budget_x": 95000000.0,
        "revenue": 338365977.2,
        "country": "US"
    },
    {
        "title": "Away",
        "date_x": "02/23/2020 ",
        "score": 64.0,
        "genre": [
            "Animation",
            "Drama",
            "Adventure",
            "Fantasy"
        ],
        "overview": "After suffering a plane crash on a mysterious island, a young man embarks on an epic journey through forests, deserts and mountains trying to escape the shadow of a huge dark spirit.",
        "actors": [
            ""
        ],
        "orig_title": "Away",
        "status": " Released",
        "orig_lang": " English",
        "budget_x": 151400000.0,
        "revenue": 548528147.4,
        "country": "AU"
    },
    {
        "title": "Jonah and the Pink Whale",
        "date_x": "11/07/1995 ",
        "score": 52.0,
        "genre": [
            "Drama"
        ],
        "overview": "Bolivia's submission for the Academy Award for Best Foreign Language Film in 1995",
        "actors": [
            "Dino García",
            "Jonás",
            "María Renée Prudencio",
            "Julia",
            "Claudia Lobo",
            "Talia",
            "Julieta Egurrola",
            "Ira",
            "Guillermo Gil",
            "Patrocio"
        ],
        "orig_title": " Jonás y la ballena rosada",
        "status": " Released",
        "orig_lang": " Spanish, Castilian",
        "budget_x": 111940000.0,
        "revenue": 638332462.6,
        "country": "BO"
    },
    {
        "title": "Superman II",
        "date_x": "12/04/1980 ",
        "score": 67.0,
        "genre": [
            "Science Fiction",
            "Action",
            "Adventure"
        ],
        "overview": "Three escaped criminals from the planet Krypton test the Man of Steel's mettle. Led by General Zod, the Kryptonians take control of the White House and partner with Lex Luthor to destroy Superman and rule the world. But Superman, who attempts to make himself human in order to get closer to Lois, realizes he has a responsibility to save the planet.",
        "actors": [
            "Gene Hackman",
            "Lex Luthor",
            "Christopher Reeve",
            "Superman / Clark Kent",
            "Ned Beatty",
            "Otis",
            "Jackie Cooper",
            "Perry White",
            "Sarah Douglas",
            "Ursa",
            "Margot Kidder",
            "Lois Lane",
            "Jack O'Halloran",
            "Non",
            "Valerie Perrine",
            "Eve Teschmacher",
            "Susannah York",
            "Lara"
        ],
        "orig_title": "Superman II",
        "status": " Released",
        "orig_lang": " English",
        "budget_x": 54000000.0,
        "revenue": 190400000.0,
        "country": "AU"
    },
    {
        "title": "Brahms: The Boy II",
        "date_x": "02/20/2020 ",
        "score": 60.0,
        "genre": [
            "Horror",
            "Mystery",
            "Thriller"
        ],
        "overview": "After a family moves into the Heelshire Mansion, their young son soon makes friends with a life-like doll called Brahms.",
        "actors": [
            "Katie Holmes",
            "Liza",
            "Christopher Convery",
            "Jude",
            "Owain Yeoman",
            "Sean",
            "Ralph Ineson",
            "Joseph",
            "Anjali Jay",
            "Dr. Lawrence",
            "Oliver Rice",
            "Liam",
            "Joely Collins",
            "Mary",
            "Natalie Moon",
            "Pamela",
            "Joanne Kimm",
            "Nurse Receptionist"
        ],
        "orig_title": "Brahms: The Boy II",
        "status": " Released",
        "orig_lang": " English",
        "budget_x": 10000000.0,
        "revenue": 18968326.0,
        "country": "AU"
    },
    {
        "title": "Deus",
        "date_x": "11/04/2022 ",
        "score": 55.0,
        "genre": [
            "Science Fiction",
            "Thriller"
        ],
        "overview": "A mysterious black sphere is discovered in the orbit of Mars. The Achilles is sent to investigate. After the bedraggled six-person crew wake from eight months hibernation, the Sphere is transmitting a single word in every Earth language ever known - Deus.",
        "actors": [
            "Claudia Black",
            "Karla Grey",
            "David O'Hara",
            "Ulph",
            "Phil Davis",
            "Vance",
            "Richard Blackwood",
            "Sen Paul",
            "Lisa Eichhorn",
            "Mother",
            "Charlie MacGechan",
            "Sean Walsh",
            "Sophia Pettit",
            "Jess",
            "Branko Tomović",
            "Si Rubin",
            "Crystal Yu",
            "Tez Turreau"
        ],
        "orig_title": "Deus",
        "status": " Released",
        "orig_lang": " English",
        "budget_x": 119100000.0,
        "revenue": 422813217.8,
        "country": "GB"
    },
    {
        "title": "Koati",
        "date_x": "01/27/2022 ",
        "score": 73.0,
        "genre": [
            "Animation"
        ],
        "overview": "Three unlikely heroes - Nachi, a free-spirited coati; Xochi, a fearless monarch butterfly and Pako, a hyperactive glass frog - embark on an adventure to stop wicked coral snake Zaina from destroying their rain forest homeland.",
        "actors": [
            "Sofía Vergara",
            "Zaina (voice)",
            "Sebastián Villalobos",
            "Nachi (voice)",
            "Evaluna Montaner",
            "Xochi (voice)",
            "Daniel Sosa",
            "Pako (voice)",
            "Juan Carlos Tinoco",
            "Balam (voice)",
            "Adriana Barraza",
            "Amaya (voice)",
            "KAROL G",
            "Chima (voice)",
            "De La Ghetto",
            "Jithu (voice)",
            "Luis Carreño",
            "Calli (voice)"
        ],
        "orig_title": "Koati",
        "status": " Released",
        "orig_lang": " English",
        "budget_x": 123600000.0,
        "revenue": 590203752.2,
        "country": "AU"
    },
    {
        "title": "The Perfect Dinner",
        "date_x": "10/20/2022 ",
        "score": 68.0,
        "genre": [
            "Comedy",
            "Romance",
            "Crime"
        ],
        "overview": "Carmine is a Neapolitan mafioso who isn’t cut out for the criminal life. Under the protection of his boss Pasquale, Carmine is sent north to run a money laundering operation through a restaurant. He simply needs to defrost frozen meals, issue receipts and dinner is served.  But everything changes when he meets Consuelo, a chef who always pursues perfection and dreams of winning a Michelin star. Carmine hires her and decides to transform the establishment into a high-end restaurant. Could the love for food and dream of winning a Michelin star give them both a second chance?",
        "actors": [
            "Salvatore Esposito",
            "Carmine",
            "Greta Scarano",
            "Consuelo",
            "Gianluca Colucci",
            "Rosario",
            "Gianfranco Gallo",
            "Don Pasquale",
            "Antonella Attili",
            "Don Pasquale",
            "Antonio Grosso",
            "Giuliano",
            "Marlon Joubert",
            "Giuliano Picariello",
            "Teresa Ferrari",
            "Jessica",
            "Federico Le Pera",
            "Jacopo"
        ],
        "orig_title": " La cena perfetta",
        "status": " Released",
        "orig_lang": " Italian",
        "budget_x": 104700000.0,
        "revenue": 538260394.4,
        "country": "AU"
    },
    {
        "title": "Christine",
        "date_x": "05/03/1984 ",
        "score": 68.0,
        "genre": [
            "Horror"
        ],
        "overview": "Geeky student Arnie Cunningham falls for Christine, a rusty 1958 Plymouth Fury, and becomes obsessed with restoring the classic automobile to her former glory. As the car changes, so does Arnie, whose newfound confidence turns to arrogance behind the wheel of his exotic beauty. Arnie's girlfriend Leigh and best friend Dennis reach out to him, only to be met by a Fury like no other.",
        "actors": [
            "Keith Gordon",
            "Arnie Cunningham",
            "John Stockwell",
            "Dennis Guilder",
            "Alexandra Paul",
            "Leigh Cabot",
            "Robert Prosky",
            "Will Darnell",
            "Harry Dean Stanton",
            "Rudolph Junkins",
            "Christine Belford",
            "Regina Cunningham",
            "Roberts Blossom",
            "George LeBay",
            "William Ostrander",
            "Buddy Repperton",
            "David Spielberg",
            "Mr. Casey"
        ],
        "orig_title": "Christine",
        "status": " Released",
        "orig_lang": " English",
        "budget_x": 9700000.0,
        "revenue": 21200000.0,
        "country": "AU"
    },
    {
        "title": "Valkyrie",
        "date_x": "01/22/2009 ",
        "score": 69.0,
        "genre": [
            "Drama",
            "Thriller",
            "History",
            "War"
        ],
        "overview": "Wounded in Africa during World War II, Nazi Col. Claus von Stauffenberg returns to his native Germany and joins the Resistance in a daring plan to create a shadow government and assassinate Adolf Hitler. When events unfold so that he becomes a central player, he finds himself tasked with both leading the coup and personally killing the Führer.",
        "actors": [
            "Tom Cruise",
            "Claus Schenk Graf von Stauffenberg",
            "Kenneth Branagh",
            "Henning von Tresckow",
            "Bill Nighy",
            "Friedrich Olbricht",
            "Terence Stamp",
            "Ludwig Beck",
            "Tom Wilkinson",
            "Friedrich Fromm",
            "Carice van Houten",
            "Nina Schenk Gräfin von Stauffenberg",
            "Kenneth Cranham",
            "Field Marshal Wilhelm Keitel",
            "Thomas Kretschmann",
            "Otto Ernst Remer",
            "Eddie Izzard",
            "Erich Fellgiebel"
        ],
        "orig_title": "Valkyrie",
        "status": " Released",
        "orig_lang": " English",
        "budget_x": 90000000.0,
        "revenue": 203932174.0,
        "country": "AU"
    },
    {
        "title": "Jésus, de Nazareth à Jérusalem",
        "date_x": "10/17/2017 ",
        "score": 50.0,
        "genre": [
            "Comedy"
        ],
        "overview": "We don't have an overview translated in English. Help us expand our database by adding one.",
        "actors": [
            "Mike Massy",
            "Jésus",
            "Anne Sila",
            "Marie",
            "Omar Boussik",
            "Caleb",
            "François Roy",
            "Satan & Nicodème",
            "Solal",
            "Ponce Pilate",
            "Clément Verzi",
            "Judas",
            "Jean-Francois Guerlach",
            "Jean Le Baptiste & Zacharie",
            "Olivier Galliano",
            "André",
            "Saci Zaïdi",
            "Jacques",
            "le Majeur"
        ],
        "orig_title": "Jésus, de Nazareth à Jérusalem",
        "status": " Released",
        "orig_lang": " French",
        "budget_x": 114000000.0,
        "revenue": 449042622.0,
        "country": "FR"
    },
    {
        "title": "Bad Trip",
        "date_x": "03/26/2021 ",
        "score": 61.0,
        "genre": [
            "Comedy"
        ],
        "overview": "Two pals embark on a road trip full of funny pranks that pull real people into mayhem.",
        "actors": [
            "Eric André",
            "Chris Carey",
            "Lil Rel Howery",
            "Bud Malone",
            "Tiffany Haddish",
            "Trina Malone",
            "Michaela Conlin",
            "Maria Li",
            "Gerald Espinoza",
            "Dancer",
            "Kaleila Johnson",
            "Dancer",
            "Michael Starr",
            "Dancer",
            "Yvette Tucker",
            "Dancer",
            "Allan Graf",
            "Bus Driver"
        ],
        "orig_title": "Bad Trip",
        "status": " Released",
        "orig_lang": " English",
        "budget_x": 150600000.0,
        "revenue": 414413080.2,
        "country": "US"
    },
    {
        "title": "No Half Measures: Creating the Final Season of Breaking Bad",
        "date_x": "11/26/2013 ",
        "score": 85.0,
        "genre": [
            "Documentary"
        ],
        "overview": "A documentary about the making of season five of the acclaimed AMC series Breaking Bad.",
        "actors": [
            "Bryan Cranston",
            "Self",
            "Aaron Paul",
            "Self",
            "Anna Gunn",
            "Self",
            "Dean Norris",
            "Self",
            "Bob Odenkirk",
            "Self",
            "RJ Mitte",
            "Self",
            "Betsy Brandt",
            "Self",
            "Steven Michael Quezada",
            "Self",
            "Charles Baker",
            "Self"
        ],
        "orig_title": "No Half Measures: Creating the Final Season of Breaking Bad",
        "status": " Released",
        "orig_lang": " English",
        "budget_x": 139800000.0,
        "revenue": 1075683451.4,
        "country": "US"
    },
    {
        "title": "I Still Know What You Did Last Summer",
        "date_x": "11/26/1998 ",
        "score": 53.0,
        "genre": [
            "Horror",
            "Mystery",
            "Thriller"
        ],
        "overview": "Ever since killing the Fisherman one year ago, Julie James is still haunted by images of him after her. When her best friend Karla wins free tickets to the Bahamas, Julie finds this a perfect opportunity to finally relax. But someone is waiting for her. Someone who she thought was dead. Someone who is out again for revenge.",
        "actors": [
            "Jennifer Love Hewitt",
            "Julie James",
            "Freddie Prinze Jr.",
            "Ray Bronson",
            "Brandy Norwood",
            "Karla Wilson",
            "Mekhi Phifer",
            "Tyrell",
            "Matthew Settle",
            "Will Benson",
            "Muse Watson",
            "Ben Willis",
            "Jennifer Esposito",
            "Nancy",
            "Bill Cobbs",
            "Estes",
            "Jeffrey Combs",
            "Mr. Brooks"
        ],
        "orig_title": "I Still Know What You Did Last Summer",
        "status": " Released",
        "orig_lang": " English",
        "budget_x": 24000000.0,
        "revenue": 40020622.0,
        "country": "AU"
    },
    {
        "title": "Harakiri",
        "date_x": "09/15/1962 ",
        "score": 84.0,
        "genre": [
            "Action",
            "Drama",
            "History"
        ],
        "overview": "Down-on-his-luck veteran Tsugumo Hanshirō enters the courtyard of the prosperous House of Iyi. Unemployed, and with no family, he hopes to find a place to commit seppuku—and a worthy second to deliver the coup de grâce in his suicide ritual. The senior counselor for the Iyi clan questions the ronin’s resolve and integrity, suspecting Hanshirō of seeking charity rather than an honorable end. What follows is a pair of interlocking stories which lay bare the difference between honor and respect, and promises to examine the legendary foundations of the Samurai code.",
        "actors": [
            "Tatsuya Nakadai",
            "Hanshiro Tsugumo",
            "Akira Ishihama",
            "Motome Chijiiwa",
            "Shima Iwashita",
            "Miho Tsugumo",
            "Tetsurō Tamba",
            "Hikokuro Omodaka",
            "Masao Mishima",
            "Tango Inaba",
            "Ichirô Nakatani",
            "Hayato Yazaki",
            "Kei Satō",
            "Masakazu",
            "Yoshio Inaba",
            "Jinai Chijiiwa",
            "Hisashi Igawa",
            "Retainer"
        ],
        "orig_title": " 切腹",
        "status": " Released",
        "orig_lang": " Japanese",
        "budget_x": 121400000.0,
        "revenue": 1087353777.0,
        "country": "JP"
    },
    {
        "title": "Fragtime",
        "date_x": "11/22/2019 ",
        "score": 61.0,
        "genre": [
            "Animation",
            "Romance",
            "Science Fiction",
            "Comedy"
        ],
        "overview": "Misuzu Moritani is an introvert who has always had difficulty interacting with her classmates, quickly becoming flustered whenever someone tries to talk to her. Sometimes, she will use her ability to stop time for three minutes to escape troublesome social situations.  One day, as Misuzu watches the suspended environment around her, she observes that her classmate, Haruka Murakami, is somehow able to move despite her temporal influence. From that moment on, Misuzu experiences new wonders as she explores more of the world she has long avoided; no matter where time may take her, Misuzu can count on Haruka to always be at her side.",
        "actors": [
            "Chika Anzai",
            "Yukari Kobayashi (voice)",
            "Yume Miyamoto",
            "Haruka Murakami (voice)",
            "Miku Ito",
            "Moritani Misuzu (voice)",
            "Miyuri Shimabukuro",
            "(voice)",
            "Miho Hayashi",
            "(voice)",
            "Yuichiro Umehara",
            "(voice)",
            "Azusa Tadokoro",
            "(voice)",
            "Minami Takahashi",
            "(voice)",
            "Ayane Sakura",
            "(voice)"
        ],
        "orig_title": " フラグタイム",
        "status": " Released",
        "orig_lang": " Japanese",
        "budget_x": 106000000.0,
        "revenue": 552915715.2,
        "country": "JP"
    },
    {
        "title": "Scooby-Doo! The Mystery Begins",
        "date_x": "09/23/2009 ",
        "score": 64.0,
        "genre": [
            "Mystery",
            "Comedy",
            "Fantasy"
        ],
        "overview": "Unjustly accused of staging a spooky practical joke complete with ghosts, Daphne, Velma, Fred and Shaggy are suspended from Coolsville High. To clear their names, they team up to solve the supernatural mystery…and head straight into nonstop laughs and adventure.",
        "actors": [
            "Jordana Largy",
            "Teen Female In Car",
            "Nick Palatas",
            "Shaggy",
            "Hayley Kiyoko",
            "Velma",
            "Frank Welker",
            "Scooby-Doo (voice)",
            "Robbie Amell",
            "Fred",
            "Kate Melton",
            "Daphne",
            "Benita Ha",
            "Mom",
            "Shawn Macdonald",
            "Principal Deedle",
            "C. Ernst Harth",
            "Janitor"
        ],
        "orig_title": "Scooby-Doo! The Mystery Begins",
        "status": " Released",
        "orig_lang": " English",
        "budget_x": 105600000.0,
        "revenue": 358697830.6,
        "country": "AU"
    },
    {
        "title": "Friday the 13th: A New Beginning",
        "date_x": "03/22/1985 ",
        "score": 53.0,
        "genre": [
            "Horror",
            "Mystery"
        ],
        "overview": "Homicidal maniac Jason returns from the grave to cause more bloody mayhem. Young Tommy may have escaped from Crystal Lake, but he’s still haunted by the gruesome events that happened there. When gory murders start happening at the secluded halfway house for troubled teens where he now lives, it seems like his nightmarish nemesis, Jason, is back for more sadistic slaughters.",
        "actors": [
            "Melanie Kinnaman",
            "Pam Roberts",
            "John Shepherd",
            "Tommy Jarvis",
            "Shavar Ross",
            "Reggie",
            "Richard Young",
            "Matthew Letter",
            "Marco St. John",
            "Sheriff Cal Tucker",
            "Juliette Cummins",
            "Robin",
            "Corey Feldman",
            "Tommy Jarvis Age 12",
            "Richard Lineback",
            "Deputy Dodd",
            "Carol Locatell",
            "Ethel Hubbard"
        ],
        "orig_title": "Friday the 13th: A New Beginning",
        "status": " Released",
        "orig_lang": " English",
        "budget_x": 2200000.0,
        "revenue": 21930418.0,
        "country": "US"
    },
    {
        "title": "Intersect",
        "date_x": "02/12/2020 ",
        "score": 57.0,
        "genre": [
            "Horror",
            "Science Fiction",
            "Thriller"
        ],
        "overview": "A group of young Miskatonic University scientists invent a time machine, only to learn that they are being manipulated by mysterious, unseen forces from another dimension.",
        "actors": [
            "Jason Spisak",
            "Ryan Winrich",
            "Richard Dawkins",
            "Q42 / Computer",
            "Abe Ruthless",
            "Nate Beaumont",
            "Leeann Dearing",
            "Caitlin Webb",
            "James Morrison",
            "Bill Marshall",
            "Jose Rosete",
            "Abner Rosen",
            "Kelcey Bligh",
            "Young Caitlin",
            "Dartagnan Driscoll",
            "Young Ryan",
            "Ryan Adelson",
            "Young Nate"
        ],
        "orig_title": "Intersect",
        "status": " Released",
        "orig_lang": " English",
        "budget_x": 154400000.0,
        "revenue": 397125734.6,
        "country": "US"
    },
    {
        "title": "Addams Family Reunion",
        "date_x": "09/22/1998 ",
        "score": 48.0,
        "genre": [
            "Family",
            "Comedy",
            "Fantasy",
            "TV Movie"
        ],
        "overview": "The Addams Family goes on a search for their relatives. Gomez and Morticia are horrified to discover that Grandpa and Grandma Addams have a disease that is slowly turning them \"normal\". The only chance they have of a cure is to find a family member hoping that they know a home remedy.",
        "actors": [
            "Tim Curry",
            "Gomez Addams",
            "Daryl Hannah",
            "Morticia Addams",
            "Ed Begley Jr.",
            "Phillip Adams",
            "Carel Struycken",
            "Lurch",
            "Ray Walston",
            "Walter Adams",
            "Kevin McCarthy",
            "Grandpa Addams",
            "Estelle Harris",
            "Grandma Addams",
            "Haylie Duff",
            "Gina Adams",
            "Clint Howard",
            "Dogcatcher"
        ],
        "orig_title": "Addams Family Reunion",
        "status": " Released",
        "orig_lang": " English",
        "budget_x": 148800000.0,
        "revenue": 948498291.2,
        "country": "US"
    },
    {
        "title": "Witchcraft vs. Curse",
        "date_x": "04/20/1991 ",
        "score": 33.0,
        "genre": [
            "Fantasy",
            "Drama"
        ],
        "overview": "Hung is disappointed when her man, Yuk Lung, becomes engaged to pretty Pai Lin. Hung and her scheming mother engage a sorcerer, Ko Yin Yau, to place a spell on him. Yuk Lung becomes possessed by the Adultery Ghost, and he leaves Pai Lin in the middle of having sex with her, going to Hung. Pai Lin and her friend Nancy rush to Thailand, seeking the help of another sorcerer, Simol. The title alludes to the battle of the two spell-casters, through their two hosts. Along the way, plenty of excuses are found to get all the clothes off a number of lovely young women.",
        "actors": [
            "Tsang Siu-Yin",
            "Pai Lin",
            "Gong Ng",
            "Fu Yuk Lung",
            "Yim Hung Chung",
            "Yip Hung",
            "Lindzay Chan",
            "Chi Chuen",
            "Michiko Nishiwaki",
            "Simol",
            "Tse Lin Yang",
            "Ku Tin Yau"
        ],
        "orig_title": " 色降",
        "status": " Released",
        "orig_lang": " Cantonese",
        "budget_x": 50641000.0,
        "revenue": 323787336.6,
        "country": "HK"
    },
    {
        "title": "The Lake",
        "date_x": "03/16/2023 ",
        "score": 65.0,
        "genre": [
            "Horror"
        ],
        "overview": "A gigantic and bloodthirsty monster emerges from a lake after its egg is stolen and unleashes its fury on a town’s inhabitants, leaving a trail of destruction and death in its wake. The town of Bueng Kan, now cut off from the outside world, must mobilize its officials and citizens, as well as a group of scientists that are in town conducting research, to catch this predator before it's too late.",
        "actors": [
            "Sushar Manaying",
            "",
            "Theerapat Sajakul",
            "",
            "Thanachat Tullayachat",
            "",
            "Vithaya Pansringarm",
            "",
            "Wanmai Chatborrirak",
            "",
            "Lamyai Haithongkham",
            ""
        ],
        "orig_title": "The Lake",
        "status": " Released",
        "orig_lang": " Thai",
        "budget_x": 89000000.0,
        "revenue": 356423971.8,
        "country": "US"
    },
    {
        "title": "The Mystery of Lop Nur",
        "date_x": "02/23/2022 ",
        "score": 23.0,
        "genre": [
            "Action",
            "Science Fiction",
            "Adventure"
        ],
        "overview": "The film mainly tells about the bizarre cases in the Lop Nur area during the Republic of China. Shi Chuqi, the president of the mysterious incident investigation organization \"Seven Sons\", led the team members to solve the mystery. The film focuses on many mysterious and unresolved events based on elements such as exploring the unknown and revealing the truth. It also adds science fiction elements of ancient space civilization to satisfy the audience's curiosity.",
        "actors": [
            "Jerry Wu",
            "Shi Chuqi",
            "Choenyi Tsering",
            "Lin Anran",
            "Tong Yang",
            "",
            "Gao Chenglong",
            "",
            "Wang Zhipeng",
            ""
        ],
        "orig_title": " 罗布泊神秘事件",
        "status": " Released",
        "orig_lang": " Chinese",
        "budget_x": 12001040.0,
        "revenue": 38139010.0,
        "country": "CN"
    },
    {
        "title": "Kahit Maputi na ang Buhok Ko",
        "date_x": "04/08/2023 ",
        "score": 0.0,
        "genre": [
            "Music"
        ],
        "overview": "Rey Valera relives the inspirations - people, situations, communities, and times - that spurred him to compose some of his most popular and deeply meaningful Original Pilipino Music hits across the decades of his iconic career.",
        "actors": [
            "RK Bagatsing",
            "",
            "Meg Imperial",
            "",
            "Aljur Abrenica",
            "",
            "Rico Barrera",
            "",
            "Gelli De Belen",
            "",
            "Josh de Guzman",
            "",
            "Christopher de Leon",
            "",
            "Lotlot De Leon",
            "",
            "Jenine Desiderio",
            ""
        ],
        "orig_title": "Kahit Maputi na ang Buhok Ko",
        "status": " Released",
        "orig_lang": " Tagalog",
        "budget_x": 213940000.0,
        "revenue": 175269998.8,
        "country": "PH"
    },
    {
        "title": "Fathers and Daughters",
        "date_x": "01/13/2016 ",
        "score": 72.0,
        "genre": [
            "Drama"
        ],
        "overview": "A Pulitzer-winning writer grapples with being a widower and father after a mental breakdown, while, 27 years later, his grown daughter struggles to forge connections of her own.",
        "actors": [
            "Amanda Seyfried",
            "Katie Davis",
            "Russell Crowe",
            "Jake Davis",
            "Aaron Paul",
            "Cameron",
            "Diane Kruger",
            "Elizabeth",
            "Jane Fonda",
            "Theodora",
            "Bruce Greenwood",
            "William",
            "Octavia Spencer",
            "Dr. Corman",
            "Quvenzhané Wallis",
            "Lucy",
            "Janet McTeer",
            "Carolyn"
        ],
        "orig_title": "Fathers and Daughters",
        "status": " Released",
        "orig_lang": " English",
        "budget_x": 2240000.0,
        "revenue": 74063742.6,
        "country": "US"
    },
    {
        "title": "Paranormal Activity: The Ghost Dimension",
        "date_x": "10/22/2015 ",
        "score": 53.0,
        "genre": [
            "Horror",
            "Thriller"
        ],
        "overview": "Using a special camera that can see spirits, a family must protect their daughter from an evil entity with a sinister plan.",
        "actors": [
            "Cara Pifko",
            "Laura",
            "Olivia Taylor Dudley",
            "Skyler",
            "Brit Shaw",
            "Emily",
            "Chloe Csengery",
            "Katie",
            "Chris J. Murray",
            "Ryan",
            "Ivy George",
            "Leila",
            "Dan Gill",
            "Mike",
            "Jessica Tyler Brown",
            "Kristi",
            "Michael Krawic",
            "Father Todd"
        ],
        "orig_title": "Paranormal Activity: The Ghost Dimension",
        "status": " Released",
        "orig_lang": " English",
        "budget_x": 10000000.0,
        "revenue": 77959374.0,
        "country": "AU"
    },
    {
        "title": "Calcutta '99",
        "date_x": "04/07/2023 ",
        "score": 0.0,
        "genre": [
            ""
        ],
        "overview": "A neo-noir by Jayabrata Das.",
        "actors": [
            ""
        ],
        "orig_title": " ক্যালকাটা ʼ99",
        "status": " Released",
        "orig_lang": " Bengali",
        "budget_x": 167540000.0,
        "revenue": 175269998.8,
        "country": "IN"
    },
    {
        "title": "Notorious",
        "date_x": "03/12/2009 ",
        "score": 69.0,
        "genre": [
            "Music",
            "Drama",
            "History"
        ],
        "overview": "\"Notorious\" is the story of Christopher Wallace. Through raw talent and sheer determination, Wallace transforms himself from Brooklyn street hustler (once selling crack to pregnant women) to one of the greatest rappers of all time: The Notorious B.I.G. Follow his meteoric rise to fame and his refusal to succumb to expectations - redefining our notion of \"The American Dream.\"",
        "actors": [
            "Jamal Woolard",
            "Christopher 'Biggie' Wallace",
            "Derek Luke",
            "Sean 'Puffy' Combs",
            "Naturi Naughton",
            "Lil' Kim",
            "Anthony Mackie",
            "Tupac \"2Pac\" Shakur",
            "Antonique Smith",
            "Faith Evans",
            "Angela Bassett",
            "Voletta Wallace",
            "Marc John Jefferies",
            "Lil Cease",
            "Sean Ringgold",
            "Suge Knight",
            "C.J. Wallace",
            "Biggie (age 8-13)"
        ],
        "orig_title": "Notorious",
        "status": " Released",
        "orig_lang": " English",
        "budget_x": 19000000.0,
        "revenue": 44972183.0,
        "country": "AU"
    },
    {
        "title": "Notorious",
        "date_x": "03/12/2009 ",
        "score": 69.0,
        "genre": [
            "Music",
            "Drama",
            "History"
        ],
        "overview": "\"Notorious\" is the story of Christopher Wallace. Through raw talent and sheer determination, Wallace transforms himself from Brooklyn street hustler (once selling crack to pregnant women) to one of the greatest rappers of all time: The Notorious B.I.G. Follow his meteoric rise to fame and his refusal to succumb to expectations - redefining our notion of \"The American Dream.\"",
        "actors": [
            "Jamal Woolard",
            "Christopher 'Biggie' Wallace",
            "Derek Luke",
            "Sean 'Puffy' Combs",
            "Naturi Naughton",
            "Lil' Kim",
            "Anthony Mackie",
            "Tupac \"2Pac\" Shakur",
            "Antonique Smith",
            "Faith Evans",
            "Angela Bassett",
            "Voletta Wallace",
            "Marc John Jefferies",
            "Lil Cease",
            "Sean Ringgold",
            "Suge Knight",
            "C.J. Wallace",
            "Biggie (age 8-13)"
        ],
        "orig_title": "Notorious",
        "status": " Released",
        "orig_lang": " English",
        "budget_x": 2000000.0,
        "revenue": 24493053.0,
        "country": "AU"
    },
    {
        "title": "Scent of a Woman",
        "date_x": "03/11/1993 ",
        "score": 78.0,
        "genre": [
            "Drama"
        ],
        "overview": "Charlie Simms is a student at a private preparatory school who comes from a poor family. To earn the money for his flight home to Gresham, Oregon for Christmas, Charlie takes a job over Thanksgiving looking after retired U.S. Army officer Lieutenant Colonel Frank Slade, a cantankerous middle-aged man who lives with his niece and her family.",
        "actors": [
            "Chris O'Donnell",
            "Charlie Simms",
            "Al Pacino",
            "Lieutenant Colonel Frank Slade",
            "James Rebhorn",
            "Mr. Trask",
            "Gabrielle Anwar",
            "Donna",
            "Philip Seymour Hoffman",
            "George Willis",
            "Jr.",
            "Bradley Whitford",
            "Randy",
            "Richard Venture",
            "W.R. Slade",
            "June Squibb",
            "Mrs. Hunsaker",
            "Frances Conroy",
            "Christine Downes"
        ],
        "orig_title": "Scent of a Woman",
        "status": " Released",
        "orig_lang": " English",
        "budget_x": 31000000.0,
        "revenue": 134095253.0,
        "country": "AU"
    },
    {
        "title": "Recalled",
        "date_x": "04/21/2021 ",
        "score": 68.0,
        "genre": [
            "Mystery",
            "Thriller"
        ],
        "overview": "Sujin, who lost her memories due to a horrible incident, starts suspecting her husband. She is confused between reality and illusion, truth and lies.",
        "actors": [
            "Kim Kang-woo",
            "Lee Ji-hoon",
            "Seo Yea-ji",
            "Kim Soo-jin",
            "Bae Yoo-ram",
            "Detective Bae",
            "Yeom Hye-ran",
            "Director of Fine Arts Academy",
            "Kim Kang-hoon",
            "Boy",
            "Park Sang-wook",
            "Ki-sang",
            "Kim Joo-ryoung",
            "Doctor",
            "Kim Jong-goo",
            "Factory manager",
            "An Min-yeong",
            "Girl's mother"
        ],
        "orig_title": " 내일의 기억",
        "status": " Released",
        "orig_lang": " Korean",
        "budget_x": 118371600.0,
        "revenue": 402479703.6,
        "country": "KR"
    },
    {
        "title": "Lethal Weapon 4",
        "date_x": "09/10/1998 ",
        "score": 66.0,
        "genre": [
            "Action",
            "Adventure",
            "Comedy",
            "Crime",
            "Thriller"
        ],
        "overview": "Officers Martin Riggs and Roger Murtaugh of the Los Angeles Police Department must stop a dangerous crime lord from China from getting his brother out of jail.",
        "actors": [
            "Mel Gibson",
            "Martin Riggs",
            "Danny Glover",
            "Roger Murtaugh",
            "Joe Pesci",
            "Leo Getz",
            "Rene Russo",
            "Lorna Cole",
            "Chris Rock",
            "Det.Lee Butters",
            "Jet Li",
            "Wah Sing Ku",
            "Darlene Love",
            "Trish Murtaugh",
            "Traci Wolfe",
            "Rianne Murtaugh",
            "Kim Chan",
            "Benny Chan"
        ],
        "orig_title": "Lethal Weapon 4",
        "status": " Released",
        "orig_lang": " English",
        "budget_x": 140000000.0,
        "revenue": 285400000.0,
        "country": "AU"
    },
    {
        "title": "ARES 14",
        "date_x": "04/07/2023 ",
        "score": 0.0,
        "genre": [
            ""
        ],
        "overview": "ARES 14 was a mixed martial arts event that took place on Friday, April 7, 2023 at the Dôme de Paris in Paris, France.",
        "actors": [
            "Gisele Moreira",
            "Self",
            "Melissa Dixon",
            "Self",
            "Ivana Širić",
            "Self",
            "Ewelina Woźniak",
            "Self",
            "Mickaël Lebout",
            "Self",
            "Laureano Staropoli",
            "Self",
            "Luthando Biko",
            "Self",
            "Samir Faiddine",
            "Self"
        ],
        "orig_title": "ARES 14",
        "status": " Released",
        "orig_lang": " English",
        "budget_x": 167540000.0,
        "revenue": 175269998.8,
        "country": "US"
    },
    {
        "title": "Suspiria",
        "date_x": "11/08/2018 ",
        "score": 69.0,
        "genre": [
            "Fantasy",
            "Horror",
            "Thriller",
            "Drama"
        ],
        "overview": "Young American dancer Susie Bannion arrives in 1970s Berlin to audition for the world-renowned Helena Markos Dance Company. When she vaults to the role of lead dancer, the woman she replaces breaks down and accuses the company's female directors of witchcraft. Meanwhile, an inquisitive psychotherapist and a member of the troupe uncover dark and sinister secrets as they probe the depths of the studio's hidden underground chambers.",
        "actors": [
            "Dakota Johnson",
            "Susie Bannion / Naomi Bannion",
            "Tilda Swinton",
            "Madame Blanc / Helena Markos / Dr. Klemperer",
            "Mia Goth",
            "Sara Simms",
            "Angela Winkler",
            "Miss Tanner",
            "Ingrid Caven",
            "Miss Vendegast",
            "Chloë Grace Moretz",
            "Patricia Hingle",
            "Elena Fokina",
            "Olga Ivanova",
            "Sylvie Testud",
            "Miss Griffith",
            "Renée Soutendijk",
            "Miss Huller"
        ],
        "orig_title": "Suspiria",
        "status": " Released",
        "orig_lang": " English",
        "budget_x": 20000000.0,
        "revenue": 8075343.0,
        "country": "AU"
    },
    {
        "title": "Gremlins 2: The New Batch",
        "date_x": "09/20/1990 ",
        "score": 64.0,
        "genre": [
            "Comedy",
            "Horror",
            "Fantasy"
        ],
        "overview": "Young sweethearts Billy and Kate move to the Big Apple, land jobs in a high-tech office park and soon reunite with the friendly and lovable Gizmo. But a series of accidents creates a whole new generation of Gremlins. The situation worsens when the devilish green creatures invade a top-secret laboratory and develop genetically altered powers, making them even harder to destroy!",
        "actors": [
            "Zach Galligan",
            "Billy Peltzer",
            "Phoebe Cates",
            "Kate Beringer",
            "John Glover",
            "Daniel Clamp",
            "Robert Prosky",
            "Grandpa Fred",
            "Robert Picardo",
            "Forster",
            "Christopher Lee",
            "Doctor Catheter",
            "Haviland Morris",
            "Marla Bloodstone",
            "Jackie Joseph",
            "Sheila Futterman",
            "Gedde Watanabe",
            "Mr. Katsuji"
        ],
        "orig_title": "Gremlins 2: The New Batch",
        "status": " Released",
        "orig_lang": " English",
        "budget_x": 50000000.0,
        "revenue": 41476097.0,
        "country": "AU"
    },
    {
        "title": "The Escort",
        "date_x": "06/15/2015 ",
        "score": 60.0,
        "genre": [
            "Drama",
            "Comedy",
            "Romance"
        ],
        "overview": "Desperate for a good story, a sex-addicted journalist throws himself into the world of high-class escorts when he starts following a Stanford-educated prostitute.",
        "actors": [
            "Lyndsy Fonseca",
            "Natalie",
            "Michael Doneger",
            "Mitch",
            "Tommy Dewey",
            "JP",
            "Bruce Campbell",
            "Charles",
            "Rachel Resheff",
            "Emily",
            "Rumer Willis",
            "Dana",
            "Benita Robledo",
            "Allie",
            "Sonya Walger",
            "Samantha",
            "Juan Carlos Cantu",
            "Junior"
        ],
        "orig_title": "The Escort",
        "status": " Released",
        "orig_lang": " English",
        "budget_x": 158000000.0,
        "revenue": 315279503.4,
        "country": "US"
    },
    {
        "title": "Homejack Triangle",
        "date_x": "03/02/2018 ",
        "score": 65.0,
        "genre": [
            ""
        ],
        "overview": "A female police officer arrests serial killer/rapist \"Jack\" only to have to let him go because he has an alibi. Soon after she, her boyfriend and a visiting female relative, are targeted by \"Jack\".",
        "actors": [
            "Sasa Handa",
            "",
            "Mayu Satô",
            "",
            "Hirokio Andô",
            "",
            "Takashi Shigematsu",
            "",
            "Dai-Yoshida",
            "",
            "Maki Yoshihara",
            "",
            "Yoshida-Nari",
            "",
            "Riko Matsui",
            "",
            "Hirota Okujima",
            ""
        ],
        "orig_title": " ホームジャック　トライアングル",
        "status": " Released",
        "orig_lang": " Japanese",
        "budget_x": 38600000.0,
        "revenue": 542233172.2,
        "country": "JP"
    },
    {
        "title": "Independence Daysaster",
        "date_x": "06/27/2013 ",
        "score": 46.0,
        "genre": [
            "Action",
            "Science Fiction"
        ],
        "overview": "When Earth is attacked by a hostile alien force, a small town firefighter and a rogue SETI scientist team up to activate the only technology capable of defeating the invaders.",
        "actors": [
            "Casey Dubois",
            "Nick Miller",
            "Iain Belcher",
            "Todd",
            "Andrea Brooks",
            "Eliza",
            "Emily Holmes",
            "Celia Lehman",
            "Ryan Merriman",
            "Pete Garsette",
            "Keenan Tracey",
            "Andrew Garsette",
            "Garwin Sanford",
            "Dennis Brubaker",
            "Michael Kopsa",
            "General Moore",
            "Nicholas Carella",
            "Walter (Technician)"
        ],
        "orig_title": "Independence Daysaster",
        "status": " Released",
        "orig_lang": " English",
        "budget_x": 1800000.0,
        "revenue": 0.0,
        "country": "US"
    },
    {
        "title": "Sailor Moon S the Movie: Hearts in Ice",
        "date_x": "07/12/2001 ",
        "score": 78.0,
        "genre": [
            "Animation",
            "Fantasy",
            "Action",
            "Romance",
            "Comedy"
        ],
        "overview": "As Usagi and her friends enjoy Christmas vacation, an unusual and fierce snowstorm hits town... The evil Snow Queen Kaguya has returned to claim Earth as her own. Crucial to Queen Kaguya's plan is a magical crystal from outer space, approaching Earth disguised as a comet. Once she gets hold of the crystal, she will have the power to suck away all life energy and cover the Earth in ice. Will Sailor Moon find the crystal before Queen Kaguya? Will her powers be enough to save the Earth from permanent winter? All hope lies with the Legendary Ultimate Scout Power!",
        "actors": [
            "Kotono Mitsuishi",
            "Usagi Tsukino / Super Sailor Moon (voice)",
            "Aya Hisakawa",
            "Ami Mizuno / Sailor Mercury (voice)",
            "Michie Tomizawa",
            "Rei Hino / Sailor Mars (voice)",
            "Emi Shinohara",
            "Makoto Kino / Sailor Jupiter (voice)",
            "Rica Fukami",
            "Minako Aino / Sailor Venus (voice)",
            "Kae Araki",
            "Chibiusa / Sailor Chibi Moon (voice)",
            "Megumi Ogata",
            "Haruka Ten'ô / Sailor Uranus (voice)",
            "Masako Katsuki",
            "Michiru Kaiô / Sailor Neptune (voice)",
            "Chiyoko Kawashima",
            "Setsuna Meiô / Sailor Pluto (voice)"
        ],
        "orig_title": " 劇場版　美少女戦士セーラームーンS 〜かぐや姫の恋人〜",
        "status": " Released",
        "orig_lang": " Japanese",
        "budget_x": 38211149.2,
        "revenue": 9940717.0,
        "country": "AU"
    },
    {
        "title": "Debt Collectors",
        "date_x": "05/29/2020 ",
        "score": 62.0,
        "genre": [
            "Action",
            "Comedy",
            "Crime"
        ],
        "overview": "A pair of debt collectors are thrust into an explosively dangerous situation, chasing down various lowlifes while also evading a vengeful kingpin.",
        "actors": [
            "Scott Adkins",
            "French",
            "Louis Mandylor",
            "Sue",
            "Mayling Ng",
            "Britt",
            "Vladimir Kulich",
            "Tommy",
            "Mariano Mendoza",
            "Funeral Morner",
            "Ski Carr",
            "Molly",
            "Josef Cannon",
            "Evo",
            "Mike Maolucci",
            "Vaughan",
            "Jermaine Jacox",
            "Darius"
        ],
        "orig_title": "Debt Collectors",
        "status": " Released",
        "orig_lang": " English",
        "budget_x": 148000000.0,
        "revenue": 524031769.8,
        "country": "US"
    },
    {
        "title": "On the Fringe",
        "date_x": "10/19/2022 ",
        "score": 71.0,
        "genre": [
            "Drama"
        ],
        "overview": "A day in the life of Azucena, who is running out of time to keep herself and her family from being evicted; Rafael, a lawyer who sets out to reunite a mother with her daughter; and Teodora, a sick old woman who searches for her long-lost son before it is too late.",
        "actors": [
            "Penélope Cruz",
            "Azucena",
            "Luis Tosar",
            "Rafael",
            "Adelfa Calvo",
            "Teodora",
            "Christian Checa",
            "",
            "Juan Diego Botto",
            "",
            "Aixa Villagrán",
            "",
            "Font García",
            "",
            "María Isabel Díaz Lago",
            "",
            "Sergio Villanueva",
            ""
        ],
        "orig_title": " En los márgenes",
        "status": " Released",
        "orig_lang": " Spanish, Castilian",
        "budget_x": 100000000.0,
        "revenue": 369861963.8,
        "country": "BE"
    },
    {
        "title": "Fire Island",
        "date_x": "06/09/2022 ",
        "score": 73.0,
        "genre": [
            "Comedy",
            "Romance"
        ],
        "overview": "A pair of best friends set out to have a legendary week-long summer vacation with the help of cheap rosé and a group of eclectic friends.",
        "actors": [
            "Joel Kim Booster",
            "Noah",
            "Bowen Yang",
            "Howie",
            "Margaret Cho",
            "Erin",
            "Conrad Ricamora",
            "Will",
            "James Scully",
            "Charlie",
            "Matt Rogers",
            "Luke",
            "Tómas Matos",
            "Keegan",
            "Torian Miller",
            "Max",
            "Nick Adams",
            "Cooper"
        ],
        "orig_title": "Fire Island",
        "status": " Released",
        "orig_lang": " English",
        "budget_x": 110800000.0,
        "revenue": 327683157.2,
        "country": "AU"
    },
    {
        "title": "One Piece: Giant Mecha Soldier of Karakuri Castle",
        "date_x": "03/04/2006 ",
        "score": 70.0,
        "genre": [
            "Action",
            "Animation",
            "Comedy",
            "Fantasy",
            "Science Fiction"
        ],
        "overview": "The Straw Hats visits an island, known as Mecha Island, where a fisherman sings an old folk song about a Golden Crown. Searching for that mysterious treasure, they find a hidden entrance into the island. The island's leader, Ratchet, impressed with the find and in search of the Golden Crown himself, invites the crew to join him in his search and the crew along with Ratchet and his henchmen enter the cave. As it turns out, the islands true form, is that of a giant turtle. Ratchet, who had known this all along, uses his mechanical castle to take control of the turtle, in order to use it, to take over the world. Now the Straw Hats have to stop not only Ratchet, but also the helpless turtle, from crashing into a nearby island.",
        "actors": [
            "Mayumi Tanaka",
            "Monkey D. Luffy",
            "Kazuya Nakai",
            "Roronoa Zoro",
            "Akemi Okamura",
            "Nami",
            "Kappei Yamaguchi",
            "Usopp",
            "Hiroaki Hirata",
            "Sanji (voice)",
            "Kazue Ikura",
            "Tony Tony Chopper (voice)",
            "Yuriko Yamaguchi",
            "Nico Robin",
            "Takeshi Aono",
            "Gonzou (voice)",
            "Goro Inagaki",
            "Dr. Rachet (voice)"
        ],
        "orig_title": " ワンピース カラクリ城のメカ巨兵",
        "status": " Released",
        "orig_lang": " Japanese",
        "budget_x": 61900000.0,
        "revenue": 7232965.0,
        "country": "JP"
    },
    {
        "title": "Fatal Attraction",
        "date_x": "09/29/1987 ",
        "score": 68.0,
        "genre": [
            "Drama",
            "Thriller"
        ],
        "overview": "For Dan Gallagher, life is good. He is on the rise at his New York law firm, is happily married to his wife, Beth, and has a loving daughter. But, after a casual fling with a sultry book editor named Alex, everything changes. Jilted by Dan, Alex becomes unstable, her behavior escalating from aggressive pursuit to obsessive stalking. Dan realizes that his main problem is not hiding his affair, but rather saving himself and his family.",
        "actors": [
            "Michael Douglas",
            "Dan Gallagher",
            "Glenn Close",
            "Alexandra \"Alex\" Forrest",
            "Anne Archer",
            "Beth Gallagher",
            "Ellen Hamilton Latzen",
            "Ellen Gallagher",
            "Stuart Pankin",
            "Jimmy",
            "Ellen Foley",
            "Hildy",
            "Fred Gwynne",
            "Arthur",
            "Tom Brennan",
            "Howard Rogerson",
            "Lois Smith",
            "Martha"
        ],
        "orig_title": "Fatal Attraction",
        "status": " Released",
        "orig_lang": " English",
        "budget_x": 14000000.0,
        "revenue": 320099997.0,
        "country": "AU"
    },
    {
        "title": "The One",
        "date_x": "11/17/2001 ",
        "score": 61.0,
        "genre": [
            "Action",
            "Science Fiction",
            "Thriller"
        ],
        "overview": "A sheriff's deputy fights an alternate universe version of himself who grows stronger with each alternate self he kills.",
        "actors": [
            "Jet Li",
            "Gabe Law / Gabriel Yulaw / Lawless",
            "Jason Statham",
            "MVA Agent Evan Funsch",
            "Carla Gugino",
            "T.K. Law / Massie Walsh",
            "Delroy Lindo",
            "MVA Agent Harry Roedecker / Gas Station Attendant",
            "James Morrison",
            "LAPD Officer Bobby Aldrich / 'A' World Inmate #1",
            "Dylan Bruno",
            "Yates",
            "Tucker Smallwood",
            "Prison Warden",
            "Harriet Sansom Harris",
            "Nurse Besson",
            "Dean Norris",
            "Sgt. Siegel"
        ],
        "orig_title": "The One",
        "status": " Released",
        "orig_lang": " English",
        "budget_x": 49000000.0,
        "revenue": 72689126.0,
        "country": "AU"
    },
    {
        "title": "Mr. Nice Guy",
        "date_x": "05/27/1999 ",
        "score": 65.0,
        "genre": [
            "Crime",
            "Action",
            "Comedy"
        ],
        "overview": "A Chinese chef accidentally gets involved with a news reporter who filmed a drug bust that went awry and is now being chased by gangs who are trying to get the video tape.",
        "actors": [
            "Jackie Chan",
            "Jackie",
            "Richard Norton",
            "Giancarlo",
            "Miki Lee",
            "Miki",
            "Gabrielle Fitzpatrick",
            "Diana",
            "Karen McLymont",
            "Lakisha",
            "Vince Poletto",
            "Romeo",
            "Barry Otto",
            "Baggio",
            "Peter Houghton",
            "Richard",
            "Peter Lindsay",
            "Grank",
            "Demon Leader"
        ],
        "orig_title": " 一個好人",
        "status": " Released",
        "orig_lang": " Cantonese",
        "budget_x": 6000000.0,
        "revenue": 31716953.0,
        "country": "AU"
    },
    {
        "title": "Russia's Wild Tiger",
        "date_x": "01/30/2022 ",
        "score": 48.0,
        "genre": [
            "Documentary",
            "Family"
        ],
        "overview": "Records the battle for the survival of the big cats and reveals intimate details of their lives. The animals they prey on are also in the film: tigers couldn’t survive without sika deer, Altai wapiti, wild boars and Asian black bears. Guiding the viewer through the film, an elder tiger tells the story of his cub, born in a conservation area, the year after he leaves his mother.",
        "actors": [
            "Salvatore Vecchio",
            "Narrator (voice)"
        ],
        "orig_title": "Russia's Wild Tiger",
        "status": " Released",
        "orig_lang": " English",
        "budget_x": 104000000.0,
        "revenue": 937727043.8,
        "country": "US"
    },
    {
        "title": "We Are Your Friends",
        "date_x": "08/27/2015 ",
        "score": 67.0,
        "genre": [
            "Drama",
            "Music",
            "Romance",
            "Comedy"
        ],
        "overview": "Young Cole Carter dreams of hitting the big time as a Hollywood disc jockey, spending his days and nights hanging with buddies and working on the one track that will set the world on fire. Opportunity comes knocking when he meets James Reed, a charismatic DJ who takes the 23-year-old under his wing. Soon, his seemingly clear path to success gets complicated when he starts falling for his mentor's girlfriend, jeopardizing his new friendship and the future he seems destined to fulfill.",
        "actors": [
            "Zac Efron",
            "Cole",
            "Wes Bentley",
            "James",
            "Emily Ratajkowski",
            "Sophie",
            "Jonny Weston",
            "Mason",
            "Shiloh Fernandez",
            "Ollie",
            "Alex Shaffer",
            "Squirrel",
            "Jon Bernthal",
            "Paige Morrell",
            "Alicia Coppola",
            "Mrs. Romero",
            "Wiley M. Pickett",
            "Carl"
        ],
        "orig_title": "We Are Your Friends",
        "status": " Released",
        "orig_lang": " English",
        "budget_x": 2000000.0,
        "revenue": 10153415.0,
        "country": "AU"
    },
    {
        "title": "Resurrection",
        "date_x": "07/29/2022 ",
        "score": 62.0,
        "genre": [
            "Thriller",
            "Mystery",
            "Horror",
            "Drama"
        ],
        "overview": "A woman's carefully constructed life is upended when an unwelcome shadow from her past returns, forcing her to confront the monster she's evaded for two decades.",
        "actors": [
            "Rebecca Hall",
            "Margaret",
            "Tim Roth",
            "David",
            "Grace Kaufman",
            "Abbie",
            "Michael Esper",
            "Peter",
            "Angela Wong Carbone",
            "Gwyn",
            "Winsome Brown",
            "Tess",
            "Josh Drennen",
            "Officer Geary",
            "Rosemary Howard",
            "Desk Clerk",
            "Jaime Zevallos",
            "Driver"
        ],
        "orig_title": "Resurrection",
        "status": " Released",
        "orig_lang": " English",
        "budget_x": 71000000.0,
        "revenue": 470964675.8,
        "country": "US"
    },
    {
        "title": "The Karate Kid Part III",
        "date_x": "08/17/1989 ",
        "score": 59.0,
        "genre": [
            "Action",
            "Family",
            "Drama",
            "Adventure"
        ],
        "overview": "Despondent over the closing of his karate school, Cobra Kai teacher John Kreese joins a ruthless businessman and martial artist to get revenge on Daniel and Mr. Miyagi.",
        "actors": [
            "Ralph Macchio",
            "Daniel LaRusso",
            "Pat Morita",
            "Mr. Miyagi",
            "Robyn Lively",
            "Jessica Andrews",
            "Thomas Ian Griffith",
            "Terry Silver",
            "Martin Kove",
            "John Kreese",
            "Sean Kanan",
            "Mike Barnes",
            "Jonathan Avildsen",
            "Snake",
            "William Christopher Ford",
            "Dennis",
            "Randee Heller",
            "Lucille LaRusso"
        ],
        "orig_title": "The Karate Kid Part III",
        "status": " Released",
        "orig_lang": " English",
        "budget_x": 12500000.0,
        "revenue": 38956288.0,
        "country": "AU"
    },
    {
        "title": "The Rental",
        "date_x": "07/24/2020 ",
        "score": 56.0,
        "genre": [
            "Horror"
        ],
        "overview": "Two couples on an oceanside getaway grow suspicious that the host of their seemingly perfect rental house may be spying on them. Before long, what should have been a celebratory weekend trip turns into something far more sinister.",
        "actors": [
            "Dan Stevens",
            "Charlie",
            "Alison Brie",
            "Michelle",
            "Sheila Vand",
            "Mina",
            "Jeremy Allen White",
            "Josh",
            "Toby Huss",
            "Taylor",
            "Connie Wellman",
            "Apartment Owner",
            "Anthony Molinari",
            "Man",
            "Chase Barker",
            "Background",
            "Jovani Ridler",
            "Background"
        ],
        "orig_title": "The Rental",
        "status": " Released",
        "orig_lang": " English",
        "budget_x": 5740000.0,
        "revenue": 4296804.0,
        "country": "US"
    },
    {
        "title": "Cyrano",
        "date_x": "02/24/2022 ",
        "score": 65.0,
        "genre": [
            "Drama",
            "Romance"
        ],
        "overview": "A man ahead of his time, Cyrano de Bergerac dazzles whether with ferocious wordplay at a verbal joust or with brilliant swordplay in a duel. But, convinced that his appearance renders him unworthy of the love of a devoted friend, the luminous Roxanne, Cyrano has yet to declare his feelings for her—and Roxanne has fallen in love, at first sight, with Christian.",
        "actors": [
            "Peter Dinklage",
            "Cyrano de Bergerac",
            "Haley Bennett",
            "Roxanne",
            "Kelvin Harrison Jr.",
            "Christian de Neuvillette",
            "Ben Mendelsohn",
            "De Guiche",
            "Bashir Salahuddin",
            "Le Bret",
            "Monica Dolan",
            "Marie",
            "Joshua James",
            "Valvert",
            "Anjana Vasan",
            "Sister Claire",
            "Ruth Sheen",
            "Mother Marthe"
        ],
        "orig_title": "Cyrano",
        "status": " Released",
        "orig_lang": " English",
        "budget_x": 20000000.0,
        "revenue": 3000000.0,
        "country": "AU"
    }
]