[
    {
        "title": "Your Christmas Or Mine?",
        "date_x": "12/02/2022 ",
        "score": 65.0,
        "genre": [
            "Romance",
            "Comedy"
        ],
        "overview": "Students Hayley and James are young and in love. After saying goodbye for Christmas at a London train station, they both make the same mad split-second decision to swap trains and surprise each other. Passing each other in the station, they are completely unaware that they have just swapped Christmases.",
        "actors": [
            "Asa Butterfield",
            "James",
            "Cora Kirk",
            "Hayley",
            "Angela Griffin",
            "Kath",
            "Daniel Mays",
            "Geoff",
            "Harriet Walter",
            "Iris",
            "Alex Jennings",
            "Humphrey",
            "David Bradley",
            "Jack",
            "Natalie Gumede",
            "Kaye",
            "Lucien Laviscount",
            "Steve"
        ],
        "orig_title": "Your Christmas Or Mine?",
        "status": " Released",
        "orig_lang": " English",
        "budget_x": 81000000.0,
        "revenue": 383536021.0,
        "country": "US"
    },
    {
        "title": "Girl",
        "date_x": "11/01/2018 ",
        "score": 72.0,
        "genre": [
            "Drama"
        ],
        "overview": "A promising teenage dancer enrolls at a prestigious ballet school while grappling with her gender dysphoria.",
        "actors": [
            "Victor Polster",
            "Lara",
            "Arieh Worthalter",
            "Father",
            "Oliver Bodart",
            "Milo",
            "Tijmen Govaerts",
            "Lewis",
            "Chris Thys",
            "Hannah",
            "Nele Hardiman",
            "Ballet Pianist",
            "Katelijne Damen",
            "Dr. Naert",
            "Valentijn Dhaenens",
            "Dr. Pascal",
            "Magali Elali",
            "Christine"
        ],
        "orig_title": "Girl",
        "status": " Released",
        "orig_lang": " Dutch, Flemish",
        "budget_x": 1750000.0,
        "revenue": 8719182.0,
        "country": "NL"
    },
    {
        "title": "The Outlaw Josey Wales",
        "date_x": "07/14/1976 ",
        "score": 75.0,
        "genre": [
            "Western"
        ],
        "overview": "After avenging his family's brutal murder, Wales is pursued by a pack of soldiers. He prefers to travel alone, but ragtag outcasts are drawn to him - and Wales can't bring himself to leave them unprotected.",
        "actors": [
            "Clint Eastwood",
            "Josey Wales",
            "Chief Dan George",
            "Lone Watie",
            "Sondra Locke",
            "Laura Lee",
            "Bill McKinney",
            "Terrill",
            "John Vernon",
            "Fletcher",
            "Paula Trueman",
            "Grandma Sarah",
            "Sam Bottoms",
            "Jamie",
            "Geraldine Keams",
            "Little Moonlight",
            "Woodrow Parfrey",
            "Carpetbagger"
        ],
        "orig_title": "The Outlaw Josey Wales",
        "status": " Released",
        "orig_lang": " English",
        "budget_x": 3700000.0,
        "revenue": 31800000.0,
        "country": "US"
    },
    {
        "title": "That Awkward Moment",
        "date_x": "02/13/2014 ",
        "score": 61.0,
        "genre": [
            "Comedy",
            "Romance"
        ],
        "overview": "Best pals Jason and Daniel indulge in casual flings and revel in their carefree, unattached lives. After learning that the marriage of their friend Mikey is over, they gladly welcome him back into their circle. The three young men make a pact to have fun and avoid commitment. However, when all three find themselves involved in serious relationships, they must keep their romances secret from one another.",
        "actors": [
            "Zac Efron",
            "Jason",
            "Miles Teller",
            "Daniel",
            "Michael B. Jordan",
            "Mikey",
            "Imogen Poots",
            "Ellie Andrews",
            "Mackenzie Davis",
            "Chelsea",
            "Jessica Lucas",
            "Vera Walker",
            "Addison Timlin",
            "Alana",
            "Josh Pais",
            "Fred",
            "Emily Meade",
            "Christy"
        ],
        "orig_title": "That Awkward Moment",
        "status": " Released",
        "orig_lang": " English",
        "budget_x": 8000000.0,
        "revenue": 53068955.0,
        "country": "AU"
    },
    {
        "title": "The Man with the Iron Fists",
        "date_x": "12/06/2012 ",
        "score": 55.0,
        "genre": [
            "Action"
        ],
        "overview": "In feudal China, a blacksmith who makes weapons for a small village is put in the position where he must defend himself and his fellow villagers.",
        "actors": [
            "RZA",
            "Blacksmith",
            "Russell Crowe",
            "Jack Knife",
            "Lucy Liu",
            "Madame Blossom",
            "Jamie Chung",
            "Lady Silk",
            "Zhu Zhu",
            "Chi Chi",
            "Dave Bautista",
            "Brass Body",
            "Cung Le",
            "Bronze Lion",
            "Rick Yune",
            "Zen Yi",
            "The X-Blade",
            "Gordon Liu Chia-hui",
            "The Abbott"
        ],
        "orig_title": "The Man with the Iron Fists",
        "status": " Released",
        "orig_lang": " English",
        "budget_x": 15000000.0,
        "revenue": 22018988.0,
        "country": "AU"
    },
    {
        "title": "Leave No Trace",
        "date_x": "08/07/2018 ",
        "score": 68.0,
        "genre": [
            "Drama"
        ],
        "overview": "A father and daughter live a perfect but mysterious existence in Forest Park, a beautiful nature reserve near Portland, Oregon, rarely making contact with the world. But when a small mistake tips them off to authorities, they are sent on an increasingly erratic journey in search of a place to call their own.",
        "actors": [
            "Thomasin McKenzie",
            "Tom",
            "Ben Foster",
            "Will",
            "Jeff Kober",
            "Mr. Walters",
            "Dale Dickey",
            "Dale",
            "Dana Millican",
            "Jean",
            "Alyssa McKay",
            "Valerie",
            "David Pittman",
            "Blane",
            "Bob Werfelman",
            "Bob",
            "Isaiah Stone",
            "Isaiah"
        ],
        "orig_title": "Leave No Trace",
        "status": " Released",
        "orig_lang": " English",
        "budget_x": 56600000.0,
        "revenue": 583921229.0,
        "country": "AU"
    },
    {
        "title": "Gangster Squad",
        "date_x": "01/10/2013 ",
        "score": 64.0,
        "genre": [
            "Crime",
            "Drama",
            "Action",
            "Thriller"
        ],
        "overview": "Los Angeles, 1949. Ruthless, Brooklyn-born mob king Mickey Cohen runs the show in this town, reaping the ill-gotten gains from the drugs, the guns, the prostitutes and — if he has his way — every wire bet placed west of Chicago. And he does it all with the protection of not only his own paid goons, but also the police and the politicians who are under his control. It’s enough to intimidate even the bravest, street-hardened cop… except, perhaps, for the small, secret crew of LAPD outsiders led by Sgt. John O’Mara and Jerry Wooters who come together to try to tear Cohen’s world apart.",
        "actors": [
            "Josh Brolin",
            "John O'Mara",
            "Ryan Gosling",
            "Sgt. Jerry Wooters",
            "Sean Penn",
            "Mickey Cohen",
            "Nick Nolte",
            "Bill Parker",
            "Emma Stone",
            "Grace Faraday",
            "Anthony Mackie",
            "Coleman Harris",
            "Giovanni Ribisi",
            "Conway Keeler",
            "Robert Patrick",
            "Max Kennard",
            "Michael Peña",
            "Navidad Ramirez"
        ],
        "orig_title": "Gangster Squad",
        "status": " Released",
        "orig_lang": " English",
        "budget_x": 60000000.0,
        "revenue": 104100903.0,
        "country": "AU"
    },
    {
        "title": "Zog and the Flying Doctors",
        "date_x": "07/01/2021 ",
        "score": 66.0,
        "genre": [
            "Animation",
            "Family"
        ],
        "overview": "Pearl and Gadabout are now a flying doctor trio, caring for creatures including a mermaid, a unicorn and a sneezy lion. However when bad weather forces them to land at the palace, Pearl is locked up by her uncle, the king.",
        "actors": [
            "Lenny Henry",
            "Narrator",
            "Patsy Ferran",
            "Pearl",
            "Daniel Ings",
            "Gadabout",
            "Hugh Skinner",
            "Zog",
            "Alexandra Roach",
            "Mermaid",
            "Mark Bonnar",
            "Unicorn",
            "Lucian Msamati",
            "Lion",
            "Rob Brydon",
            "King",
            "Rosabel Lawson",
            "Young Pearl"
        ],
        "orig_title": "Zog and the Flying Doctors",
        "status": " Released",
        "orig_lang": " English",
        "budget_x": 127000000.0,
        "revenue": 325823441.8,
        "country": "AU"
    },
    {
        "title": "The Christmas Chronicles",
        "date_x": "11/22/2018 ",
        "score": 72.0,
        "genre": [
            "Comedy",
            "Adventure",
            "Family",
            "Fantasy"
        ],
        "overview": "Siblings Kate and Teddy try to prove Santa Claus is real, but when they accidentally cause his sleigh to crash, they have to save Christmas.",
        "actors": [
            "Kurt Russell",
            "Santa Claus",
            "Darby Camp",
            "Kate Pierce",
            "Judah Lewis",
            "Teddy Pierce",
            "Martin Roach",
            "Dave Poveda",
            "Lamorne Morris",
            "Mikey Jameson",
            "Kimberly Williams-Paisley",
            "Claire Pierce",
            "Oliver Hudson",
            "Doug Pierce",
            "Tony Nappo",
            "Charlie Plummer",
            "Vella Lovell",
            "Wendy"
        ],
        "orig_title": "The Christmas Chronicles",
        "status": " Released",
        "orig_lang": " English",
        "budget_x": 157400000.0,
        "revenue": 536395062.6,
        "country": "US"
    },
    {
        "title": "Felon",
        "date_x": "11/05/2008 ",
        "score": 72.0,
        "genre": [
            "Action",
            "Crime",
            "Drama",
            "Mystery"
        ],
        "overview": "A family man convicted of killing an intruder must cope with life afterward in the violent penal system.",
        "actors": [
            "Stephen Dorff",
            "Wade Porter",
            "Val Kilmer",
            "John Smith",
            "Harold Perrineau",
            "Lt. Jackson",
            "Marisol Nichols",
            "Laura Porter",
            "Johnny Lewis",
            "Snowman",
            "Nick Chinlund",
            "Sgt. Roberts",
            "Anne Archer",
            "Maggie",
            "Larnell Stovall",
            "Viper",
            "Sam Shepard",
            "Gordon"
        ],
        "orig_title": "Felon",
        "status": " Released",
        "orig_lang": " English",
        "budget_x": 2900000.0,
        "revenue": 135625049.0,
        "country": "AU"
    },
    {
        "title": "Visitor",
        "date_x": "02/11/2021 ",
        "score": 53.0,
        "genre": [
            "Horror"
        ],
        "overview": "Marga, who’s in the middle of a marital crisis with her husband Daniel, decides to spend a few days alone in her old, family home. Once there, she starts to sense some strange and terrifying phenomena happening around her: an invisible entity seems to know a lot about her, among other things, that she’s having an affair with Carlos, an old friend from college.  Marga has fallen pregnant by Carlos and on the day she’s going to have a secret abortion, the entity won’t let her leave the house. On the verge of madness, Marga discovers a portal in the house that leads to another reality. In this reality lives her other self and she’s actually trying to warn herself that something terrible is about to happen to her, unless she makes a decision…",
        "actors": [
            "Iria del Río",
            "Marga",
            "Miquel Fernández",
            "Daniel",
            "Jan Cornet",
            "Carlos",
            "Sandra Cervera",
            "Diana",
            "Inma Sancho",
            "Olga",
            "Carles Sanjaime",
            "Joaquim",
            "Pep Ricart",
            "Aureli"
        ],
        "orig_title": " Visitante",
        "status": " Released",
        "orig_lang": " Spanish, Castilian",
        "budget_x": 4800017.8,
        "revenue": 6009.0,
        "country": "ES"
    },
    {
        "title": "Fahrenheit 451",
        "date_x": "09/19/2018 ",
        "score": 54.0,
        "genre": [
            "Drama",
            "Science Fiction",
            "Thriller"
        ],
        "overview": "In an oppressive future, a 'fireman' whose duty is to destroy all books begins to question his task.",
        "actors": [
            "Michael B. Jordan",
            "Guy Montag",
            "Michael Shannon",
            "Captain Beatty",
            "Sofia Boutella",
            "Clarisse McClellan",
            "Khandi Alexander",
            "Toni Morrison",
            "Lilly Singh",
            "Raven",
            "Martin Donovan",
            "Commissioner Nyari",
            "Andy McQueen",
            "Gustavo",
            "Dylan Taylor",
            "Fireman Douglas",
            "Keir Dullea",
            "Historian"
        ],
        "orig_title": "Fahrenheit 451",
        "status": " Released",
        "orig_lang": " English",
        "budget_x": 120200000.0,
        "revenue": 891217697.0,
        "country": "AU"
    },
    {
        "title": "Winnie the Pooh: A Very Merry Pooh Year",
        "date_x": "11/12/2002 ",
        "score": 68.0,
        "genre": [
            "Animation",
            "Family"
        ],
        "overview": "It's Christmastime in the Hundred Acre Wood and all of the gang is getting ready with presents and decorations. The gang makes a list of what they want for Christmas and send it to Santa Claus - except that Pooh forgot to ask for something. So he heads out to retrieve the letter and get it to Santa by Christmas...which happens to be tomorrow!",
        "actors": [
            "Jim Cummings",
            "Winnie the Pooh / Tigger (voice)",
            "Peter Cullen",
            "Eeyore (voice)",
            "John Fiedler",
            "Piglet (voice)",
            "Ken Sansom",
            "Rabbit (voice)",
            "Kath Soucie",
            "Kanga (voice)",
            "William Green",
            "Christopher Robin (voice)",
            "Nikita Hopkins",
            "Roo (voice)",
            "Michael York",
            "Narrator (voice)",
            "Paul Winchell",
            "Tigger (segment \"Winnie the Pooh and Christmas Too\") (voice)"
        ],
        "orig_title": "Winnie the Pooh: A Very Merry Pooh Year",
        "status": " Released",
        "orig_lang": " English",
        "budget_x": 98140000.0,
        "revenue": 494358731.6,
        "country": "US"
    },
    {
        "title": "Avengement",
        "date_x": "06/04/2019 ",
        "score": 68.0,
        "genre": [
            "Crime",
            "Action"
        ],
        "overview": "While on a prison furlough, a lowly criminal evades his guards and returns to his old stomping ground to take revenge on the people who turned him into a cold blooded killer.",
        "actors": [
            "Scott Adkins",
            "Cain Burgess",
            "Craig Fairbrass",
            "Lincoln Burgess",
            "Thomas Turgoose",
            "Tune",
            "Nick Moran",
            "Hyde",
            "Kierston Wareing",
            "Bez",
            "Leo Gregory",
            "Mo",
            "Beau Fowler",
            "Vern",
            "Louis Mandylor",
            "Detective O'Hara",
            "Terence Maynard",
            "Stokes"
        ],
        "orig_title": "Avengement",
        "status": " Released",
        "orig_lang": " English",
        "budget_x": 2400000.0,
        "revenue": 242252666.6,
        "country": "AU"
    },
    {
        "title": "The Boston Strangler",
        "date_x": "10/16/1968 ",
        "score": 68.0,
        "genre": [
            "Crime",
            "Drama",
            "Mystery",
            "Thriller",
            "Horror"
        ],
        "overview": "Boston is being terrorized by a series of seemingly random murders of women. Based on the true story, the film follows the investigators path through several leads before introducing the Strangler as a character. It is seen almost exclusively from the point of view of the investigators who have very few clues to build a case upon.",
        "actors": [
            "Tony Curtis",
            "Albert DeSalvo",
            "Henry Fonda",
            "John S. Bottomly",
            "George Kennedy",
            "Det. Phil DiNatale",
            "Mike Kellin",
            "Julian Soshnick",
            "Hurd Hatfield",
            "Terence Huntley",
            "Murray Hamilton",
            "Det. Frank McAfee",
            "Jeff Corey",
            "John Asgeirsson",
            "Sally Kellerman",
            "Dianne Cluny",
            "William Marshall",
            "Atty. Gen. Edward W. Brooke"
        ],
        "orig_title": "The Boston Strangler",
        "status": " Released",
        "orig_lang": " English",
        "budget_x": 131600000.0,
        "revenue": 465459221.4,
        "country": "US"
    },
    {
        "title": "Cake",
        "date_x": "12/31/2014 ",
        "score": 63.0,
        "genre": [
            "Drama"
        ],
        "overview": "After having visions of a member of her support group who killed herself, a woman who also suffers with chronic pain seeks out the widower of the suicide.",
        "actors": [
            "Jennifer Aniston",
            "Claire Bennett",
            "Adriana Barraza",
            "Silvana",
            "Anna Kendrick",
            "Nina Collins",
            "Sam Worthington",
            "Roy Collins",
            "Mamie Gummer",
            "Bonnie",
            "Felicity Huffman",
            "Annette",
            "William H. Macy",
            "Leonard",
            "Chris Messina",
            "Jason Bennett",
            "Lucy Punch",
            "Nurse Gayle"
        ],
        "orig_title": "Cake",
        "status": " Released",
        "orig_lang": " English",
        "budget_x": 7000000.0,
        "revenue": 2360281.0,
        "country": "US"
    },
    {
        "title": "Bad Boys",
        "date_x": "06/17/1983 ",
        "score": 70.0,
        "genre": [
            "Crime",
            "Drama",
            "Thriller"
        ],
        "overview": "Mick O'Brien is a young Chicago street thug torn between a life of petty crime and the love of his girlfriend. But when the heist of a local drug dealer goes tragically wrong Mick is sentenced to a brutal juvenile prison where violence is a rite of passage and respect is measured in vengeance.",
        "actors": [
            "Sean Penn",
            "Mick O’Brien",
            "Reni Santoni",
            "Ramon Herrera",
            "Jim Moody",
            "Gene Daniels",
            "Eric Gurry",
            "Horowitz",
            "Esai Morales",
            "Paco Moreno",
            "Ally Sheedy",
            "J. C. Walenski",
            "Clancy Brown",
            "Viking Lofgren",
            "Robert Lee Rush",
            "Tweety",
            "John Zenda",
            "Wagner"
        ],
        "orig_title": "Bad Boys",
        "status": " Released",
        "orig_lang": " English",
        "budget_x": 23000000.0,
        "revenue": 141247413.0,
        "country": "AU"
    },
    {
        "title": "The Twelve Tasks of Asterix",
        "date_x": "10/20/1976 ",
        "score": 74.0,
        "genre": [
            "Family",
            "Animation",
            "Comedy",
            "Adventure"
        ],
        "overview": "Asterix and Obelix depart on an adventure to complete twelve impossible tasks to prove to Caesar that they are as strong as the Gods. You'll roar with laughter as they outwit, outrun, and generally outrage the very people who are trying to prove them \"only human\".",
        "actors": [
            "Roger Carel",
            "Astérix / Caius Pupus / Idéfix / deux sénateurs",
            "Jacques Morel",
            "Obélix / l’employé sur sa balançoire",
            "Henri Labussière",
            "L’huissier de la maison qui rend fou",
            "Jean Martinelli",
            "Jules César / Jupiter",
            "Pierre Tornade",
            "Abraracourcix / Assurancetourix",
            "Roger Lumont",
            "Cylindrique le Germain (voice)",
            "Gérard Hernandez",
            "Le vénérable du sommet (voice)",
            "Henri Virlogeux",
            "Panoramix / Iris / le décurion",
            "Bernard Lavalette",
            "Le préfet (voice)"
        ],
        "orig_title": " Les 12 travaux d'Astérix",
        "status": " Released",
        "orig_lang": " French",
        "budget_x": 92500000.0,
        "revenue": 540305844.8,
        "country": "FR"
    },
    {
        "title": "Big Driver",
        "date_x": "10/18/2014 ",
        "score": 57.0,
        "genre": [
            "Crime",
            "Mystery",
            "Thriller"
        ],
        "overview": "Based on a novella from Stephen King, A famous mystery writer sets out for revenge after a brutal attack.",
        "actors": [
            "Maria Bello",
            "Tess Thorne",
            "Joan Jett",
            "Betsy Neal",
            "Ann Dowd",
            "Ramona",
            "Olympia Dukakis",
            "Doreen",
            "Will Harris",
            "Lester",
            "Tara Nicodemo",
            "Cop Roberts",
            "Jennifer Kydd",
            "Patsy",
            "Andre Myette",
            "Lester's Brother",
            "Juanita Peters",
            "Molly"
        ],
        "orig_title": "Big Driver",
        "status": " Released",
        "orig_lang": " English",
        "budget_x": 173600000.0,
        "revenue": 481323479.4,
        "country": "US"
    },
    {
        "title": "Rock of Ages",
        "date_x": "06/14/2012 ",
        "score": 62.0,
        "genre": [
            "Comedy",
            "Drama",
            "Music",
            "Romance"
        ],
        "overview": "A small town girl and a city boy meet on the Sunset Strip, while pursuing their Hollywood dreams.",
        "actors": [
            "Julianne Hough",
            "Sherrie Christian",
            "Diego Boneta",
            "Drew Boley",
            "Tom Cruise",
            "Stacee Jaxx",
            "Alec Baldwin",
            "Dennis Dupree",
            "Russell Brand",
            "Lonny Barnett",
            "Malin Åkerman",
            "Constance Sack",
            "Paul Giamatti",
            "Paul Gill",
            "Bryan Cranston",
            "Mayor Mike Whitmore",
            "Catherine Zeta-Jones",
            "Patricia Whitmore"
        ],
        "orig_title": "Rock of Ages",
        "status": " Released",
        "orig_lang": " English",
        "budget_x": 70000000.0,
        "revenue": 61031932.0,
        "country": "AU"
    },
    {
        "title": "Easy Rider",
        "date_x": "09/20/1969 ",
        "score": 71.0,
        "genre": [
            "Adventure",
            "Drama"
        ],
        "overview": "A cross-country trip to sell drugs puts two hippie bikers on a collision course with small-town prejudices.",
        "actors": [
            "Peter Fonda",
            "Wyatt",
            "Dennis Hopper",
            "Billy",
            "Jack Nicholson",
            "George Hanson",
            "Antonio Mendoza",
            "Jesus",
            "Phil Spector",
            "Connection",
            "Mac Mashourian",
            "Bodyguard",
            "Warren Finnerty",
            "Rancher",
            "Tita Colorado",
            "Rancher's Wife",
            "Luke Askew",
            "Stranger on Highway"
        ],
        "orig_title": "Easy Rider",
        "status": " Released",
        "orig_lang": " English",
        "budget_x": 400000.0,
        "revenue": 60000000.0,
        "country": "AU"
    },
    {
        "title": "My Fair Lady",
        "date_x": "10/21/1964 ",
        "score": 75.0,
        "genre": [
            "Romance",
            "Drama",
            "Music"
        ],
        "overview": "A snobbish phonetics professor agrees to a wager that he can take a flower girl and make her presentable in high society.",
        "actors": [
            "Audrey Hepburn",
            "Eliza Doolittle",
            "Rex Harrison",
            "Professor Henry Higgins",
            "Stanley Holloway",
            "Alfred P. Doolittle",
            "Wilfrid Hyde-White",
            "Colonel Hugh Pickering",
            "Gladys Cooper",
            "Mrs. Higgins",
            "Jeremy Brett",
            "Freddy Eynsford-Hill",
            "Theodore Bikel",
            "Zoltan Karpathy",
            "Mona Washbourne",
            "Mrs. Pearce",
            "Isobel Elsom",
            "Mrs. Eynsford-Hill"
        ],
        "orig_title": "My Fair Lady",
        "status": " Released",
        "orig_lang": " English",
        "budget_x": 17000000.0,
        "revenue": 72072607.0,
        "country": "US"
    },
    {
        "title": "The Equalizer 3",
        "date_x": "09/01/2023 ",
        "score": 0.0,
        "genre": [
            "Action",
            "Thriller",
            "Crime"
        ],
        "overview": "Third film in The Equalizer franchise.",
        "actors": [
            "Denzel Washington",
            "Robert McCall",
            "Dakota Fanning",
            "",
            "Gaia Scodellaro",
            "",
            "David Denman",
            "",
            "Eugenio Mastrandrea",
            "",
            "Remo Girone",
            "",
            "Sonia Ammar",
            "",
            "Daniele Perrone",
            "",
            "Andrea Scarduzio",
            ""
        ],
        "orig_title": "The Equalizer 3",
        "status": " In Production",
        "orig_lang": " English",
        "budget_x": 205000000.0,
        "revenue": 175269998.8,
        "country": "US"
    },
    {
        "title": "Shane",
        "date_x": "04/23/1953 ",
        "score": 75.0,
        "genre": [
            "Drama",
            "Western"
        ],
        "overview": "A weary gunfighter attempts to settle down with a homestead family, but a smouldering settler and rancher conflict forces him to act.",
        "actors": [
            "Alan Ladd",
            "Shane",
            "Jean Arthur",
            "Marian Starrett",
            "Van Heflin",
            "Joe Starrett",
            "Brandon De Wilde",
            "Joey Starrett",
            "Jack Palance",
            "Jack Wilson",
            "Ben Johnson",
            "Chris Calloway",
            "Edgar Buchanan",
            "Fred Lewis",
            "Emile Meyer",
            "Rufus Ryker",
            "Elisha Cook Jr.",
            "Frank 'Stonewall' Torrey"
        ],
        "orig_title": "Shane",
        "status": " Released",
        "orig_lang": " English",
        "budget_x": 3100000.0,
        "revenue": 20000000.0,
        "country": "US"
    },
    {
        "title": "D.E.B.S.",
        "date_x": "01/21/2004 ",
        "score": 64.0,
        "genre": [
            "Action",
            "Comedy",
            "Romance"
        ],
        "overview": "The star of a team of teenage crime fighters falls for the alluring villainess she must bring to justice.",
        "actors": [
            "Sara Foster",
            "Amy Bradshaw",
            "Meagan Good",
            "Max Brewer",
            "Jordana Brewster",
            "Lucy Diamond",
            "Devon Aoki",
            "Dominique",
            "Jill Ritchie",
            "Janet",
            "Christina Kirk",
            "Madeleine",
            "Geoff Stults",
            "Bobby Matthews",
            "Jimmi Simpson",
            "Scud",
            "Holland Taylor",
            "Mrs. Petrie"
        ],
        "orig_title": "D.E.B.S.",
        "status": " Released",
        "orig_lang": " English",
        "budget_x": 3500000.0,
        "revenue": 96793.0,
        "country": "US"
    },
    {
        "title": "The Last Song",
        "date_x": "03/31/2010 ",
        "score": 72.0,
        "genre": [
            "Drama",
            "Family",
            "Romance"
        ],
        "overview": "A drama centered on a rebellious girl who is sent to a Southern beach town for the summer to stay with her father. Through their mutual love of music, the estranged duo learn to reconnect.",
        "actors": [
            "Miley Cyrus",
            "Veronica 'Ronnie' Miller",
            "Greg Kinnear",
            "Steve Miller",
            "Bobby Coleman",
            "Jonah Miller",
            "Liam Hemsworth",
            "Will Blakelee",
            "Hallock Beals",
            "Scott",
            "Kelly Preston",
            "Kim",
            "Nick Lashaway",
            "Marcus",
            "Carly Chaikin",
            "Blaze",
            "Kate Vernon",
            "Susan Blakelee"
        ],
        "orig_title": "The Last Song",
        "status": " Released",
        "orig_lang": " English",
        "budget_x": 20000000.0,
        "revenue": 92678948.0,
        "country": "US"
    },
    {
        "title": "Gabriel's Inferno: Part II",
        "date_x": "07/31/2020 ",
        "score": 84.0,
        "genre": [
            "Romance"
        ],
        "overview": "Professor Gabriel Emerson finally learns the truth about Julia Mitchell's identity, but his realization comes a moment too late. Julia is done waiting for the well-respected Dante specialist to remember her and wants nothing more to do with him. Can Gabriel win back her heart before she finds love in another's arms?",
        "actors": [
            "Melanie Zanetti",
            "Julia Mitchell",
            "Giulio Berruti",
            "Gabriel Emerson",
            "James Andrew Fraser",
            "Paul Norris",
            "Margaux Brooke",
            "Christa Peterson",
            "Agnes Albright",
            "Paulina",
            "Purva Bedi",
            "Professor Tara Chakravartty",
            "Sahar Bibiyan",
            "Soraya",
            "Cedric Cannon",
            "Professor Robert Mwangi",
            "Ned Van Zandt",
            "Professor Jeremy Martin"
        ],
        "orig_title": "Gabriel's Inferno: Part II",
        "status": " Released",
        "orig_lang": " English",
        "budget_x": 80872600.0,
        "revenue": 1339895901.8,
        "country": "US"
    },
    {
        "title": "Kagemusha",
        "date_x": "04/26/1980 ",
        "score": 78.0,
        "genre": [
            "Action",
            "Drama",
            "History",
            "War"
        ],
        "overview": "Akira Kurosawa's lauded feudal epic presents the tale of a petty thief who is recruited to impersonate Shingen, an aging warlord, in order to avoid attacks by competing clans. When Shingen dies, his generals reluctantly agree to have the impostor take over as the powerful ruler. He soon begins to appreciate life as Shingen, but his commitment to the role is tested when he must lead his troops into battle against the forces of a rival warlord.",
        "actors": [
            "Tatsuya Nakadai",
            "Shingen Takeda / Kagemusha",
            "Tsutomu Yamazaki",
            "Nobukado Takeda",
            "Kenichi Hagiwara",
            "Katsuyori Takeda",
            "Jinpachi Nezu",
            "Sohachiro Tsuchiya",
            "Hideji Ôtaki",
            "Masakage Yamagata",
            "Daisuke Ryû",
            "Nobunaga Oda",
            "Masayuki Yui",
            "Ieyasu Tokugawa",
            "Kaori Momoi",
            "Otsuyanokata",
            "Mitsuko Baisho",
            "Oyunokata"
        ],
        "orig_title": " 影武者",
        "status": " Released",
        "orig_lang": " Japanese",
        "budget_x": 6000000.0,
        "revenue": 4000000.0,
        "country": "JP"
    },
    {
        "title": "Spring Breakers",
        "date_x": "05/09/2013 ",
        "score": 52.0,
        "genre": [
            "Drama",
            "Crime"
        ],
        "overview": "After four college girls rob a restaurant to fund their spring break in Florida, they get entangled with a weird dude with his own criminal agenda.",
        "actors": [
            "James Franco",
            "Alien",
            "Selena Gomez",
            "Faith",
            "Vanessa Hudgens",
            "Candy",
            "Ashley Benson",
            "Brit",
            "Rachel Korine",
            "Cotty",
            "Gucci Mane",
            "Archie",
            "Heather Morris",
            "Bess",
            "Ash Lendzion",
            "Forest",
            "Sidney Sewell",
            "ATL Twin"
        ],
        "orig_title": "Spring Breakers",
        "status": " Released",
        "orig_lang": " English",
        "budget_x": 5000000.0,
        "revenue": 31149251.0,
        "country": "AU"
    },
    {
        "title": "Detective Conan: Full Score of Fear",
        "date_x": "04/19/2008 ",
        "score": 70.0,
        "genre": [
            "Animation",
            "Action",
            "Crime",
            "Mystery"
        ],
        "overview": "Serial murders involving all kinds have happened. All the victims are from a Music School led by a famous pianist. Conan and company have been invited to a opening concert of the Music Hall built by the pianist. The biggest attraction of this concert is the world famous violin called \"Stradivarius\" and a special appearance of a singer who has perfect pitch.",
        "actors": [
            "Minami Takayama",
            "Conan Edogawa (voice)",
            "Akira Kamiya",
            "Kogoro Mouri (voice)",
            "Wakana Yamazaki",
            "Ran Mouri (voice)",
            "Kappei Yamaguchi",
            "Kudo Shinichi (voice)",
            "Megumi Hayashibara",
            "Haibara Ai (voice)",
            "Naoko Matsui",
            "Sonoko Suzuki (voice)",
            "Yukiko Iwai",
            "Ayumi Yoshida (voice)",
            "Ikue Otani",
            "Mitsuhiko Tsuburaya (voice)",
            "Wataru Takagi",
            "Genta Kojima / Officer Takagi Wataru (voice)"
        ],
        "orig_title": " 名探偵コナン 戦慄の楽譜（フルスコア）",
        "status": " Released",
        "orig_lang": " Japanese",
        "budget_x": 159940523.8,
        "revenue": 544794087.2,
        "country": "JP"
    },
    {
        "title": "Frida",
        "date_x": "08/29/2002 ",
        "score": 74.0,
        "genre": [
            "Drama",
            "Romance"
        ],
        "overview": "A biography of artist Frida Kahlo, who channeled the pain of a crippling injury and her tempestuous marriage into her work.",
        "actors": [
            "Salma Hayek",
            "Frida Kahlo",
            "Alfred Molina",
            "Diego Rivera",
            "Mía Maestro",
            "Cristina Kahlo",
            "Patricia Reyes Spíndola",
            "Matilde Kahlo",
            "Diego Luna",
            "Alejandro",
            "Roger Rees",
            "Guillermo Kahlo",
            "Ashley Judd",
            "Tina Modotti",
            "Antonio Banderas",
            "David Alfaro Siqueiros",
            "Edward Norton",
            "Nelson Rockefeller"
        ],
        "orig_title": "Frida",
        "status": " Released",
        "orig_lang": " English",
        "budget_x": 12000000.0,
        "revenue": 56131239.0,
        "country": "US"
    },
    {
        "title": "Beautiful Creatures",
        "date_x": "02/13/2013 ",
        "score": 60.0,
        "genre": [
            "Fantasy",
            "Drama",
            "Romance"
        ],
        "overview": "Ethan Wate just wants to get to know Lena Duchannes better, but unbeknownst to him, Lena has strange powers.  As Lena's 16th birthday approaches she might decide her fate, to be good or evil.  A choice which will impact her relationship forever.",
        "actors": [
            "Alden Ehrenreich",
            "Ethan Wate",
            "Alice Englert",
            "Lena Duchannes",
            "Jeremy Irons",
            "Macon Ravenwood",
            "Viola Davis",
            "Amma Treadeau",
            "Emmy Rossum",
            "Ridley Duchaness",
            "Thomas Mann",
            "Wesley \"Link\" Lincoln",
            "Emma Thompson",
            "Mrs. Lincoln / Sarafine Duchannes",
            "Eileen Atkins",
            "Emmaline Duchannes",
            "Margo Martindale",
            "Delphine Duchannes"
        ],
        "orig_title": "Beautiful Creatures",
        "status": " Released",
        "orig_lang": " English",
        "budget_x": 50000000.0,
        "revenue": 60282876.0,
        "country": "AU"
    },
    {
        "title": "The Boss Baby: Get That Baby!",
        "date_x": "09/01/2020 ",
        "score": 65.0,
        "genre": [
            "Comedy",
            "Family",
            "Animation"
        ],
        "overview": "Think you've got what it takes to be the boss? This interactive special puts your skills to the test and matches you up with one of 16 jobs at Baby Corp.",
        "actors": [
            "JP Karliak",
            "",
            "Kevin Michael Richardson",
            "",
            "Wendie Malick",
            "",
            "Pierce Gagnon",
            "",
            "Flula Borg",
            "",
            "Jake Green",
            "",
            "Alex Cazares",
            "",
            "Rhys Darby",
            ""
        ],
        "orig_title": "The Boss Baby: Get That Baby!",
        "status": " Released",
        "orig_lang": " English",
        "budget_x": 133000000.0,
        "revenue": 638164005.2,
        "country": "US"
    },
    {
        "title": "Always Watching: A Marble Hornets Story",
        "date_x": "04/07/2015 ",
        "score": 51.0,
        "genre": [
            "Horror"
        ],
        "overview": "A small town news team discovers a box of video tapes where a faceless figure dressed in a dark suit, haunts and torments a family...slowly driving them insane. Soon after, they realize that the \"Operator\" has begun to stalk them as well.",
        "actors": [
            "Chris Marquette",
            "Milo Burns",
            "Alexandra Breckenridge",
            "Sara Kovic",
            "Jake McDorman",
            "Charlie MacNeel",
            "Doug Jones",
            "The Operator",
            "Michael Bunin",
            "Dan Wittlocke",
            "Alexandra Holden",
            "Rose Wittlocke",
            "Morgan Bastin",
            "Tara Wittlocke",
            "Elizabeth Payne",
            "Barbara Sellers",
            "Damon Gupton",
            "Leonard Herring"
        ],
        "orig_title": "Always Watching: A Marble Hornets Story",
        "status": " Released",
        "orig_lang": " English",
        "budget_x": 108400000.0,
        "revenue": 218436574.8,
        "country": "US"
    },
    {
        "title": "Stand and Deliver",
        "date_x": "03/11/1988 ",
        "score": 76.0,
        "genre": [
            "Drama"
        ],
        "overview": "Jaime Escalante is a mathematics teacher in a school in a hispanic neighbourhood. Convinced that his students have potential, he adopts unconventional teaching methods to try and turn gang members and no-hopers into some of the country's top algebra and calculus students.",
        "actors": [
            "Edward James Olmos",
            "Jaime A. Escalante",
            "Lou Diamond Phillips",
            "Angel Guzman",
            "Rosanna DeSoto",
            "Fabiola Escalante",
            "Andy García",
            "Dr. Ramirez",
            "Estelle Harris",
            "Secretary",
            "Mark Phelan",
            "Cop",
            "Virginia Paris",
            "Raquel Ortega",
            "Eliot",
            "Tito (as Mark Eliot)",
            "Adelaida Alvarez",
            "Sexy Girl"
        ],
        "orig_title": "Stand and Deliver",
        "status": " Released",
        "orig_lang": " English",
        "budget_x": 5775000.0,
        "revenue": 13994920.0,
        "country": "US"
    },
    {
        "title": "Being John Malkovich",
        "date_x": "12/03/1999 ",
        "score": 74.0,
        "genre": [
            "Comedy",
            "Drama",
            "Fantasy"
        ],
        "overview": "One day at work, unsuccessful puppeteer Craig finds a portal into the head of actor John Malkovich. The portal soon becomes a passion for anybody who enters its mad and controlling world of overtaking another human body.",
        "actors": [
            "John Cusack",
            "Craig Schwartz",
            "John Malkovich",
            "John Horatio Malkovich",
            "Cameron Diaz",
            "Lotte Schwartz",
            "Catherine Keener",
            "Maxine Lund",
            "Mary Kay Place",
            "Floris",
            "Orson Bean",
            "Dr. Lester",
            "Charlie Sheen",
            "Charlie",
            "Reggie Hayes",
            "Don",
            "W. Earl Brown",
            "First J.M. Inc. Customer"
        ],
        "orig_title": "Being John Malkovich",
        "status": " Released",
        "orig_lang": " English",
        "budget_x": 13000000.0,
        "revenue": 32382381.0,
        "country": "AU"
    },
    {
        "title": "Broken Arrow",
        "date_x": "08/11/1996 ",
        "score": 60.0,
        "genre": [
            "Action",
            "Thriller",
            "Adventure"
        ],
        "overview": "When rogue stealth-fighter pilot Vic Deakins deliberately drops off the radar while on maneuvers, the Air Force ends up with two stolen nuclear warheads -- and Deakins's co-pilot, Riley Hale, is the military's only hope for getting them back. Traversing the deserted canyons of Utah, Hale teams with park ranger Terry Carmichael to put Deakins back in his box.",
        "actors": [
            "John Travolta",
            "Vic Deakins",
            "Christian Slater",
            "Riley Hale",
            "Samantha Mathis",
            "Terry Carmichael",
            "Delroy Lindo",
            "Colonel Max Wilkins",
            "Frank Whaley",
            "Giles Prentice",
            "Bob Gunton",
            "Pritchett",
            "Howie Long",
            "Kelly",
            "Jack Thompson",
            "Chairman",
            "Joint Chief of Staff",
            "Kurtwood Smith",
            "Secretary of Defense Baird"
        ],
        "orig_title": "Broken Arrow",
        "status": " Released",
        "orig_lang": " English",
        "budget_x": 65000000.0,
        "revenue": 148345997.0,
        "country": "AU"
    },
    {
        "title": "The Saint",
        "date_x": "07/11/2017 ",
        "score": 53.0,
        "genre": [
            "Action",
            "Adventure",
            "Crime"
        ],
        "overview": "International master thief, Simon Templar, also known as The Saint, is asked by a desperate rich man to find his kidnapped daughter. However, in addition to evading the authorities, Simon must face a dangerous adversary from his past.",
        "actors": [
            "Adam Rayner",
            "Simon Templar",
            "Eliza Dushku",
            "Patricia Holm",
            "Ian Ogilvy",
            "The Fixer",
            "James Remar",
            "Arnold Valecross",
            "Roger Moore",
            "Jasper",
            "Enrique Murciano",
            "Inspector Fernack",
            "Thomas Kretschmann",
            "Rayt Marius",
            "Beatrice Rosen",
            "Katherine Valecross",
            "Greg Grunberg",
            "Detective Garces"
        ],
        "orig_title": "The Saint",
        "status": " Released",
        "orig_lang": " English",
        "budget_x": 90000000.0,
        "revenue": 169400000.0,
        "country": "US"
    },
    {
        "title": "The Nights Belong to Monsters",
        "date_x": "10/09/2021 ",
        "score": 54.0,
        "genre": [
            "Fantasy",
            "Drama"
        ],
        "overview": "Sol, a 17-year-old teenager, moves with her mother to the Gonzalo's home, the actual mother's boyfriend. In this town, where from the beginning Sol only finds hostility, she must face bullying from her schoolmates and Gonzalo's harassment. While wandering the streets trying to find a way out, Sol meet a mysterious and magical female dog with whom she establish a symbiotic relationship. It be this dog, the one that violently and surprisingly, always appear to defend Sol until the last consequences.",
        "actors": [
            "Lu Grasso",
            "Sol",
            "Esteban Lamothe",
            "Gonzalo",
            "Jazmín Stuart",
            "Julieta",
            "Gustavo Garzón",
            "Morazzo",
            "Agustín Daulte",
            "Miguel",
            "Macarena Suárez Dagliano",
            "Natalia",
            "Majo Chicar",
            "",
            "Laura Grandinetti",
            "",
            "Nico García",
            "Mario"
        ],
        "orig_title": " Las noches son de los monstruos",
        "status": " Released",
        "orig_lang": " Spanish, Castilian",
        "budget_x": 101400000.0,
        "revenue": 276260104.4,
        "country": "GB"
    },
    {
        "title": "House of the Dead 2",
        "date_x": "02/11/2006 ",
        "score": 47.0,
        "genre": [
            "TV Movie",
            "Horror"
        ],
        "overview": "In Guesta Verde University, the deranged Professor Curien is trying to bring back the dead, killing students for the experiment. There is an outbreak of zombies in the campus, and the government sends a NSA medical research team, formed by Dr. Alexandra Morgan a.k.a. Nightingale and lieutenant Ellis, with a special force leaded by lieutenant Dalton, trying to get the zero sample from the first generation zombie. The team has a very short time to accomplish their mission and leave the place before missiles are sent to destroy the area. However, the place is crowded of hyper sapiens and the group has to fight to survive.",
        "actors": [
            "Emmanuelle Vaugier",
            "Alexandra 'Nightingale' Morgan",
            "Ed Quinn",
            "Ellis",
            "Sticky Fingaz",
            "Dalton",
            "Victoria Pratt",
            "Henson",
            "Theo Rossi",
            "Greg Berlin",
            "Steve Monroe",
            "O'Connor",
            "James Parks",
            "Bart",
            "Dan Southworth",
            "Nakagawa",
            "Billy Brown",
            "Griffin"
        ],
        "orig_title": "House of the Dead 2",
        "status": " Released",
        "orig_lang": " English",
        "budget_x": 6000000.0,
        "revenue": 1329068.8,
        "country": "US"
    },
    {
        "title": "The Last Warrior",
        "date_x": "10/19/2017 ",
        "score": 69.0,
        "genre": [
            "Fantasy",
            "Family",
            "Adventure",
            "Action",
            "Comedy"
        ],
        "overview": "Ivan is an ordinary guy who is transferred from modern Moscow to the fantasy world Belogorye. In this parallel universe where characters of Russian fairy tales live, magic is an integral part of daily life, and arguments are settled with the help of sword . Unexpectedly, Ivan finds himself in the middle of a battle between good and evil, and he must discover why everyone thinks that he must play the main role in upcoming events...",
        "actors": [
            "Viktor Horinyak",
            "Ivan",
            "Mila Syvatska",
            "Vasilisa",
            "Ekaterina Vilkova",
            "Varvara",
            "Konstantin Lavronenko",
            "Kashchey",
            "Sergey Burunov",
            "Vodyanoy",
            "Elena Yakovleva",
            "Baba-Yaga",
            "Svetlana Kolpakova",
            "Young Baba-Yaga",
            "Aleksandr Semchev",
            "Chudo-Yudo",
            "Evgeniy Dyatlov",
            "Dobrynya Nikitich"
        ],
        "orig_title": " Последний богатырь",
        "status": " Released",
        "orig_lang": " Russian",
        "budget_x": 8250000.0,
        "revenue": 30060061.0,
        "country": "RU"
    },
    {
        "title": "The Imaginarium of Doctor Parnassus",
        "date_x": "10/29/2009 ",
        "score": 64.0,
        "genre": [
            "Adventure",
            "Fantasy",
            "Mystery"
        ],
        "overview": "A travelling theatre company has more to it than meets the eye. It is an imaginary world commanded by the mind of Doctor Parnassus and the audience is in for more than just a show.",
        "actors": [
            "Christopher Plummer",
            "Doctor Parnassus",
            "Lily Cole",
            "Valentina",
            "Heath Ledger",
            "Tony",
            "Andrew Garfield",
            "Anton",
            "Verne Troyer",
            "Percy",
            "Tom Waits",
            "Devil",
            "Johnny Depp",
            "Imaginarium Tony 1",
            "Colin Farrell",
            "Imaginarium Tony 3",
            "Jude Law",
            "Imaginarium Tony 2"
        ],
        "orig_title": "The Imaginarium of Doctor Parnassus",
        "status": " Released",
        "orig_lang": " English",
        "budget_x": 30000000.0,
        "revenue": 64352607.0,
        "country": "AU"
    },
    {
        "title": "Enter the Fat Dragon",
        "date_x": "02/14/2020 ",
        "score": 63.0,
        "genre": [
            "Action",
            "Comedy",
            "Crime"
        ],
        "overview": "After being dumped by his fiancé, heartbroken Hong Kong police officer Fallon Zhu gains 200+ pounds. His superiors demote him to the job of escorting convicts to Japan. When a convict in his custody mysteriously dies, he must team up with citizen Thor to solve the mystery.",
        "actors": [
            "Donnie Yen",
            "Fallon Zhu",
            "Teresa Mo",
            "Charisma/Christina",
            "Wong Jing",
            "Thor",
            "Niki Chow",
            "Chloe",
            "Naoto Takenaka",
            "Mr. Endo",
            "Tetsu Watanabe",
            "",
            "Hiro Hayama",
            "Yuji",
            "Louis Cheung",
            "",
            "Lin Qiunan",
            ""
        ],
        "orig_title": "Enter the Fat Dragon",
        "status": " Released",
        "orig_lang": " Cantonese",
        "budget_x": 17830000.0,
        "revenue": 46855.0,
        "country": "CN"
    },
    {
        "title": "The Family",
        "date_x": "10/10/2013 ",
        "score": 64.0,
        "genre": [
            "Crime",
            "Comedy",
            "Action"
        ],
        "overview": "The Manzoni family, a notorious mafia clan, is relocated to Normandy, France under the witness protection program, where fitting in soon becomes challenging as their old habits die hard.",
        "actors": [
            "Robert De Niro",
            "Fred Blake / Giovanni Manzoni",
            "Michelle Pfeiffer",
            "Maggie Blake",
            "Tommy Lee Jones",
            "Robert Stansfield",
            "Dianna Agron",
            "Belle Blake",
            "John D'Leo",
            "Warren Blake",
            "Jon Freda",
            "Rocco",
            "David Belle",
            "Mezzo",
            "Domenick Lombardozzi",
            "Caputo",
            "Jimmy Palumbo",
            "Di Cicco"
        ],
        "orig_title": "The Family",
        "status": " Released",
        "orig_lang": " English",
        "budget_x": 30000000.0,
        "revenue": 80588942.0,
        "country": "AU"
    },
    {
        "title": "Death Race 2050",
        "date_x": "01/17/2017 ",
        "score": 42.0,
        "genre": [
            "Action",
            "Comedy",
            "Science Fiction"
        ],
        "overview": "The year 2050 the planet has become overpopulated, to help control population the government develops a race. The Death Race. Annually competitors race across the country scoring points for killing people with their vehicles.",
        "actors": [
            "Manu Bennett",
            "Frankenstein",
            "Malcolm McDowell",
            "Chairman",
            "Marci Miller",
            "Annie Sullivan",
            "Burt Grinstead",
            "Jed Perfectus",
            "Folake Olowofoyeku",
            "Minerva Jefferson",
            "Anessa Ramsey",
            "Tammy",
            "Yancy Butler",
            "Alexis Hamilton",
            "Charlie Farrell",
            "JB",
            "Shanna Olson",
            "Grace Tickle"
        ],
        "orig_title": "Death Race 2050",
        "status": " Released",
        "orig_lang": " English",
        "budget_x": 114000000.0,
        "revenue": 187045374.0,
        "country": "US"
    },
    {
        "title": "Detective Conan: The Eleventh Striker",
        "date_x": "04/14/2012 ",
        "score": 69.0,
        "genre": [
            "Mystery",
            "Action",
            "Animation"
        ],
        "overview": "Kogoro's detective agency receives a mysterious phone call. Someone on the other end warns about a bomb and leaves behind a code, \"The Boy in Blue and The Blue Zebra, the rain from above ...\" If Conan can decipher the riddle, he can stop the bomb. An adventure begins for Conan and the Detective Boys, taking place at a soccer match between Hideo Akagi of the Tokyo Spirits and Ryusuke Higo of Big Osaka",
        "actors": [
            "Minami Takayama",
            "Conan Edogawa (voice)",
            "Kappei Yamaguchi",
            "Shin'ichi Kudou (voice)",
            "Wakana Yamazaki",
            "Ran Mouri (voice)",
            "Rikiya Koyama",
            "Kogorou Mouri (voice)",
            "Chafurin",
            "Inspector Juuzou Megure (voice)",
            "Isshin Chiba",
            "Keiji Chiba (voice)",
            "Megumi Hayashibara",
            "Ai Haibara (voice)",
            "Kazuhiko Inoue",
            "Ninzaburou Shiratori (voice)",
            "Yukiko Iwai",
            "Ayumi Yoshida (voice)"
        ],
        "orig_title": " 名探偵コナン １１人目のストライカー",
        "status": " Released",
        "orig_lang": " Japanese",
        "budget_x": 149000000.0,
        "revenue": 504700275.8,
        "country": "JP"
    },
    {
        "title": "Lemonade Mouth",
        "date_x": "04/15/2011 ",
        "score": 75.0,
        "genre": [
            "Drama",
            "Comedy",
            "TV Movie"
        ],
        "overview": "After five disparate high school students meet in detention, they realize they have more in common than they think and form a band that becomes a champion for students sidelined by the high school elite.",
        "actors": [
            "Bridgit Mendler",
            "Olivia",
            "Adam Hicks",
            "Wen",
            "Hayley Kiyoko",
            "Stella",
            "Naomi Scott",
            "Mo",
            "Blake Michael",
            "Charlie",
            "Nick Roux",
            "Scott",
            "Chris Brochu",
            "Ray",
            "Tisha Campbell-Martin",
            "Miss Reznick",
            "Isaac Kappy",
            "Mel"
        ],
        "orig_title": "Lemonade Mouth",
        "status": " Released",
        "orig_lang": " English",
        "budget_x": 117200000.0,
        "revenue": 542517314.6,
        "country": "US"
    },
    {
        "title": "Body Double",
        "date_x": "10/26/1984 ",
        "score": 68.0,
        "genre": [
            "Crime",
            "Mystery",
            "Thriller"
        ],
        "overview": "After losing an acting role and his girlfriend, Jake Scully finally catches a break: he gets offered a gig house-sitting in the Hollywood Hills. While peering through the beautiful home's telescope one night, he spies a gorgeous woman dancing in her window. But when he witnesses the girl's murder, it leads Scully through the netherworld of the adult entertainment industry on a search for answers—with porn actress Holly Body as his guide.",
        "actors": [
            "Craig Wasson",
            "Jake Scully",
            "Melanie Griffith",
            "Holly Body",
            "Gregg Henry",
            "Sam Bouchard",
            "Deborah Shelton",
            "Gloria Revelle",
            "Guy Boyd",
            "Det. Jim McLean",
            "Dennis Franz",
            "Rubin",
            "David Haskell",
            "Drama Teacher",
            "Rebecca Stanley",
            "Kimberly Hess",
            "Al Israel",
            "Corso"
        ],
        "orig_title": "Body Double",
        "status": " Released",
        "orig_lang": " English",
        "budget_x": 10000000.0,
        "revenue": 8801940.0,
        "country": "US"
    },
    {
        "title": "The Neon Demon",
        "date_x": "10/20/2016 ",
        "score": 65.0,
        "genre": [
            "Thriller",
            "Drama",
            "Horror"
        ],
        "overview": "When aspiring model Jesse moves to Los Angeles, her youth and vitality are devoured by a group of beauty-obsessed women who will take any means necessary to get what she has.",
        "actors": [
            "Elle Fanning",
            "Jesse",
            "Karl Glusman",
            "Dean",
            "Jena Malone",
            "Ruby",
            "Bella Heathcote",
            "Gigi",
            "Abbey Lee",
            "Sarah",
            "Desmond Harrington",
            "Jack",
            "Christina Hendricks",
            "Roberta Hoffmann",
            "Keanu Reeves",
            "Hank",
            "Charles Baker",
            "Mikey"
        ],
        "orig_title": "The Neon Demon",
        "status": " Released",
        "orig_lang": " English",
        "budget_x": 7500000.0,
        "revenue": 3559803.0,
        "country": "AU"
    },
    {
        "title": "New Year's Eve",
        "date_x": "12/08/2011 ",
        "score": 59.0,
        "genre": [
            "Comedy",
            "Romance"
        ],
        "overview": "The lives of several couples and singles in New York intertwine over the course of New Year's Eve.",
        "actors": [
            "Hilary Swank",
            "Claire Morgan",
            "Robert De Niro",
            "Stan Harris",
            "Michelle Pfeiffer",
            "Ingrid Withers",
            "Josh Duhamel",
            "Sam",
            "Sarah Jessica Parker",
            "Kim Doyle",
            "Zac Efron",
            "Paul",
            "Lea Michele",
            "Elise",
            "Ashton Kutcher",
            "Randy",
            "Halle Berry",
            "Nurse Aimee"
        ],
        "orig_title": "New Year's Eve",
        "status": " Released",
        "orig_lang": " English",
        "budget_x": 56000000.0,
        "revenue": 142044638.0,
        "country": "AU"
    },
    {
        "title": "Adventure Time",
        "date_x": "12/07/2008 ",
        "score": 85.0,
        "genre": [
            "Adventure",
            "Animation",
            "Comedy",
            "Fantasy",
            "Mystery"
        ],
        "overview": "Pen and Jake have to rescue Princess Bubblegum from the antagonistic Ice King.",
        "actors": [
            "Zack Shada",
            "Pen (voice)",
            "John DiMaggio",
            "Jake (voice)",
            "Paige Moss",
            "Princess Bubblegum (voice)",
            "Dee Bradley Baker",
            "Rainicorn (voice)",
            "John Kassir",
            "Ice King (voice)"
        ],
        "orig_title": "Adventure Time",
        "status": " Released",
        "orig_lang": " English",
        "budget_x": 208000000.0,
        "revenue": 791131156.2,
        "country": "US"
    },
    {
        "title": "Next Friday",
        "date_x": "07/27/2000 ",
        "score": 65.0,
        "genre": [
            "Comedy"
        ],
        "overview": "A streetwise man flees South Central Los Angeles, heading to the suburbs and his lottery-winner uncle and cousin, to avoid a neighborhood thug with a grudge who has just escaped from prison.",
        "actors": [
            "Ice Cube",
            "Craig Jones",
            "Mike Epps",
            "Day-Day",
            "Justin Pierce",
            "Roach",
            "John Witherspoon",
            "Mr. Jones",
            "Don Curry",
            "Uncle Elroy",
            "Jacob Vargas",
            "Joker",
            "Lobo Sebastian",
            "Lil Joker",
            "Rolando Molina",
            "Baby Joker",
            "Lisa Rodríguez",
            "Karla"
        ],
        "orig_title": "Next Friday",
        "status": " Released",
        "orig_lang": " English",
        "budget_x": 9500000.0,
        "revenue": 59675307.0,
        "country": "AU"
    },
    {
        "title": "Soylent Green",
        "date_x": "07/30/1973 ",
        "score": 69.0,
        "genre": [
            "Science Fiction",
            "Thriller"
        ],
        "overview": "This is the year 2022. Overcrowding, pollution,  and resource depletion have reduced society’s leaders to finding food for the teeming masses. The answer is Soylent Green.",
        "actors": [
            "Charlton Heston",
            "Detective Robert Thorn",
            "Leigh Taylor-Young",
            "Shirl",
            "Chuck Connors",
            "Tab Fielding",
            "Joseph Cotten",
            "William R. Simonson",
            "Brock Peters",
            "Chief Hatcher",
            "Paula Kelly",
            "Martha Phillips",
            "Edward G. Robinson",
            "Sol Roth",
            "Stephen Young",
            "Gilbert",
            "Mike Henry",
            "Kulozik"
        ],
        "orig_title": "Soylent Green",
        "status": " Released",
        "orig_lang": " English",
        "budget_x": 60600000.0,
        "revenue": 3600000.0,
        "country": "AU"
    },
    {
        "title": "Wishmaster 4: The Prophecy Fulfilled",
        "date_x": "10/22/2002 ",
        "score": 46.0,
        "genre": [
            "Horror",
            "Fantasy"
        ],
        "overview": "The unspeakable evil of the soul-devouring djinn rises again in this fourth electrifying installment of the unstoppable Wishmaster horror legacy! But now, as a host of new victims see their most nightmarish wishes come true, the world faces the ultimate demonic terror: an onslaught of multiple djinns hell-bent on destroying everything in their path!",
        "actors": [
            "Tara Spencer-Nairn",
            "Lisa Burnley",
            "Kimberly Huie",
            "Tracy",
            "Jenny Pudavick",
            "Waitress",
            "Michael Trucco",
            "Steven Verdel",
            "Jason Thompson",
            "Sam",
            "John Novak",
            "Djinn",
            "John Benjamin Martin",
            "Douglas Hollister",
            "Mariam Bernstein",
            "Jennifer",
            "Victor Webster",
            "Hunter"
        ],
        "orig_title": "Wishmaster 4: The Prophecy Fulfilled",
        "status": " Released",
        "orig_lang": " English",
        "budget_x": 500000.0,
        "revenue": 1361417.8,
        "country": "US"
    },
    {
        "title": "Nanny",
        "date_x": "11/23/2022 ",
        "score": 54.0,
        "genre": [
            "Horror",
            "Drama"
        ],
        "overview": "Senegalese immigrant Aisha lands a job as a nanny for a wealthy Manhattan couple. As she prepares for the arrival of the son she left behind in Senegal, a violent presence begins to invade both her dreams and her reality, threatening to destroy the American Dream she is painstakingly piecing together.",
        "actors": [
            "Anna Diop",
            "Aisha",
            "Michelle Monaghan",
            "Amy",
            "Sinqua Walls",
            "Malik",
            "Morgan Spector",
            "Adam",
            "Rose Decker",
            "Rose",
            "Leslie Uggams",
            "Kathleen",
            "Olamide Candide Johnson",
            "Mariatou",
            "Jahleel Kamara",
            "Lamine",
            "Princess Adenike",
            "Nikki"
        ],
        "orig_title": "Nanny",
        "status": " Released",
        "orig_lang": " English",
        "budget_x": 85800000.0,
        "revenue": 548186237.2,
        "country": "US"
    },
    {
        "title": "Piranhaconda",
        "date_x": "06/16/2012 ",
        "score": 51.0,
        "genre": [
            "Horror",
            "Science Fiction",
            "Comedy"
        ],
        "overview": "A hybrid creature - half piranha and half anaconda -- attacks a low-budget horror movie crew on location near her nest when her egg is stolen. Now they must outrun and kill the deadly piranhaconda as well as stop the mad scientist who stole the egg - before they all become dinner.",
        "actors": [
            "Michael Madsen",
            "Prof. Lovegrove",
            "Rachel Hunter",
            "Talia",
            "Rib Hillis",
            "Jack",
            "Terri Ivens",
            "Rose",
            "Chris De Christopher",
            "Milo",
            "Shandi Finnessey",
            "Kimmy Weston",
            "Michael Swan",
            "Pike",
            "Kurt Yaeger",
            "Gunner",
            "Angie Stevenson",
            "Deb"
        ],
        "orig_title": "Piranhaconda",
        "status": " Released",
        "orig_lang": " English",
        "budget_x": 1000000.0,
        "revenue": 8663341.8,
        "country": "US"
    },
    {
        "title": "Runaway Bride",
        "date_x": "08/26/1999 ",
        "score": 61.0,
        "genre": [
            "Comedy",
            "Romance"
        ],
        "overview": "Ike Graham, New York columnist, writes his text always at the last minute. This time, a drunken man in his favourite bar tells Ike about Maggie Carpenter, a woman who always flees from her grooms in the last possible moment. Ike, who does not have the best opinion about females anyway, writes an offensive column without researching the subject thoroughly.",
        "actors": [
            "Julia Roberts",
            "Maggie Carpenter",
            "Richard Gere",
            "Ike Graham",
            "Joan Cusack",
            "Peggy Flemming",
            "Hector Elizondo",
            "Fisher",
            "Rita Wilson",
            "Ellie Graham",
            "Paul Dooley",
            "Walter Carpenter",
            "Christopher Meloni",
            "Coach Bob Kelly",
            "Donal Logue",
            "Priest Brian Norris",
            "Reg Rogers",
            "George Swilling"
        ],
        "orig_title": "Runaway Bride",
        "status": " Released",
        "orig_lang": " English",
        "budget_x": 70000000.0,
        "revenue": 310138178.0,
        "country": "AU"
    },
    {
        "title": "In Secret",
        "date_x": "02/21/2014 ",
        "score": 63.0,
        "genre": [
            "Drama",
            "Thriller",
            "Crime",
            "Romance"
        ],
        "overview": "In 1860s Paris, a young woman, Therese, is trapped in a loveless marriage to the sickly Camille by her domineering aunt, Madame Raquin. She spends her days behind the counter of a small shop and her evenings watching Madame play dominos with an eclectic group. After she meets her husband’s alluring friend, Laurent, she embarks on an illicit affair that leads to tragic consequences. Based on Emile Zola’s novel, Thérèse Raquin.",
        "actors": [
            "Elizabeth Olsen",
            "Thérèse Raquin",
            "Tom Felton",
            "Camille Raquin",
            "Jessica Lange",
            "Madame Raquin",
            "Matt Lucas",
            "Olivier",
            "Oscar Isaac",
            "Laurent LeClaire",
            "Shirley Henderson",
            "Suzanne",
            "Mackenzie Crook",
            "Grivet",
            "John Kavanagh",
            "Inspector Michaud",
            "Lily Laight",
            "Young Thérèse"
        ],
        "orig_title": "In Secret",
        "status": " Released",
        "orig_lang": " English",
        "budget_x": 161000000.0,
        "revenue": 431879777.2,
        "country": "US"
    },
    {
        "title": "Superman: Unbound",
        "date_x": "04/23/2013 ",
        "score": 66.0,
        "genre": [
            "Animation",
            "Action",
            "Adventure"
        ],
        "overview": "Superman and Supergirl take on the cybernetic being known as Brainiac, who boasts that he possesses \"the knowledge and strength of 10,000 worlds.\"",
        "actors": [
            "Matt Bomer",
            "Clark Kent / Superman (voice)",
            "John Noble",
            "Brainiac (voice)",
            "Stana Katic",
            "Lois Lane (voice)",
            "Molly C. Quinn",
            "Kara Zor-El / Supergirl (voice)",
            "Diedrich Bader",
            "Steve Lombard (voice)",
            "Jason Beghe",
            "Terrorist Leader (voice)",
            "Frances Conroy",
            "Ma Kent (voice)",
            "Melissa Disney",
            "Thara (voice)",
            "Alexander Gould",
            "Jimmy Olsen (voice)"
        ],
        "orig_title": "Superman: Unbound",
        "status": " Released",
        "orig_lang": " English",
        "budget_x": 7017332.0,
        "revenue": 2915767.0,
        "country": "US"
    },
    {
        "title": "Dragon Nest: Warriors' Dawn",
        "date_x": "05/20/2014 ",
        "score": 77.0,
        "genre": [
            "Fantasy",
            "Animation"
        ],
        "overview": "For years, the land of Altera has observed an uneasy peace between the humans, the elves, and the beasts who are loyal to the legendary Black Dragon. But when the dragon wakes from its hibernation, mobilizing a force of beasts to make war, a small band of humans and elves unite in a search for the secret road to the dragon’s lair.",
        "actors": [
            "Carrie-Anne Moss",
            "Elena (voice)",
            "Lucas Grabeel",
            "Gerrant (voice)",
            "Blythe Auffarth",
            "Liya and Kasarana (voice)",
            "Charlie Schlatter",
            "Lambert (voice)",
            "Simon Orson Jaglom",
            "Terram (voice)",
            "Matthew Temple",
            "Bat (voice)",
            "Ying Huang",
            "Elena (voice) CN",
            "Ye Sun",
            "Gerrant (voice) CN",
            "Bianca Collins",
            "Argenta (voice)"
        ],
        "orig_title": " 龙之谷：破晓奇兵",
        "status": " Released",
        "orig_lang": " Chinese",
        "budget_x": 40000000.0,
        "revenue": 230890092.0,
        "country": "CN"
    },
    {
        "title": "The Door into Summer",
        "date_x": "06/25/2021 ",
        "score": 60.0,
        "genre": [
            "Science Fiction",
            "Drama"
        ],
        "overview": "A pioneering roboticist awakens in 2025 after decades in cryosleep. To change the past and reunite with his adopted sister, he seeks a way back to 1995.",
        "actors": [
            "Kento Yamazaki",
            "Soichiro Takakura",
            "Kaya Kiyohara",
            "Matsushita Riko",
            "Naohito Fujiki",
            "Humanoid Robot",
            "Natsuna Watanabe",
            "Shirashi Rin",
            "Hidekazu Mashima",
            "Matsushita Kazuhito",
            "Taizo Harada",
            "Sato Taro",
            "Rin Takanashi",
            "Sato Midori",
            "Kenta Hamano",
            "Tsuboi Gota",
            "Tomorowo Taguchi",
            "Professor Toi"
        ],
        "orig_title": " 夏への扉",
        "status": " Released",
        "orig_lang": " Japanese",
        "budget_x": 102600000.0,
        "revenue": 498800975.4,
        "country": "JP"
    },
    {
        "title": "Dracula",
        "date_x": "02/14/1931 ",
        "score": 72.0,
        "genre": [
            "Horror",
            "Drama",
            "Fantasy"
        ],
        "overview": "British estate agent Renfield travels to Transylvania to meet with the mysterious Count Dracula, who is interested in leasing a castle in London and is, unbeknownst to Renfield, a vampire. After Dracula enslaves Renfield and drives him to insanity, the pair sail to London together, and as Dracula begins preying on London socialites, the two become the subject of study for a supernaturalist professor, Abraham Van Helsing.",
        "actors": [
            "Bela Lugosi",
            "Count Dracula",
            "Helen Chandler",
            "Mina Seward",
            "David Manners",
            "John Harker",
            "Dwight Frye",
            "Renfield",
            "Edward Van Sloan",
            "Professor Abraham Van Helsing",
            "Herbert Bunston",
            "Dr. Jack Seward",
            "Frances Dade",
            "Lucy Weston",
            "Joan Standing",
            "Nurse Briggs (uncredited)",
            "Charles K. Gerrard",
            "Martin"
        ],
        "orig_title": "Dracula",
        "status": " Released",
        "orig_lang": " English",
        "budget_x": 355000.0,
        "revenue": 700000.0,
        "country": "US"
    },
    {
        "title": "She's All That",
        "date_x": "01/29/1999 ",
        "score": 63.0,
        "genre": [
            "Comedy",
            "Romance"
        ],
        "overview": "High school hotshot Zach Siler is the envy of his peers. But his popularity declines sharply when his cheerleader girlfriend, Taylor, leaves him for sleazy reality-television star Brock Hudson. Desperate to revive his fading reputation, Siler agrees to a seemingly impossible challenge. He has six weeks to gain the trust of nerdy outcast Laney Boggs -- and help her to become the school's next prom queen.",
        "actors": [
            "Freddie Prinze Jr.",
            "Zach Siler",
            "Rachael Leigh Cook",
            "Laney Boggs",
            "Paul Walker",
            "Dean Sampson",
            "Jodi Lyn O'Keefe",
            "Taylor Vaughan",
            "Kevin Pollak",
            "Wayne Boggs",
            "Anna Paquin",
            "Mackenzie Siler",
            "Kieran Culkin",
            "Simon Boggs",
            "Elden Henson",
            "Jesse Jackson",
            "Matthew Lillard",
            "Brock Hudson"
        ],
        "orig_title": "She's All That",
        "status": " Released",
        "orig_lang": " English",
        "budget_x": 10000000.0,
        "revenue": 63465522.0,
        "country": "US"
    },
    {
        "title": "Death at a Funeral",
        "date_x": "10/10/2007 ",
        "score": 69.0,
        "genre": [
            "Comedy",
            "Drama"
        ],
        "overview": "A myriad of outrageous calamities befalls an eccentric English clan with more than a few skeletons in its closets when the family's patriarch dies an unexpected death.",
        "actors": [
            "Matthew Macfadyen",
            "Daniel",
            "Keeley Hawes",
            "Jane",
            "Andy Nyman",
            "Howard",
            "Ewen Bremner",
            "Justin",
            "Daisy Donovan",
            "Martha",
            "Alan Tudyk",
            "Simon",
            "Jane Asher",
            "Sandra",
            "Kris Marshall",
            "Troy",
            "Rupert Graves",
            "Robert"
        ],
        "orig_title": "Death at a Funeral",
        "status": " Released",
        "orig_lang": " English",
        "budget_x": 21000000.0,
        "revenue": 48977233.0,
        "country": "AU"
    },
    {
        "title": "Death at a Funeral",
        "date_x": "10/10/2007 ",
        "score": 69.0,
        "genre": [
            "Comedy",
            "Drama"
        ],
        "overview": "A myriad of outrageous calamities befalls an eccentric English clan with more than a few skeletons in its closets when the family's patriarch dies an unexpected death.",
        "actors": [
            "Matthew Macfadyen",
            "Daniel",
            "Keeley Hawes",
            "Jane",
            "Andy Nyman",
            "Howard",
            "Ewen Bremner",
            "Justin",
            "Daisy Donovan",
            "Martha",
            "Alan Tudyk",
            "Simon",
            "Jane Asher",
            "Sandra",
            "Kris Marshall",
            "Troy",
            "Rupert Graves",
            "Robert"
        ],
        "orig_title": "Death at a Funeral",
        "status": " Released",
        "orig_lang": " English",
        "budget_x": 20000000.0,
        "revenue": 47289148.0,
        "country": "AU"
    },
    {
        "title": "Fast Five",
        "date_x": "04/20/2011 ",
        "score": 72.0,
        "genre": [
            "Action",
            "Thriller",
            "Crime"
        ],
        "overview": "Former cop Brian O'Conner partners with ex-con Dom Toretto on the opposite side of the law. Since Brian and Mia Toretto broke Dom out of custody, they've blown across many borders to elude authorities. Now backed into a corner in Rio de Janeiro, they must pull one last job in order to gain their freedom.",
        "actors": [
            "Vin Diesel",
            "Dominic Toretto",
            "Paul Walker",
            "Brian O'Conner",
            "Dwayne Johnson",
            "Luke Hobbs",
            "Jordana Brewster",
            "Mia Toretto",
            "Tyrese Gibson",
            "Roman Pearce",
            "Ludacris",
            "Tej Parker",
            "Matt Schulze",
            "Vince",
            "Sung Kang",
            "Han Lue",
            "Gal Gadot",
            "Gisele Yashar"
        ],
        "orig_title": "Fast Five",
        "status": " Released",
        "orig_lang": " English",
        "budget_x": 125000000.0,
        "revenue": 630163454.0,
        "country": "AU"
    },
    {
        "title": "Ghost in the Shell Arise - Border 3: Ghost Tears",
        "date_x": "06/28/2014 ",
        "score": 69.0,
        "genre": [
            "Action",
            "Animation",
            "Science Fiction"
        ],
        "overview": "Posing as lovers on vacation, Motoko and Batou work to try to stop a terrorist organization whose symbol is the Scrasath. Meanwhile, Togusa investigates a murder of a man who possessed a prosthetic leg manufactured by the Mermaid's Leg corporation.",
        "actors": [
            "Maaya Sakamoto",
            "Motoko Kusanagi (voice)",
            "Ikkyu Juku",
            "Daisuke Aramaki (voice)",
            "Kenichirou Matsuda",
            "Batou (voice)",
            "Kazuya Nakai",
            "Borma (voice)",
            "Tomoyuki Dan",
            "Ishikawa (voice)",
            "Shunsuke Sakuya",
            "Ishikawa (voice)",
            "Miyuki Sawashiro",
            "Logicoma (voice)",
            "Yoji Ueda",
            "Paz (voice)",
            "Takurou Nakakuni",
            "Saito (voice)"
        ],
        "orig_title": " 攻殻機動隊ARISE border: 3 Ghost Tears",
        "status": " Released",
        "orig_lang": " Japanese",
        "budget_x": 154000000.0,
        "revenue": 749502771.4,
        "country": "JP"
    },
    {
        "title": "She's the One",
        "date_x": "04/04/2022 ",
        "score": 61.0,
        "genre": [
            "Comedy",
            "Romance",
            "Fantasy"
        ],
        "overview": "What if you could answer any question and eliminate all doubts before making the most important decision of your life? What if, by some sort of magic, you could live your life pursuing your wildest and deepest desires? That’s what’s about to happen to Andrea, a thirty-year-old man on the eve of his wedding with Laura, the girl he met in college and with whom he built a life together. Andrea starts waking up everyday in a different life and a different self, in realities where he and Laura never got together in the first place. Exploring the many paths his life could have lead him on to, from unapologetic womanizer to acclaimed musician, Andrea will have to face the void Laura’s absence left in his many different “iterations”. Will he try to break the spell?",
        "actors": [
            "Andrea Arcangeli",
            "Andrea",
            "Alessandra Mastronardi",
            "Laura",
            "Stefano Fresi",
            "Lorenzo",
            "Cristiano Caccamo",
            "Beniamino",
            "Eduardo Scarpetta",
            "Giulio",
            "Francesco Gabbani",
            "Federico",
            "Fabio Morici",
            "Poliziotto",
            "Angela Curri",
            "Beatrice",
            "Massimo Wertmüller",
            "Padre di Ludovica"
        ],
        "orig_title": " La donna per me",
        "status": " Released",
        "orig_lang": " Italian",
        "budget_x": 3500000.0,
        "revenue": 13795053.0,
        "country": "IT"
    },
    {
        "title": "Synchronic",
        "date_x": "01/21/2021 ",
        "score": 63.0,
        "genre": [
            "Science Fiction",
            "Drama",
            "Thriller",
            "Horror"
        ],
        "overview": "Two New Orleans paramedics' lives are ripped apart after encountering a series of horrific deaths linked to a designer drug with bizarre, otherworldly effects.",
        "actors": [
            "Anthony Mackie",
            "Steve Denube",
            "Jamie Dornan",
            "Dennis Dannelly",
            "Katie Aselton",
            "Tara Dannelly",
            "Alexia Ioannides",
            "Brianna Dannelly",
            "Ramiz Monsef",
            "Dr. Kermani",
            "Bill Oberst Jr.",
            "The Looter",
            "Betsy Holt",
            "Leah",
            "Shane Brady",
            "Travis",
            "Kate Adair",
            "Crack Girlfriend"
        ],
        "orig_title": "Synchronic",
        "status": " Released",
        "orig_lang": " English",
        "budget_x": 43369746.0,
        "revenue": 1019041.0,
        "country": "AU"
    },
    {
        "title": "Mona Lisa and the Blood Moon",
        "date_x": "10/13/2022 ",
        "score": 65.0,
        "genre": [
            "Mystery",
            "Fantasy",
            "Thriller",
            "Science Fiction"
        ],
        "overview": "A young woman with psychokinetic powers breaks out of a Louisiana asylum and makes her way to New Orleans, where she falls into the city’s netherworld of misfits and miscreants.",
        "actors": [
            "Jun Jong-seo",
            "Mona Lisa Lee",
            "Kate Hudson",
            "Bonnie Belle",
            "Ed Skrein",
            "Fuzz",
            "Evan Whitten",
            "Charlie",
            "Craig Robinson",
            "Officer Harold",
            "Lauren Bowles",
            "Nurse Shirley",
            "Serene Lee",
            "Mrs Pong",
            "Cory Roberts",
            "Snacky",
            "Kyler Porche",
            "Rick"
        ],
        "orig_title": "Mona Lisa and the Blood Moon",
        "status": " Released",
        "orig_lang": " English",
        "budget_x": 125200000.0,
        "revenue": 551186546.6,
        "country": "AU"
    },
    {
        "title": "Rough Night",
        "date_x": "06/15/2017 ",
        "score": 57.0,
        "genre": [
            "Drama",
            "Comedy"
        ],
        "overview": "Five best friends from college reunite 10 years later for a wild bachelorette weekend in Miami. Their hard partying takes a hilariously dark turn when they accidentally kill a male stripper. Amidst the craziness of trying to cover it up, they're ultimately brought closer together when it matters most.",
        "actors": [
            "Scarlett Johansson",
            "Jess",
            "Kate McKinnon",
            "Pippa",
            "Jillian Bell",
            "Alice",
            "Ilana Glazer",
            "Frankie",
            "Zoë Kravitz",
            "Blair",
            "Demi Moore",
            "Lea",
            "Paul W. Downs",
            "Peter",
            "Ty Burrell",
            "Pietro",
            "Enrique Murciano",
            "Detective Ruiz"
        ],
        "orig_title": "Rough Night",
        "status": " Released",
        "orig_lang": " English",
        "budget_x": 20000000.0,
        "revenue": 46844357.0,
        "country": "AU"
    },
    {
        "title": "We Need to Talk About Kevin",
        "date_x": "11/17/2011 ",
        "score": 76.0,
        "genre": [
            "Drama",
            "Thriller"
        ],
        "overview": "After her son Kevin commits a horrific act, troubled mother Eva reflects on her complicated relationship with her disturbed son as he grew from a toddler into a teenager.",
        "actors": [
            "Tilda Swinton",
            "Eva Khatchadourian",
            "Ezra Miller",
            "Kevin Khatchadourian",
            "Teenager",
            "John C. Reilly",
            "Franklin Khatchadourian",
            "Jasper Newell",
            "Kevin Khatchadourian",
            "6-8 Years",
            "Rock Duer",
            "Kevin Khatchadourian",
            "Toddler",
            "Ashley Gerasimovich",
            "Celia Khatchadourian",
            "Siobhan Fallon Hogan",
            "Wanda",
            "Alex Manette",
            "Colin",
            "Kenneth Franklin",
            "Soweto"
        ],
        "orig_title": "We Need to Talk About Kevin",
        "status": " Released",
        "orig_lang": " English",
        "budget_x": 7000000.0,
        "revenue": 10765283.0,
        "country": "AU"
    },
    {
        "title": "Dirty Harry",
        "date_x": "04/27/1972 ",
        "score": 75.0,
        "genre": [
            "Action",
            "Crime",
            "Thriller"
        ],
        "overview": "When a madman dubbed 'Scorpio' terrorizes San Francisco, hard-nosed cop, Harry Callahan – famous for his take-no-prisoners approach to law enforcement – is tasked with hunting down the psychopath. Harry eventually collars Scorpio in the process of rescuing a kidnap victim, only to see him walk on technicalities. Now, the maverick detective is determined to nail the maniac himself.",
        "actors": [
            "Clint Eastwood",
            "Harry",
            "Harry Guardino",
            "Bressler",
            "Reni Santoni",
            "Chico",
            "John Vernon",
            "The Mayor",
            "Andrew Robinson",
            "Killer",
            "John Larch",
            "Chief",
            "John Mitchum",
            "De Georgio",
            "Mae Mercer",
            "Mrs. Russell",
            "Lyn Edgington",
            "Norma"
        ],
        "orig_title": "Dirty Harry",
        "status": " Released",
        "orig_lang": " English",
        "budget_x": 4000000.0,
        "revenue": 35976000.0,
        "country": "AU"
    },
    {
        "title": "Elephant",
        "date_x": "10/24/2003 ",
        "score": 71.0,
        "genre": [
            "Crime",
            "Drama"
        ],
        "overview": "Several ordinary high school students go through their daily routine as two others prepare for something more malevolent.",
        "actors": [
            "Alex Frost",
            "Alex",
            "Eric Deulen",
            "Eric",
            "John Robinson",
            "John McFarland",
            "Elias McConnell",
            "Elias",
            "Jordan Taylor",
            "Jordan",
            "Carrie Finklea",
            "Carrie",
            "Nicole George",
            "Nicole",
            "Brittany Mountain",
            "Brittany",
            "Alicia Miles",
            "Acadia"
        ],
        "orig_title": "Elephant",
        "status": " Released",
        "orig_lang": " English",
        "budget_x": 3000000.0,
        "revenue": 10051516.0,
        "country": "US"
    },
    {
        "title": "Camp Rock",
        "date_x": "06/20/2008 ",
        "score": 64.0,
        "genre": [
            "Family",
            "Music",
            "Comedy",
            "Drama",
            "TV Movie",
            "Romance"
        ],
        "overview": "When Mitchie gets a chance to attend Camp Rock, her life takes an unpredictable twist, and she learns just how important it is to be true to yourself.",
        "actors": [
            "Demi Lovato",
            "Mitchie Torres",
            "Joe Jonas",
            "Shane Gray",
            "Meaghan Jette Martin",
            "Tess Tyler",
            "Maria Canals-Barrera",
            "Connie Torres",
            "Daniel Fathers",
            "Brown Cesario",
            "Alyson Stoner",
            "Caitlyn Geller",
            "Julie Brown",
            "Dee La Duke",
            "Anna Maria Perez de Tagle",
            "Ella Pador",
            "Jasmine Richards",
            "Margaret \"Peggy\" Dupree"
        ],
        "orig_title": "Camp Rock",
        "status": " Released",
        "orig_lang": " English",
        "budget_x": 142000000.0,
        "revenue": 426559612.0,
        "country": "US"
    },
    {
        "title": "Gretel & Hansel",
        "date_x": "08/03/2020 ",
        "score": 60.0,
        "genre": [
            "Fantasy",
            "Horror",
            "Mystery"
        ],
        "overview": "A long time ago in a distant fairy tale countryside, a young girl leads her little brother into a dark wood in desperate search of food and work, only to stumble upon a nexus of terrifying evil.",
        "actors": [
            "Sophia Lillis",
            "Gretel",
            "Samuel Leakey",
            "Hansel",
            "Alice Krige",
            "Witch",
            "Jessica De Gouw",
            "Young Witch",
            "Charles Babalola",
            "The Hunter",
            "Fiona O'Shaughnessy",
            "Mother",
            "Donncha Crowley",
            "Master Stripp",
            "Jonathan Gunning",
            "Emaciated Man",
            "Beatrix Perkins",
            "Clicky"
        ],
        "orig_title": "Gretel & Hansel",
        "status": " Released",
        "orig_lang": " English",
        "budget_x": 5000000.0,
        "revenue": 22052456.0,
        "country": "AU"
    },
    {
        "title": "Welcome to the Dollhouse",
        "date_x": "05/24/1996 ",
        "score": 72.0,
        "genre": [
            "Comedy",
            "Drama"
        ],
        "overview": "An unattractive 7th grader struggles to cope with suburban life as the middle child with inattentive parents and bullies at school.",
        "actors": [
            "Heather Matarazzo",
            "Dawn Wiener",
            "Victoria Davis",
            "Lolita",
            "Christina Brucato",
            "Cookie",
            "Christina Vidal",
            "Cynthia",
            "Siri Howard",
            "Chrissy",
            "Brendan Sexton III",
            "Brandon McCarthy",
            "Telly Pontidis",
            "Jed",
            "Herbie Duarte",
            "Lance",
            "Scott Coogan",
            "Troy"
        ],
        "orig_title": "Welcome to the Dollhouse",
        "status": " Released",
        "orig_lang": " English",
        "budget_x": 800000.0,
        "revenue": 5034794.0,
        "country": "US"
    },
    {
        "title": "Fatal Journey",
        "date_x": "03/26/2020 ",
        "score": 79.0,
        "genre": [
            "Action",
            "History",
            "Drama",
            "Fantasy"
        ],
        "overview": "The story is set in when Qinghe Nie Sect was dealing with their ancestral knife tomb incident. Nie Mingjue brought Nie Huaisang alone to do good for others by restoring the tomb back to its original state to ensure peace in the Nie sect. Through this, Nie Huaisang went from a playful disciple to maturing into the next generation sect leader and Nie Mingjue learned, understood his brother more and helped him grow.",
        "actors": [
            "Ji Li",
            "Nie Huaisang",
            "Wang Yizhou",
            "Nie Mingjue",
            "Zhu Zanjin",
            "Jin Guangyao/Meng Yao",
            "Xiang He",
            "Nie Zong Hui",
            "He Xiang",
            "Ne Zonghui",
            "Lu Zhou",
            ""
        ],
        "orig_title": " 陈情令之乱魄",
        "status": " Released",
        "orig_lang": " Chinese",
        "budget_x": 81200000.0,
        "revenue": 895840281.2,
        "country": "CN"
    }
]