[
    {
        "title": "Last Seen Alive",
        "date_x": "05/19/2022 ",
        "score": 66.0,
        "genre": [
            "Action",
            "Thriller"
        ],
        "overview": "After Will Spann's wife suddenly vanishes at a gas station, his desperate search to find her leads him down a dark path that forces him to run from authorities and take the law into his own hands.",
        "actors": [
            "Gerard Butler",
            "Will Spann",
            "Jaimie Alexander",
            "Lisa Spann",
            "Russell Hornsby",
            "Detective Paterson",
            "Ethan Embry",
            "Knuckles",
            "Michael Irby",
            "Oscar",
            "Bruce Altman",
            "Barry Adams",
            "Jordan Salloum",
            "Peter",
            "Dani Deetté",
            "Sgt. Andersen",
            "David Kallaway",
            "Frank"
        ],
        "orig_title": "Last Seen Alive",
        "status": " Released",
        "orig_lang": " English",
        "budget_x": 107700000.0,
        "revenue": 276937185.8,
        "country": "AU"
    },
    {
        "title": "We Have a Ghost",
        "date_x": "02/24/2023 ",
        "score": 66.0,
        "genre": [
            "Comedy",
            "Fantasy",
            "Family",
            "Adventure"
        ],
        "overview": "After Kevin finds a ghost named Ernest haunting his new home, he becomes an overnight social media sensation. But when Kevin and Ernest go rogue to investigate the mystery of the latter's past, they become targets of the CIA.",
        "actors": [
            "David Harbour",
            "Ernest",
            "Jahi Di'Allo Winston",
            "Kevin Presley",
            "Anthony Mackie",
            "Frank Presley",
            "Erica Ash",
            "Melanie Presley",
            "Niles Fitch",
            "Fulton Presley",
            "Isabella Russo",
            "Joy Yoshino",
            "Tig Notaro",
            "Dr. Leslie Monroe",
            "Tom Bower",
            "Ernest Scheller",
            "Sean Boyd",
            "Young Ernest Scheller"
        ],
        "orig_title": "We Have a Ghost",
        "status": " Released",
        "orig_lang": " English",
        "budget_x": 150000000.0,
        "revenue": 569719222.6,
        "country": "US"
    },
    {
        "title": "Paul, Apostle of Christ",
        "date_x": "03/29/2018 ",
        "score": 75.0,
        "genre": [
            "Drama",
            "History"
        ],
        "overview": "Risking his life, Luke ventures to Rome to visit Paul -- the apostle who's bound in chains and held captive in Nero's darkest and bleakest prison cell. Haunted by the shadows of his past misdeeds, Paul wonders if he's been forgotten as he awaits his grisly execution. Before Paul's death, Luke resolves to write another book that details the birth of what will come to be known as the church.",
        "actors": [
            "Jim Caviezel",
            "Luke",
            "James Faulkner",
            "Paul",
            "Olivier Martinez",
            "Mauritius",
            "Joanne Whalley",
            "Priscilla",
            "John Lynch",
            "Aquila",
            "Antonia Campbell-Hughes",
            "Irenica",
            "Noah Huntley",
            "Publius",
            "Alexandra Vino",
            "Octavia",
            "Alessandro Sperduti",
            "Cassius"
        ],
        "orig_title": "Paul, Apostle of Christ",
        "status": " Released",
        "orig_lang": " English",
        "budget_x": 5000000.0,
        "revenue": 26078500.0,
        "country": "AU"
    },
    {
        "title": "Real Steel",
        "date_x": "09/28/2011 ",
        "score": 70.0,
        "genre": [
            "Action",
            "Science Fiction",
            "Drama"
        ],
        "overview": "Charlie Kenton is a washed-up fighter who retired from the ring when robots took over the sport. After his robot is trashed, he reluctantly teams up with his estranged son to rebuild and train an unlikely contender.",
        "actors": [
            "Hugh Jackman",
            "Charlie Kenton",
            "Dakota Goyo",
            "Max Kenton",
            "Evangeline Lilly",
            "Bailey Tallet",
            "Kevin Durand",
            "Ricky",
            "Anthony Mackie",
            "Finn",
            "Hope Davis",
            "Aunt Debra",
            "James Rebhorn",
            "Marvin",
            "Karl Yune",
            "Tak Mashido",
            "Sophie Levy",
            "Big Sister"
        ],
        "orig_title": "Real Steel",
        "status": " Released",
        "orig_lang": " English",
        "budget_x": 110000000.0,
        "revenue": 263880341.0,
        "country": "AU"
    },
    {
        "title": "The Matrix Resurrections",
        "date_x": "12/26/2021 ",
        "score": 65.0,
        "genre": [
            "Science Fiction",
            "Action",
            "Adventure"
        ],
        "overview": "Plagued by strange memories, Neo's life takes an unexpected turn when he finds himself back inside the Matrix.",
        "actors": [
            "Keanu Reeves",
            "Thomas A. Anderson / Neo",
            "Carrie-Anne Moss",
            "Tiffany / Trinity",
            "Yahya Abdul-Mateen II",
            "Morpheus",
            "Jessica Henwick",
            "Bugs",
            "Jonathan Groff",
            "Smith",
            "Neil Patrick Harris",
            "The Analyst",
            "Priyanka Chopra Jonas",
            "Sati",
            "Christina Ricci",
            "Gwyn de Vere",
            "Jada Pinkett Smith",
            "Niobe"
        ],
        "orig_title": "The Matrix Resurrections",
        "status": " Released",
        "orig_lang": " English",
        "budget_x": 190000000.0,
        "revenue": 159197755.0,
        "country": "AU"
    },
    {
        "title": "Lou",
        "date_x": "09/23/2022 ",
        "score": 67.0,
        "genre": [
            "Action",
            "Thriller"
        ],
        "overview": "A young girl is kidnapped during a powerful storm. Her mother joins forces with her mysterious neighbour to set off in pursuit of the kidnapper. Their journey will test their limits and expose the dark secrets of their past.",
        "actors": [
            "Allison Janney",
            "Lou",
            "Jurnee Smollett",
            "Hannah",
            "Logan Marshall-Green",
            "Philip",
            "Ridley Asha Bateman",
            "Vee",
            "Matt Craven",
            "Sheriff Rankin",
            "Greyston Holt",
            "Chris",
            "Daniel Bernhardt",
            "Tony",
            "RJ Fetherstonhaugh",
            "Gerry",
            "Andres Collantes",
            "Deputy Torres"
        ],
        "orig_title": "Lou",
        "status": " Released",
        "orig_lang": " English",
        "budget_x": 69400000.0,
        "revenue": 240033015.8,
        "country": "AU"
    },
    {
        "title": "Pinocchio",
        "date_x": "09/08/2022 ",
        "score": 65.0,
        "genre": [
            "Fantasy",
            "Adventure",
            "Family"
        ],
        "overview": "A wooden puppet embarks on a thrilling adventure to become a real boy.",
        "actors": [
            "Benjamin Evan Ainsworth",
            "Pinocchio (voice)",
            "Tom Hanks",
            "Geppetto",
            "Joseph Gordon-Levitt",
            "Jiminy Cricket (voice)",
            "Luke Evans",
            "The Coachman",
            "Cynthia Erivo",
            "Blue Fairy",
            "Keegan-Michael Key",
            "'Honest' John (voice)",
            "Lorraine Bracco",
            "Sofia the Seagull (voice)",
            "Kyanne Lamaya",
            "Fabiana",
            "Angus Wright",
            "Signore Rizzi"
        ],
        "orig_title": "Pinocchio",
        "status": " Released",
        "orig_lang": " English",
        "budget_x": 45000000.0,
        "revenue": 31681811.0,
        "country": "AU"
    },
    {
        "title": "Pinocchio",
        "date_x": "09/08/2022 ",
        "score": 65.0,
        "genre": [
            "Fantasy",
            "Adventure",
            "Family"
        ],
        "overview": "A wooden puppet embarks on a thrilling adventure to become a real boy.",
        "actors": [
            "Benjamin Evan Ainsworth",
            "Pinocchio (voice)",
            "Tom Hanks",
            "Geppetto",
            "Joseph Gordon-Levitt",
            "Jiminy Cricket (voice)",
            "Luke Evans",
            "The Coachman",
            "Cynthia Erivo",
            "Blue Fairy",
            "Keegan-Michael Key",
            "'Honest' John (voice)",
            "Lorraine Bracco",
            "Sofia the Seagull (voice)",
            "Kyanne Lamaya",
            "Fabiana",
            "Angus Wright",
            "Signore Rizzi"
        ],
        "orig_title": "Pinocchio",
        "status": " Released",
        "orig_lang": " English",
        "budget_x": 13200000.0,
        "revenue": 30360375.0,
        "country": "AU"
    },
    {
        "title": "Pinocchio",
        "date_x": "09/08/2022 ",
        "score": 65.0,
        "genre": [
            "Fantasy",
            "Adventure",
            "Family"
        ],
        "overview": "A wooden puppet embarks on a thrilling adventure to become a real boy.",
        "actors": [
            "Benjamin Evan Ainsworth",
            "Pinocchio (voice)",
            "Tom Hanks",
            "Geppetto",
            "Joseph Gordon-Levitt",
            "Jiminy Cricket (voice)",
            "Luke Evans",
            "The Coachman",
            "Cynthia Erivo",
            "Blue Fairy",
            "Keegan-Michael Key",
            "'Honest' John (voice)",
            "Lorraine Bracco",
            "Sofia the Seagull (voice)",
            "Kyanne Lamaya",
            "Fabiana",
            "Angus Wright",
            "Signore Rizzi"
        ],
        "orig_title": "Pinocchio",
        "status": " Released",
        "orig_lang": " English",
        "budget_x": 2289247.0,
        "revenue": 84300000.0,
        "country": "AU"
    },
    {
        "title": "Miraculous World: Shanghai – The Legend of Ladydragon",
        "date_x": "04/04/2021 ",
        "score": 79.0,
        "genre": [
            "Animation",
            "Fantasy",
            "Action",
            "TV Movie"
        ],
        "overview": "On school break, Marinette heads to Shanghai to meet Adrien. But after arriving, Marinette loses all her stuff, including the Miraculous that allows her to turn into Ladybug!",
        "actors": [
            "Anouck Hautbois",
            "Marinette / Ladybug (voice)",
            "Benjamin Bollen",
            "Adrien Agreste / Cat Noir (voice)",
            "Geneviève Doang",
            "Fei Wu / Ladydragon (voice)",
            "Antoine Tomé",
            "Gabriel Agreste / Hawk Moth (voice)",
            "Marie Chevalot",
            "Nathalie Sancoeur / She She (voice)",
            "Fanny Bloc",
            "Alya Césaire (voice)",
            "Thierry Kazazian",
            "Plagg (voice)",
            "Marie Nonnenmacher",
            "Tikki / Juleka Couffaine (voice)",
            "Martial Le Minoux",
            "Nooroo / Tom Dupain / Max Kanté / Long Long (voice)"
        ],
        "orig_title": " Miraculous World: Shanghai, la légende de Ladydragon",
        "status": " Released",
        "orig_lang": " French",
        "budget_x": 149860000.0,
        "revenue": 660957374.4,
        "country": "FR"
    },
    {
        "title": "The Tomorrow War",
        "date_x": "07/02/2021 ",
        "score": 79.0,
        "genre": [
            "Action",
            "Science Fiction",
            "Adventure"
        ],
        "overview": "The world is stunned when a group of time travelers arrive from the year 2051 to deliver an urgent message: Thirty years in the future, mankind is losing a global war against a deadly alien species. The only hope for survival is for soldiers and civilians from the present to be transported to the future and join the fight. Among those recruited is high school teacher and family man Dan Forester. Determined to save the world for his young daughter, Dan teams up with a brilliant scientist and his estranged father in a desperate quest to rewrite the fate of the planet.",
        "actors": [
            "Chris Pratt",
            "Dan Forester",
            "Yvonne Strahovski",
            "Colonel Muri Forester",
            "J.K. Simmons",
            "James Forester",
            "Betty Gilpin",
            "Emmy Forester",
            "Sam Richardson",
            "Charlie",
            "Edwin Hodge",
            "Dorian",
            "Jasmine Mathews",
            "Lt. Hart",
            "Ryan Kiera Armstrong",
            "Young Muri Forester",
            "Keith Powers",
            "Major Greenwood"
        ],
        "orig_title": "The Tomorrow War",
        "status": " Released",
        "orig_lang": " English",
        "budget_x": 200000000.0,
        "revenue": 19220000.0,
        "country": "AU"
    },
    {
        "title": "Cars",
        "date_x": "06/08/2006 ",
        "score": 69.0,
        "genre": [
            "Animation",
            "Adventure",
            "Comedy",
            "Family"
        ],
        "overview": "Lightning McQueen, a hotshot rookie race car driven to succeed, discovers that life is about the journey, not the finish line, when he finds himself unexpectedly detoured in the sleepy Route 66 town of Radiator Springs. On route across the country to the big Piston Cup Championship in California to compete against two seasoned pros, McQueen gets to know the town's offbeat characters.",
        "actors": [
            "Owen Wilson",
            "Lightning McQueen (voice)",
            "Larry the Cable Guy",
            "Mater (voice)",
            "Bonnie Hunt",
            "Sally Carrera (voice)",
            "Paul Newman",
            "Doc Hudson (voice)",
            "Tony Shalhoub",
            "Luigi (voice)",
            "Cheech Marin",
            "Ramone (voice)",
            "Michael Wallis",
            "Sheriff (voice)",
            "George Carlin",
            "Fillmore (voice)",
            "Paul Dooley",
            "Sarge (voice)"
        ],
        "orig_title": "Cars",
        "status": " Released",
        "orig_lang": " English",
        "budget_x": 70000000.0,
        "revenue": 461630558.0,
        "country": "AU"
    },
    {
        "title": "Grimcutty",
        "date_x": "10/10/2022 ",
        "score": 54.0,
        "genre": [
            "Horror"
        ],
        "overview": "A suburban teen girl and her little brother must stop a terrifying internet meme brought to life by the hysteria of their parents.",
        "actors": [
            "Sara Wolfkind",
            "Asha Chaudhry",
            "Shannyn Sossamon",
            "Leah Chaudhry",
            "Usman Ally",
            "Amir Chaudhry",
            "Callan Farris",
            "Kamran Chaudhry",
            "Tate Moore",
            "Cassidy Johnston",
            "Joel Ezra Hebner",
            "Grimcutty",
            "Alona Tal",
            "Melinda Jaynes",
            "Kayden Alexander Koshelev",
            "Brandon Jaynes",
            "Malaya Valenzuela",
            "Emily Litman"
        ],
        "orig_title": "Grimcutty",
        "status": " Released",
        "orig_lang": " English",
        "budget_x": 130800000.0,
        "revenue": 249577615.2,
        "country": "US"
    },
    {
        "title": "Scrooge: A Christmas Carol",
        "date_x": "11/25/2022 ",
        "score": 68.0,
        "genre": [
            "Animation",
            "Family",
            "Fantasy"
        ],
        "overview": "On a cold Christmas Eve, selfish miser Ebenezer Scrooge has one night left to face his past — and change the future — before time runs out.",
        "actors": [
            "Luke Evans",
            "Ebenezer Scrooge (voice)",
            "Olivia Colman",
            "Ghost of Christmas Past (voice)",
            "Jessie Buckley",
            "Isabel Fezziwig (voice)",
            "Johnny Flynn",
            "Bob Cratchit (voice)",
            "Fra Fee",
            "Harry Huffam (voice)",
            "Giles Terera",
            "Tom Jenkins (voice)",
            "Trevor Dion Nicholas",
            "Ghost of Christmas Present (voice)",
            "James Cosmo",
            "Mr. Fezziwig (voice)",
            "Jonathan Pryce",
            "Jacob Marley (voice)"
        ],
        "orig_title": "Scrooge: A Christmas Carol",
        "status": " Released",
        "orig_lang": " English",
        "budget_x": 87000000.0,
        "revenue": 459237806.0,
        "country": "GB"
    },
    {
        "title": "Your Place or Mine",
        "date_x": "02/10/2023 ",
        "score": 64.0,
        "genre": [
            "Romance",
            "Comedy"
        ],
        "overview": "When best friends and total opposites Debbie and Peter swap homes for a week, they get a peek into each other's lives that could open the door to love.",
        "actors": [
            "Reese Witherspoon",
            "Debbie",
            "Ashton Kutcher",
            "Peter",
            "Jesse Williams",
            "Theo",
            "Zoë Chao",
            "Minka",
            "Steve Zahn",
            "Zen",
            "Tig Notaro",
            "Alicia",
            "Wesley Kimmel",
            "Jack",
            "Griffin Matthews",
            "John Golden",
            "Rachel Bloom",
            "Scarlet"
        ],
        "orig_title": "Your Place or Mine",
        "status": " Released",
        "orig_lang": " English",
        "budget_x": 105400000.0,
        "revenue": 286421986.2,
        "country": "US"
    },
    {
        "title": "Your Name.",
        "date_x": "11/24/2016 ",
        "score": 85.0,
        "genre": [
            "Romance",
            "Animation",
            "Drama"
        ],
        "overview": "High schoolers Mitsuha and Taki are complete strangers living separate lives. But one night, they suddenly switch places. Mitsuha wakes up in Taki’s body, and he in hers. This bizarre occurrence continues to happen randomly, and the two must adjust their lives around each other.",
        "actors": [
            "Ryunosuke Kamiki",
            "Taki Tachibana (voice)",
            "Mone Kamishiraishi",
            "Mitsuha Miyamizu (voice)",
            "Ryo Narita",
            "Katsuhiko Teshigawara (voice)",
            "Aoi Yuki",
            "Sayaka Natori (voice)",
            "Nobunaga Shimazaki",
            "Tsukasa Fujii (voice)",
            "Kaito Ishikawa",
            "Shinta Takagi (voice)",
            "Kanon Tani",
            "Yotsuha Miyamizu (voice)",
            "Masaki Terasoma",
            "Toshiki Miyamizu (voice)",
            "Sayaka Ohara",
            "Futaha Miyamizu (voice)"
        ],
        "orig_title": " 君の名は。",
        "status": " Released",
        "orig_lang": " Japanese",
        "budget_x": 2937023.8,
        "revenue": 357986087.0,
        "country": "AU"
    },
    {
        "title": "Puss in Boots",
        "date_x": "10/28/2011 ",
        "score": 65.0,
        "genre": [
            "Comedy",
            "Fantasy",
            "Animation",
            "Romance",
            "Adventure",
            "Family"
        ],
        "overview": "Long before he even met Shrek, the notorious fighter, lover and outlaw Puss in Boots becomes a hero when he sets off on an adventure with the tough and street smart Kitty Softpaws and the mastermind Humpty Dumpty to save his town. This is the true story of The Cat, The Myth, The Legend... The Boots.",
        "actors": [
            "Antonio Banderas",
            "Puss in Boots (voice)",
            "Salma Hayek",
            "Kitty Softpaws (voice)",
            "Zach Galifianakis",
            "Humpty Dumpty (voice)",
            "Billy Bob Thornton",
            "Jack (voice)",
            "Amy Sedaris",
            "Jill (voice)",
            "Constance Marie",
            "Imelda (voice)",
            "Mike Mitchell",
            "Andy Beanstalk (voice)",
            "Guillermo del Toro",
            "Comandante / Hombre del bigote (voice)",
            "Conrad Vernon",
            "Raoul / Soldier (voice)"
        ],
        "orig_title": "Puss in Boots",
        "status": " Released",
        "orig_lang": " English",
        "budget_x": 130000000.0,
        "revenue": 554987477.0,
        "country": "US"
    },
    {
        "title": "One Piece Film Red",
        "date_x": "11/03/2022 ",
        "score": 75.0,
        "genre": [
            "Animation",
            "Adventure",
            "Action",
            "Fantasy"
        ],
        "overview": "Uta — the most beloved singer in the world. Her voice, which she sings with while concealing her true identity, has been described as “otherworldly.” She will appear in public for the first time at a live concert. As the venue fills with all kinds of Uta fans — excited pirates, the Navy watching closely, and the Straw Hats led by Luffy who simply came to enjoy her sonorous performance — the voice that the whole world has been waiting for is about to resound.",
        "actors": [
            "Kaori Nazuka",
            "Uta (voice)",
            "Shuichi Ikeda",
            "Shanks (voice)",
            "Mayumi Tanaka",
            "Monkey D. Luffy (voice)",
            "Kazuya Nakai",
            "Roronoa Zoro (voice)",
            "Akemi Okamura",
            "Nami (voice)",
            "Kappei Yamaguchi",
            "Usopp (voice)",
            "Hiroaki Hirata",
            "Sanji (voice)",
            "Ikue Otani",
            "Tony Tony Chopper (voice)",
            "Yuriko Yamaguchi",
            "Nico Robin (voice)"
        ],
        "orig_title": " ONE PIECE FILM RED",
        "status": " Released",
        "orig_lang": " Japanese",
        "budget_x": 8705000.0,
        "revenue": 150797338.0,
        "country": "AU"
    },
    {
        "title": "The Fate of the Furious",
        "date_x": "04/12/2017 ",
        "score": 69.0,
        "genre": [
            "Action",
            "Crime",
            "Thriller"
        ],
        "overview": "When a mysterious woman seduces Dom into the world of crime and a betrayal of those closest to him, the crew face trials that will test them as never before.",
        "actors": [
            "Vin Diesel",
            "Dominic Toretto",
            "Jason Statham",
            "Deckard Shaw",
            "Dwayne Johnson",
            "Luke Hobbs",
            "Michelle Rodriguez",
            "Letty Ortiz",
            "Tyrese Gibson",
            "Roman Pearce",
            "Ludacris",
            "Tej Parker",
            "Charlize Theron",
            "Cipher",
            "Kurt Russell",
            "Mr. Nobody",
            "Nathalie Emmanuel",
            "Ramsey"
        ],
        "orig_title": "The Fate of the Furious",
        "status": " Released",
        "orig_lang": " English",
        "budget_x": 250000000.0,
        "revenue": 1236703796.0,
        "country": "AU"
    },
    {
        "title": "The Strays",
        "date_x": "02/17/2023 ",
        "score": 55.0,
        "genre": [
            "Thriller",
            "Mystery",
            "Drama",
            "Horror"
        ],
        "overview": "A Black woman's meticulously crafted life of privilege starts to unravel when two strangers show up in her quaint suburban town.",
        "actors": [
            "Ashley Madekwe",
            "Neve",
            "Justin Salinger",
            "Ian",
            "Jorden Myrie",
            "Carl",
            "Bukky Bakray",
            "Dione",
            "Samuel Paul Small",
            "Sebastian",
            "Maria Almeida",
            "Mary",
            "Caroline Martin",
            "Jessie",
            "Michael Warburton",
            "Kenneth",
            "George Greenland",
            "Delivery Guy"
        ],
        "orig_title": "The Strays",
        "status": " Released",
        "orig_lang": " English",
        "budget_x": 131700000.0,
        "revenue": 751965791.6,
        "country": "GB"
    },
    {
        "title": "Watcher",
        "date_x": "06/03/2022 ",
        "score": 66.0,
        "genre": [
            "Mystery",
            "Thriller",
            "Horror"
        ],
        "overview": "As a serial killer stalks the city, Julia — a young actress who just moved to town with her husband — notices a mysterious stranger watching her from across the street.",
        "actors": [
            "Maika Monroe",
            "Julia",
            "Karl Glusman",
            "Francis",
            "Burn Gorman",
            "The Watcher",
            "Mãdãlina Anea",
            "Irina",
            "Daniel Nuta",
            "Cristian",
            "Gabriela Butuc",
            "Flavia",
            "Cristina Deleanu",
            "Eleonora",
            "Ștefan Iancu",
            "Sebastian",
            "Florian Ghimpu",
            "Officer Radu"
        ],
        "orig_title": "Watcher",
        "status": " Released",
        "orig_lang": " English",
        "budget_x": 10237862.6,
        "revenue": 2667033.0,
        "country": "US"
    },
    {
        "title": "The Gray Man",
        "date_x": "07/14/2022 ",
        "score": 70.0,
        "genre": [
            "Action",
            "Thriller"
        ],
        "overview": "When a shadowy CIA agent uncovers damning agency secrets, he's hunted across the globe by a sociopathic rogue operative who's put a bounty on his head.",
        "actors": [
            "Ryan Gosling",
            "Six",
            "Chris Evans",
            "Lloyd Hansen",
            "Ana de Armas",
            "Dani Miranda",
            "Billy Bob Thornton",
            "Fitzroy",
            "Jessica Henwick",
            "Suzanne Brewer",
            "Dhanush",
            "Avik San",
            "Alfre Woodard",
            "Margaret Cahill",
            "Regé-Jean Page",
            "Carmichael",
            "Wagner Moura",
            "Laszlo Sosa"
        ],
        "orig_title": "The Gray Man",
        "status": " Released",
        "orig_lang": " English",
        "budget_x": 200000000.0,
        "revenue": 451178.0,
        "country": "AU"
    },
    {
        "title": "The Mummy Resurrection",
        "date_x": "01/02/2023 ",
        "score": 50.0,
        "genre": [
            "Horror"
        ],
        "overview": "When an infamous \"cursed\" Egyptian sarcophagus falls into the hands of unscrupulous huckster Everett Randolph, he becomes obsessed with resurrecting the mummified princess held within it.",
        "actors": [
            "Carl Wharton",
            "Sykes",
            "Chris Bell",
            "Everett",
            "Marcus Langford",
            "Charlie",
            "Raven Lee",
            "Khenmetptah",
            "Sophie Marlowe",
            "Shelly",
            "Jas Steven Singh",
            "Azaan"
        ],
        "orig_title": "The Mummy Resurrection",
        "status": " Released",
        "orig_lang": " English",
        "budget_x": 102800000.0,
        "revenue": 545695337.6,
        "country": "GB"
    },
    {
        "title": "The Fallout",
        "date_x": "03/17/2021 ",
        "score": 77.0,
        "genre": [
            "Drama"
        ],
        "overview": "In the wake of a school tragedy, Vada, Mia and Quinton form a unique and dynamic bond as they navigate the never linear, often confusing journey to heal in a world that feels forever changed.",
        "actors": [
            "Jenna Ortega",
            "Vada Cavell",
            "Maddie Ziegler",
            "Mia Reed",
            "Niles Fitch",
            "Quinton Hasland",
            "Will Ropp",
            "Nick Feinstein",
            "Lumi Pollack",
            "Amelia Cavell",
            "John Ortiz",
            "Carlos Cavell",
            "Julie Bowen",
            "Patricia Cavell",
            "Shailene Woodley",
            "Anna",
            "Christine Horn",
            "Mrs. Victor"
        ],
        "orig_title": "The Fallout",
        "status": " Released",
        "orig_lang": " English",
        "budget_x": 114200000.0,
        "revenue": 736329646.2,
        "country": "US"
    },
    {
        "title": "Guardians of the Galaxy Volume 3",
        "date_x": "05/04/2023 ",
        "score": 0.0,
        "genre": [
            "Science Fiction",
            "Adventure",
            "Comedy"
        ],
        "overview": "Peter Quill, still reeling from the loss of Gamora, must rally his team around him to defend the universe along with protecting one of their own. A mission that, if not completed successfully, could quite possibly lead to the end of the Guardians as we know them.",
        "actors": [
            "Chris Pratt",
            "Peter Quill / Star-Lord",
            "Zoe Saldaña",
            "Gamora",
            "Dave Bautista",
            "Drax the Destroyer",
            "Karen Gillan",
            "Nebula",
            "Pom Klementieff",
            "Mantis",
            "Bradley Cooper",
            "Rocket (voice)",
            "Vin Diesel",
            "Groot (voice)",
            "Sean Gunn",
            "Kraglin / On-Set Rocket",
            "Chukwudi Iwuji",
            "The High Evolutionary"
        ],
        "orig_title": "Guardians of the Galaxy Volume 3",
        "status": " Post Production",
        "orig_lang": " English",
        "budget_x": 250000000.0,
        "revenue": 1240261.6,
        "country": "AU"
    },
    {
        "title": "Boyka: Undisputed IV",
        "date_x": "09/22/2016 ",
        "score": 71.0,
        "genre": [
            "Action",
            "Drama"
        ],
        "overview": "In the fourth installment of the fighting franchise, Boyka is shooting for the big leagues when an accidental death in the ring makes him question everything he stands for. When he finds out the wife of the man he accidentally killed is in trouble, Boyka offers to fight in a series of impossible battles to free her from a life of servitude.",
        "actors": [
            "Scott Adkins",
            "Yuri Boyka",
            "Teodora Duhovnikova",
            "Alma",
            "Alon Abutbul",
            "Zourab",
            "Julian Vergov",
            "Slava",
            "Martyn Ford",
            "Koshmar",
            "Brahim Achabbakhe",
            "Igor Kazmir",
            "Paul Chahidi",
            "Kiril",
            "Petio Petkov",
            "Dominik",
            "Valentin Ganev",
            "Warden"
        ],
        "orig_title": "Boyka: Undisputed IV",
        "status": " Released",
        "orig_lang": " English",
        "budget_x": 119400000.0,
        "revenue": 343644155.0,
        "country": "US"
    },
    {
        "title": "The Godfather",
        "date_x": "11/02/1972 ",
        "score": 87.0,
        "genre": [
            "Drama",
            "Crime"
        ],
        "overview": "Spanning the years 1945 to 1955, a chronicle of the fictional Italian-American Corleone crime family. When organized crime family patriarch, Vito Corleone barely survives an attempt on his life, his youngest son, Michael steps in to take care of the would-be killers, launching a campaign of bloody revenge.",
        "actors": [
            "Marlon Brando",
            "Vito Corleone",
            "Al Pacino",
            "Michael Corleone",
            "James Caan",
            "Sonny Corleone",
            "Richard S. Castellano",
            "Peter Clemenza",
            "Robert Duvall",
            "Tom Hagen",
            "Sterling Hayden",
            "Captain McCluskey",
            "John Marley",
            "Jack Woltz",
            "Richard Conte",
            "Emilio Barzini",
            "Diane Keaton",
            "Kay Adams-Corleone"
        ],
        "orig_title": "The Godfather",
        "status": " Released",
        "orig_lang": " English",
        "budget_x": 7000000.0,
        "revenue": 270007394.0,
        "country": "AU"
    },
    {
        "title": "Mulan",
        "date_x": "09/03/1998 ",
        "score": 79.0,
        "genre": [
            "Animation",
            "Family",
            "Adventure"
        ],
        "overview": "To save her father from certain death in the army, a young woman secretly enlists in his place and becomes one of China's greatest heroines in the process.",
        "actors": [
            "Ming-Na Wen",
            "Mulan (voice)",
            "Eddie Murphy",
            "Mushu (voice)",
            "BD Wong",
            "Shang (voice)",
            "Miguel Ferrer",
            "Shan-Yu (voice)",
            "Harvey Fierstein",
            "Yao (voice)",
            "Freda Foh Shen",
            "Fa Li (voice)",
            "June Foray",
            "Grandmother Fa (voice)",
            "James Hong",
            "Chi Fu (voice)",
            "Miriam Margolyes",
            "The Matchmaker (voice)"
        ],
        "orig_title": "Mulan",
        "status": " Released",
        "orig_lang": " English",
        "budget_x": 200000000.0,
        "revenue": 69973540.0,
        "country": "AU"
    },
    {
        "title": "Mulan",
        "date_x": "09/03/1998 ",
        "score": 79.0,
        "genre": [
            "Animation",
            "Family",
            "Adventure"
        ],
        "overview": "To save her father from certain death in the army, a young woman secretly enlists in his place and becomes one of China's greatest heroines in the process.",
        "actors": [
            "Ming-Na Wen",
            "Mulan (voice)",
            "Eddie Murphy",
            "Mushu (voice)",
            "BD Wong",
            "Shang (voice)",
            "Miguel Ferrer",
            "Shan-Yu (voice)",
            "Harvey Fierstein",
            "Yao (voice)",
            "Freda Foh Shen",
            "Fa Li (voice)",
            "June Foray",
            "Grandmother Fa (voice)",
            "James Hong",
            "Chi Fu (voice)",
            "Miriam Margolyes",
            "The Matchmaker (voice)"
        ],
        "orig_title": "Mulan",
        "status": " Released",
        "orig_lang": " English",
        "budget_x": 90000000.0,
        "revenue": 303500000.0,
        "country": "AU"
    },
    {
        "title": "Dracula: The Original Living Vampire",
        "date_x": "01/28/2022 ",
        "score": 54.0,
        "genre": [
            "Horror",
            "Fantasy",
            "Thriller"
        ],
        "overview": "Detective Amelia Van Helsing is on the desperate hunt for the killer responsible for a string of grisly murders targeting young women. Matters only worsen when all evidence leads to the seemingly untouchable Count Dracula. And when Van Helsing’s girlfriend vanishes, she is forced to question the very existence of monsters in a final showdown with the enigmatic count.",
        "actors": [
            "Michael Ironside",
            "Dr. Jack Seward",
            "Jake Herbert",
            "Count Dracula",
            "Christine Prouty",
            "Amelia Van Helsing",
            "India Davies",
            "Mina Murray",
            "Ryan Woodcock",
            "Jonathan Harker"
        ],
        "orig_title": "Dracula: The Original Living Vampire",
        "status": " Released",
        "orig_lang": " English",
        "budget_x": 124800000.0,
        "revenue": 605767026.8,
        "country": "US"
    },
    {
        "title": "Big Hero 6",
        "date_x": "12/25/2014 ",
        "score": 77.0,
        "genre": [
            "Adventure",
            "Family",
            "Animation",
            "Action",
            "Comedy"
        ],
        "overview": "A special bond develops between plus-sized inflatable robot Baymax, and prodigy Hiro Hamada, who team up with a group of friends to form a band of high-tech heroes.",
        "actors": [
            "Scott Adsit",
            "Baymax (voice)",
            "Ryan Potter",
            "Hiro Hamada (voice)",
            "Daniel Henney",
            "Tadashi Hamada (voice)",
            "T.J. Miller",
            "Fred (voice)",
            "Jamie Chung",
            "GoGo Tomago (voice)",
            "Damon Wayans Jr.",
            "Wasabi (voice)",
            "Génesis Rodríguez",
            "Honey Lemon (voice)",
            "James Cromwell",
            "Professor Robert Callaghan (voice)",
            "Alan Tudyk",
            "Alistair Krei (voice)"
        ],
        "orig_title": "Big Hero 6",
        "status": " Released",
        "orig_lang": " English",
        "budget_x": 165000000.0,
        "revenue": 647263005.0,
        "country": "AU"
    },
    {
        "title": "Triangle of Sadness",
        "date_x": "12/26/2022 ",
        "score": 72.0,
        "genre": [
            "Comedy",
            "Drama"
        ],
        "overview": "A celebrity model couple are invited on a luxury cruise for the uber-rich, helmed by an unhinged, alcoholic captain. What first appears Instagrammable ends catastrophically, leaving the survivors stranded on a desert island in a struggle of hierarchy.",
        "actors": [
            "Harris Dickinson",
            "Carl",
            "Charlbi Dean",
            "Yaya",
            "Woody Harrelson",
            "Thomas",
            "The Captain",
            "Zlatko Burić",
            "Dimitry",
            "Vicki Berlin",
            "Paula",
            "Dolly de Leon",
            "Abigail",
            "Henrik Dorsin",
            "Jarmo",
            "Iris Berben",
            "Therese",
            "Jean-Christophe Folly",
            "Nelson"
        ],
        "orig_title": "Triangle of Sadness",
        "status": " Released",
        "orig_lang": " English",
        "budget_x": 15600000.0,
        "revenue": 24733572.0,
        "country": "AU"
    },
    {
        "title": "Dungeons & Dragons",
        "date_x": "01/18/2001 ",
        "score": 43.0,
        "genre": [
            "Drama",
            "Adventure",
            "Fantasy"
        ],
        "overview": "The Empire of Izmer is a divided land: elite magicians called “mages” rule while lowly commoners are powerless. When Empress Savina vows to bring equality and prosperity to her land, the evil mage Profion plots to depose her.",
        "actors": [
            "Justin Whalin",
            "Ridley Freeborn",
            "Jeremy Irons",
            "Profion",
            "Thora Birch",
            "Empress Savina",
            "Bruce Payne",
            "Damodar",
            "Zoe McLellan",
            "Marina Pretensa",
            "Marlon Wayans",
            "Snails",
            "Robert Miano",
            "Azmath",
            "Tomas Havrlik",
            "Mage",
            "Lee Arenberg",
            "Elwood Gutworthy"
        ],
        "orig_title": "Dungeons & Dragons",
        "status": " Released",
        "orig_lang": " English",
        "budget_x": 35000000.0,
        "revenue": 15185241.0,
        "country": "AU"
    },
    {
        "title": "Wire Room",
        "date_x": "09/02/2022 ",
        "score": 66.0,
        "genre": [
            "Action",
            "Crime",
            "Thriller"
        ],
        "overview": "New recruit Justin Rosa must monitor arms-smuggling cartel member Eddie Flynn — and keep him alive at all costs. When a SWAT team descends on Flynn’s home, Rosa breaks protocol and contacts the gangster directly to save his life. As gunmen break into the Wire Room and chaos erupts, Mueller and Rosa make a final, desperate stand against the corrupt agents and officials who seek to destroy evidence and kill them both.",
        "actors": [
            "Kevin Dillon",
            "Justin Rosa",
            "Bruce Willis",
            "Shane Mueller",
            "Oliver Trevena",
            "Eddie Flynn",
            "Texas Battle",
            "Sheriff Roberts",
            "Cameron Douglas",
            "",
            "Shelby Cobb",
            "Nour Holborow",
            "MWW Michael Wilkerson",
            "Special Operations",
            "Adam Huel Potter",
            "Billy",
            "Amber Townsend",
            "Cindy"
        ],
        "orig_title": "Wire Room",
        "status": " Released",
        "orig_lang": " English",
        "budget_x": 101000000.0,
        "revenue": 321357348.6,
        "country": "US"
    },
    {
        "title": "Killing Jesus",
        "date_x": "03/29/2015 ",
        "score": 65.0,
        "genre": [
            "Drama",
            "History",
            "TV Movie"
        ],
        "overview": "Jesus of Nazareth’s life and ministry were subject to seismic social and political events that led to his execution and changed the world forever.",
        "actors": [
            "Haaz Sleiman",
            "Jesus",
            "Eoin Macken",
            "Herod Antipas",
            "Emmanuelle Chriqui",
            "Herodias",
            "Rufus Sewell",
            "Caiaphas",
            "John Rhys-Davies",
            "Annas",
            "Stephen Moyer",
            "Pontius Pilate",
            "Kelsey Grammer",
            "King Herod",
            "July Namir",
            "Young Mary",
            "Dan Mor",
            "Sillaeus"
        ],
        "orig_title": "Killing Jesus",
        "status": " Released",
        "orig_lang": " English",
        "budget_x": 35580000.0,
        "revenue": 258973331.6,
        "country": "US"
    },
    {
        "title": "Inside Out",
        "date_x": "06/09/2015 ",
        "score": 79.0,
        "genre": [
            "Animation",
            "Family",
            "Adventure",
            "Drama",
            "Comedy"
        ],
        "overview": "Growing up can be a bumpy road, and it's no exception for Riley, who is uprooted from her Midwest life when her father starts a new job in San Francisco. Riley's guiding emotions— Joy, Fear, Anger, Disgust and Sadness—live in Headquarters, the control centre inside Riley's mind, where they help advise her through everyday life and tries to keep things positive, but the emotions conflict on how best to navigate a new city, house and school.",
        "actors": [
            "Amy Poehler",
            "Joy (voice)",
            "Phyllis Smith",
            "Sadness (voice)",
            "Bill Hader",
            "Fear (voice)",
            "Kaitlyn Dias",
            "Riley (voice)",
            "Richard Kind",
            "Bing Bong (voice)",
            "Lewis Black",
            "Anger (voice)",
            "Mindy Kaling",
            "Disgust (voice)",
            "Diane Lane",
            "Mom (voice)",
            "Kyle MacLachlan",
            "Dad (voice)"
        ],
        "orig_title": "Inside Out",
        "status": " Released",
        "orig_lang": " English",
        "budget_x": 175000000.0,
        "revenue": 850566343.0,
        "country": "AU"
    },
    {
        "title": "The Miracle of Marcelino",
        "date_x": "02/24/1955 ",
        "score": 71.0,
        "genre": [
            "Drama",
            "Comedy"
        ],
        "overview": "Left on the doorstep of a monastery as an infant, Marcelino was raised by the monks. He was well-cared for but lonely and missed having a mother. One day he found a special friend in the forbidden attic, hanging on a cross. A friend that would repay Marcelino's kindness by granting him one heart-felt wish.",
        "actors": [
            "Pablito Calvo",
            "Marcelino",
            "Rafael Rivelles",
            "Padre Superior",
            "Antonio Vico",
            "Fray Puerta",
            "Juan Calvo",
            "Fray Papilla",
            "Fernando Rey",
            "Monje narrador",
            "José Nieto",
            "Civil Guard Commander",
            "José Marco Davó",
            "Pascual",
            "Juanjo Menéndez",
            "Fray Giles",
            "Matilde F. Vilariño",
            "Marcelino (voice) (uncredited)"
        ],
        "orig_title": " Marcelino pan y vino",
        "status": " Released",
        "orig_lang": " Spanish, Castilian",
        "budget_x": 110000000.0,
        "revenue": 759213943.8,
        "country": "ES"
    },
    {
        "title": "Fury",
        "date_x": "10/23/2014 ",
        "score": 75.0,
        "genre": [
            "War",
            "Drama",
            "Action"
        ],
        "overview": "In the last months of World War II, as the Allies make their final push in the European theatre, a battle-hardened U.S. Army sergeant named 'Wardaddy' commands a Sherman tank called 'Fury' and its five-man crew on a deadly mission behind enemy lines. Outnumbered and outgunned, Wardaddy and his men face overwhelming odds in their heroic attempts to strike at the heart of Nazi Germany.",
        "actors": [
            "Brad Pitt",
            "Don 'Wardaddy' Collier",
            "Logan Lerman",
            "Norman Ellison",
            "Michael Peña",
            "Trini 'Gordo' Garcia",
            "Shia LaBeouf",
            "Boyd 'Bible' Swan",
            "Jon Bernthal",
            "Grady 'Coon-Ass' Travis",
            "Jim Parrack",
            "Sergeant Binkowski",
            "Brad William Henke",
            "Sergeant Davis",
            "Anamaria Marinca",
            "Irma",
            "Alicia von Rittberg",
            "Emma"
        ],
        "orig_title": "Fury",
        "status": " Released",
        "orig_lang": " English",
        "budget_x": 80000000.0,
        "revenue": 210315681.0,
        "country": "AU"
    },
    {
        "title": "Welcome to the Club",
        "date_x": "09/08/2022 ",
        "score": 66.0,
        "genre": [
            "Animation",
            "Comedy"
        ],
        "overview": "Heart set on becoming a princess, Lisa Simpson is surprised to learn being bad might be more fun.",
        "actors": [
            "Yeardley Smith",
            "Lisa Simpson (voice)",
            "Tress MacNeille",
            "Cruella de Vil (voice)",
            "Nancy Cartwright",
            "Bart Simpson/Mickey Mouse (voice)",
            "Tom Hiddleston",
            "Loki (voice)",
            "Dawnn Lewis",
            "Ursula (voice)",
            "Kevin Michael Richardson",
            "Captain Hook (voice)",
            "Chris Edgerly",
            "Additional Voices (voice)"
        ],
        "orig_title": "Welcome to the Club",
        "status": " Released",
        "orig_lang": " English",
        "budget_x": 124000000.0,
        "revenue": 690278154.2,
        "country": "US"
    },
    {
        "title": "Emancipation",
        "date_x": "12/02/2022 ",
        "score": 80.0,
        "genre": [
            "Drama"
        ],
        "overview": "Inspired by the gripping true story of a man who would do anything for his family—and for freedom. When Peter, an enslaved man, risks his life to escape and return to his family, he embarks on a perilous journey of love and endurance.",
        "actors": [
            "Will Smith",
            "Peter",
            "Ben Foster",
            "Jim Fassel",
            "Charmaine Bingwa",
            "Dodienne",
            "Steven Ogg",
            "Confederate Sergeant Howard",
            "Gilbert Owuor",
            "Gordon",
            "Mustafa Shakir",
            "Lt. Andrew Cailloux",
            "Grant Harvey",
            "Leeds",
            "Ronnie Gene Blevins",
            "Harrington",
            "Jayson Warner Smith",
            "Capt. John Lyons"
        ],
        "orig_title": "Emancipation",
        "status": " Released",
        "orig_lang": " English",
        "budget_x": 120000000.0,
        "revenue": 0.0,
        "country": "US"
    },
    {
        "title": "Undisputed III: Redemption",
        "date_x": "06/17/2010 ",
        "score": 76.0,
        "genre": [
            "Action",
            "Thriller"
        ],
        "overview": "Russian inmate Boyka, now severely hobbled by the knee injury suffered at the end of Undisputed 2. No longer the feared prison fighter he was, he has declined so far that he is now good only for cleaning toilets. But when a new prison fight tournament begins - an international affair, matching the best fighters from prisons around the globe, enticing them with the promise of freedom for the winner - Boyka must reclaim his dignity and fight for his position in the tournament.",
        "actors": [
            "Scott Adkins",
            "Yuri Boyka",
            "Mykel Shannon Jenkins",
            "Turbo",
            "Mark Ivanir",
            "Gaga",
            "Hristo Shopov",
            "Warden Kuss",
            "Marko Zaror",
            "Raul 'Dolor' Quinones",
            "Michael Baral",
            "Casino Manager",
            "Ilram Choi",
            "The Asian Fighter",
            "Robert Costanzo",
            "Farnatti",
            "Lateef Crowder",
            "Santiago Silva"
        ],
        "orig_title": "Undisputed III: Redemption",
        "status": " Released",
        "orig_lang": " English",
        "budget_x": 3000000.0,
        "revenue": 78701381.8,
        "country": "AU"
    },
    {
        "title": "The Last Warrior: Root of Evil",
        "date_x": "01/01/2021 ",
        "score": 69.0,
        "genre": [
            "Fantasy",
            "Adventure",
            "Comedy"
        ],
        "overview": "Peace and tranquility have set in Belogorie. The evil was defeated and Ivan is now enjoying his well-deserved fame. He is surrounded by his family, friends and small wonders from the modern world that help him lead a comfortable life. Luckily, he has his Magic Sword to cut a gap between the worlds to get some supplies quite regularly. But when an ancient evil rises and the existence of the magic world is put to danger, Ivan has to team up with his old friends and his new rivals. They will set out on a long journey beyond the known world to find a way to defeat the enemies and to return peace to Belogorie.",
        "actors": [
            "Viktor Horinyak",
            "Ivan",
            "Mila Syvatska",
            "Vasilisa",
            "Ekaterina Vilkova",
            "Varvara",
            "Elena Yakovleva",
            "Baba Yaga",
            "Konstantin Lavronenko",
            "Kashchey",
            "Evgeniy Dyatlov",
            "Nikitich",
            "Timofey Tribuntsev",
            "old man",
            "Pavel Davydov",
            "drummer",
            "Aleksandr Semchev",
            "miracle yudo"
        ],
        "orig_title": " Последний богатырь: Корень зла",
        "status": " Released",
        "orig_lang": " Russian",
        "budget_x": 8400000.0,
        "revenue": 27658331.0,
        "country": "RU"
    },
    {
        "title": "After We Fell",
        "date_x": "10/22/2021 ",
        "score": 71.0,
        "genre": [
            "Romance",
            "Drama"
        ],
        "overview": "Just as Tessa's life begins to become unglued, nothing is what she thought it would be. Not her friends nor her family. The only person that she should be able to rely on is Hardin, who is furious when he discovers the massive secret that she's been keeping. Before Tessa makes the biggest decision of her life, everything changes because of revelations about her family.",
        "actors": [
            "Josephine Langford",
            "Tessa Young",
            "Hero Fiennes Tiffin",
            "Hardin Scott",
            "Louise Lombard",
            "Trish Daniels",
            "Chance Perdomo",
            "Landon Gibson",
            "Rob Estes",
            "Ken Scott",
            "Arielle Kebbel",
            "Kimberly \"Kim\" Vance",
            "Stephen Moyer",
            "Christian Vance",
            "Mira Sorvino",
            "Carol Young",
            "Frances Turner",
            "Karen Scott"
        ],
        "orig_title": "After We Fell",
        "status": " Released",
        "orig_lang": " English",
        "budget_x": 14000000.0,
        "revenue": 21500000.0,
        "country": "AU"
    },
    {
        "title": "Seoul Vibe",
        "date_x": "08/26/2022 ",
        "score": 67.0,
        "genre": [
            "Action",
            "Crime",
            "Comedy",
            "Adventure"
        ],
        "overview": "Chasing speed, dreams and money, a team of drivers get involved in the slush fund investigation of a powerful figure during the 1988 Seoul Olympics.",
        "actors": [
            "Yoo Ah-in",
            "Dong-wook",
            "Go Kyung-pyo",
            "Woo-sam",
            "Lee Kyoo-hyung",
            "Bok-nam",
            "Park Ju-hyun",
            "Yoon-hee",
            "Ong Seong-wu",
            "Joon-gi",
            "Moon So-ri",
            "President Kang",
            "Kim Sung-kyun",
            "Director Lee",
            "Oh Jung-se",
            "Prosecutor Ahn",
            "Jung Woong-in",
            "Chief Prosecutor Woong-in"
        ],
        "orig_title": " 서울대작전",
        "status": " Released",
        "orig_lang": " Korean",
        "budget_x": 160200000.0,
        "revenue": 348577844.0,
        "country": "KR"
    },
    {
        "title": "One Week Friends",
        "date_x": "06/18/2022 ",
        "score": 52.0,
        "genre": [
            "Drama"
        ],
        "overview": "A new transfer student, Lin Xiangzhi (Zhao Jinmai), who is quiet and intelligent but always alone, does not make friends with the other students. However, she attracts the attention of Xu Youshu (Lin Yi), a scum of the class. In the process of trying to befriend Lin Xiangzhi, he, the eccentric Song Xiaonan (Shen Yue) and the cool-headed Jiang Wu (Wang Jiahui) discover Lin Xiangzhi's secret, that she suffers from a special disease and her memory of her friends is only seven days.",
        "actors": [
            "Zhao Jinmai",
            "Lin Xiangzhi",
            "Lin Yi",
            "Xu Youshu",
            "Shen Yue",
            "Song Xiaonan",
            "Fan Shiran",
            "Xu Jie"
        ],
        "orig_title": " 一周的朋友",
        "status": " Released",
        "orig_lang": " Chinese",
        "budget_x": 111940000.0,
        "revenue": 638332462.6,
        "country": "CN"
    },
    {
        "title": "Space Jam: A New Legacy",
        "date_x": "07/08/2021 ",
        "score": 69.0,
        "genre": [
            "Family",
            "Animation",
            "Comedy",
            "Science Fiction"
        ],
        "overview": "When LeBron and his young son Dom are trapped in a digital space by a rogue A.I., LeBron must get them home safe by leading Bugs, Lola Bunny and the whole gang of notoriously undisciplined Looney Tunes to victory over the A.I.'s digitized champions on the court. It's Tunes versus Goons in the highest-stakes challenge of his life.",
        "actors": [
            "LeBron James",
            "LeBron James",
            "Don Cheadle",
            "Al G. Rhythm",
            "Cedric Joe",
            "Dominic 'Dom' James",
            "Jeff Bergman",
            "Bugs Bunny / Sylvester / Yosemite Sam / Fred Flintstone (voice)",
            "Gabriel Iglesias",
            "Speedy Gonzales (voice)",
            "Zendaya",
            "Lola Bunny (voice)",
            "Eric Bauza",
            "Daffy Duck / Porky Pig / Foghorn Leghorn / Elmer Fudd (voice)",
            "Candi Milo",
            "Granny (voice)",
            "Bob Bergen",
            "Tweety Bird (voice)"
        ],
        "orig_title": "Space Jam: A New Legacy",
        "status": " Released",
        "orig_lang": " English",
        "budget_x": 150000000.0,
        "revenue": 143987946.0,
        "country": "AU"
    },
    {
        "title": "Nobody",
        "date_x": "04/01/2021 ",
        "score": 81.0,
        "genre": [
            "Action",
            "Crime",
            "Thriller"
        ],
        "overview": "Hutch Mansell, a suburban dad, overlooked husband, nothing neighbor — a \"nobody.\" When two thieves break into his home one night, Hutch's unknown long-simmering rage is ignited and propels him on a brutal path that will uncover dark secrets he fought to leave behind.",
        "actors": [
            "Bob Odenkirk",
            "Hutch Mansell",
            "Connie Nielsen",
            "Becca Mansell",
            "Christopher Lloyd",
            "David Mansell",
            "Aleksey Serebryakov",
            "Yulian Kuznetsov",
            "RZA",
            "Harry Mansell",
            "Michael Ironside",
            "Eddie Williams",
            "Colin Salmon",
            "The Barber",
            "Billy MacLellan",
            "Charlie Williams",
            "Araya Mengesha",
            "Pavel"
        ],
        "orig_title": "Nobody",
        "status": " Released",
        "orig_lang": " English",
        "budget_x": 16000000.0,
        "revenue": 57512470.0,
        "country": "AU"
    },
    {
        "title": "The Tiger's Nest",
        "date_x": "10/13/2022 ",
        "score": 70.0,
        "genre": [
            "Family",
            "Adventure"
        ],
        "overview": "In the valleys of the Himalayas, an orphan boy saves a Bengal tiger cub from the ruthless poachers who killed the tiger's mother. Together they set out in the Himalayan mountains to the Taktsang monastery in Bhutan known as \"The Tiger's Nest\" where Buddhist monks took refuge after the 1950 Chinese invasion of Tibet and protect the big cats. A new great film for the whole family that talks about the importance of defending animals through the story of the friendship between two orphans, a tiger cub and a child, in a tale of brotherhood and the discovery of life.",
        "actors": [
            "Sunny Pawar",
            "Balmani",
            "Claudia Gerini",
            "Miss Hannah",
            "Amandeep Singh",
            "Jenan",
            "Yoon C. Joyce",
            "Samchai",
            "Shi Yang",
            "Head Lama",
            "Samir Gurung",
            "Madhav's Father",
            "Legyaan Thapa",
            "Madhav"
        ],
        "orig_title": "The Tiger's Nest",
        "status": " Released",
        "orig_lang": " English",
        "budget_x": 120000000.0,
        "revenue": 305330864.2,
        "country": "IT"
    },
    {
        "title": "Naruto Shippuden the Movie",
        "date_x": "08/04/2007 ",
        "score": 72.0,
        "genre": [
            "Animation",
            "Action",
            "Fantasy"
        ],
        "overview": "Demons that once almost destroyed the world, are revived by someone. To prevent the world from being destroyed, the demon has to be sealed and the only one who can do it is the shrine maiden Shion from the country of demons, who has two powers; one is sealing demons and the other is predicting the deaths of humans. This time Naruto's mission is to guard Shion, but she predicts Naruto's death. The only way to escape it, is to get away from Shion, which would leave her unguarded, then the demon, whose only goal is to kill Shion will do so, thus meaning the end of the world. Naruto decides to challenge this \"prediction of death.\"",
        "actors": [
            "Junko Takeuchi",
            "Naruto Uzumaki (voice)",
            "Chie Nakamura",
            "Sakura Haruno (voice)",
            "Yōichi Masukawa",
            "Rock Lee (voice)",
            "Koichi Tochika",
            "Neji Hyûga (voice)",
            "Ayumi Fujimura",
            "Shion (voice)",
            "Yoshinori Fujita",
            "Taruho (voice)",
            "Daisuke Kishio",
            "Susuki (voice)",
            "Fumiko Orikasa",
            "Miroku (voice)",
            "Miyuki Sawashiro",
            "Shizuku (voice)"
        ],
        "orig_title": " 劇場版 NARUTO -ナルト- 疾風伝",
        "status": " Released",
        "orig_lang": " Japanese",
        "budget_x": 33111535.2,
        "revenue": 10000000.0,
        "country": "JP"
    },
    {
        "title": "Terrifier",
        "date_x": "03/15/2016 ",
        "score": 66.0,
        "genre": [
            "Horror",
            "Thriller"
        ],
        "overview": "On Halloween night, a young woman finds herself as the obsession of a sadistic murderer known as Art the Clown.",
        "actors": [
            "David Howard Thornton",
            "Art the Clown",
            "Jenna Kanell",
            "Tara",
            "Samantha Scaffidi",
            "Victoria",
            "Catherine Corcoran",
            "Dawn",
            "Pooya Mohseni",
            "Cat Lady",
            "Matt McAllister",
            "Mike the Exterminator",
            "Katie Maguire",
            "Monica Brown",
            "Gino Cafarelli",
            "Steven",
            "Cory DuVal",
            "Coroner"
        ],
        "orig_title": "Terrifier",
        "status": " Released",
        "orig_lang": " English",
        "budget_x": 35000.0,
        "revenue": 0.0,
        "country": "US"
    },
    {
        "title": "In the Forest",
        "date_x": "01/28/2022 ",
        "score": 60.0,
        "genre": [
            "Horror",
            "Thriller"
        ],
        "overview": "Helen and her daughter Emily reluctantly accompany Helen’s father Stan on a family camping trip, driving deep into the forest for a real outdoors experience, only to have angry landowner Howard arrive and force them to leave. When their RV gets stuck, Helen decides to seek help but discovers a disturbing secret on the man’s property. She must then fight to protect her family and make it out of the forest alive before being hunted down.",
        "actors": [
            "Debbon Ayer",
            "Helen",
            "Cristina Spruell",
            "Emily",
            "Lyman Ward",
            "Stan",
            "Don Baldaramos",
            "Howard",
            "Kaitlyn Dias",
            "Natalie",
            "Time Winters",
            "Gary",
            "Sharon Sharth",
            "Pamela"
        ],
        "orig_title": "In the Forest",
        "status": " Released",
        "orig_lang": " English",
        "budget_x": 84600000.0,
        "revenue": 178745725.6,
        "country": "US"
    },
    {
        "title": "The Amazing Spider-Man",
        "date_x": "07/03/2012 ",
        "score": 67.0,
        "genre": [
            "Action",
            "Adventure",
            "Fantasy"
        ],
        "overview": "Peter Parker is an outcast high schooler abandoned by his parents as a boy, leaving him to be raised by his Uncle Ben and Aunt May. Like most teenagers, Peter is trying to figure out who he is and how he got to be the person he is today. As Peter discovers a mysterious briefcase that belonged to his father, he begins a quest to understand his parents' disappearance – leading him directly to Oscorp and the lab of Dr. Curt Connors, his father's former partner. As Spider-Man is set on a collision course with Connors' alter ego, The Lizard, Peter will make life-altering choices to use his powers and shape his destiny to become a hero.",
        "actors": [
            "Andrew Garfield",
            "Peter Parker / Spider-Man",
            "Emma Stone",
            "Gwen Stacy",
            "Rhys Ifans",
            "Dr. Curt Connors / The Lizard",
            "Denis Leary",
            "Captain Stacy",
            "Martin Sheen",
            "Uncle Ben",
            "Sally Field",
            "Aunt May",
            "Max Charles",
            "Peter Parker (Age 4)",
            "Campbell Scott",
            "Richard Parker",
            "Embeth Davidtz",
            "Mary Parker"
        ],
        "orig_title": "The Amazing Spider-Man",
        "status": " Released",
        "orig_lang": " English",
        "budget_x": 220000000.0,
        "revenue": 757890267.0,
        "country": "AU"
    },
    {
        "title": "Evil Dead",
        "date_x": "05/01/2013 ",
        "score": 65.0,
        "genre": [
            "Horror"
        ],
        "overview": "Five young friends find the mysterious and fiercely powerful Book of the Dead, and unable to resist its temptation, release a violent demon on a bloodthirsty quest to possess them all.",
        "actors": [
            "Jane Levy",
            "Mia Allen",
            "Shiloh Fernandez",
            "David Allen",
            "Lou Taylor Pucci",
            "Eric",
            "Jessica Lucas",
            "Olivia",
            "Elizabeth Blackmore",
            "Natalie",
            "Phoenix Connolly",
            "Teenager",
            "Jim McLarty",
            "Harold",
            "Sian Davis",
            "Old Woman",
            "Stephen Butterworth",
            "Toothless Redneck"
        ],
        "orig_title": "Evil Dead",
        "status": " Released",
        "orig_lang": " English",
        "budget_x": 17000000.0,
        "revenue": 99010045.0,
        "country": "AU"
    },
    {
        "title": "El asistente",
        "date_x": "03/01/2023 ",
        "score": 100.0,
        "genre": [
            "Comedy"
        ],
        "overview": "We don't have an overview translated in English. Help us expand our database by adding one.",
        "actors": [
            "Rodrigo Noya",
            "Miguel",
            "Luis Cao",
            "Jimmy",
            "Florencia Raggi",
            "Pato",
            "Barbie Pucheta",
            "Mónica",
            "Luis Rubio",
            "Luis",
            "Federico Morosini",
            "Lemmy",
            "Fabio Alberti",
            "Comisario"
        ],
        "orig_title": "El asistente",
        "status": " Released",
        "orig_lang": " Spanish, Castilian",
        "budget_x": 201000000.0,
        "revenue": 1569323843.8,
        "country": "AR"
    },
    {
        "title": "Virus:32",
        "date_x": "04/21/2022 ",
        "score": 69.0,
        "genre": [
            "Horror"
        ],
        "overview": "A virus is unleashed and a chilling massacre runs through the streets of Montevideo.",
        "actors": [
            "Daniel Hendler",
            "Luis",
            "Paula Silva",
            "Iris",
            "Franco Rilla",
            "Javier",
            "Sofía González",
            "Miriam"
        ],
        "orig_title": " Virus: 32",
        "status": " Released",
        "orig_lang": " Spanish, Castilian",
        "budget_x": 101400000.0,
        "revenue": 531683245.8,
        "country": "AR"
    },
    {
        "title": "Linoleum",
        "date_x": "03/30/2023 ",
        "score": 68.0,
        "genre": [
            "Science Fiction",
            "Comedy",
            "Drama"
        ],
        "overview": "When the host of a failing children’s science show tries to fulfill his childhood dream of becoming an astronaut by building a rocket ship in his garage, a series of bizarre events occur that cause him to question his own reality.",
        "actors": [
            "Jim Gaffigan",
            "Cameron Edwin / Kent Armstrong",
            "Rhea Seehorn",
            "Erin Edwin",
            "Katelyn Nacon",
            "Nora Edwin",
            "Gabriel Rush",
            "Marc",
            "Amy Hargreaves",
            "Linda",
            "West Duchovny",
            "Darcy",
            "Michael Ian Black",
            "Tony",
            "Tony Shalhoub",
            "Dr. Alvin",
            "Elisabeth Henry-Macari",
            "Mysterious Woman"
        ],
        "orig_title": "Linoleum",
        "status": " Released",
        "orig_lang": " English",
        "budget_x": 109000000.0,
        "revenue": 673135995.2,
        "country": "AU"
    },
    {
        "title": "After We Collided",
        "date_x": "01/01/2021 ",
        "score": 72.0,
        "genre": [
            "Romance",
            "Drama"
        ],
        "overview": "Tessa finds herself struggling with her complicated relationship with Hardin; she faces a dilemma that could change their lives forever.",
        "actors": [
            "Josephine Langford",
            "Tessa Young",
            "Hero Fiennes Tiffin",
            "Hardin Scott",
            "Dylan Sprouse",
            "Trevor Matthews",
            "Louise Lombard",
            "Trish Daniels",
            "Charlie Weber",
            "Christian Vance",
            "Candice King",
            "Kimberly Vance",
            "Shane Paul McGhie",
            "Landon Gibson",
            "Rob Estes",
            "Ken Scott",
            "Inanna Sarkis",
            "Molly Samuels"
        ],
        "orig_title": "After We Collided",
        "status": " Released",
        "orig_lang": " English",
        "budget_x": 24685792.0,
        "revenue": 42000000.0,
        "country": "AU"
    },
    {
        "title": "Sinner: The Secret Diary of a Nymphomaniac",
        "date_x": "06/21/1973 ",
        "score": 49.0,
        "genre": [
            "Drama"
        ],
        "overview": "Linda comes to the big city in search of fun and excitement.  What she finds is exploitation and abuse at the hands of a succession of sleazy guys.  Searching for love, she enters into a lesbian relationship with a beautiful countess, discovers drugs and swingers' parties and starts acting in porno movies.  She also begins to write a secret diary... With a cast of some of the most stunning Euro actresses of the period, wall-to-wall sex and nudity, pot parties, porno shoots and a psychedelic soundtrack, this is a gem of 1970s exploitation cinema from Jess Franco.  Street scenes shot in Benidorm (Alicante, Spain) and Las Palmas (Gran Canaria, Spain).",
        "actors": [
            "Montserrat Prous",
            "Linda Vargas",
            "Anne Libert",
            "Comtesse Anna de Monterey",
            "Howard Vernon",
            "Le docteur",
            "Manuel Pereiro",
            "M. Ortiz",
            "Jacqueline Laurent",
            "Rosa Ortiz",
            "Francisco Acosta",
            "Alberto",
            "Jesús Franco",
            "Inspecteur Hernandez",
            "Kali Hansa",
            "Maria Toledano",
            "Doris Thomas",
            "Mrs. Schwartz / the photographer"
        ],
        "orig_title": " Le journal intime d'une nymphomane",
        "status": " Released",
        "orig_lang": " French",
        "budget_x": 167400000.0,
        "revenue": 997517367.8,
        "country": "FR"
    },
    {
        "title": "A Quiet Place Part II",
        "date_x": "05/21/2021 ",
        "score": 75.0,
        "genre": [
            "Science Fiction",
            "Thriller",
            "Horror"
        ],
        "overview": "Following the events at home, the Abbott family now face the terrors of the outside world. Forced to venture into the unknown, they realize that the creatures that hunt by sound are not the only threats that lurk beyond the sand path.",
        "actors": [
            "Cillian Murphy",
            "Emmett",
            "Emily Blunt",
            "Evelyn Abbott",
            "Millicent Simmonds",
            "Regan Abbott",
            "Noah Jupe",
            "Marcus Abbott",
            "Djimon Hounsou",
            "Man on Island",
            "John Krasinski",
            "Lee Abbott",
            "Wayne Duvall",
            "Roger",
            "Scoot McNairy",
            "Marina Man",
            "Okieriete Onaodowan",
            "Ronnie"
        ],
        "orig_title": "A Quiet Place Part II",
        "status": " Released",
        "orig_lang": " English",
        "budget_x": 61000000.0,
        "revenue": 297400000.0,
        "country": "AU"
    },
    {
        "title": "Twilight",
        "date_x": "12/11/2008 ",
        "score": 63.0,
        "genre": [
            "Fantasy",
            "Drama",
            "Romance"
        ],
        "overview": "When Bella Swan moves to a small town in the Pacific Northwest, she falls in love with Edward Cullen, a mysterious classmate who reveals himself to be a 108-year-old vampire. Despite Edward's repeated cautions, Bella can't stay away from him, a fatal move that endangers her own life.",
        "actors": [
            "Kristen Stewart",
            "Bella Swan",
            "Robert Pattinson",
            "Edward Cullen",
            "Billy Burke",
            "Charlie Swan",
            "Peter Facinelli",
            "Dr. Carlisle Cullen",
            "Elizabeth Reaser",
            "Esme Cullen",
            "Cam Gigandet",
            "James",
            "Ashley Greene",
            "Alice Cullen",
            "Anna Kendrick",
            "Jessica",
            "Nikki Reed",
            "Rosalie"
        ],
        "orig_title": "Twilight",
        "status": " Released",
        "orig_lang": " English",
        "budget_x": 37000000.0,
        "revenue": 402278564.0,
        "country": "AU"
    },
    {
        "title": "Twilight",
        "date_x": "12/11/2008 ",
        "score": 63.0,
        "genre": [
            "Fantasy",
            "Drama",
            "Romance"
        ],
        "overview": "When Bella Swan moves to a small town in the Pacific Northwest, she falls in love with Edward Cullen, a mysterious classmate who reveals himself to be a 108-year-old vampire. Despite Edward's repeated cautions, Bella can't stay away from him, a fatal move that endangers her own life.",
        "actors": [
            "Kristen Stewart",
            "Bella Swan",
            "Robert Pattinson",
            "Edward Cullen",
            "Billy Burke",
            "Charlie Swan",
            "Peter Facinelli",
            "Dr. Carlisle Cullen",
            "Elizabeth Reaser",
            "Esme Cullen",
            "Cam Gigandet",
            "James",
            "Ashley Greene",
            "Alice Cullen",
            "Anna Kendrick",
            "Jessica",
            "Nikki Reed",
            "Rosalie"
        ],
        "orig_title": "Twilight",
        "status": " Released",
        "orig_lang": " English",
        "budget_x": 20000000.0,
        "revenue": 15055091.0,
        "country": "AU"
    },
    {
        "title": "Warriors of Future",
        "date_x": "08/05/2022 ",
        "score": 73.0,
        "genre": [
            "Drama",
            "Action",
            "Science Fiction"
        ],
        "overview": "When a meteor carrying a destructive plant strikes the world, a suicide squad is given hours to save their post-apocalyptic city from total collapse.",
        "actors": [
            "Louis Koo",
            "Tyler",
            "Lau Ching-wan",
            "Johnson Cheng",
            "Carina Lau",
            "Colonel Tam Bing",
            "Philip Keung",
            "Lieutenant Taron Yau Tai-long / Skunk",
            "Tse Kwan-Ho",
            "Dr. Chan Chong-Chung",
            "Janice Wu",
            "Lucy",
            "Wan Guopeng",
            "Connor Kwong",
            "Nick Cheung",
            "Commander-in-Chief Sean Lee",
            "Ng Siu-Hin",
            "Citizen"
        ],
        "orig_title": " 明日戰記",
        "status": " Released",
        "orig_lang": " Chinese",
        "budget_x": 71460000.0,
        "revenue": 300356421.2,
        "country": "CN"
    },
    {
        "title": "Spider-Man: Homecoming",
        "date_x": "07/06/2017 ",
        "score": 74.0,
        "genre": [
            "Action",
            "Adventure",
            "Science Fiction",
            "Drama"
        ],
        "overview": "Following the events of Captain America: Civil War, Peter Parker, with the help of his mentor Tony Stark, tries to balance his life as an ordinary high school student in Queens, New York City, with fighting crime as his superhero alter ego Spider-Man as a new threat, the Vulture, emerges.",
        "actors": [
            "Tom Holland",
            "Peter Parker / Spider-Man",
            "Michael Keaton",
            "Adrian Toomes / Vulture",
            "Robert Downey Jr.",
            "Tony Stark / Iron Man",
            "Marisa Tomei",
            "May Parker",
            "Jon Favreau",
            "Harold 'Happy' Hogan",
            "Gwyneth Paltrow",
            "Virginia 'Pepper' Potts",
            "Zendaya",
            "Michelle 'MJ' Jones",
            "Donald Glover",
            "Aaron Davis",
            "Jacob Batalon",
            "Ned"
        ],
        "orig_title": "Spider-Man: Homecoming",
        "status": " Released",
        "orig_lang": " English",
        "budget_x": 175000000.0,
        "revenue": 878271291.0,
        "country": "AU"
    },
    {
        "title": "Howl's Moving Castle",
        "date_x": "06/09/2005 ",
        "score": 84.0,
        "genre": [
            "Fantasy",
            "Animation",
            "Adventure"
        ],
        "overview": "When Sophie, a shy young woman, is cursed with an old body by a spiteful witch, her only chance of breaking the spell lies with a self-indulgent yet insecure young wizard and his companions in his legged, walking castle.",
        "actors": [
            "Chieko Baisho",
            "Sophie (voice)",
            "Takuya Kimura",
            "Howl (voice)",
            "Akihiro Miwa",
            "Witch of the Waste (voice)",
            "Tatsuya Gashûin",
            "Calcifer (voice)",
            "Ryunosuke Kamiki",
            "Markl (voice)",
            "Mitsunori Isaki",
            "Kosho (voice)",
            "Yo Oizumi",
            "Prince Justin / Turnip Head (voice)",
            "Akio Otsuka",
            "King of Ingary (voice)",
            "Daijirô Harada",
            "Heen (voice)"
        ],
        "orig_title": " ハウルの動く城",
        "status": " Released",
        "orig_lang": " Japanese",
        "budget_x": 24000000.0,
        "revenue": 236049757.0,
        "country": "AU"
    },
    {
        "title": "World War Z",
        "date_x": "06/20/2013 ",
        "score": 68.0,
        "genre": [
            "Action",
            "Drama",
            "Horror",
            "Science Fiction",
            "Thriller"
        ],
        "overview": "Life for former United Nations investigator Gerry Lane and his family seems content. Suddenly, the world is plagued by a mysterious infection turning whole human populations into rampaging mindless zombies. After barely escaping the chaos, Lane is persuaded to go on a mission to investigate this disease. What follows is a perilous trek around the world where Lane must brave horrific dangers and long odds to find answers before human civilization falls.",
        "actors": [
            "Brad Pitt",
            "Gerry Lane",
            "Mireille Enos",
            "Karen Lane",
            "Daniella Kertesz",
            "Segen",
            "James Badge Dale",
            "Captain Speke",
            "Ludi Boeken",
            "Jurgen Warmbrunn",
            "Matthew Fox",
            "Parajumper",
            "Fana Mokoena",
            "Thierry Umutoni",
            "David Morse",
            "Ex-CIA Agent",
            "Elyes Gabel",
            "Andrew Fassbach"
        ],
        "orig_title": "World War Z",
        "status": " Released",
        "orig_lang": " English",
        "budget_x": 190000000.0,
        "revenue": 531861650.0,
        "country": "AU"
    },
    {
        "title": "Charlie and the Chocolate Factory",
        "date_x": "09/01/2005 ",
        "score": 70.0,
        "genre": [
            "Adventure",
            "Comedy",
            "Family",
            "Fantasy"
        ],
        "overview": "A young boy wins a tour through the most magnificent chocolate factory in the world, led by the world's most unusual candy maker.",
        "actors": [
            "Johnny Depp",
            "Willy Wonka",
            "Freddie Highmore",
            "Charlie Bucket",
            "David Kelly",
            "Grandpa Joe",
            "Helena Bonham Carter",
            "Mrs. Bucket",
            "Noah Taylor",
            "Mr. Bucket",
            "Missi Pyle",
            "Mrs. Beauregarde",
            "James Fox",
            "Mr. Salt",
            "Deep Roy",
            "Oompa Loompa",
            "Christopher Lee",
            "Dr. Wonka"
        ],
        "orig_title": "Charlie and the Chocolate Factory",
        "status": " Released",
        "orig_lang": " English",
        "budget_x": 150000000.0,
        "revenue": 475825484.0,
        "country": "AU"
    },
    {
        "title": "High Heat",
        "date_x": "03/01/2023 ",
        "score": 60.0,
        "genre": [
            "Action",
            "Comedy",
            "Crime"
        ],
        "overview": "When the local mafia shows up to burn down her restaurant, Ana, a chef with a meticulous past, defends her turf and proves her knife skills both in and out of the kitchen.",
        "actors": [
            "Olga Kurylenko",
            "Ana",
            "Don Johnson",
            "Ray",
            "Chris Diamantopoulos",
            "Tom",
            "Kaitlin Doubleday",
            "Mimi",
            "Page Falkinburg Jr.",
            "Dom",
            "Dylan Flashner",
            "Sebastian",
            "Bianca D'Ambrosio",
            "Becky",
            "Erik Bloomquist",
            "Miles"
        ],
        "orig_title": "High Heat",
        "status": " Released",
        "orig_lang": " English",
        "budget_x": 78000000.0,
        "revenue": 277412220.0,
        "country": "AU"
    },
    {
        "title": "How to Train Your Dragon: The Hidden World",
        "date_x": "01/03/2019 ",
        "score": 78.0,
        "genre": [
            "Animation",
            "Family",
            "Adventure"
        ],
        "overview": "As Hiccup fulfills his dream of creating a peaceful dragon utopia, Toothless’ discovery of an untamed, elusive mate draws the Night Fury away. When danger mounts at home and Hiccup’s reign as village chief is tested, both dragon and rider must make impossible decisions to save their kind.",
        "actors": [
            "Jay Baruchel",
            "Hiccup (voice)",
            "America Ferrera",
            "Astrid (voice)",
            "F. Murray Abraham",
            "Grimmel (voice)",
            "Cate Blanchett",
            "Valka (voice)",
            "Gerard Butler",
            "Stoick (voice)",
            "Craig Ferguson",
            "Gobber (voice)",
            "Jonah Hill",
            "Snotlout (voice)",
            "Christopher Mintz-Plasse",
            "Fishlegs (voice)",
            "Kristen Wiig",
            "Ruffnut (voice)"
        ],
        "orig_title": "How to Train Your Dragon: The Hidden World",
        "status": " Released",
        "orig_lang": " English",
        "budget_x": 129000000.0,
        "revenue": 521533238.0,
        "country": "AU"
    },
    {
        "title": "Girl at the Window",
        "date_x": "08/18/2022 ",
        "score": 65.0,
        "genre": [
            "Thriller",
            "Horror"
        ],
        "overview": "A troubled teenage girl who’s struggling to cope with the accidental death of her father suspects that the mysterious killer stalking her hometown is not only her neighbour but her mother’s new romantic interest.",
        "actors": [
            "Radha Mitchell",
            "Barbara Poynton",
            "Ella Newton",
            "Amy Poynton",
            "Vince Colosimo",
            "Chris Mancini",
            "James Mackay",
            "Mr. Coleman",
            "Jackson Gallagher",
            "Detective Reuben Knox",
            "Nathan Hill",
            "Constable Steve Owen",
            "Sharon Johal",
            "Dharma Mallick",
            "Lauren Goetz",
            "Suzan",
            "Karis Oka",
            "Lian Chen"
        ],
        "orig_title": "Girl at the Window",
        "status": " Released",
        "orig_lang": " English",
        "budget_x": 95200000.0,
        "revenue": 294248739.2,
        "country": "AU"
    },
    {
        "title": "Hellraiser",
        "date_x": "10/08/2022 ",
        "score": 64.0,
        "genre": [
            "Horror",
            "Mystery"
        ],
        "overview": "A young woman struggling with addiction comes into possession of an ancient puzzle box, unaware that its purpose is to summon the Cenobites, a group of sadistic supernatural beings from another dimension.",
        "actors": [
            "Odessa A'zion",
            "Riley",
            "Jamie Clayton",
            "The Priest",
            "Adam Faison",
            "Colin",
            "Drew Starkey",
            "Trevor",
            "Brandon Flynn",
            "Matt",
            "Aoife Hinds",
            "Nora",
            "Jason Liles",
            "The Chatterer",
            "Yinka Olorunnife",
            "The Weeper",
            "Selina Lo",
            "The Gasp"
        ],
        "orig_title": "Hellraiser",
        "status": " Released",
        "orig_lang": " English",
        "budget_x": 1000000.0,
        "revenue": 14575148.0,
        "country": "AU"
    },
    {
        "title": "Pacific Rim",
        "date_x": "07/11/2013 ",
        "score": 69.0,
        "genre": [
            "Action",
            "Science Fiction",
            "Adventure"
        ],
        "overview": "Using massive piloted robots to combat the alien threat, earth's survivors take the fight to the invading alien force lurking in the depths of the Pacific Ocean. Nearly defenseless in the face of the relentless enemy, the forces of mankind have no choice but to turn to two unlikely heroes who now stand as earth's final hope against the mounting apocalypse.",
        "actors": [
            "Charlie Hunnam",
            "Raleigh Becket",
            "Rinko Kikuchi",
            "Mako Mori",
            "Idris Elba",
            "Stacker Pentecost",
            "Max Martini",
            "Herc Hansen",
            "Clifton Collins Jr.",
            "Tendo Choi",
            "Ron Perlman",
            "Hannibal Chau",
            "Charlie Day",
            "Dr. Newton Geiszler",
            "Burn Gorman",
            "Dr. Hermann Gottlieb",
            "Robert Kazinsky",
            "Chuck Hansen"
        ],
        "orig_title": "Pacific Rim",
        "status": " Released",
        "orig_lang": " English",
        "budget_x": 190000000.0,
        "revenue": 411002906.0,
        "country": "AU"
    },
    {
        "title": "My Hero Academia: Heroes Rising",
        "date_x": "03/12/2020 ",
        "score": 82.0,
        "genre": [
            "Animation",
            "Action",
            "Fantasy",
            "Adventure"
        ],
        "overview": "Class 1-A visits Nabu Island where they finally get to do some real hero work. The place is so peaceful that it's more like a vacation … until they're attacked by a villain with an unfathomable Quirk! His power is eerily familiar, and it looks like Shigaraki had a hand in the plan. But with All Might retired and citizens' lives on the line, there's no time for questions. Deku and his friends are the next generation of heroes, and they're the island's only hope.",
        "actors": [
            "Daiki Yamashita",
            "Izuku Midoriya (voice)",
            "Nobuhiko Okamoto",
            "Katsuki Bakugo (voice)",
            "Yoshio Inoue",
            "Nine (voice)",
            "Mio Imada",
            "Slice (voice)",
            "Yuka Terasaki",
            "Katsuma (voice)",
            "Tomoyo Kurosawa",
            "Mahoro (voice)",
            "Yuki Kaji",
            "Shoto Todoroki (voice)",
            "Kaito Ishikawa",
            "Tenya Iida (voice)",
            "Ayane Sakura",
            "Ochako Uraraka (voice)"
        ],
        "orig_title": " 僕のヒーローアカデミア THE MOVIE ヒーローズ：ライジング",
        "status": " Released",
        "orig_lang": " Japanese",
        "budget_x": 21911000.0,
        "revenue": 29900850.0,
        "country": "AU"
    },
    {
        "title": "After",
        "date_x": "07/04/2019 ",
        "score": 72.0,
        "genre": [
            "Romance",
            "Drama"
        ],
        "overview": "Tessa Young is a dedicated student, dutiful daughter and loyal girlfriend to her high school sweetheart. Entering her first semester of college, Tessa's guarded world opens up when she meets Hardin Scott, a mysterious and brooding rebel who makes her question all she thought she knew about herself -- and what she wants out of life.",
        "actors": [
            "Josephine Langford",
            "Tessa Young",
            "Hero Fiennes Tiffin",
            "Hardin Scott",
            "Shane Paul McGhie",
            "Landon Gibson",
            "Khadijha Red Thunder",
            "Steph Jones",
            "Dylan Arnold",
            "Noah Porter",
            "Samuel Larsen",
            "Zed Evans",
            "Inanna Sarkis",
            "Molly Samuels",
            "Selma Blair",
            "Carol Young",
            "Pia Mia",
            "Tristan"
        ],
        "orig_title": "After",
        "status": " Released",
        "orig_lang": " English",
        "budget_x": 14000000.0,
        "revenue": 57926850.0,
        "country": "AU"
    },
    {
        "title": "After",
        "date_x": "07/04/2019 ",
        "score": 72.0,
        "genre": [
            "Romance",
            "Drama"
        ],
        "overview": "Tessa Young is a dedicated student, dutiful daughter and loyal girlfriend to her high school sweetheart. Entering her first semester of college, Tessa's guarded world opens up when she meets Hardin Scott, a mysterious and brooding rebel who makes her question all she thought she knew about herself -- and what she wants out of life.",
        "actors": [
            "Josephine Langford",
            "Tessa Young",
            "Hero Fiennes Tiffin",
            "Hardin Scott",
            "Shane Paul McGhie",
            "Landon Gibson",
            "Khadijha Red Thunder",
            "Steph Jones",
            "Dylan Arnold",
            "Noah Porter",
            "Samuel Larsen",
            "Zed Evans",
            "Inanna Sarkis",
            "Molly Samuels",
            "Selma Blair",
            "Carol Young",
            "Pia Mia",
            "Tristan"
        ],
        "orig_title": "After",
        "status": " Released",
        "orig_lang": " English",
        "budget_x": 650000.0,
        "revenue": 0.0,
        "country": "AU"
    },
    {
        "title": "The Hangover",
        "date_x": "06/11/2009 ",
        "score": 73.0,
        "genre": [
            "Comedy"
        ],
        "overview": "When three friends finally come to after a raucous night of bachelor-party revelry, they find a baby in the closet and a tiger in the bathroom. But they can't seem to locate their best friend, Doug – who's supposed to be tying the knot. Launching a frantic search for Doug, the trio perseveres through a nasty hangover to try to make it to the church on time.",
        "actors": [
            "Bradley Cooper",
            "Phil Wenneck",
            "Ed Helms",
            "Stu Price",
            "Zach Galifianakis",
            "Alan Garner",
            "Justin Bartha",
            "Doug Billings",
            "Heather Graham",
            "Jade",
            "Sasha Barrese",
            "Tracy Garner",
            "Jeffrey Tambor",
            "Sid Garner",
            "Ken Jeong",
            "Mr. Chow",
            "Rachael Harris",
            "Melissa"
        ],
        "orig_title": "The Hangover",
        "status": " Released",
        "orig_lang": " English",
        "budget_x": 35000000.0,
        "revenue": 465487583.0,
        "country": "AU"
    },
    {
        "title": "The Adam Project",
        "date_x": "03/11/2022 ",
        "score": 71.0,
        "genre": [
            "Adventure",
            "Science Fiction"
        ],
        "overview": "After accidentally crash-landing in 2022, time-traveling fighter pilot Adam Reed teams up with his 12-year-old self on a mission to save the future.",
        "actors": [
            "Ryan Reynolds",
            "Adam Reed",
            "Walker Scobell",
            "Young Adam",
            "Mark Ruffalo",
            "Louis Reed",
            "Jennifer Garner",
            "Ellie Reed",
            "Zoe Saldaña",
            "Laura",
            "Catherine Keener",
            "Maya Sorian",
            "Alex Mallari Jr.",
            "Christos",
            "Braxton Bjerken",
            "Ray Dollarhyde",
            "Kasra Wong",
            "Chuck"
        ],
        "orig_title": "The Adam Project",
        "status": " Released",
        "orig_lang": " English",
        "budget_x": 116000000.0,
        "revenue": 203098455.6,
        "country": "AU"
    },
    {
        "title": "Trick or Treat Scooby-Doo!",
        "date_x": "10/04/2022 ",
        "score": 73.0,
        "genre": [
            "Adventure",
            "Mystery",
            "Comedy",
            "Animation",
            "Family"
        ],
        "overview": "Mystery Inc. has cracked the case to top all cases! They’ve tracked down Coco Diablo, the head of a notorious costume crime syndicate. With Coco and her kitty in prison, Mystery Inc. thinks that they can finally enjoy a break. Wrong! Suddenly, menacing doppelgänger ghosts of the Scooby crew and favorite classic foes show up in Coolsville to threaten Halloween. Now it’s up to the meddling kids to unmask the latest scoundrel and save Halloween!",
        "actors": [
            "Frank Welker",
            "Scooby-Doo / Rudy / Fred / Nefario (voice)",
            "Grey DeLisle",
            "Daphne / Daisy / Musketeer 1 / Olive (voice)",
            "Matthew Lillard",
            "Shaggy / Craggly / Captain Cutler (voice)",
            "Kate Micucci",
            "Velma / Helga (voice)",
            "Myrna Velasco",
            "Coco Diablo (voice)",
            "Dee Bradley Baker",
            "Esteban / Mr. Wickles / Cat Man (voice)",
            "Jeff Bennett",
            "Shady Guy / Charlie Humdrum / Hank (voice)",
            "Anthony Carrigan",
            "Trevor Glume / Farmer (voice)",
            "Erin Fitzgerald",
            "Library Kid / Superhero Girl / Musketeer 2 (voice)"
        ],
        "orig_title": "Trick or Treat Scooby-Doo!",
        "status": " Released",
        "orig_lang": " English",
        "budget_x": 85000000.0,
        "revenue": 575808566.0,
        "country": "US"
    },
    {
        "title": "The Tangalanga Method",
        "date_x": "01/19/2023 ",
        "score": 60.0,
        "genre": [
            "Comedy"
        ],
        "overview": "Shy corporate employee Jorge Rizzi's life takes an uproarious turn when he participates in a hypnosis session that rips off his inhibitions and releases a hilarious alter ego.",
        "actors": [
            "Martín Piroyansky",
            "Jorge Rizzi / Tangalanga",
            "Julieta Zylberberg",
            "Clara",
            "Alan Sabbagh",
            "Sixto",
            "Rafael Ferro",
            "Franco Giordano",
            "Luis Machín",
            "Jefe (Horacio)",
            "Lucía Maciel",
            "Adela",
            "Antonella Saldicco",
            "Eva",
            "Silvio Soldán",
            "Taruffa",
            "Luis Rubio",
            "Raúl"
        ],
        "orig_title": " El método Tangalanga",
        "status": " Released",
        "orig_lang": " Spanish, Castilian",
        "budget_x": 114200000.0,
        "revenue": 241031716.6,
        "country": "AR"
    }
]