[
    {
        "title": "Bird Box",
        "date_x": "12/21/2018 ",
        "score": 69.0,
        "genre": [
            "Thriller",
            "Drama",
            "Science Fiction"
        ],
        "overview": "Five years after an ominous unseen presence drives most of society to suicide, a survivor and her two children make a desperate bid to reach safety.",
        "actors": [
            "Sandra Bullock",
            "Malorie Hayes",
            "Trevante Rhodes",
            "Tom",
            "John Malkovich",
            "Douglas",
            "Sarah Paulson",
            "Jessica",
            "Jacki Weaver",
            "Cheryl",
            "Rosa Salazar",
            "Lucy",
            "Danielle Macdonald",
            "Olympia",
            "Lil Rel Howery",
            "Charlie",
            "Tom Hollander",
            "Gary"
        ],
        "orig_title": "Bird Box",
        "status": " Released",
        "orig_lang": " English",
        "budget_x": 19800000.0,
        "revenue": 0.0,
        "country": "AU"
    },
    {
        "title": "Horrible Bosses",
        "date_x": "08/25/2011 ",
        "score": 66.0,
        "genre": [
            "Comedy",
            "Crime"
        ],
        "overview": "For Nick, Kurt and Dale, the only thing that would make the daily grind more tolerable would be to grind their intolerable bosses into dust. Quitting is not an option, so, with the benefit of a few-too-many drinks and some dubious advice from a hustling ex-con, the three friends devise a convoluted and seemingly foolproof plan to rid themselves of their respective employers... permanently.",
        "actors": [
            "Jason Bateman",
            "Nick Hendricks",
            "Charlie Day",
            "Dale Arbus",
            "Jason Sudeikis",
            "Kurt Buckman",
            "Kevin Spacey",
            "Dave Harken",
            "Jennifer Aniston",
            "Julia Harris",
            "Colin Farrell",
            "Bobby Pellitt",
            "Jamie Foxx",
            "Motherfucker Jones",
            "Donald Sutherland",
            "Jack Pellit",
            "P.J. Byrne",
            "Kenny Sommerfeld"
        ],
        "orig_title": "Horrible Bosses",
        "status": " Released",
        "orig_lang": " English",
        "budget_x": 35000000.0,
        "revenue": 212417601.0,
        "country": "AU"
    },
    {
        "title": "Young Mom",
        "date_x": "02/28/2017 ",
        "score": 0.0,
        "genre": [
            "Romance"
        ],
        "overview": "A middle-aged man who lives with his song marries a sexy, young Korean-American woman. The son finds his father uncomfortable, but is drawn to his new step-mother.",
        "actors": [
            "Soo Yeong",
            "",
            "Min Do-yoon",
            "",
            "Ha Jin",
            ""
        ],
        "orig_title": " 어린 엄마",
        "status": " Released",
        "orig_lang": " Korean",
        "budget_x": 181600000.0,
        "revenue": 175269998.8,
        "country": "KR"
    },
    {
        "title": "The Forgiven",
        "date_x": "07/28/2022 ",
        "score": 59.0,
        "genre": [
            "Drama"
        ],
        "overview": "Over a weekend in the High Atlas Mountains of Morocco, a random accident reverberates through the lives of both the local Muslims and Western visitors to a house party in a grand villa.",
        "actors": [
            "Ralph Fiennes",
            "David Henninger",
            "Jessica Chastain",
            "Jo Henninger",
            "Matt Smith",
            "Richard Galloway",
            "Caleb Landry Jones",
            "Dally Margolis",
            "Abbey Lee",
            "Cody",
            "Christopher Abbott",
            "Tom Day",
            "Marie-Josée Croze",
            "Isabelle",
            "Alex Jennings",
            "Lord Swanthorne",
            "Saïd Taghmaoui",
            "Anouar"
        ],
        "orig_title": "The Forgiven",
        "status": " Released",
        "orig_lang": " English",
        "budget_x": 88000000.0,
        "revenue": 503089616.8,
        "country": "AU"
    },
    {
        "title": "The Mechanic",
        "date_x": "03/23/2011 ",
        "score": 65.0,
        "genre": [
            "Action",
            "Thriller",
            "Crime"
        ],
        "overview": "Arthur Bishop is a 'mechanic' - an elite assassin with a strict code and unique talent for cleanly eliminating targets. It's a job that requires professional perfection and total detachment, and Bishop is the best in the business. But when he is ordered to take out his mentor and close friend Harry, Bishop is anything but detached.",
        "actors": [
            "Jason Statham",
            "Arthur Bishop",
            "Ben Foster",
            "Steve Mckenna",
            "Donald Sutherland",
            "Harry Mckenna",
            "Mini Anden",
            "Sara",
            "Tony Goldwyn",
            "Dean Sanderson",
            "Christa Campbell",
            "Kelly",
            "Katarzyna Wolejnio",
            "Maria",
            "Jeff Chase",
            "Burke",
            "Eddie J. Fernandez",
            "Lara's Guard"
        ],
        "orig_title": "The Mechanic",
        "status": " Released",
        "orig_lang": " English",
        "budget_x": 42500000.0,
        "revenue": 76347393.0,
        "country": "AU"
    },
    {
        "title": "The Adventures of Tintin",
        "date_x": "12/26/2011 ",
        "score": 69.0,
        "genre": [
            "Adventure",
            "Animation",
            "Mystery"
        ],
        "overview": "Intrepid young reporter, Tintin, and his loyal dog, Snowy, are thrust into a world of high adventure when they discover a ship carrying an explosive secret. As Tintin is drawn into a centuries-old mystery, Ivan Ivanovitch Sakharine suspects him of stealing a priceless treasure. Tintin and Snowy, with the help of salty, cantankerous Captain Haddock and bumbling detectives, Thompson and Thomson, travel half the world, one step ahead of their enemies, as Tintin endeavors to find the Unicorn, a sunken ship that may hold a vast fortune, but also an ancient curse.",
        "actors": [
            "Jamie Bell",
            "Tintin (voice)",
            "Daniel Craig",
            "Sakharine / Red Rackham (voice)",
            "Andy Serkis",
            "Captain Haddock / Sir Francis Haddock (voice)",
            "Nick Frost",
            "Thomson (voice)",
            "Simon Pegg",
            "Thompson (voice)",
            "Cary Elwes",
            "Pilot (voice)",
            "Tony Curran",
            "Lt. Delcourt (voice)",
            "Toby Jones",
            "Silk (voice)",
            "Daniel Mays",
            "Allan /  Pirate Flunky #1 (voice)"
        ],
        "orig_title": "The Adventures of Tintin",
        "status": " Released",
        "orig_lang": " English",
        "budget_x": 130000000.0,
        "revenue": 373993951.0,
        "country": "AU"
    },
    {
        "title": "DodgeBall: A True Underdog Story",
        "date_x": "09/09/2004 ",
        "score": 63.0,
        "genre": [
            "Comedy"
        ],
        "overview": "When megalomaniacal White Goodman, the owner of a trendy, high-end fitness center, makes a move to take over the struggling local gym run by happy-go-lucky Pete La Fleur, there's only one way for La Fleur to fight back: dodgeball. Aided by a dodgeball guru and Goodman's attorney, La Fleur and his rag-tag team of underdogs launch a knock-down, drag-out battle in which the winner takes all.",
        "actors": [
            "Vince Vaughn",
            "Peter La Fleur",
            "Christine Taylor",
            "Kate Veatch",
            "Ben Stiller",
            "White Goodman",
            "Rip Torn",
            "Patches O'Houlihan",
            "Justin Long",
            "Justin",
            "Stephen Root",
            "Gordon",
            "Joel David Moore",
            "Owen",
            "Chris Williams",
            "Dwight",
            "Alan Tudyk",
            "Steve the Pirate"
        ],
        "orig_title": "DodgeBall: A True Underdog Story",
        "status": " Released",
        "orig_lang": " English",
        "budget_x": 20000000.0,
        "revenue": 167722310.0,
        "country": "AU"
    },
    {
        "title": "Greta",
        "date_x": "02/28/2019 ",
        "score": 66.0,
        "genre": [
            "Mystery",
            "Thriller",
            "Horror"
        ],
        "overview": "A young woman returns a lonely widow’s lost purse, leading to an unlikely relationship between the two — until the young woman discovers the widow might not be all that she seems.",
        "actors": [
            "Chloë Grace Moretz",
            "Frances McCullen",
            "Isabelle Huppert",
            "Greta Hideg",
            "Maika Monroe",
            "Erica Penn",
            "Colm Feore",
            "Chris McCullen",
            "Stephen Rea",
            "Brian Cody",
            "Zawe Ashton",
            "Alexa Hammond",
            "Jeff Hiller",
            "Maitre D' Henri",
            "Thaddeus Daniels",
            "Officer Deroy",
            "Raven Dauda",
            "Officer Regan"
        ],
        "orig_title": "Greta",
        "status": " Released",
        "orig_lang": " English",
        "budget_x": 100600000.0,
        "revenue": 755799553.0,
        "country": "AU"
    },
    {
        "title": "Us",
        "date_x": "03/28/2019 ",
        "score": 70.0,
        "genre": [
            "Horror",
            "Thriller",
            "Mystery"
        ],
        "overview": "Husband and wife Gabe and Adelaide Wilson take their kids to their beach house expecting to unplug and unwind with friends. But as night descends, their serenity turns to tension and chaos when some shocking visitors arrive uninvited.",
        "actors": [
            "Lupita Nyong'o",
            "Adelaide Wilson / Red",
            "Winston Duke",
            "Gabriel \"Gabe\" Wilson / Abraham",
            "Shahadi Wright Joseph",
            "Zora Wilson / Umbrae",
            "Evan Alex",
            "Jason Wilson / Pluto",
            "Tim Heidecker",
            "Josh Tyler / Tex",
            "Elisabeth Moss",
            "Kitty Tyler / Dahlia",
            "Cali Sheldon",
            "Becca Tyler / Io",
            "Noelle Sheldon",
            "Lindsey Tyler / Nix",
            "Yahya Abdul-Mateen II",
            "Russell Thomas / Weyland"
        ],
        "orig_title": "Us",
        "status": " Released",
        "orig_lang": " English",
        "budget_x": 20000000.0,
        "revenue": 256022707.0,
        "country": "AU"
    },
    {
        "title": "Leatherface",
        "date_x": "10/20/2017 ",
        "score": 55.0,
        "genre": [
            "Horror",
            "Thriller",
            "Mystery"
        ],
        "overview": "A young nurse is kidnapped by a group of violent teens who escape from a mental hospital and take her on the road trip from hell. Pursued by an equally deranged lawman out for revenge, one of the teens is destined for tragedy and horrors that will destroy his mind, moulding him into a monster named Leatherface.",
        "actors": [
            "Stephen Dorff",
            "Texas Ranger Hal Hartman",
            "Vanessa Grasse",
            "Lizzy",
            "Lorina Kamburova",
            "Betty Hartman",
            "Lili Taylor",
            "Verna Sawyer",
            "Jessica Madsen",
            "Clarice",
            "Borisa Tyutyundzhieva",
            "Patient",
            "Velizar Binev",
            "Orderly 1",
            "Simona Williams",
            "Brunette Nurse",
            "Sam Strike",
            "Jackson"
        ],
        "orig_title": "Leatherface",
        "status": " Released",
        "orig_lang": " English",
        "budget_x": 2200000.0,
        "revenue": 1476843.0,
        "country": "US"
    },
    {
        "title": "Young Mother: The Original",
        "date_x": "06/23/2016 ",
        "score": 56.0,
        "genre": [
            "Drama",
            "Romance"
        ],
        "overview": "I had a dream...sleeping with you and Hwa-yeong.  Jin-goo and Joo-hee were happy until one day their daughter Hwa-yeong, who had eloped with another man, came home. Hwa-yeong and Jin-goo were a couple at school and she had gotten pregnant. So things took place quickly and they got to live with Hwa-yeong's mother Joo-hee. However, when Hwa-yeong found out she wasn't pregnant, hit it off with another man and left the house. Jin-goo and Joo-hee had fallen in love while she was gone. Hwa-yeong had broken up with her other man and came home. However, she finds it weird that Jin-goo is still at her mother's house. Jin-goo and Joo-hee put out all sorts of lies to hide the truth from Hwa-yeong.",
        "actors": [
            "Jin Si-ah",
            "Joo-hee",
            "Oh Gil-jae",
            "Jin-goo",
            "Ahn So-hee",
            "Hwa-yeong",
            "Do Mo-Se",
            "Hwa-yeong' ex-boyfriend"
        ],
        "orig_title": " 젊은엄마 : 디 오리지널",
        "status": " Released",
        "orig_lang": " Korean",
        "budget_x": 38998000.0,
        "revenue": 360848744.0,
        "country": "KR"
    },
    {
        "title": "Barbie in the Pink Shoes",
        "date_x": "09/11/2017 ",
        "score": 68.0,
        "genre": [
            "Animation",
            "Family"
        ],
        "overview": "Dance your way to a magical adventure with Barbie as Kristyn, a ballerina with big dreams! When she tries on a pair of sparkling pink shoes, she and her best friend, Hailey, are whisked away to a fantastical ballet world. There, Kristyn discovers she must dance in her favorite ballets in order to defeat an evil Snow Queen. With performances to the legendary Giselle and Swan Lake ballets, it's a wonderful journey where if you dance with your heart, dreams come true!",
        "actors": [
            "Trevor Devall",
            "Albrecht / Ballet Scout #1 (voice)",
            "Brett Dier",
            "Dillon / Prince Seigfried (voice)",
            "Katie Crown",
            "Hailey (voice)",
            "Ali Liebert",
            "Tara / Hannah (voice)",
            "Bill Mondy",
            "Rothbart / Thorpe / Peasant (voice)",
            "Kyle Rideout",
            "Hilarion / Ballet Scout #2 (voice)",
            "Teryl Rothery",
            "Giselle's Mom / Queen Vera (voice)",
            "Tabitha St. Germain",
            "Madame Natasha / Snow Queen / Sugar Plum Fairy / Swan Dancer / Stage Manager (voice)",
            "Kelly Sheridan",
            "Kristyn (voice)"
        ],
        "orig_title": "Barbie in the Pink Shoes",
        "status": " Released",
        "orig_lang": " English",
        "budget_x": 98140000.0,
        "revenue": 494358731.6,
        "country": "AU"
    },
    {
        "title": "Sentinelle",
        "date_x": "03/05/2021 ",
        "score": 59.0,
        "genre": [
            "Thriller",
            "Action",
            "Drama"
        ],
        "overview": "Transferred home after a traumatizing combat mission, a highly trained French soldier uses her lethal skills to hunt down the man who hurt her sister.",
        "actors": [
            "Olga Kurylenko",
            "Klara",
            "Marilyn Lima",
            "Tania",
            "Michel Nabokoff",
            "Leonid Kadnikov",
            "Martin Swabey",
            "Lieutenant Eric Jaubert",
            "Carole Weyers",
            "Captain Catherine Muller",
            "Andrey Gorlenko",
            "Yvan Kadnikov",
            "Antonia Malinova",
            "Maria Kovalev",
            "Gabriel Almaer",
            "Armurier",
            "Blaise Afonso",
            "Operation Sentinel soldier"
        ],
        "orig_title": "Sentinelle",
        "status": " Released",
        "orig_lang": " French",
        "budget_x": 6500000.0,
        "revenue": 20234454.2,
        "country": "FR"
    },
    {
        "title": "The Little Prince",
        "date_x": "07/29/2015 ",
        "score": 76.0,
        "genre": [
            "Adventure",
            "Animation",
            "Fantasy",
            "Family"
        ],
        "overview": "Based on the best-seller book 'The Little Prince', the movie tells the story of a little girl that lives with resignation in a world where efficiency and work are the only dogmas. Everything will change when accidentally she discovers her neighbor that will tell her about the story of the Little Prince that he once met.",
        "actors": [
            "Jeff Bridges",
            "The Aviator (voice)",
            "Mackenzie Foy",
            "The Little Girl (voice)",
            "Rachel McAdams",
            "The Mother (voice)",
            "Marion Cotillard",
            "The Rose (voice)",
            "Riley Osborne",
            "The Little Prince (voice)",
            "James Franco",
            "The Fox (voice)",
            "Bud Cort",
            "The King (voice)",
            "Benicio del Toro",
            "The Snake (voice)",
            "Ricky Gervais",
            "The Conceited Man (voice)"
        ],
        "orig_title": "The Little Prince",
        "status": " Released",
        "orig_lang": " English",
        "budget_x": 77500000.0,
        "revenue": 102028919.0,
        "country": "FR"
    },
    {
        "title": "Into the Wild",
        "date_x": "09/11/2007 ",
        "score": 78.0,
        "genre": [
            "Adventure",
            "Drama"
        ],
        "overview": "After graduating from Emory University in 1992, top student and athlete Christopher McCandless abandons his possessions, gives his entire $24,000 savings account to charity, and hitchhikes to Alaska to live in the wilderness.",
        "actors": [
            "Emile Hirsch",
            "Christopher McCandless / Alexander Supertramp",
            "Marcia Gay Harden",
            "Billie McCandless",
            "William Hurt",
            "Walt McCandless",
            "Jena Malone",
            "Carine McCandless / Additional Narration (voice)",
            "Brian H. Dierker",
            "Rainey",
            "Catherine Keener",
            "Jan Burres",
            "Vince Vaughn",
            "Wayne Westerberg",
            "Kristen Stewart",
            "Tracy Tatro",
            "Hal Holbrook",
            "Ronald \"Ron\" Franz"
        ],
        "orig_title": "Into the Wild",
        "status": " Released",
        "orig_lang": " English",
        "budget_x": 20000000.0,
        "revenue": 56822960.0,
        "country": "AU"
    },
    {
        "title": "Tremors",
        "date_x": "01/19/1990 ",
        "score": 69.0,
        "genre": [
            "Horror",
            "Comedy",
            "Action",
            "Science Fiction"
        ],
        "overview": "Hick handymen Val McKee and Earl Bassett can barely eke out a living in the Nevada hamlet of Perfection, so they decide to leave town -- despite an admonition from a shapely seismology coed who's picking up odd readings on her equipment. Before long, Val and Earl discover what's responsible for those readings: 30-foot-long carnivorous worms with a proclivity for sucking their prey underground.",
        "actors": [
            "Kevin Bacon",
            "Valentine McKee",
            "Fred Ward",
            "Earl Bassett",
            "Finn Carter",
            "Rhonda LeBeck",
            "Michael Gross",
            "Burt Gummer",
            "Reba McEntire",
            "Heather Gummer",
            "Victor Wong",
            "Walter Chang",
            "Robert Jayne",
            "Melvin Plug",
            "Ariana Richards",
            "Mindy Sterngood",
            "Charlotte Stewart",
            "Nancy Sterngood"
        ],
        "orig_title": "Tremors",
        "status": " Released",
        "orig_lang": " English",
        "budget_x": 10000000.0,
        "revenue": 16667391.0,
        "country": "US"
    },
    {
        "title": "Stuart Little 2",
        "date_x": "09/19/2002 ",
        "score": 57.0,
        "genre": [
            "Family",
            "Adventure",
            "Animation",
            "Comedy"
        ],
        "overview": "Stuart, an adorable white mouse, still lives happily with his adoptive family, the Littles, on the east side of Manhattan's Central Park. More crazy mouse adventures are in store as Stuart, his human brother, George, and their mischievous cat, Snowbell, set out to rescue a friend.",
        "actors": [
            "Michael J. Fox",
            "Stuart Little (voice)",
            "Melanie Griffith",
            "Margalo the Bird (voice)",
            "Nathan Lane",
            "Snowbell (voice)",
            "Geena Davis",
            "Mrs. Eleanor Little",
            "Hugh Laurie",
            "Mr. Frederick Little",
            "Jonathan Lipnicki",
            "George Little",
            "Steve Zahn",
            "Monty the Alley-Cat (voice)",
            "James Woods",
            "The Evil Falcon (voice)",
            "Maria Bamford",
            "Teacher"
        ],
        "orig_title": "Stuart Little 2",
        "status": " Released",
        "orig_lang": " English",
        "budget_x": 120000000.0,
        "revenue": 166000000.0,
        "country": "AU"
    },
    {
        "title": "Vertigo",
        "date_x": "01/23/1959 ",
        "score": 82.0,
        "genre": [
            "Mystery",
            "Romance",
            "Thriller"
        ],
        "overview": "A retired San Francisco detective suffering from acrophobia investigates the strange activities of an old friend's wife, all the while becoming dangerously obsessed with her.",
        "actors": [
            "James Stewart",
            "Det. John 'Scottie' Ferguson",
            "Kim Novak",
            "Madeleine Elster / Judy Barton",
            "Barbara Bel Geddes",
            "Marjorie 'Midge' Wood",
            "Tom Helmore",
            "Gavin Elster",
            "Henry Jones",
            "Coroner",
            "Raymond Bailey",
            "Scottie's Doctor",
            "Ellen Corby",
            "Manager of McKittrick Hotel",
            "Konstantin Shayne",
            "Pop Leibel",
            "Lee Patrick",
            "Car Owner Mistaken for Madeleine"
        ],
        "orig_title": "Vertigo",
        "status": " Released",
        "orig_lang": " English",
        "budget_x": 2479000.0,
        "revenue": 7797728.0,
        "country": "AU"
    },
    {
        "title": "The King's Avatar: For the Glory",
        "date_x": "08/16/2019 ",
        "score": 67.0,
        "genre": [
            "Animation",
            "Action",
            "Adventure",
            "Fantasy"
        ],
        "overview": "Prequel movie to the animated series The King's Avatar, dealing with Ye Xiu's original entry into the pro gaming world of Glory, and the first Pro League series tournament.",
        "actors": [
            "Jie Zhang",
            "Ye Xiu (voice)",
            "Xinzhu Tong",
            "Su Mucheng (voice)",
            "Liu Kang",
            "xue ming kai (voice)",
            "Haoran Guo",
            "lu liang (voice)",
            "Wen jingyuan",
            "tao xuan (voice)",
            "Zhang Zhe",
            "Xia Ming (voice)"
        ],
        "orig_title": " 全职高手之巅峰荣耀",
        "status": " Released",
        "orig_lang": " Chinese",
        "budget_x": 167940000.0,
        "revenue": 320146113.6,
        "country": "CN"
    },
    {
        "title": "Chinese Zodiac",
        "date_x": "06/12/2014 ",
        "score": 62.0,
        "genre": [
            "Action",
            "Adventure"
        ],
        "overview": "Asian Hawk leads a mercenary team to recover several lost artifacts from the Old Summer Palace, the bronze heads of the 12 Chinese Zodiac animals which were sacked by the French and British armies from the imperial Summer Palace in Beijing in 1860. Assisted by a Chinese student & a Parisian lady, Hawk stops at nothing to accomplish the mission.",
        "actors": [
            "Jackie Chan",
            "Jackie / Asian Hawk",
            "Anna Yao",
            "Coco",
            "Kwon Sang-woo",
            "Simon",
            "Zhang Lanxin",
            "Bonnie",
            "Liao Fan",
            "David Liao",
            "Laura Weissbecker",
            "Catherine de Sichel",
            "Rosario Amedeo",
            "Pierre Marceau",
            "Vincent Sze",
            "Michael Morgan",
            "Oliver Platt",
            "Lawrence Morgan"
        ],
        "orig_title": " 十二生肖",
        "status": " Released",
        "orig_lang": " Cantonese",
        "budget_x": 48000000.0,
        "revenue": 171339013.0,
        "country": "AU"
    },
    {
        "title": "Cobra",
        "date_x": "10/01/1986 ",
        "score": 60.0,
        "genre": [
            "Action",
            "Crime",
            "Thriller"
        ],
        "overview": "A tough-on-crime street cop must protect the only surviving witness to a strange murderous cult with far reaching plans.",
        "actors": [
            "Sylvester Stallone",
            "Lieutenant Marion 'Cobra' Cobretti",
            "Brigitte Nielsen",
            "Ingrid",
            "Reni Santoni",
            "Sergeant Gonzales",
            "Brian Thompson",
            "Night Slasher",
            "Lee Garlington",
            "Nancy Stalk",
            "Art LaFleur",
            "Captain Sears",
            "Andrew Robinson",
            "Detective Monte",
            "Marco Rodríguez",
            "Supermarket Killer",
            "Val Avery",
            "Chief Halliwell"
        ],
        "orig_title": "Cobra",
        "status": " Released",
        "orig_lang": " English",
        "budget_x": 25000000.0,
        "revenue": 49042224.0,
        "country": "AU"
    },
    {
        "title": "The Return of the Living Dead",
        "date_x": "10/24/1985 ",
        "score": 71.0,
        "genre": [
            "Horror",
            "Comedy"
        ],
        "overview": "When foreman Frank shows new employee Freddy a secret military experiment in a supply warehouse in Louisville, Kentucky, the two klutzes accidentally release a gas that reanimates corpses into flesh-eating zombies. As the epidemic spreads throughout the town, and the creatures satisfy their hunger in gory and outlandish ways, Frank and Freddy fight to survive with the help of their boss and a mysterious mortician.",
        "actors": [
            "Clu Gulager",
            "Burt Wilson",
            "James Karen",
            "Frank",
            "Don Calfa",
            "Ernie Kaltenbrunner",
            "Thom Mathews",
            "Freddy",
            "Miguel A. Núñez",
            "Jr.",
            "Spider",
            "Beverly Randolph",
            "Tina",
            "Brian Peck",
            "Scuz",
            "Jonathan Terry",
            "Colonel Glover",
            "John Philbin",
            "Chuck"
        ],
        "orig_title": "The Return of the Living Dead",
        "status": " Released",
        "orig_lang": " English",
        "budget_x": 4000000.0,
        "revenue": 14238634.0,
        "country": "AU"
    },
    {
        "title": "Sex Is Zero",
        "date_x": "12/13/2002 ",
        "score": 61.0,
        "genre": [
            "Comedy",
            "Drama"
        ],
        "overview": "Eunsik tries to pass the state exam while studying in college after his military service. One day, he meets a beautiful woman Eunhyo, and his life changes.",
        "actors": [
            "Im Chang-jung",
            "Eun-shik",
            "Ha Ji-won",
            "Eun-hyo",
            "Jin Jae-young",
            "Ji-won",
            "Yoo Chae-young",
            "Yoo-mi",
            "Shin Yi",
            "Kyeong-joo",
            "Ham So-won",
            "Kim Hyun-hee",
            "Yun Si-hu",
            "Jo Yun-kyung",
            "Choi Sung-kook",
            "Choi Sung-kook",
            "Choi Won-young",
            "Park Chan-soo"
        ],
        "orig_title": " 색즉시공",
        "status": " Released",
        "orig_lang": " Korean",
        "budget_x": 63600000.0,
        "revenue": 580471102.4,
        "country": "KR"
    },
    {
        "title": "Uncut Gems",
        "date_x": "01/31/2020 ",
        "score": 71.0,
        "genre": [
            "Drama",
            "Thriller",
            "Crime"
        ],
        "overview": "A charismatic New York City jeweler always on the lookout for the next big score makes a series of high-stakes bets that could lead to the windfall of a lifetime. Howard must perform a precarious high-wire act, balancing business, family, and encroaching adversaries on all sides in his relentless pursuit of the ultimate win.",
        "actors": [
            "Adam Sandler",
            "Howard Ratner",
            "Lakeith Stanfield",
            "Demany",
            "Julia Fox",
            "Julia De Flore",
            "Kevin Garnett",
            "Kevin Garnett",
            "Idina Menzel",
            "Dinah Ratner",
            "Eric Bogosian",
            "Arno Moradian",
            "Judd Hirsch",
            "Gooey",
            "Keith Williams Richards",
            "Phil",
            "Mike Francesa",
            "Gary"
        ],
        "orig_title": "Uncut Gems",
        "status": " Released",
        "orig_lang": " English",
        "budget_x": 19000000.0,
        "revenue": 50020902.0,
        "country": "AU"
    },
    {
        "title": "Herbie Fully Loaded",
        "date_x": "06/23/2005 ",
        "score": 57.0,
        "genre": [
            "Comedy",
            "Family",
            "Adventure",
            "Fantasy",
            "Romance"
        ],
        "overview": "Maggie Peyton, the new owner of Number 53 - the free-wheelin' Volkswagen bug with a mind of its own - puts the car through its paces on the road to becoming a NASCAR competitor.",
        "actors": [
            "Lindsay Lohan",
            "Maggie Peyton",
            "Michael Keaton",
            "Ray Peyton Sr.",
            "Matt Dillon",
            "Trip Murphy",
            "Breckin Meyer",
            "Ray Peyton Jr.",
            "Justin Long",
            "Kevin",
            "Cheryl Hines",
            "Sally",
            "Jimmi Simpson",
            "Crash",
            "Scoot McNairy",
            "Augie",
            "Thomas Lennon",
            "Larry Murphy"
        ],
        "orig_title": "Herbie Fully Loaded",
        "status": " Released",
        "orig_lang": " English",
        "budget_x": 50000000.0,
        "revenue": 144146816.0,
        "country": "AU"
    },
    {
        "title": "It Boy",
        "date_x": "03/06/2013 ",
        "score": 63.0,
        "genre": [
            "Comedy"
        ],
        "overview": "38-year-old Alice has everything to become the next editor-in-chief of Rebelle magazine except for her uptight image. But when the young and charming Balthazar, barely 20, crosses Alice's path, she realizes that he holds the key to her promotion.",
        "actors": [
            "Virginie Efira",
            "Alice Lantins",
            "Pierre Niney",
            "Balthazar Apfel",
            "Gilles Cohen",
            "Vincent Khan",
            "Amélie Glenn",
            "Lise Duchêne",
            "Charles Berling",
            "Luc Apfel",
            "Michaël Abiteboul",
            "Simon Meyer",
            "Camille Japy",
            "Elisabeth Lantins",
            "Diana Stewart",
            "Tracy Kimmel",
            "Camille Pélicier",
            "Pauline"
        ],
        "orig_title": " 20 ans d'écart",
        "status": " Released",
        "orig_lang": " French",
        "budget_x": 110000000.0,
        "revenue": 271669045.6,
        "country": "FR"
    },
    {
        "title": "Rubius X",
        "date_x": "07/21/2022 ",
        "score": 85.0,
        "genre": [
            "Documentary"
        ],
        "overview": "On the 10th anniversary of the publication of his first video on the Internet, \"Rubius X\" is a documentary that deals with the origin, motivation and secrets behind Rubius, one of the most followed Spanish content creators in the world. A review of the history of a pioneer, the icon of a whole generation, who represents like few others the revolution of the new digital media.",
        "actors": [
            "Rubén Doblas Gundersen",
            "Self",
            "Miguel Ángel Rogel",
            "Self",
            "Alejandro Bravo Yañez",
            "Self",
            "Abraham Bandera",
            "Self",
            "Irina Isaia",
            "Self",
            "Bente Gundersen",
            "Self",
            "Irene Cívico",
            "Self"
        ],
        "orig_title": "Rubius X",
        "status": " Released",
        "orig_lang": " Spanish, Castilian",
        "budget_x": 139800000.0,
        "revenue": 1075683451.4,
        "country": "ES"
    },
    {
        "title": "Everybody Hates Johan",
        "date_x": "09/01/2022 ",
        "score": 59.0,
        "genre": [
            "Comedy"
        ],
        "overview": "Johan, a loner with horses and explosives, is never accepted by the local community. We follow his struggle for belonging in the village and the lifelong, unrequited love for the girl next door, which he accidentally blew up in his youth.",
        "actors": [
            "Pål Sverre Hagen",
            "Johan",
            "Ingrid Bolsø Berdal",
            "Solvor",
            "Ine Jansen",
            "Ella",
            "Paul-Ottar Haga",
            "Stor-Johan",
            "John Brungot",
            "Frode",
            "Trond-Ove Skrødal",
            "Onkel Ivar",
            "Ingunn Beate Øyen",
            "Tante Magnhild",
            "Vee Vimolmal",
            "Pey",
            "Hermann Sabado",
            "Martin Nguyen Grande"
        ],
        "orig_title": " Alle hater Johan",
        "status": " Released",
        "orig_lang": " Norwegian",
        "budget_x": 135159000.0,
        "revenue": 234980052.8,
        "country": "AU"
    },
    {
        "title": "Pocahontas II: Journey to a New World",
        "date_x": "08/04/1998 ",
        "score": 55.0,
        "genre": [
            "Family",
            "Adventure",
            "Animation",
            "Romance"
        ],
        "overview": "When news of John Smith's death reaches America, Pocahontas is devastated. She sets off to London with John Rolfe, to meet with the King of England on a diplomatic mission: to create peace and respect between the two great lands. However, Governor Ratcliffe is still around; he wants to return to Jamestown and take over. He will stop at nothing to discredit the young princess.",
        "actors": [
            "Billy Zane",
            "John Rolfe (voice)",
            "Irene Bedard",
            "Pocahontas (voice)",
            "Jim Cummings",
            "King James (voice)",
            "David Ogden Stiers",
            "Ratcliffe (voice)",
            "Linda Hunt",
            "Grandmother Willow (voice)",
            "Judy Kuhn",
            "Pocahontas (singing voice) (uncredited)",
            "Jeff Bennett",
            "Additional Voices (voice)",
            "Jean Stapleton",
            "Mrs. Jenkins (voice)",
            "Donal Gibson",
            "John Smith (voice)"
        ],
        "orig_title": "Pocahontas II: Journey to a New World",
        "status": " Released",
        "orig_lang": " English",
        "budget_x": 135200000.0,
        "revenue": 198788188.2,
        "country": "US"
    },
    {
        "title": "John Q",
        "date_x": "05/02/2002 ",
        "score": 71.0,
        "genre": [
            "Drama",
            "Thriller",
            "Crime"
        ],
        "overview": "John Quincy Archibald is a father and husband whose son is diagnosed with an enlarged heart and then finds out he cannot receive a transplant because HMO insurance will not cover it. Therefore, he decides to take a hospital full of patients hostage until the hospital puts his son's name on the donor's list.",
        "actors": [
            "Denzel Washington",
            "John Quincy Archibald",
            "James Woods",
            "Dr. Raymond Turner",
            "Kimberly Elise",
            "Denise Archibald",
            "Robert Duvall",
            "Lt. Frank Grimes",
            "Shawn Hatosy",
            "Mitch Quigley",
            "Eddie Griffin",
            "Lester Matthews",
            "Kevin Connolly",
            "Steve Maguire",
            "Ethan Suplee",
            "Guard Max Conlin",
            "Ray Liotta",
            "Chief Gus Monroe"
        ],
        "orig_title": "John Q",
        "status": " Released",
        "orig_lang": " English",
        "budget_x": 36000000.0,
        "revenue": 102244770.0,
        "country": "AU"
    },
    {
        "title": "The Perks of Being a Wallflower",
        "date_x": "11/29/2012 ",
        "score": 78.0,
        "genre": [
            "Drama"
        ],
        "overview": "Pittsburgh, Pennsylvania, 1991. High school freshman Charlie is a wallflower, always watching life from the sidelines, until two senior students, Sam and her stepbrother Patrick, become his mentors, helping him discover the joys of friendship, music and love.",
        "actors": [
            "Logan Lerman",
            "Charlie",
            "Emma Watson",
            "Sam",
            "Ezra Miller",
            "Patrick",
            "Mae Whitman",
            "Mary Elizabeth",
            "Kate Walsh",
            "Mother",
            "Dylan McDermott",
            "Father",
            "Melanie Lynskey",
            "Aunt Helen",
            "Nina Dobrev",
            "Candace",
            "Johnny Simmons",
            "Brad"
        ],
        "orig_title": "The Perks of Being a Wallflower",
        "status": " Released",
        "orig_lang": " English",
        "budget_x": 13000000.0,
        "revenue": 33069303.0,
        "country": "AU"
    },
    {
        "title": "One Piece 3D: Straw Hat Chase",
        "date_x": "03/19/2011 ",
        "score": 68.0,
        "genre": [
            "Animation",
            "Adventure"
        ],
        "overview": "One Piece 3D: Straw Hat Chase is the 11th One Piece film of the series, and is set before the time-skip. This is One Piece's first movie release to be in 3D CGI. The movie is also the first One Piece film since Movie 3 to be a double-feature. This time, the film was featured with \"Toriko 3D: Gourmet Adventure\", both being billed as the \"Jump Heroes Film\". The double-feature was released on March 19, 2011.granmaster",
        "actors": [
            "Mayumi Tanaka",
            "Monkey D. Luffy",
            "Kazuya Nakai",
            "Zorro Roronoa",
            "Akemi Okamura",
            "Nami",
            "Kappei Yamaguchi",
            "Usopp",
            "Hiroaki Hirata",
            "Sanji",
            "Kazuki Yao",
            "Franky",
            "Cho",
            "Brook",
            "Yuriko Yamaguchi",
            "Nico Robin (voice)",
            "Ikue Otani",
            "Tony Tony Chopper (voice)"
        ],
        "orig_title": " ONE PIECE 3D 麦わらチェイス",
        "status": " Released",
        "orig_lang": " Japanese",
        "budget_x": 128000000.0,
        "revenue": 195073159.6,
        "country": "JP"
    },
    {
        "title": "Tomorrow Never Dies",
        "date_x": "01/16/1998 ",
        "score": 63.0,
        "genre": [
            "Adventure",
            "Action",
            "Thriller"
        ],
        "overview": "A deranged media mogul is staging international incidents to pit the world's superpowers against each other. Now James Bond must take on this evil mastermind in an adrenaline-charged battle to end his reign of terror and prevent global pandemonium.",
        "actors": [
            "Pierce Brosnan",
            "James Bond",
            "Michelle Yeoh",
            "Wai Lin",
            "Jonathan Pryce",
            "Elliot Carver",
            "Teri Hatcher",
            "Paris Carver",
            "Judi Dench",
            "M",
            "Ricky Jay",
            "Henry Gupta",
            "Desmond Llewelyn",
            "Q",
            "Götz Otto",
            "Stamper",
            "Samantha Bond",
            "Miss Moneypenny"
        ],
        "orig_title": "Tomorrow Never Dies",
        "status": " Released",
        "orig_lang": " English",
        "budget_x": 110000000.0,
        "revenue": 339504276.0,
        "country": "AU"
    },
    {
        "title": "Hellboy II: The Golden Army",
        "date_x": "07/29/2008 ",
        "score": 68.0,
        "genre": [
            "Fantasy",
            "Action"
        ],
        "overview": "Hellboy, his pyrokinetic girlfriend, Liz, and aquatic empath, Abe Sapien, face their biggest battle when an underworld elven prince plans to reclaim Earth for his magical kindred. Tired of living in the shadow of humans, Prince Nuada tries to awaken an ancient force of killing machines, the all-powerful Golden Army, to clear the way for fantasy creatures to roam free. Only Hellboy can stop the dark prince and prevent humanity's annihilation.",
        "actors": [
            "Ron Perlman",
            "Hellboy",
            "Selma Blair",
            "Liz Sherman",
            "Doug Jones",
            "Abe Sapien",
            "John Alexander",
            "Johann Krauss / Bethmoora Goblin",
            "Seth MacFarlane",
            "Johann (voice)",
            "Luke Goss",
            "Prince Nuada",
            "Anna Walton",
            "Princess Nuala",
            "Jeffrey Tambor",
            "Tom Manning",
            "John Hurt",
            "Trevor Bruttenholm"
        ],
        "orig_title": "Hellboy II: The Golden Army",
        "status": " Released",
        "orig_lang": " English",
        "budget_x": 82500000.0,
        "revenue": 160388063.0,
        "country": "AU"
    },
    {
        "title": "American Pie: Revealed",
        "date_x": "01/02/2004 ",
        "score": 59.0,
        "genre": [
            "Documentary",
            "Comedy"
        ],
        "overview": "Documentary about the making of American Pie (1999), American Pie 2 (2001) and American Wedding (2003).",
        "actors": [
            "Jason Biggs",
            "Himself",
            "Seann William Scott",
            "Himself",
            "Alyson Hannigan",
            "Herself",
            "Eugene Levy",
            "Himself",
            "Tara Reid",
            "Herself",
            "Thomas Ian Nicholas",
            "Himself",
            "Chris Klein",
            "Himself",
            "Mena Suvari",
            "Herself",
            "Eddie Kaye Thomas",
            "Himself"
        ],
        "orig_title": "American Pie: Revealed",
        "status": " Released",
        "orig_lang": " English",
        "budget_x": 147400000.0,
        "revenue": 742474776.0,
        "country": "US"
    },
    {
        "title": "All Ladies Do It",
        "date_x": "02/21/1992 ",
        "score": 46.0,
        "genre": [
            "Comedy",
            "Drama"
        ],
        "overview": "After five years of marriage, Diana discovers the joys of adultery, claiming that she can save her failing relationship through betrayal.",
        "actors": [
            "Claudia Koll",
            "Diana",
            "Paolo Lanza",
            "Paolo",
            "Ornella Marcucci",
            "Nadia",
            "Isabella Deiana",
            "Antonietta",
            "Franco Branciaroli",
            "Alphonse",
            "Renzo Rinaldi",
            "Sig. Silvio",
            "Marco Marciani",
            "Marco",
            "Maurizio Martinoli",
            "Lello",
            "Luciana Cirenei",
            "Notaio"
        ],
        "orig_title": " Così fan tutte",
        "status": " Released",
        "orig_lang": " Italian",
        "budget_x": 114300000.0,
        "revenue": 197992680.8,
        "country": "IT"
    },
    {
        "title": "Back to the Future Part III",
        "date_x": "06/28/1990 ",
        "score": 75.0,
        "genre": [
            "Adventure",
            "Comedy",
            "Science Fiction"
        ],
        "overview": "The final installment of the Back to the Future trilogy finds Marty digging the trusty DeLorean out of a mineshaft and looking for Doc in the Wild West of 1885. But when their time machine breaks down, the travelers are stranded in a land of spurs. More problems arise when Doc falls for pretty schoolteacher Clara Clayton, and Marty tangles with Buford Tannen.",
        "actors": [
            "Michael J. Fox",
            "Marty McFly / Seamus McFly",
            "Christopher Lloyd",
            "Emmett Brown",
            "Thomas F. Wilson",
            "Buford \"Mad Dog\" Tannen / Biff Tannen",
            "Mary Steenburgen",
            "Clara Clayton",
            "Lea Thompson",
            "Maggie McFly / Lorraine McFly",
            "Elisabeth Shue",
            "Jennifer Parker",
            "Matt Clark",
            "Bartender",
            "Richard Dysart",
            "Barbwire Salesman",
            "Pat Buttram",
            "Saloon Old Timer"
        ],
        "orig_title": "Back to the Future Part III",
        "status": " Released",
        "orig_lang": " English",
        "budget_x": 40000000.0,
        "revenue": 244087259.0,
        "country": "AU"
    },
    {
        "title": "Naruto the Movie: Legend of the Stone of Gelel",
        "date_x": "08/06/2005 ",
        "score": 66.0,
        "genre": [
            "Animation",
            "Adventure",
            "Fantasy"
        ],
        "overview": "Naruto, Shikamaru, and Sakura are executing their mission of delivering a lost pet to a certain village. However, right in the midst of things, troops led by the mysterious knight, Temujin, attack them. In the violent battle, the three become separated. Temujin challenges Naruto to a fight and at the end of the fierce battle, both fall together from a high cliff...",
        "actors": [
            "Junko Takeuchi",
            "Naruto Uzumaki (voice)",
            "Chie Nakamura",
            "Sakura Haruno (voice)",
            "Gaamon Kai",
            "Temujin (voice)",
            "Akira Ishida",
            "Gaara of The Desert (voice)",
            "Showtaro Morikubo",
            "Shikamaru Nara (voice)",
            "Takako Honda",
            "Temujin's Childhood Friend (voice)",
            "Yasuyuki Kase",
            "Kankuro (voice)",
            "Sachiko Kojima",
            "Kamira (voice)",
            "Tomoka Kurokawa",
            "Emina (voice)"
        ],
        "orig_title": " 劇場版 NARUTO -ナルト- 大激突!幻の地底遺跡だってばよ",
        "status": " Released",
        "orig_lang": " Japanese",
        "budget_x": 56900000.0,
        "revenue": 10200000.0,
        "country": "JP"
    },
    {
        "title": "Neighbors",
        "date_x": "05/08/2014 ",
        "score": 62.0,
        "genre": [
            "Comedy"
        ],
        "overview": "A couple with a newborn baby face unexpected difficulties after they are forced to live next to a fraternity house.",
        "actors": [
            "Seth Rogen",
            "Mac Radner",
            "Rose Byrne",
            "Kelly Radner",
            "Zac Efron",
            "Teddy Sanders",
            "Dave Franco",
            "Pete Regazolli",
            "Christopher Mintz-Plasse",
            "Scoonie Schofield",
            "Jerrod Carmichael",
            "Garf",
            "Ike Barinholtz",
            "Jimmy Blevins",
            "Carla Gallo",
            "Paula Faldt",
            "Halston Sage",
            "Brooke Shy"
        ],
        "orig_title": "Neighbors",
        "status": " Released",
        "orig_lang": " English",
        "budget_x": 18000000.0,
        "revenue": 270944428.0,
        "country": "AU"
    },
    {
        "title": "Red Sparrow",
        "date_x": "04/09/2018 ",
        "score": 65.0,
        "genre": [
            "Mystery",
            "Thriller"
        ],
        "overview": "Prima ballerina, Dominika Egorova faces a bleak and uncertain future after she suffers an injury that ends her career. She soon turns to Sparrow School, a secret intelligence service that trains exceptional young people to use their minds and bodies as weapons. Dominika emerges as the most dangerous Sparrow after completing the sadistic training process. As she comes to terms with her new abilities, she meets a CIA agent who tries to convince her that he is the only person she can trust.",
        "actors": [
            "Jennifer Lawrence",
            "Dominika Egorova",
            "Joel Edgerton",
            "Nathaniel \"Natan\" Nash",
            "Matthias Schoenaerts",
            "Vanya Egorov",
            "Charlotte Rampling",
            "\"Matron\"",
            "Jeremy Irons",
            "Vladimir Korchnoi",
            "Ciarán Hinds",
            "Alexei Zyuganov",
            "Joely Richardson",
            "Nina Egorova",
            "Mary-Louise Parker",
            "Stephanie Boucher",
            "Bill Camp",
            "Marty Gable"
        ],
        "orig_title": "Red Sparrow",
        "status": " Released",
        "orig_lang": " English",
        "budget_x": 69000000.0,
        "revenue": 145951861.0,
        "country": "AU"
    },
    {
        "title": "The Unborn",
        "date_x": "01/09/2009 ",
        "score": 52.0,
        "genre": [
            "Horror",
            "Thriller",
            "Mystery"
        ],
        "overview": "A young woman fights the spirit that is slowly taking possession of her.",
        "actors": [
            "Odette Annable",
            "Casey Beldon",
            "Cam Gigandet",
            "Mark Hardigan",
            "Gary Oldman",
            "Rabbi Joseph Sendak",
            "Idris Elba",
            "Arthur Wyndham",
            "James Remar",
            "Gordon Beldon",
            "Ethan Cutkosky",
            "Barto Kozma",
            "Meagan Good",
            "Romy Marshall",
            "Jane Alexander",
            "Sofi Kozma",
            "Carla Gugino",
            "Janet Beldon"
        ],
        "orig_title": "The Unborn",
        "status": " Released",
        "orig_lang": " English",
        "budget_x": 16000000.0,
        "revenue": 78208812.0,
        "country": "US"
    },
    {
        "title": "The Gods Must Be Crazy",
        "date_x": "08/09/1984 ",
        "score": 73.0,
        "genre": [
            "Action",
            "Comedy"
        ],
        "overview": "A Coca-Cola bottle dropped from an airplane raises havoc among a normally peaceful tribe of African bushmen who believe it to be a utensil of the gods.",
        "actors": [
            "Marius Weyers",
            "Andrew Steyn",
            "Sandra Prinsloo",
            "Kate Thompson",
            "N!xau",
            "Xi",
            "Louw Verwey",
            "Sam Boga",
            "Michael Thys",
            "Mpudi",
            "Nic De Jager",
            "Jack Hind",
            "Fanyana H. Sidumo",
            "Card 1",
            "Joe Seakatsie",
            "Card 2",
            "Brian O'Shaughnessy",
            "Mr. Thompson"
        ],
        "orig_title": "The Gods Must Be Crazy",
        "status": " Released",
        "orig_lang": " English",
        "budget_x": 5000000.0,
        "revenue": 60000000.0,
        "country": "AU"
    },
    {
        "title": "Lights Out",
        "date_x": "07/21/2016 ",
        "score": 63.0,
        "genre": [
            "Horror",
            "Thriller",
            "Mystery"
        ],
        "overview": "Rebecca must unlock the terror behind her little brother's experiences that once tested her sanity, bringing her face to face with a supernatural spirit attached to their mother.",
        "actors": [
            "Teresa Palmer",
            "Rebecca",
            "Maria Bello",
            "Sophie",
            "Gabriel Bateman",
            "Martin",
            "Alexander DiPersia",
            "Bret",
            "Alicia Vela-Bailey",
            "Diana",
            "Billy Burke",
            "Paul",
            "Andi Osho",
            "Emma",
            "Maria Russell",
            "Gomez",
            "Rolando Boyce",
            "Brian Andrews"
        ],
        "orig_title": "Lights Out",
        "status": " Released",
        "orig_lang": " English",
        "budget_x": 5000000.0,
        "revenue": 148806510.0,
        "country": "AU"
    },
    {
        "title": "Scary Stories to Tell in the Dark",
        "date_x": "09/26/2019 ",
        "score": 65.0,
        "genre": [
            "Horror",
            "Thriller"
        ],
        "overview": "Mill Valley, Pennsylvania, Halloween night, 1968. After playing a joke on a school bully, Stella and her friends decide to sneak into a supposedly haunted house that once belonged to the powerful Bellows family, unleashing dark forces that they will be unable to control.",
        "actors": [
            "Zoe Colletti",
            "Stella Nicholls",
            "Dean Norris",
            "Roy Nicholls",
            "Michael Garza",
            "Ramón Morales",
            "Gabriel Rush",
            "Auggie Hilderbrandt",
            "Gil Bellows",
            "Chief Turner",
            "Natalie Ganzhorn",
            "Ruth Steinberg",
            "Austin Abrams",
            "Tommy Milner",
            "Austin Zajur",
            "Chuck Steinberg",
            "Kathleen Pollard",
            "Sarah Bellows"
        ],
        "orig_title": "Scary Stories to Tell in the Dark",
        "status": " Released",
        "orig_lang": " English",
        "budget_x": 28000000.0,
        "revenue": 95592669.0,
        "country": "AU"
    },
    {
        "title": "Young Mother-in-Law",
        "date_x": "03/09/2018 ",
        "score": 90.0,
        "genre": [
            "Romance"
        ],
        "overview": "A young mother-in-law falls in love with her daughter's boyfriend.",
        "actors": [
            "Si Ah",
            "",
            "Hee Jin",
            "",
            "Joon Ho",
            "",
            "Si Hoo",
            ""
        ],
        "orig_title": " 젊은장모",
        "status": " Released",
        "orig_lang": " Korean",
        "budget_x": 109800000.0,
        "revenue": 1155101096.0,
        "country": "KR"
    },
    {
        "title": "Return of the Jedi",
        "date_x": "06/02/1983 ",
        "score": 79.0,
        "genre": [
            "Adventure",
            "Action",
            "Science Fiction"
        ],
        "overview": "Luke Skywalker leads a mission to rescue his friend Han Solo from the clutches of Jabba the Hutt, while the Emperor seeks to destroy the Rebellion once and for all with a second dreaded Death Star.",
        "actors": [
            "Mark Hamill",
            "Luke Skywalker",
            "Harrison Ford",
            "Han Solo",
            "Carrie Fisher",
            "Princess Leia",
            "Billy Dee Williams",
            "Lando Calrissian",
            "Anthony Daniels",
            "C-3PO",
            "Peter Mayhew",
            "Chewbacca",
            "Sebastian Shaw",
            "Anakin Skywalker",
            "Ian McDiarmid",
            "The Emperor",
            "Frank Oz",
            "Yoda (voice)"
        ],
        "orig_title": "Return of the Jedi",
        "status": " Released",
        "orig_lang": " English",
        "budget_x": 32350000.0,
        "revenue": 572700000.0,
        "country": "AU"
    },
    {
        "title": "Marvel Studios Assembled: The Making of Black Panther: Wakanda Forever",
        "date_x": "02/08/2023 ",
        "score": 68.0,
        "genre": [
            "Documentary"
        ],
        "overview": "Follow the production of “Black Panther: Wakanda Forever” as the cast and crew take on the incredible challenge of remembering T’Challa with a chapter befitting the late king. Through intimate behind-the-scenes footage and interviews, watch Shuri take on the mantel of Wakanda’s hero and face a new foe from the ocean’s depths in Namor.",
        "actors": [
            "Ryan Coogler",
            "Self",
            "Letitia Wright",
            "Self",
            "Lupita Nyong'o",
            "Self",
            "Danai Gurira",
            "Self",
            "Winston Duke",
            "Self",
            "Dominique Thorne",
            "Self",
            "Tenoch Huerta Mejía",
            "Self",
            "Angela Bassett",
            "Self",
            "Kevin Feige",
            "Self"
        ],
        "orig_title": "Marvel Studios Assembled: The Making of Black Panther: Wakanda Forever",
        "status": " Released",
        "orig_lang": " English",
        "budget_x": 81500000.0,
        "revenue": 563588855.0,
        "country": "US"
    },
    {
        "title": "Homefront",
        "date_x": "11/12/2013 ",
        "score": 69.0,
        "genre": [
            "Action",
            "Thriller"
        ],
        "overview": "Phil Broker is a former DEA agent who has gone through a crisis after his action against a biker gang went horribly wrong and it cost the life of his boss' son. He is recently widowed and is left with a 9-years-old daughter, Maddy. He decides to quit the turbulent and demanding life of thrill for Maddy's sake and retires to a small town. His daughter fights off a boy who was bullying her at school and this sets in motion a round of events that end in his direct confrontation with the local Meth drug lord. His past history with the biker gang also enters the arena, making matters more complex. But he has a mission in his mind to protect his daughter and he is ready to pay any cost that it demands.",
        "actors": [
            "Jason Statham",
            "Phil Broker",
            "James Franco",
            "Morgan 'Gator' Bodine",
            "Izabela Vidovic",
            "Maddy Broker",
            "Winona Ryder",
            "Sheryl Marie Mott",
            "Rachelle Lefevre",
            "Susan Hetch",
            "Kate Bosworth",
            "Cassie Bodine Klum",
            "Clancy Brown",
            "Sheriff Keith Rodrigue",
            "Frank Grillo",
            "Cyrus Hanks",
            "Christa Campbell",
            "Lydia"
        ],
        "orig_title": "Homefront",
        "status": " Released",
        "orig_lang": " English",
        "budget_x": 22000000.0,
        "revenue": 51695362.0,
        "country": "AU"
    },
    {
        "title": "Arthur and the Invisibles",
        "date_x": "05/07/2007 ",
        "score": 64.0,
        "genre": [
            "Adventure",
            "Fantasy",
            "Animation",
            "Family"
        ],
        "overview": "Arthur is a spirited ten-year old whose parents are away looking for work, whose eccentric grandfather has been missing for several years, and who lives with his grandmother in a country house that, in two days, will be repossessed, torn down, and turned into a block of flats unless Arthur's grandfather returns to sign some papers and pay off the family debt. Arthur discovers that the key to success lies in his own descent into the land of the Minimoys, creatures no larger than a tooth, whom his grandfather helped relocate to their garden. Somewhere among them is hidden a pile of rubies, too. Can Arthur be of stout heart and save the day? Romance beckons as well, and a villain lurks.",
        "actors": [
            "Freddie Highmore",
            "Arthur Montgomery",
            "Madonna",
            "Princess Selenia (voice)",
            "Mia Farrow",
            "Daisy Suchot",
            "Jimmy Fallon",
            "Betameche (voice)",
            "David Bowie",
            "Maltazard (voice)",
            "Doug Rand",
            "Arthur's Father",
            "Penny Balfour",
            "Rose Montgomery",
            "Ron Crawford",
            "Archibald Suchot",
            "David Suchet",
            "Narrator (voice)"
        ],
        "orig_title": " Arthur et les Minimoys",
        "status": " Released",
        "orig_lang": " English",
        "budget_x": 86000000.0,
        "revenue": 107944236.0,
        "country": "AU"
    },
    {
        "title": "Mission: Possible",
        "date_x": "02/17/2021 ",
        "score": 76.0,
        "genre": [
            "Comedy",
            "Action",
            "Thriller"
        ],
        "overview": "A chinese secret agent Da-hee receives intel that a large number of illegal firearms are being smuggled into Korea and is sent to investigate the case. She meets Su-han, who was supposed to help her with the case but due to his lackluster skills, they keep fighting over really trivial things. But as their witnesses are suddenly murdered, the two of them quickly become the prime suspects.",
        "actors": [
            "Kim Young-kwang",
            "Woo Soo-han",
            "Lee Sun-bin",
            "Yoo Da-hee",
            "Oh Dae-hwan",
            "Jeon-hoon",
            "Seo Hyun-chul",
            "Chief Detective",
            "Choi Byung-mo",
            "Cha-oh",
            "Kim Tae-hoon",
            "Shin Gi-roo",
            "Julien Kang",
            "Yuri",
            "Lee Ji-hun",
            "NIS Team Leader",
            "Park Jin-su",
            "Senior Detective"
        ],
        "orig_title": " 미션 파서블",
        "status": " Released",
        "orig_lang": " Korean",
        "budget_x": 98200000.0,
        "revenue": 881835095.6,
        "country": "KR"
    },
    {
        "title": "The Dictator",
        "date_x": "05/15/2012 ",
        "score": 62.0,
        "genre": [
            "Comedy"
        ],
        "overview": "The heroic story of a dictator who risks his life to ensure that democracy would never come to the country he so lovingly oppressed.",
        "actors": [
            "Sacha Baron Cohen",
            "Aladeen / Efawadh",
            "Ben Kingsley",
            "Tamir",
            "Anna Faris",
            "Zoey",
            "Jason Mantzoukas",
            "Nadal",
            "Sayed Badreya",
            "Omar",
            "Adeel Akhtar",
            "Maroush",
            "Aasif Mandvi",
            "Doctor",
            "Rizwan Manji",
            "Patient",
            "Rocky Citron",
            "Baby Aladeen"
        ],
        "orig_title": "The Dictator",
        "status": " Released",
        "orig_lang": " English",
        "budget_x": 65000000.0,
        "revenue": 180148897.0,
        "country": "AU"
    },
    {
        "title": "The Unforgivable",
        "date_x": "11/24/2021 ",
        "score": 75.0,
        "genre": [
            "Drama",
            "Crime"
        ],
        "overview": "A woman is released from prison after serving a sentence for a violent crime and re-enters a society that refuses to forgive her past.",
        "actors": [
            "Sandra Bullock",
            "Ruth Slater",
            "Viola Davis",
            "Liz Ingram",
            "Vincent D'Onofrio",
            "John Ingram",
            "Jon Bernthal",
            "Blake",
            "Richard Thomas",
            "Michael Malcolm",
            "Linda Emond",
            "Rachel Malcolm",
            "Aisling Franciosi",
            "Katherine Malcolm",
            "Emma Nelson",
            "Emily Malcolm",
            "Will Pullen",
            "Steve Whelan"
        ],
        "orig_title": "The Unforgivable",
        "status": " Released",
        "orig_lang": " English",
        "budget_x": 96260000.0,
        "revenue": 848199123.8,
        "country": "US"
    },
    {
        "title": "August 16, 1947",
        "date_x": "04/07/2023 ",
        "score": 0.0,
        "genre": [
            "Comedy"
        ],
        "overview": "We don't have an overview translated in English. Help us expand our database by adding one.",
        "actors": [
            "Gautham Karthik",
            "",
            "Revathy Sharma",
            "",
            "Pugazh",
            "",
            "TSR",
            ""
        ],
        "orig_title": "August 16, 1947",
        "status": " Released",
        "orig_lang": " Tamil",
        "budget_x": 264940000.0,
        "revenue": 175269998.8,
        "country": "IN"
    },
    {
        "title": "The Exorcist III",
        "date_x": "08/17/1990 ",
        "score": 62.0,
        "genre": [
            "Horror",
            "Mystery"
        ],
        "overview": "Fifteen years after the original film, the philosophical Lieutenant William F. Kinderman is investigating a baffling series of murders on Georgetown that all contain the hallmarks of The Gemini, a deceased serial killer. His investigation eventually leads him to a catatonic patient in a psychiatric hospital who has recently started to speak, claiming he is The Gemini and detailing the murders, but bears a striking resemblance to Father Damien Karras.",
        "actors": [
            "George C. Scott",
            "Lt. William 'Bill' Kinderman",
            "Ed Flanders",
            "Father Joseph Kevin Dyer",
            "Brad Dourif",
            "James Venamun / The Gemini Killer",
            "Jason Miller",
            "Father Damien Karras / Patient X",
            "Nicol Williamson",
            "Father Morning",
            "Scott Wilson",
            "Dr. Temple",
            "Nancy Fish",
            "Nurse Allerton",
            "George DiCenzo",
            "Stedman",
            "Don Gordon",
            "Ryan"
        ],
        "orig_title": "The Exorcist III",
        "status": " Released",
        "orig_lang": " English",
        "budget_x": 9300000.0,
        "revenue": 39024251.0,
        "country": "US"
    },
    {
        "title": "Meet Cute",
        "date_x": "09/21/2022 ",
        "score": 58.0,
        "genre": [
            "Comedy",
            "Romance",
            "Science Fiction"
        ],
        "overview": "A wildly inventive deconstruction of the romantic comedy built around the question: What would you do if you could travel to your loved ones’ past, heal their traumas, fix their problems, and change them into the perfect partner?",
        "actors": [
            "Kaley Cuoco",
            "Sheila",
            "Pete Davidson",
            "Gary",
            "Deborah S. Craig",
            "June",
            "Sierra Fisk",
            "Sandra",
            "Wesley Holloway",
            "Young Gary",
            "Rock Kohli",
            "Amit",
            "Hari Nef",
            "Chai",
            "Kevin Corrigan",
            "Phil the Bartender",
            "Rebecca Schull",
            "Gertrude"
        ],
        "orig_title": "Meet Cute",
        "status": " Released",
        "orig_lang": " English",
        "budget_x": 130000000.0,
        "revenue": 425347626.6,
        "country": "US"
    },
    {
        "title": "Lamborghini: The Man Behind the Legend",
        "date_x": "11/18/2022 ",
        "score": 59.0,
        "genre": [
            "Drama",
            "History"
        ],
        "overview": "Follow the launch of Lamborghini’s career as a manufacturer of tractors, a creator of military vehicles during World War II, and the designer of Lamborghini cars, which he launched in 1963 as the high-end sports car company Automobili Lamborghini.",
        "actors": [
            "Frank Grillo",
            "Ferruccio Lamborghini",
            "Romano Reggiani",
            "Young Ferruccio Lamborghini",
            "Gabriel Byrne",
            "Enzo Ferrari",
            "Matteo Leoni",
            "Matteo",
            "Hannah van der Westhuysen",
            "Clelia Monti",
            "Mira Sorvino",
            "Anita Borgatti",
            "Chiara Primavesi",
            "Young Anita",
            "Francesca Tizzano",
            "Gabriella",
            "Francesca De Martini",
            "Evelina Lamborghini"
        ],
        "orig_title": "Lamborghini: The Man Behind the Legend",
        "status": " Released",
        "orig_lang": " English",
        "budget_x": 128300000.0,
        "revenue": 344328240.8,
        "country": "US"
    },
    {
        "title": "Starship Troopers",
        "date_x": "02/05/1998 ",
        "score": 70.0,
        "genre": [
            "Adventure",
            "Action",
            "Thriller",
            "Science Fiction"
        ],
        "overview": "Set in the future, the story follows a young soldier named Johnny Rico and his exploits in the Mobile Infantry. Rico's military career progresses from recruit to non-commissioned officer and finally to officer against the backdrop of an interstellar war between mankind and an arachnoid species known as \"the Bugs\".",
        "actors": [
            "Casper Van Dien",
            "Johnny D. Rico",
            "Dina Meyer",
            "Dizzy Flores",
            "Denise Richards",
            "Carmen Ibañez",
            "Jake Busey",
            "Private Ace Levy",
            "Neil Patrick Harris",
            "Colonel Carl Jenkins",
            "Clancy Brown",
            "Career Sergeant Zim",
            "Michael Ironside",
            "Lieutenant Jean Rasczak",
            "Patrick Muldoon",
            "Zander Barcalow",
            "Seth Gilliam",
            "Private Sugar Watkins"
        ],
        "orig_title": "Starship Troopers",
        "status": " Released",
        "orig_lang": " English",
        "budget_x": 105000000.0,
        "revenue": 121100000.0,
        "country": "AU"
    },
    {
        "title": "The Rugrats Movie",
        "date_x": "11/20/1998 ",
        "score": 62.0,
        "genre": [
            "Family",
            "Animation",
            "Comedy",
            "Adventure"
        ],
        "overview": "Annoyed by the responsibility of being an older brother to Dil, Tommy sets out with Chuckie, Phil, and Lil to return his baby brother to the hospital. However, they inadvertently get lost in the woods during their trip.",
        "actors": [
            "Whoopi Goldberg",
            "Ranger Margaret (voice)",
            "David Spade",
            "Ranger Frank (voice)",
            "Elizabeth Daily",
            "Tommy Pickles (voice)",
            "Tara Strong",
            "Dilan \"Dil\" Pickles (voice)",
            "Christine Cavanaugh",
            "Chuckie Finster (voice)",
            "Kath Soucie",
            "Phil / Lil / Betty DeVille (voices)",
            "Cheryl Chase",
            "Angelica Pickles (voice)",
            "Tim Curry",
            "Rex Pester (voice)",
            "Jack Riley",
            "Stuart 'Stu' Pickles (voice)"
        ],
        "orig_title": "The Rugrats Movie",
        "status": " Released",
        "orig_lang": " English",
        "budget_x": 28000000.0,
        "revenue": 140894685.0,
        "country": "US"
    },
    {
        "title": "Frozen Fever",
        "date_x": "03/09/2015 ",
        "score": 68.0,
        "genre": [
            "Animation",
            "Family",
            "Adventure",
            "Comedy"
        ],
        "overview": "On Anna's birthday, Elsa and Kristoff are determined to give her the best celebration ever, but Elsa's icy powers may put more than just the party at risk.",
        "actors": [
            "Kristen Bell",
            "Anna (voice)",
            "Idina Menzel",
            "Elsa (voice)",
            "Jonathan Groff",
            "Kristoff (voice)",
            "Josh Gad",
            "Olaf (voice)",
            "Santino Fontana",
            "Hans (voice)",
            "Chris Williams",
            "Oaken (voice)",
            "Paul Briggs",
            "Marshmallow (voice)"
        ],
        "orig_title": "Frozen Fever",
        "status": " Released",
        "orig_lang": " English",
        "budget_x": 90000000.0,
        "revenue": 416291033.2,
        "country": "AU"
    },
    {
        "title": "Poltergeist",
        "date_x": "05/21/2015 ",
        "score": 52.0,
        "genre": [
            "Horror"
        ],
        "overview": "A family's suburban home is invaded by angry spirits. When the terrifying apparitions escalate their attacks and take the youngest daughter, the family must come together to rescue her.",
        "actors": [
            "Sam Rockwell",
            "Eric Bowen",
            "Rosemarie DeWitt",
            "Amy Bowen",
            "Saxon Sharbino",
            "Kendra Bowen",
            "Kyle Catlett",
            "Griffin Bowen",
            "Kennedi Clements",
            "Madison Bowen",
            "Jared Harris",
            "Carrigan Burke",
            "Nicholas Braun",
            "Boyd",
            "Jane Adams",
            "Dr. Claire Powell",
            "Susan Heyward",
            "Sophie"
        ],
        "orig_title": "Poltergeist",
        "status": " Released",
        "orig_lang": " English",
        "budget_x": 35000000.0,
        "revenue": 95691732.0,
        "country": "AU"
    },
    {
        "title": "Poltergeist",
        "date_x": "05/21/2015 ",
        "score": 52.0,
        "genre": [
            "Horror"
        ],
        "overview": "A family's suburban home is invaded by angry spirits. When the terrifying apparitions escalate their attacks and take the youngest daughter, the family must come together to rescue her.",
        "actors": [
            "Sam Rockwell",
            "Eric Bowen",
            "Rosemarie DeWitt",
            "Amy Bowen",
            "Saxon Sharbino",
            "Kendra Bowen",
            "Kyle Catlett",
            "Griffin Bowen",
            "Kennedi Clements",
            "Madison Bowen",
            "Jared Harris",
            "Carrigan Burke",
            "Nicholas Braun",
            "Boyd",
            "Jane Adams",
            "Dr. Claire Powell",
            "Susan Heyward",
            "Sophie"
        ],
        "orig_title": "Poltergeist",
        "status": " Released",
        "orig_lang": " English",
        "budget_x": 10700000.0,
        "revenue": 121706019.0,
        "country": "AU"
    },
    {
        "title": "Case 39",
        "date_x": "11/05/2009 ",
        "score": 63.0,
        "genre": [
            "Horror",
            "Mystery",
            "Thriller"
        ],
        "overview": "In her many years as a social worker, Emily Jenkins believes she has seen it all, until she meets 10-year-old Lilith and the girl's cruel parents. Emily's worst fears are confirmed when the parents try to harm the child, and so Emily assumes custody of Lilith while she looks for a foster family. However, Emily soon finds that dark forces surround the seemingly innocent girl, and the more she tries to protect Lilith, the more horrors she encounters.",
        "actors": [
            "Renée Zellweger",
            "Emily Jenkins",
            "Jodelle Ferland",
            "Lillith Sullivan",
            "Ian McShane",
            "Detective Mike Barron",
            "Bradley Cooper",
            "Douglas J. Ames",
            "Adrian Lester",
            "Wayne",
            "Kerry O'Malley",
            "Margaret Sullivan",
            "Callum Keith Rennie",
            "Edward Sullivan",
            "Cynthia Stevenson",
            "Nancy",
            "Alexander Conti",
            "Diego"
        ],
        "orig_title": "Case 39",
        "status": " Released",
        "orig_lang": " English",
        "budget_x": 27000000.0,
        "revenue": 28773827.0,
        "country": "AU"
    },
    {
        "title": "Intergalactic Meeting",
        "date_x": "09/22/2022 ",
        "score": 55.0,
        "genre": [
            "Adventure",
            "Science Fiction",
            "Comedy"
        ],
        "overview": "We don't have an overview translated in English. Help us expand our database by adding one.",
        "actors": [
            "Marianna Santos",
            "Marina",
            "Pedro Miranda",
            "Thiago",
            "Lucas Salles",
            "",
            "Ronaldo Azevedo",
            "Ronaldo",
            "Cláudia Okuno",
            "Diva",
            "Tulanih Pereira",
            "Flávia",
            "Ronaldo Souza",
            "Ronaldo",
            "Blota Filho",
            "Doutor Hélio / Etélio",
            "Tulanih Pereira",
            ""
        ],
        "orig_title": " Acampamento Intergaláctico",
        "status": " Released",
        "orig_lang": " Portuguese",
        "budget_x": 71800000.0,
        "revenue": 376598693.6,
        "country": "BR"
    },
    {
        "title": "Inuyasha the Movie 4: Fire on the Mystic Island",
        "date_x": "12/23/2004 ",
        "score": 76.0,
        "genre": [
            "Fantasy",
            "Animation",
            "Adventure"
        ],
        "overview": "The mysterious island of Houraijima has reappeared after 50 years, and with its reappearance has brought the attack of four gods, the Shitoushin, who have their eyes set on the powers that protect and sustain the island. Now it's up to Inuyasha and his friends, along with Sesshoumaru, to find a way to defeat the powerful Shitoushin.",
        "actors": [
            "Kappei Yamaguchi",
            "Inuyasha",
            "Satsuki Yukino",
            "Kagome Higurashi",
            "Koji Tsujitani",
            "Miroku",
            "Houko Kuwashima",
            "Sango",
            "Kumiko Watanabe",
            "Shippo",
            "Noriko Hidaka",
            "Kikyo",
            "Fumiko Orikasa",
            "Asagi",
            "Yu Kobayashi",
            "Dai",
            "Reiko Kiuchi",
            "Roku"
        ],
        "orig_title": " 犬夜叉 紅蓮の蓬莱島",
        "status": " Released",
        "orig_lang": " Japanese",
        "budget_x": 129400000.0,
        "revenue": 744554222.6,
        "country": "JP"
    },
    {
        "title": "A Star Is Born",
        "date_x": "10/18/2018 ",
        "score": 75.0,
        "genre": [
            "Music",
            "Drama",
            "Romance"
        ],
        "overview": "Seasoned musician Jackson Maine discovers — and falls in love with — struggling artist Ally. She has just about given up on her dream to make it big as a singer — until Jack coaxes her into the spotlight. But even as Ally's career takes off, the personal side of their relationship is breaking down, as Jack fights an ongoing battle with his own internal demons.",
        "actors": [
            "Bradley Cooper",
            "Jackson Maine",
            "Lady Gaga",
            "Ally Campana",
            "Sam Elliott",
            "Bobby Maine",
            "Andrew Dice Clay",
            "Lorenzo Campana",
            "Rafi Gavron",
            "Rez Gavron",
            "Anthony Ramos",
            "Ramon",
            "Dave Chappelle",
            "George \"Noodles\" Stone",
            "Marlon Williams",
            "Himself",
            "Brandi Carlile",
            "Herself"
        ],
        "orig_title": "A Star Is Born",
        "status": " Released",
        "orig_lang": " English",
        "budget_x": 36000000.0,
        "revenue": 433888866.0,
        "country": "AU"
    },
    {
        "title": "The Hallow",
        "date_x": "11/13/2015 ",
        "score": 57.0,
        "genre": [
            "Fantasy",
            "Horror"
        ],
        "overview": "Deep within the darkness of secluded forest land in rural Ireland dwells an ancient evil. Feared by the nearby superstitious villagers as cursed creatures who prey upon the lost, their secrets have been kept from civilization and remain on their hallowed ground. But when a conservationist from London moves in with his wife and infant child in order to survey the land for future construction, his actions unwittingly disturb the horde of demonic forces. Alone in a remote wilderness, he must now ensure his family's survival from their relentless attacks.",
        "actors": [
            "Joseph Mawle",
            "Adam Hitchens",
            "Bojana Novaković",
            "Clare Hitchens",
            "Michael McElhatton",
            "Colm Donnelly",
            "Michael Smiley",
            "Garda Davey",
            "Gary Lydon",
            "Doyle",
            "Stuart Graham",
            "Contractor Paul Williams",
            "Conor Craig Stephens",
            "Sinuous Hallow",
            "Joss Wyre",
            "Small Hallow",
            "Stephen Cromwell",
            "Jules"
        ],
        "orig_title": "The Hallow",
        "status": " Released",
        "orig_lang": " English",
        "budget_x": 110800000.0,
        "revenue": 522453380.4,
        "country": "IE"
    },
    {
        "title": "Soul Surfer",
        "date_x": "05/26/2011 ",
        "score": 70.0,
        "genre": [
            "Family",
            "Drama"
        ],
        "overview": "The true story of teen surfer Bethany Hamilton, who lost her arm in a shark attack and courageously overcame all odds to become a champion again, through her sheer determination and unwavering faith.",
        "actors": [
            "AnnaSophia Robb",
            "Bethany Hamilton",
            "Helen Hunt",
            "Cheri Hamilton",
            "Dennis Quaid",
            "Tom Hamilton",
            "Carrie Underwood",
            "Sarah Hill",
            "Kevin Sorbo",
            "Holt Blanchard",
            "Ross Thomas",
            "Noah Hamilton",
            "Chris Brochu",
            "Timmy Hamilton",
            "Lorraine Nicholson",
            "Alana Blanchard",
            "Jeremy Sumpter",
            "Byron"
        ],
        "orig_title": "Soul Surfer",
        "status": " Released",
        "orig_lang": " English",
        "budget_x": 18000000.0,
        "revenue": 47135489.0,
        "country": "AU"
    },
    {
        "title": "Dark Shadows",
        "date_x": "05/10/2012 ",
        "score": 60.0,
        "genre": [
            "Comedy",
            "Fantasy"
        ],
        "overview": "Vampire Barnabas Collins is inadvertently freed from his tomb and emerges into the very changed world of 1972. He returns to Collinwood Manor to find that his once-grand estate and family have fallen into ruin.",
        "actors": [
            "Johnny Depp",
            "Barnabas Collins",
            "Michelle Pfeiffer",
            "Elizabeth Collins Stoddard",
            "Helena Bonham Carter",
            "Dr. Julia Hoffman",
            "Eva Green",
            "Angelique Bouchard",
            "Jackie Earle Haley",
            "Willie Loomis",
            "Jonny Lee Miller",
            "Roger Collins",
            "Chloë Grace Moretz",
            "Carolyn Stoddard",
            "Bella Heathcote",
            "Victoria Winters / Josette DuPres",
            "Gulliver McGrath",
            "David Collins"
        ],
        "orig_title": "Dark Shadows",
        "status": " Released",
        "orig_lang": " English",
        "budget_x": 150000000.0,
        "revenue": 245564215.0,
        "country": "AU"
    },
    {
        "title": "Red Riding Hood",
        "date_x": "03/24/2011 ",
        "score": 60.0,
        "genre": [
            "Fantasy",
            "Thriller",
            "Horror"
        ],
        "overview": "Valerie is in love with a brooding outsider, Peter, but her parents have arranged for her to marry another man. Unwilling to lose each other, Valerie and Peter plan to run away together when Valerie's older sister is killed by a werewolf that prowls the dark forest surrounding their village. Panic grips the town as Valerie discovers that she has a unique connection to the beast--one that inexorably draws them together, making her both suspect...and bait",
        "actors": [
            "Amanda Seyfried",
            "Valerie",
            "Gary Oldman",
            "Father Soloman",
            "Billy Burke",
            "Cesaire",
            "Shiloh Fernandez",
            "Peter",
            "Max Irons",
            "Henry",
            "Julie Christie",
            "Grandmother",
            "Lukas Haas",
            "Father August",
            "Virginia Madsen",
            "Suzette",
            "Shauna Kain",
            "Roxanne"
        ],
        "orig_title": "Red Riding Hood",
        "status": " Released",
        "orig_lang": " English",
        "budget_x": 42000000.0,
        "revenue": 91678442.0,
        "country": "AU"
    },
    {
        "title": "Ki Main Jhoot Boleya",
        "date_x": "03/24/2023 ",
        "score": 0.0,
        "genre": [
            "Romance",
            "Comedy"
        ],
        "overview": "Manvir, a down-on-luck NRI, has to find a job and house to be able to marry his girlfriend. He finds the perfect home, but there's a catch. The owner only allows married couples. What will he do?",
        "actors": [
            ""
        ],
        "orig_title": "Ki Main Jhoot Boleya",
        "status": " Released",
        "orig_lang": " English",
        "budget_x": 213940000.0,
        "revenue": 178359863.0,
        "country": "IN"
    },
    {
        "title": "Spider-Man 2",
        "date_x": "06/30/2004 ",
        "score": 72.0,
        "genre": [
            "Action",
            "Adventure",
            "Fantasy"
        ],
        "overview": "Peter Parker is going through a major identity crisis. Burned out from being Spider-Man, he decides to shelve his superhero alter ego, which leaves the city suffering in the wake of carnage left by the evil Doc Ock. In the meantime, Parker still can't act on his feelings for Mary Jane Watson, a girl he's loved since childhood. A certain anger begins to brew in his best friend Harry Osborn as well...",
        "actors": [
            "Tobey Maguire",
            "Spider-Man / Peter Parker",
            "Kirsten Dunst",
            "Mary Jane Watson",
            "James Franco",
            "Harry Osborn",
            "Alfred Molina",
            "Doc Ock / Otto Octavius",
            "Rosemary Harris",
            "May Parker",
            "J.K. Simmons",
            "J. Jonah Jameson",
            "Donna Murphy",
            "Rosalie Octavius",
            "Daniel Gillies",
            "John Jameson",
            "Dylan Baker",
            "Dr. Curt Connors"
        ],
        "orig_title": "Spider-Man 2",
        "status": " Released",
        "orig_lang": " English",
        "budget_x": 200000000.0,
        "revenue": 794697557.0,
        "country": "AU"
    },
    {
        "title": "Casino",
        "date_x": "03/07/1996 ",
        "score": 80.0,
        "genre": [
            "Crime",
            "Drama"
        ],
        "overview": "In early-1970s Las Vegas, Sam \"Ace\" Rothstein gets tapped by his bosses to head the Tangiers Casino. At first, he's a great success in the job, but over the years, problems with his loose-cannon enforcer Nicky Santoro, his ex-hustler wife Ginger, her con-artist ex Lester Diamond and a handful of corrupt politicians put Sam in ever-increasing danger.",
        "actors": [
            "Robert De Niro",
            "Sam 'Ace' Rothstein",
            "Sharon Stone",
            "Ginger McKenna",
            "Joe Pesci",
            "Nicky Santoro",
            "Don Rickles",
            "Billy Sherbert",
            "James Woods",
            "Lester Diamond",
            "Alan King",
            "Andy Stone",
            "Kevin Pollak",
            "Phillip Green",
            "Pasquale Cajano",
            "Remo Gaggi",
            "L.Q. Jones",
            "Pat Webb"
        ],
        "orig_title": "Casino",
        "status": " Released",
        "orig_lang": " English",
        "budget_x": 52000000.0,
        "revenue": 110400000.0,
        "country": "AU"
    },
    {
        "title": "The Sorcerer's Apprentice",
        "date_x": "09/09/2010 ",
        "score": 61.0,
        "genre": [
            "Fantasy",
            "Adventure",
            "Action"
        ],
        "overview": "Balthazar Blake is a master sorcerer in modern-day Manhattan trying to defend the city from his arch-nemesis, Maxim Horvath. Balthazar can't do it alone, so he recruits Dave Stutler, a seemingly average guy who demonstrates hidden potential, as his reluctant protégé. The sorcerer gives his unwilling accomplice a crash course in the art and science of magic, and together, these unlikely partners work to stop the forces of darkness.",
        "actors": [
            "Nicolas Cage",
            "Balthazar Blake",
            "Jay Baruchel",
            "Dave Stutler",
            "Alfred Molina",
            "Maxim Horvath",
            "Teresa Palmer",
            "Becky Barnes",
            "Toby Kebbell",
            "Drake Stone",
            "Omar Benson Miller",
            "Bennet",
            "Monica Bellucci",
            "Veronica Gorloisen",
            "Alice Krige",
            "Morgana le Fay",
            "Jake Cherry",
            "Young Dave"
        ],
        "orig_title": "The Sorcerer's Apprentice",
        "status": " Released",
        "orig_lang": " English",
        "budget_x": 160000000.0,
        "revenue": 217986320.0,
        "country": "AU"
    },
    {
        "title": "Rascal Does Not Dream of a Dreaming Girl",
        "date_x": "10/10/2019 ",
        "score": 82.0,
        "genre": [
            "Animation",
            "Comedy",
            "Romance",
            "Drama",
            "Fantasy"
        ],
        "overview": "In Fujisawa, Sakuta Azusagawa is in his second year of high school. Blissful days with his girlfriend and upperclassman, Mai Sakurajima, are interrupted by the appearance of his first crush, Shoko Makinohara.",
        "actors": [
            "Kaito Ishikawa",
            "Sakuta Azusagawa (voice)",
            "Asami Seto",
            "Mai Sakurajima (voice)",
            "Yurika Kubo",
            "Kaede Azusagawa (voice)",
            "Nao Toyama",
            "Tomoe Koga (voice)",
            "Atsumi Tanezaki",
            "Rio Futaba (voice)",
            "Maaya Uchida",
            "Nodoka Toyohama (voice)",
            "Inori Minase",
            "Shoko Makinohara (voice)",
            "Himika Akaneya",
            "Saki Kamisato (voice)",
            "Yuma Uchida",
            "Yuma Kunimi (voice)"
        ],
        "orig_title": " 青春ブタ野郎はゆめみる少女の夢を見ない",
        "status": " Released",
        "orig_lang": " Japanese",
        "budget_x": 208000000.0,
        "revenue": 637885942.8,
        "country": "AU"
    },
    {
        "title": "Platoon",
        "date_x": "03/05/1987 ",
        "score": 77.0,
        "genre": [
            "Drama",
            "War",
            "Action"
        ],
        "overview": "As a young and naive recruit in Vietnam, Chris Taylor faces a moral crisis when confronted with the horrors of war and the duality of man.",
        "actors": [
            "Tom Berenger",
            "Staff Sergeant Bob Barnes",
            "Willem Dafoe",
            "Sgt. Elias",
            "Charlie Sheen",
            "Chris",
            "Forest Whitaker",
            "Big Harold",
            "Francesco Quinn",
            "Rhah",
            "John C. McGinley",
            "Sgt. O'Neill",
            "Richard Edson",
            "Sal",
            "Kevin Dillon",
            "Bunny",
            "Reggie Johnson",
            "Junior"
        ],
        "orig_title": "Platoon",
        "status": " Released",
        "orig_lang": " English",
        "budget_x": 6000000.0,
        "revenue": 137978395.0,
        "country": "AU"
    },
    {
        "title": "The Heist of the Century",
        "date_x": "01/16/2020 ",
        "score": 78.0,
        "genre": [
            "Comedy",
            "Thriller",
            "Crime"
        ],
        "overview": "In 2006, a group of thieves performed what is considered one of the most famous and smart bank heists in the history of Argentina. How they robbed the Rio bank is as surprising as what happened afterwards. This is their story.",
        "actors": [
            "Guillermo Francella",
            "Mario Vitette",
            "Diego Peretti",
            "Fernando Araujo",
            "Luis Luque",
            "Miguel Sileo",
            "Pablo Rago",
            "\"El Marciano\"",
            "Rafael Ferro",
            "Alberto de la Torre \"Beto\"",
            "Mariano Argento",
            "\"El Doc\" Debauza",
            "Juan Alari",
            "\"El Gaita\"",
            "Fabián Arenillas",
            "Capitán",
            "Darío Levy",
            "Jefe de Policía"
        ],
        "orig_title": " El robo del siglo",
        "status": " Released",
        "orig_lang": " Spanish, Castilian",
        "budget_x": 29211149.2,
        "revenue": 7627100.0,
        "country": "AR"
    },
    {
        "title": "Powder",
        "date_x": "02/08/1996 ",
        "score": 69.0,
        "genre": [
            "Drama",
            "Fantasy",
            "Science Fiction",
            "Thriller"
        ],
        "overview": "Harassed by classmates who won't accept his shocking appearance, a shy young man known as \"Powder\" struggles to fit in. But the cruel taunts stop when Powder displays a mysterious power that allows him to do incredible things. This phenomenon changes the lives of all those around him in ways they never could have imagined.",
        "actors": [
            "Mary Steenburgen",
            "Jessie Caldwell",
            "Sean Patrick Flanery",
            "Jeremy 'Powder' Reed",
            "Lance Henriksen",
            "Sheriff Doug Barnum",
            "Jeff Goldblum",
            "Donald Ripley",
            "Brandon Smith",
            "Deputy Harley Duncan",
            "Bradford Tatum",
            "John Box",
            "Susan Tyrrell",
            "Maxine",
            "Missy Crider",
            "Lindsey Kelloway",
            "Ray Wise",
            "Dr. Aaron Stripler"
        ],
        "orig_title": "Powder",
        "status": " Released",
        "orig_lang": " English",
        "budget_x": 9500000.0,
        "revenue": 30862156.0,
        "country": "AU"
    },
    {
        "title": "The Spiderwick Chronicles",
        "date_x": "03/21/2008 ",
        "score": 66.0,
        "genre": [
            "Family",
            "Adventure",
            "Fantasy"
        ],
        "overview": "Upon moving into the run-down Spiderwick Estate with their mother, twin brothers Jared and Simon Grace, along with their sister Mallory, find themselves pulled into an alternate world full of faeries and other creatures.",
        "actors": [
            "Sarah Bolger",
            "Mallory Grace",
            "Jordy Benattar",
            "Young Lucinda Spiderwick",
            "Mary-Louise Parker",
            "Helen Grace",
            "Nick Nolte",
            "Mulgarath",
            "Andrew McCarthy",
            "Richard Grace",
            "Lise Durocher-Viens",
            "Mrs. Spiderwick",
            "Freddie Highmore",
            "Jared Grace / Simon Grace",
            "Joan Plowright",
            "Aunt Lucinda Spiderwick",
            "David Strathairn",
            "Arthur Spiderwick"
        ],
        "orig_title": "The Spiderwick Chronicles",
        "status": " Released",
        "orig_lang": " English",
        "budget_x": 92500000.0,
        "revenue": 162839667.0,
        "country": "AU"
    }
]