[
    {
        "title": "Los verduleros",
        "date_x": "02/07/1986 ",
        "score": 73.0,
        "genre": [
            "Comedy"
        ],
        "overview": "The adventures of two friends, one a chicken vendor in a market and the other a policeman. They have love affairs and capture criminals.",
        "actors": [
            "Alfonso Zayas",
            "Roberto",
            "Angélica Chain",
            "Soledad",
            "Luis de Alba",
            "Juan Camaney",
            "Rossy Mendoza",
            "Adriana",
            "José René Ruiz 'Tun-Tun'",
            "Chapoy",
            "Gerardo Zepeda",
            "el chiquilin",
            "Pedro Infante Jr.",
            "",
            "Arturo Farfán",
            "",
            "Wolf Ruvinskis",
            ""
        ],
        "orig_title": "Los verduleros",
        "status": " Released",
        "orig_lang": " Spanish, Castilian",
        "budget_x": 119000000.0,
        "revenue": 646477476.0,
        "country": "MX"
    },
    {
        "title": "Avengers Grimm: Time Wars",
        "date_x": "05/01/2018 ",
        "score": 48.0,
        "genre": [
            "Action",
            "Adventure",
            "Fantasy"
        ],
        "overview": "When Rumpelstiltskin tries to take over Earth once and for all, The Avengers Grimm must track him down through time in order to defeat him.",
        "actors": [
            "Marah Fairclough",
            "Sleeping Beauty",
            "Lauren Parkinson",
            "Snow White",
            "Eric Feltes",
            "Rumpelstiltskin",
            "Randall Yarbrough",
            "Hatter",
            "Michael Marcel",
            "Prince Charles Charming III",
            "Christina Licciardi",
            "Alice",
            "Katherine Maya",
            "Magda"
        ],
        "orig_title": "Avengers Grimm: Time Wars",
        "status": " Released",
        "orig_lang": " English",
        "budget_x": 133800000.0,
        "revenue": 763164622.4,
        "country": "US"
    },
    {
        "title": "Super Monsters: Once Upon a Rhyme",
        "date_x": "06/01/2021 ",
        "score": 62.0,
        "genre": [
            "Animation"
        ],
        "overview": "From Goldilocks to Hansel and Gretel, the Super Monsters reimagine classic fairy tales and favorite nursery rhymes with a musical, magical spin!",
        "actors": [
            ""
        ],
        "orig_title": "Super Monsters: Once Upon a Rhyme",
        "status": " Released",
        "orig_lang": " English",
        "budget_x": 92200000.0,
        "revenue": 355010205.6,
        "country": "HU"
    },
    {
        "title": "Ghost in the Shell 2.0",
        "date_x": "07/12/2008 ",
        "score": 74.0,
        "genre": [
            "Action",
            "Animation",
            "Science Fiction"
        ],
        "overview": "In the year 2029, Section 9, a group of cybernetically enhanced cops, are called in to investigate and stop a highly-wanted hacker known as 'The Puppetmaster'.  Ghost in the Shell 2.0 is a reproduced version of its original 1995 counterpart. Among a numerous enhancements, for the film's 2.0 release, were a number of scenes were overhauled with 3D animation, visual improvements, and soundtrack rerecorded in 6.1 surround sound.",
        "actors": [
            "Atsuko Tanaka",
            "Motoko Kusanagi (voice)",
            "Akio Otsuka",
            "Batou (voice)",
            "Koichi Yamadera",
            "Togusa (voice)",
            "Tamio Ohki",
            "Section 9 Department Chief Aramaki (voice)",
            "Tessyo Genda",
            "Section 6 Department Chief Nakamura (voice)"
        ],
        "orig_title": " GHOST IN THE SHELL／攻殻機動隊2.0",
        "status": " Released",
        "orig_lang": " Japanese",
        "budget_x": 66600000.0,
        "revenue": 439119920.6,
        "country": "JP"
    },
    {
        "title": "Taxi 4",
        "date_x": "02/14/2007 ",
        "score": 56.0,
        "genre": [
            "Action",
            "Comedy"
        ],
        "overview": "Before being extradited to Africa to stand trial, a notorious Belgian criminal is entrusted to the Marseilles police department for less than 24 hours. But the wily crook convinces bumbling policeman Emilien he's a lowly Belgian embassy employee who got railroaded by the brilliant master criminal.",
        "actors": [
            "Samy Naceri",
            "Daniel Morales",
            "Frédéric Diefenthal",
            "Émilien Coutant-Kerbalec",
            "Bernard Farcy",
            "Commissaire Gibert",
            "Emma Wiklund",
            "Petra",
            "Édouard Montoute",
            "Alain",
            "Jean-Christophe Bouvet",
            "Général Edmond Bertineau",
            "Jean-Luc Couchard",
            "Le Belge",
            "François Damiens",
            "Serge",
            "Mourad Zeguendi",
            "Sukk"
        ],
        "orig_title": "Taxi 4",
        "status": " Released",
        "orig_lang": " French",
        "budget_x": 17500000.0,
        "revenue": 60865364.0,
        "country": "FR"
    },
    {
        "title": "Sex and Death 101",
        "date_x": "01/09/2009 ",
        "score": 61.0,
        "genre": [
            "Comedy",
            "Romance",
            "Drama"
        ],
        "overview": "A guy's life is turned around by an email, which includes the names of everyone he's had sex with and ever will have sex with. His situation gets worse when he encounters a femme fatale (Ryder) who targets men guilty of sex crime.",
        "actors": [
            "Simon Baker",
            "Roderick Blank",
            "Winona Ryder",
            "Death Nell",
            "Julie Bowen",
            "Fiona Wormwood (#29)",
            "Leslie Bibb",
            "Dr. Miranda Storm",
            "Skyler James Sandak",
            "Roderick Blank Jr.",
            "Natassia Malthe",
            "Bambi",
            "Jessica Kiper",
            "Precious / Carlotta Valdes (#30)",
            "Candice Coke",
            "Greta Samsa (#32)",
            "Pollyanna McIntosh",
            "Thumper (#64)"
        ],
        "orig_title": "Sex and Death 101",
        "status": " Released",
        "orig_lang": " English",
        "budget_x": 5.0,
        "revenue": 1.0,
        "country": "AU"
    },
    {
        "title": "Signs",
        "date_x": "08/15/2002 ",
        "score": 67.0,
        "genre": [
            "Drama",
            "Thriller",
            "Science Fiction",
            "Mystery"
        ],
        "overview": "A family living on a farm finds mysterious crop circles in their fields which suggests something more frightening to come.",
        "actors": [
            "Mel Gibson",
            "Graham Hess",
            "Joaquin Phoenix",
            "Merrill Hess",
            "Rory Culkin",
            "Morgan Hess",
            "Abigail Breslin",
            "Bo Hess",
            "Cherry Jones",
            "Officer Paski",
            "M. Night Shyamalan",
            "Ray Reddy",
            "Patricia Kalember",
            "Colleen Hess",
            "Ted Sutton",
            "SFC Cunningham",
            "Merritt Wever",
            "Tracey Abernathy"
        ],
        "orig_title": "Signs",
        "status": " Released",
        "orig_lang": " English",
        "budget_x": 70702619.0,
        "revenue": 408250578.0,
        "country": "AU"
    },
    {
        "title": "13:14: The Challenge of Helping",
        "date_x": "09/16/2022 ",
        "score": 55.0,
        "genre": [
            "Documentary",
            "History",
            "TV Movie"
        ],
        "overview": "On September 19, 2017, at 1:14 p.m., an earthquake devastated Mexico City and its environs. Immediately, citizens mobilized to help, including the actor and youtuber Juanpa Zurita who quickly organized a group of friends that included singers, actors, content creators and other celebrities from the world of entertainment who helped him raise funds for the reconstruction of the city.",
        "actors": [
            "Juanpa Zurita",
            "Self",
            "Pambo",
            "Self",
            "Eugenio Derbez",
            "Himself",
            "Lele Pons",
            "Herself",
            "Luis Arturo Villar Sudek",
            "Himself",
            "Pati Chapoy",
            "Self",
            "Sofía Niño de Rivera",
            "Self",
            "Montserrat Oliver",
            "Self",
            "Juca Viapri",
            "Self"
        ],
        "orig_title": " 13:14: El Reto de Ayudar",
        "status": " Released",
        "orig_lang": " Spanish, Castilian",
        "budget_x": 128400000.0,
        "revenue": 401104136.4,
        "country": "MX"
    },
    {
        "title": "Kiss of the Dragon",
        "date_x": "10/10/2001 ",
        "score": 68.0,
        "genre": [
            "Action",
            "Crime",
            "Thriller"
        ],
        "overview": "Liu Jian, an elite Chinese police officer, comes to Paris to arrest a Chinese drug lord. When Jian is betrayed by a French officer and framed for murder, he must go into hiding and find new allies.",
        "actors": [
            "Jet Li",
            "Liu Jian",
            "Bridget Fonda",
            "Jessica Kamen",
            "Tchéky Karyo",
            "Insp. Richard",
            "Max Ryan",
            "Lupo",
            "Ric Young",
            "Mister Big",
            "Burt Kwouk",
            "Uncle Tai",
            "Laurence Ashley",
            "Aja",
            "Cyril Raffaelli",
            "Twin",
            "Didier Azoulay",
            "Twin"
        ],
        "orig_title": "Kiss of the Dragon",
        "status": " Released",
        "orig_lang": " English",
        "budget_x": 25000000.0,
        "revenue": 36833473.0,
        "country": "AU"
    },
    {
        "title": "Don't Be Afraid of the Dark",
        "date_x": "08/25/2011 ",
        "score": 57.0,
        "genre": [
            "Fantasy",
            "Horror",
            "Thriller"
        ],
        "overview": "A young girl sent to live with her father and his new girlfriend discovers creatures in her new home who want to claim her as one of their own.",
        "actors": [
            "Katie Holmes",
            "Kim",
            "Guy Pearce",
            "Alex Hirst",
            "Bailee Madison",
            "Sally Hirst",
            "Jack Thompson",
            "Harris",
            "Alan Dale",
            "Jacoby",
            "Emelia Burns",
            "Caterer",
            "Nicholas Bell",
            "Psychiatrist",
            "James Mackay",
            "Librarian",
            "Eddie Ritchard",
            "Housekeeper"
        ],
        "orig_title": "Don't Be Afraid of the Dark",
        "status": " Released",
        "orig_lang": " English",
        "budget_x": 25000000.0,
        "revenue": 39126427.0,
        "country": "AU"
    },
    {
        "title": "Balto",
        "date_x": "12/22/1995 ",
        "score": 73.0,
        "genre": [
            "Family",
            "Animation",
            "Adventure"
        ],
        "overview": "An outcast half-wolf risks his life to prevent a deadly epidemic from ravaging Nome, Alaska.",
        "actors": [
            "Kevin Bacon",
            "Balto (voice)",
            "Bob Hoskins",
            "Boris the Goose (voice)",
            "Bridget Fonda",
            "Jenna (voice)",
            "Jim Cummings",
            "Steele the Sled Dog (voice)",
            "Phil Collins",
            "Muk and Luk (voice)",
            "Juliette Brewer",
            "Young Rosy (voice)",
            "Jack Angel",
            "Nikki (voice)",
            "Danny Mann",
            "Kaltag (voice)",
            "Robbie Rist",
            "Star (voice)"
        ],
        "orig_title": "Balto",
        "status": " Released",
        "orig_lang": " English",
        "budget_x": 31000000.0,
        "revenue": 11348324.0,
        "country": "US"
    },
    {
        "title": "Singularity",
        "date_x": "07/04/2018 ",
        "score": 37.0,
        "genre": [
            "Science Fiction"
        ],
        "overview": "When Elias van Dorne, CEO of the world's largest robotics company, introduces his most powerful invention, Kronos-a super-computer designed to end all wars-it determines that humans are the biggest threat and launches a worldwide attack on mankind. A small band of survivors must form an unlikely alliance to survive the greatest artificial intelligence threat man will ever know.",
        "actors": [
            "Jeannine Wacker",
            "Calia",
            "Julian Schaffner",
            "Andrew Davis",
            "John Cusack",
            "Elias Van Dorne",
            "Carmen Argenziano",
            "Damien Walsh",
            "Eileen Grubba",
            "Veronica Davis",
            "Pavlo Bubryak",
            "Cassiem",
            "David Chrisman",
            "TV Reporter",
            "Jason Marnocha",
            "Minions (voice)",
            "Elaine Loh",
            "Reporter"
        ],
        "orig_title": "Singularity",
        "status": " Released",
        "orig_lang": " English",
        "budget_x": 58670000.0,
        "revenue": 369789904.8,
        "country": "AU"
    },
    {
        "title": "Brotherhood of the Wolf",
        "date_x": "11/28/2002 ",
        "score": 67.0,
        "genre": [
            "Adventure",
            "Horror",
            "Action",
            "History"
        ],
        "overview": "In 18th century France, the Chevalier de Fronsac and his Native American friend Mani are sent by the King to the Gevaudan province to investigate the killings of hundreds by a mysterious beast.",
        "actors": [
            "Samuel Le Bihan",
            "Grégoire de Fronsac",
            "Vincent Cassel",
            "Jean-François de Morangias",
            "Émilie Dequenne",
            "Marianne de Morangias",
            "Monica Bellucci",
            "Sylvia",
            "Jérémie Renier",
            "Thomas d'Apcher",
            "Mark Dacascos",
            "Mani",
            "Jean Yanne",
            "Le Comte de Morangias",
            "Jean-François Stévenin",
            "Sardis",
            "Johan Leysen",
            "Beauterne"
        ],
        "orig_title": " Le Pacte des loups",
        "status": " Released",
        "orig_lang": " French",
        "budget_x": 29000000.0,
        "revenue": 70752904.0,
        "country": "AU"
    },
    {
        "title": "Arthur Christmas",
        "date_x": "11/24/2011 ",
        "score": 68.0,
        "genre": [
            "Drama",
            "Animation",
            "Family",
            "Comedy"
        ],
        "overview": "This movie reveals the incredible, never-before seen answer to every child's question: \"So how does Santa deliver all those presents in one night?\" The answer: Santa's (Jim Broadbent's) exhilarating, ultra-high-tech operation hidden beneath the North Pole. But at the center of this movie is a story about a family in a state of comic dysfunction and an unlikely hero, Arthur (James McAvoy), with an urgent mission that must be completed before Christmas morning dawns.",
        "actors": [
            "James McAvoy",
            "Arthur (voice)",
            "Hugh Laurie",
            "Steve (voice)",
            "Bill Nighy",
            "Grandsanta (voice)",
            "Jim Broadbent",
            "Santa (voice)",
            "Imelda Staunton",
            "Mrs Santa (voice)",
            "Ashley Jensen",
            "Bryony (voice)",
            "Marc Wootton",
            "Peter (voice)",
            "Laura Linney",
            "North Pole Computer (voice)",
            "Eva Longoria",
            "Chief De Silva (voice)"
        ],
        "orig_title": "Arthur Christmas",
        "status": " Released",
        "orig_lang": " English",
        "budget_x": 85000000.0,
        "revenue": 147865565.0,
        "country": "AU"
    },
    {
        "title": "Swordfish",
        "date_x": "07/27/2001 ",
        "score": 62.0,
        "genre": [
            "Action",
            "Crime",
            "Thriller"
        ],
        "overview": "Rogue agent Gabriel Shear is determined to get his mitts on $9 billion stashed in a secret Drug Enforcement Administration account. He wants the cash to fight terrorism, but lacks the computer skills necessary to hack into the government mainframe. Enter Stanley Jobson, a n'er-do-well encryption expert who can log into anything.",
        "actors": [
            "John Travolta",
            "Gabriel Shear",
            "Hugh Jackman",
            "Stanley Jobson",
            "Don Cheadle",
            "Agent J.T. Roberts",
            "Halle Berry",
            "Ginger Knowles",
            "Sam Shepard",
            "Senator James Reisman",
            "Vinnie Jones",
            "Marco",
            "Drea de Matteo",
            "Melissa",
            "Jason Christopher",
            "Club Kid",
            "Zach Grenier",
            "Assistant Director Bill Joy"
        ],
        "orig_title": "Swordfish",
        "status": " Released",
        "orig_lang": " English",
        "budget_x": 80000000.0,
        "revenue": 147080413.0,
        "country": "AU"
    },
    {
        "title": "My Brother's Wife 2",
        "date_x": "08/31/2016 ",
        "score": 35.0,
        "genre": [
            "Romance",
            "Family",
            "Drama"
        ],
        "overview": "A film about what happens when a man who is in debt and caught by Gundal becomes the wife's bodyguard.",
        "actors": [
            "Lee Chae-dam",
            "",
            "Lee Yoo-chan",
            ""
        ],
        "orig_title": " 형님 아내2",
        "status": " Released",
        "orig_lang": " Korean",
        "budget_x": 47270000.0,
        "revenue": 329856760.8,
        "country": "KR"
    },
    {
        "title": "Shutter",
        "date_x": "05/15/2008 ",
        "score": 55.0,
        "genre": [
            "Horror",
            "Mystery",
            "Thriller"
        ],
        "overview": "A newly married couple discovers disturbing, ghostly images in photographs they develop after a tragic accident. Fearing the manifestations may be connected, they investigate and learn that some mysteries are better left unsolved.",
        "actors": [
            "Joshua Jackson",
            "Benjamin Shaw",
            "Rachael Taylor",
            "Jane Shaw",
            "Megumi Okina",
            "Megumi Tanaka",
            "David Denman",
            "Bruno",
            "Eri Otoguro",
            "Yoko",
            "John Hensley",
            "Adam",
            "Maya Hazen",
            "Seiko",
            "James Kyson",
            "Ritsuo",
            "Yoshiko Miyazaki",
            "Akiko"
        ],
        "orig_title": "Shutter",
        "status": " Released",
        "orig_lang": " English",
        "budget_x": 8000000.0,
        "revenue": 47782426.0,
        "country": "AU"
    },
    {
        "title": "Halloween III: Season of the Witch",
        "date_x": "06/16/1983 ",
        "score": 51.0,
        "genre": [
            "Horror",
            "Mystery",
            "Science Fiction"
        ],
        "overview": "Dr. Daniel Challis and Ellie Grimbridge stumble onto a gruesome murder scheme when Ellie's novelty-salesman father, Harry, is killed while in possession of a halloween mask made by the Silver Shamrock mask company. The company's owner, Conal Cochran, wants to return Halloween to its darker roots using his masks -- and his unspeakable scheme would unleash death and destruction across the country.",
        "actors": [
            "Tom Atkins",
            "Dr. Daniel 'Dan' Challis",
            "Stacey Nelkin",
            "Ellie Grimbridge",
            "Dan O'Herlihy",
            "Conal Cochran",
            "Michael Currie",
            "Rafferty",
            "Ralph Strait",
            "Buddy Kupfer",
            "Jadeen Barbor",
            "Betty Kupfer",
            "Brad Schacter",
            "'Little' Buddy Kupfer Jr.",
            "Garn Stephens",
            "Marge Guttman",
            "Nancy Loomis",
            "Linda Challis"
        ],
        "orig_title": "Halloween III: Season of the Witch",
        "status": " Released",
        "orig_lang": " English",
        "budget_x": 2500000.0,
        "revenue": 14400000.0,
        "country": "AU"
    },
    {
        "title": "Grimsby",
        "date_x": "03/03/2016 ",
        "score": 59.0,
        "genre": [
            "Action",
            "Comedy"
        ],
        "overview": "Wrongfully accused and on the run, a top MI6 assassin joins forces with his long-lost, football hooligan brother to save the world from a sinister plot.",
        "actors": [
            "Sacha Baron Cohen",
            "Kyle \"Nobby\" Butcher",
            "Mark Strong",
            "Agent Sebastian Graves",
            "Isla Fisher",
            "Margaret",
            "Penélope Cruz",
            "Kate",
            "Rebel Wilson",
            "Lindsey",
            "Gabourey Sidibe",
            "Banu",
            "Annabelle Wallis",
            "Marianne",
            "Nick Sampson",
            "WHN Newscaster",
            "David Harewood",
            "Black Gareth"
        ],
        "orig_title": "Grimsby",
        "status": " Released",
        "orig_lang": " English",
        "budget_x": 35000000.0,
        "revenue": 27979040.0,
        "country": "AU"
    },
    {
        "title": "Collateral Beauty",
        "date_x": "12/06/2016 ",
        "score": 72.0,
        "genre": [
            "Drama",
            "Romance"
        ],
        "overview": "Retreating from life after a tragedy, a man questions the universe by writing to Love, Time and Death. Receiving unexpected answers, he begins to see how these things interlock and how even loss can reveal moments of meaning and beauty.",
        "actors": [
            "Will Smith",
            "Howard Inlet",
            "Edward Norton",
            "Whit Yardsham",
            "Kate Winslet",
            "Claire Wilson",
            "Michael Peña",
            "Simon Scott",
            "Helen Mirren",
            "Brigitte",
            "Jacob Latimore",
            "Raffi",
            "Keira Knightley",
            "Amy Moore",
            "Naomie Harris",
            "Madeleine",
            "Ann Dowd",
            "Sally Price"
        ],
        "orig_title": "Collateral Beauty",
        "status": " Released",
        "orig_lang": " English",
        "budget_x": 36000000.0,
        "revenue": 85309093.0,
        "country": "AU"
    },
    {
        "title": "Love Actually",
        "date_x": "11/22/2003 ",
        "score": 71.0,
        "genre": [
            "Comedy",
            "Romance",
            "Drama"
        ],
        "overview": "Eight London couples try to deal with their relationships in different ways. Their tryst with love makes them discover how complicated relationships can be.",
        "actors": [
            "Alan Rickman",
            "Harry",
            "Bill Nighy",
            "Billy Mack",
            "Colin Firth",
            "Jamie Bennett",
            "Emma Thompson",
            "Karen",
            "Hugh Grant",
            "The Prime Minister",
            "Laura Linney",
            "Sarah",
            "Liam Neeson",
            "Daniel",
            "Martine McCutcheon",
            "Natalie",
            "Andrew Lincoln",
            "Mark"
        ],
        "orig_title": "Love Actually",
        "status": " Released",
        "orig_lang": " English",
        "budget_x": 45000000.0,
        "revenue": 246546998.0,
        "country": "AU"
    },
    {
        "title": "The Good Son",
        "date_x": "02/17/1994 ",
        "score": 68.0,
        "genre": [
            "Thriller",
            "Drama"
        ],
        "overview": "A young boy stays with his aunt and uncle, and befriends his cousin who's the same age. But his cousin begins showing increasing signs of psychotic behavior.",
        "actors": [
            "Macaulay Culkin",
            "Henry Evans",
            "Elijah Wood",
            "Mark Evans",
            "Wendy Crewson",
            "Susan Evans",
            "David Morse",
            "Jack Evans",
            "Daniel Hugh Kelly",
            "Wallace Evans",
            "Jacqueline Brookes",
            "Alice Davenport",
            "Quinn Culkin",
            "Connie Evans",
            "Ashley Crow",
            "Janice Evans",
            "Guy Strauss",
            "Arizona Doctor"
        ],
        "orig_title": "The Good Son",
        "status": " Released",
        "orig_lang": " English",
        "budget_x": 17000000.0,
        "revenue": 60613008.0,
        "country": "AU"
    },
    {
        "title": "The Bad Batch",
        "date_x": "06/23/2017 ",
        "score": 52.0,
        "genre": [
            "Drama",
            "Horror",
            "Science Fiction"
        ],
        "overview": "Arlen is sent to a fenced-off wasteland where undesirables are exiled to when she is kidnapped by a group of cannibals. She escapes and ends up on a journey to reunite a missing girl with her father.",
        "actors": [
            "Suki Waterhouse",
            "Arlen",
            "Jason Momoa",
            "Miami Man",
            "Keanu Reeves",
            "The Dream",
            "Giovanni Ribisi",
            "The Screamer",
            "Yolonda Ross",
            "Maria",
            "Jayda Fink",
            "Honey",
            "Cory Roberts",
            "Bridge Man in the Desert",
            "Jim Carrey",
            "The Hermit",
            "Aye Hasegawa",
            "Mousey"
        ],
        "orig_title": "The Bad Batch",
        "status": " Released",
        "orig_lang": " English",
        "budget_x": 6000000.0,
        "revenue": 180851.0,
        "country": "US"
    },
    {
        "title": "Bad Teacher",
        "date_x": "07/21/2011 ",
        "score": 56.0,
        "genre": [
            "Comedy"
        ],
        "overview": "A lazy, incompetent middle school teacher who hates her job and her students is forced to return to her job to make enough money for a boob job after her rich fiancé dumps her.",
        "actors": [
            "Cameron Diaz",
            "Elizabeth Halsey",
            "Jason Segel",
            "Russell Gettis",
            "Justin Timberlake",
            "Scott Delacorte",
            "Lucy Punch",
            "Amy Squirrel",
            "John Michael Higgins",
            "Principal Wally Snur",
            "Phyllis Smith",
            "Lynn Davies",
            "Thomas Lennon",
            "Carl Halabi",
            "Molly Shannon",
            "Melody (Garrett's Mom)",
            "Eric Stonestreet",
            "Kirk"
        ],
        "orig_title": "Bad Teacher",
        "status": " Released",
        "orig_lang": " English",
        "budget_x": 19000000.0,
        "revenue": 215448997.0,
        "country": "AU"
    },
    {
        "title": "The Scorpion King 4: Quest for Power",
        "date_x": "01/09/2015 ",
        "score": 52.0,
        "genre": [
            "Action",
            "Adventure",
            "Fantasy"
        ],
        "overview": "When he is betrayed by a trusted friend, Mathayus must marshal all his strength and cunning to outwit a formidable opponent who will stop at nothing to unlock a supreme ancient power.",
        "actors": [
            "Victor Webster",
            "Mathayus",
            "Ellen Hollman",
            "Valina Reskov",
            "Barry Bostwick",
            "Sorrell Reskov",
            "Will Kemp",
            "Drazen",
            "M. Emmet Walsh",
            "Gorak",
            "Brandon Hardesty",
            "Boris",
            "Esmé Bianco",
            "Feminina",
            "Rodger Halston",
            "Roland",
            "Lou Ferrigno",
            "Skizurra"
        ],
        "orig_title": "The Scorpion King 4: Quest for Power",
        "status": " Released",
        "orig_lang": " English",
        "budget_x": 153800000.0,
        "revenue": 644347414.0,
        "country": "AU"
    },
    {
        "title": "Z-O-M-B-I-E-S 2",
        "date_x": "02/14/2020 ",
        "score": 76.0,
        "genre": [
            "Music",
            "Romance",
            "TV Movie"
        ],
        "overview": "Zed and Addison are back at Seabrook High, where, after a groundbreaking semester, they continue to steer both their school and community toward unity. But the arrival of a new group of outsiders – mysterious werewolves – threatens to shake up the newfound peace and causes a rift in Zed and Addison’s budding romance.",
        "actors": [
            "Milo Manheim",
            "Zed",
            "Meg Donnelly",
            "Addison",
            "Trevor Tordjman",
            "Bucky",
            "Kylee Russell",
            "Eliza",
            "Carla Jeffery",
            "Bree",
            "Chandler Kinney",
            "Willa",
            "Pearce Joza",
            "Wyatt",
            "Ariel Martin",
            "Wynter",
            "Kingston Foster",
            "Zoey"
        ],
        "orig_title": "Z-O-M-B-I-E-S 2",
        "status": " Released",
        "orig_lang": " English",
        "budget_x": 93000000.0,
        "revenue": 280518514.2,
        "country": "US"
    },
    {
        "title": "An American Werewolf in Paris",
        "date_x": "05/29/1997 ",
        "score": 60.0,
        "genre": [
            "Horror",
            "Comedy"
        ],
        "overview": "An American man unwittingly gets involved with werewolves who have developed a serum allowing them to transform at will.",
        "actors": [
            "Tom Everett Scott",
            "Andy McDermott",
            "Julie Delpy",
            "Serafine Pigot",
            "Vince Vieluf",
            "Brad",
            "Phil Buckman",
            "Chris",
            "Julie Bowen",
            "Amy Finch",
            "Pierre Cosso",
            "Claude",
            "Thierry Lhermitte",
            "Dr. Thierry Pigot",
            "Maria Machado",
            "Chief Bonnet",
            "Tom Novembre",
            "Inspector LeDuc"
        ],
        "orig_title": "An American Werewolf in Paris",
        "status": " Released",
        "orig_lang": " English",
        "budget_x": 22000000.0,
        "revenue": 26570463.0,
        "country": "AU"
    },
    {
        "title": "Cold Skin",
        "date_x": "09/07/2018 ",
        "score": 62.0,
        "genre": [
            "Horror",
            "Fantasy",
            "Drama"
        ],
        "overview": "A young man who arrives at a remote island finds himself trapped in a battle for his life.",
        "actors": [
            "Ray Stevenson",
            "Gruner",
            "David Oakes",
            "Friend",
            "Aura Garrido",
            "Aneris",
            "Winslow Iwaki",
            "Senegalese",
            "John Benfield",
            "Captain Axel",
            "Ben Temple",
            "Naval Officer",
            "Iván González",
            "New Weather Official",
            "Alejandro Rod",
            "Portuguese",
            "Julien Blaschke",
            "Burley Russian"
        ],
        "orig_title": "Cold Skin",
        "status": " Released",
        "orig_lang": " English",
        "budget_x": 9831962.0,
        "revenue": 97621414.0,
        "country": "US"
    },
    {
        "title": "Jimmy Neutron: Boy Genius",
        "date_x": "03/28/2002 ",
        "score": 59.0,
        "genre": [
            "Family",
            "Action",
            "Adventure",
            "Animation",
            "Comedy",
            "Science Fiction"
        ],
        "overview": "Jimmy Neutron is a boy genius and way ahead of his friends, but when it comes to being cool, he's a little behind. All until one day when his parents, and parents all over Earth are kidnapped by aliens, it's up to him to lead all the children of the world to rescue their parents.",
        "actors": [
            "Debi Derryberry",
            "James 'Jimmy' Isaac Neutron (voice)",
            "Megan Cavanagh",
            "Judy Neutron (voice) / VOX (voice)",
            "Mark DeCarlo",
            "Hugh Neutron (voice)",
            "Jeffrey Garcia",
            "Sheen Estevez (voice)",
            "Patrick Stewart",
            "King Goobot V (voice)",
            "Martin Short",
            "Ooblar (voice)",
            "Frank Welker",
            "Goddard (voice) / Poultra (voice)",
            "Rob Paulsen",
            "Carl Wheezer (voice) / Mr. Wheezer (voice) / Mrs. Wheezer (voice) / Kid in Classroom (voice)",
            "Carolyn Lawrence",
            "Cindy Vortex (voice)"
        ],
        "orig_title": "Jimmy Neutron: Boy Genius",
        "status": " Released",
        "orig_lang": " English",
        "budget_x": 25000000.0,
        "revenue": 102992536.0,
        "country": "AU"
    },
    {
        "title": "Outing 3",
        "date_x": "09/25/2020 ",
        "score": 0.0,
        "genre": [
            "Drama",
            "Romance"
        ],
        "overview": "Eun-young, who is lonely with no lover, is Hyojin, a studio junior. When you hear that you have a lover, ask for an introduction. Hyojin introduces her lover Kyuhyun to Eunyoung on the way to work. Kyuhyun is a lover who broke up three years ago. Kyuhyun secretly begs Eunyoung to come back to Hyojin, but Eun-young is married. We meet again with Kyuhyun's endless courtship. Hyojin gets caught. Eun-young, who sees the scene of her husband's cheating, goes to Kyu-hyun.",
        "actors": [
            "Sae Bom",
            "",
            "Han Yi-seul",
            "",
            "Lee Sul-ah-I",
            "",
            "Cheon Yoo-ji",
            "",
            "Min Do-yoon",
            "",
            "Kang Min-woo",
            ""
        ],
        "orig_title": " 외출 3",
        "status": " Released",
        "orig_lang": " Korean",
        "budget_x": 185534545.8,
        "revenue": 178359863.0,
        "country": "KR"
    },
    {
        "title": "The Tigger Movie",
        "date_x": "04/06/2000 ",
        "score": 65.0,
        "genre": [
            "Family",
            "Animation",
            "Comedy"
        ],
        "overview": "Winnie the Pooh, Piglet, Owl, Kanga, Roo, and Rabbit are preparing a suitable winter home for Eeyore, the perennially dejected donkey, but Tigger's continual bouncing interrupts their efforts. Rabbit suggests that Tigger go find others of his kind to bounce with, but Tigger thinks \"the most wonderful thing about tiggers is\" he's \"the only one!\" Just in case though, the joyously jouncy feline sets out to see if he can find relatives.",
        "actors": [
            "Jim Cummings",
            "Tigger / Winnie the Pooh (voice)",
            "Nikita Hopkins",
            "Roo (voice)",
            "Ken Sansom",
            "Rabbit (voice)",
            "John Fiedler",
            "Piglet (voice)",
            "Peter Cullen",
            "Eeyore (voice)",
            "Andre Stojka",
            "Owl (voice)",
            "Kath Soucie",
            "Kanga (voice)",
            "Tom Attenborough",
            "Christopher Robin (voice)",
            "John Hurt",
            "Narrator (voice)"
        ],
        "orig_title": "The Tigger Movie",
        "status": " Released",
        "orig_lang": " English",
        "budget_x": 20000000.0,
        "revenue": 96147688.0,
        "country": "AU"
    },
    {
        "title": "The Night House",
        "date_x": "08/19/2021 ",
        "score": 67.0,
        "genre": [
            "Drama",
            "Horror",
            "Mystery",
            "Thriller"
        ],
        "overview": "Reeling from the unexpected death of her husband, Beth is left alone in the lakeside home he built for her. Soon she begins to uncover her recently deceased husband's disturbing secrets.",
        "actors": [
            "Rebecca Hall",
            "Beth",
            "Sarah Goldberg",
            "Claire",
            "Vondie Curtis-Hall",
            "Mel",
            "Evan Jonigkeit",
            "Owen",
            "Stacy Martin",
            "Madelyne",
            "David Abeles",
            "Gary",
            "Christina Jackson",
            "Heather",
            "Patrick Klein",
            "Bob",
            "Crystal Swan",
            "Principal"
        ],
        "orig_title": "The Night House",
        "status": " Released",
        "orig_lang": " English",
        "budget_x": 88600000.0,
        "revenue": 14590542.0,
        "country": "AU"
    },
    {
        "title": "Animal Instincts",
        "date_x": "10/21/1992 ",
        "score": 46.0,
        "genre": [
            "Drama",
            "Thriller"
        ],
        "overview": "A cop and his sexually frustrated wife are struggling to keep their failing marriage intact, when by chance she finds that he is at heart a voyeuristic peeping tom. To satisfy him and herself, his wife has numerous affairs, which her husband watches on closed-circuit televison. However, the pair soon learn that when you play with fire, you'll always get burned.",
        "actors": [
            "Shannon Whirry",
            "Joanna Cole",
            "Maxwell Caulfield",
            "David Cole",
            "Jan-Michael Vincent",
            "Fletcher Ross",
            "Delia Sheppard",
            "Ingrid",
            "Mitch Gaylord",
            "Rod Tennison",
            "John Saxon",
            "Otto Van Horne",
            "David Carradine",
            "William Lamberti",
            "Josh Cruze",
            "Hernandez",
            "Tom Reilly",
            "Ken"
        ],
        "orig_title": "Animal Instincts",
        "status": " Released",
        "orig_lang": " English",
        "budget_x": 74000000.0,
        "revenue": 898538380.0,
        "country": "US"
    },
    {
        "title": "Women's Prison Massacre",
        "date_x": "01/01/1985 ",
        "score": 44.0,
        "genre": [
            "Action",
            "Crime"
        ],
        "overview": "Emanuelle, a reporter, comes just a little too close to exposing a corrupt official, and is sent to prison on trumped-up charges. In the prison, the inmates are constantly humiliated and tortured by the prison staff. Overly affectionate prisoners are forced underwater, while others are obliged to look on. Emanuelle finds an enemy in the deranged Albina, who \"runs the prison.\" For the pleasure of the warden, Emanuelle and Albina are forced to fight each other with knives. Bad becomes worse when four men awaiting execution escape and take over the prison. Gore flows like water.",
        "actors": [
            "Laura Gemser",
            "Emanuelle",
            "Gabriele Tinti",
            "Crazy Boy Henderson",
            "Ursula Flores",
            "Albina",
            "Maria Romano",
            "Laura",
            "Antonella Giacomini",
            "Irene",
            "Raul Cabrera",
            "Victor \"Geronimo\" Brain",
            "Pierangelo Pozzato",
            "Helmut \"Blade\" von Bauer",
            "Robert Mura",
            "Brett O'Hara",
            "Michael Laurant",
            "Prison Official"
        ],
        "orig_title": " Blade Violent - I violenti",
        "status": " Released",
        "orig_lang": " English",
        "budget_x": 114500000.0,
        "revenue": 198266608.4,
        "country": "US"
    },
    {
        "title": "A Goofy Movie",
        "date_x": "06/29/1995 ",
        "score": 70.0,
        "genre": [
            "Romance",
            "Animation",
            "Family",
            "Comedy",
            "Adventure"
        ],
        "overview": "Though Goofy always means well, his amiable cluelessness and klutzy pratfalls regularly embarrass his awkward adolescent son, Max. When Max's lighthearted prank on his high-school principal finally gets his longtime crush, Roxanne, to notice him, he asks her on a date. Max's trouble at school convinces Goofy that he and the boy need to bond over a cross-country fishing trip like the one he took with his dad when he was Max's age, which throws a kink in his son's plans to impress Roxanne.",
        "actors": [
            "Bill Farmer",
            "Goofy (voice)",
            "Jason Marsden",
            "Max Goof (voice)",
            "Rob Paulsen",
            "P.J. Pete (voice)",
            "Jim Cummings",
            "Peter Pete (voice)",
            "Kellie Martin",
            "Roxanne (voice)",
            "Kevin Lima",
            "Lester (voice)",
            "Jenna von Oy",
            "Stacey (voice)",
            "Joey Lawrence",
            "Chad (voice)",
            "Julie Brown",
            "Lisa (voice)"
        ],
        "orig_title": "A Goofy Movie",
        "status": " Released",
        "orig_lang": " English",
        "budget_x": 18000000.0,
        "revenue": 35348597.0,
        "country": "AU"
    },
    {
        "title": "Endangered Species",
        "date_x": "08/01/2021 ",
        "score": 59.0,
        "genre": [
            "Thriller",
            "Action"
        ],
        "overview": "Jack Halsey takes his wife, their adult kids, and a friend for a dream vacation in Kenya. But as they venture off alone into a wilderness park, their safari van is flipped over by an angry rhino, leaving them injured and desperate. Then, as two of them go in search of rescue, a bloody, vicious encounter with a leopard and a clan of hyenas incites a desperate fight for survival.",
        "actors": [
            "Rebecca Romijn",
            "Lauren Halsey",
            "Philip Winchester",
            "Jack Halsey",
            "Isabel Bassett",
            "Zoe Halsey",
            "Michael Johnston",
            "Noah Halsey",
            "Chris Fisher",
            "Billy Mason",
            "Jerry O'Connell",
            "Mitch Hanover",
            "Brenda Ngeso",
            "Ndiliswa",
            "George Glenn Ouma",
            "Charlie",
            "Aseem Sharma",
            "Aya"
        ],
        "orig_title": "Endangered Species",
        "status": " Released",
        "orig_lang": " English",
        "budget_x": 8570000.0,
        "revenue": 68152.0,
        "country": "AU"
    },
    {
        "title": "Tom and Jerry: The Movie",
        "date_x": "09/16/1993 ",
        "score": 63.0,
        "genre": [
            "Family",
            "Animation",
            "Comedy"
        ],
        "overview": "The popular cartoon cat and mouse are thrown into a feature film. The story has the twosome trying to help an orphan girl who is being berated and exploited by a greedy guardian.",
        "actors": [
            "Richard Kind",
            "Tom (voice)",
            "Dana Hill",
            "Jerry (voice)",
            "Anndi McAfee",
            "Robyn Starling (voice)",
            "Rip Taylor",
            "Captain Kiddie (voice)",
            "Henry Gibson",
            "Doctor Applecheek (voice)",
            "Tony Jay",
            "Lickboot (voice)",
            "Michael Bell",
            "Ferdinand / Straycatcher (voice)",
            "Charlotte Rae",
            "Aunt Figg (voice)",
            "Don Messick",
            "Droopy (voice)"
        ],
        "orig_title": "Tom and Jerry: The Movie",
        "status": " Released",
        "orig_lang": " English",
        "budget_x": 35.0,
        "revenue": 184404016.8,
        "country": "AU"
    },
    {
        "title": "My Spy",
        "date_x": "01/09/2020 ",
        "score": 69.0,
        "genre": [
            "Family",
            "Action",
            "Comedy"
        ],
        "overview": "A hardened CIA operative finds himself at the mercy of a precocious 9-year-old girl, having been sent undercover to surveil her family.",
        "actors": [
            "Dave Bautista",
            "JJ",
            "Chloe Coleman",
            "Sophie",
            "Parisa Fitz-Henley",
            "Kate",
            "Kristen Schaal",
            "Bobbi",
            "Greg Bryk",
            "Marquez",
            "Ken Jeong",
            "Kim",
            "Nicola Correia Damude",
            "Christina",
            "Devere Rogers",
            "Carlos",
            "Noah Danby",
            "Todd"
        ],
        "orig_title": "My Spy",
        "status": " Released",
        "orig_lang": " English",
        "budget_x": 18000000.0,
        "revenue": 7074124.0,
        "country": "AU"
    },
    {
        "title": "Don't Look Back",
        "date_x": "06/03/2009 ",
        "score": 56.0,
        "genre": [
            "Drama",
            "Horror",
            "Mystery",
            "Thriller"
        ],
        "overview": "Panic attacks and memory loss signal the plight of a writer whose body is inexplicably being taken over by another woman.",
        "actors": [
            "Sophie Marceau",
            "Jeanne",
            "Monica Bellucci",
            "Jeanne",
            "Brigitte Catillon",
            "Nadia / Valérie",
            "Andrea Di Stefano",
            "Teo / Gianni",
            "Thierry Neuvic",
            "Teo #2",
            "Sylvie Granotier",
            "Nadia 2",
            "Augusto Zucchi",
            "Fabrizio",
            "Giovanni Franzoni",
            "Enrico",
            "Vittoria Meneganti",
            "Enfant brune 11 ans"
        ],
        "orig_title": " Ne te retourne pas",
        "status": " Released",
        "orig_lang": " French",
        "budget_x": 13000000.0,
        "revenue": 2651917.0,
        "country": "FR"
    },
    {
        "title": "In the Tall Grass",
        "date_x": "09/20/2019 ",
        "score": 55.0,
        "genre": [
            "Horror",
            "Drama",
            "Thriller"
        ],
        "overview": "After hearing a child screaming for help from the green depths of a vast field of tall grass, Becky, a pregnant woman, and Cal, her brother, park their car near a mysterious abandoned church and recklessly enter the field, discovering that they are not alone and because of some reason they are unable of escaping a completely inextricable vegetable labyrinth.",
        "actors": [
            "Laysla De Oliveira",
            "Becky DeMuth",
            "Harrison Gilbertson",
            "Travis McKean",
            "Avery Whitted",
            "Cal DeMuth",
            "Will Buie Jr.",
            "Tobin Humboldt",
            "Patrick Wilson",
            "Ross Humboldt",
            "Rachel Wilson",
            "Natalie Humboldt",
            "Tiffany Helm",
            "Gas Attendant"
        ],
        "orig_title": "In the Tall Grass",
        "status": " Released",
        "orig_lang": " English",
        "budget_x": 126800000.0,
        "revenue": 268769382.6,
        "country": "US"
    },
    {
        "title": "Joy Ride",
        "date_x": "10/05/2001 ",
        "score": 65.0,
        "genre": [
            "Mystery",
            "Thriller",
            "Drama"
        ],
        "overview": "Three young people on a road trip from Colorado to New Jersey talk to a trucker on their CB radio, then must escape when he turns out to be a psychotic killer.",
        "actors": [
            "Paul Walker",
            "Lewis Thomas",
            "Steve Zahn",
            "Fuller Thomas",
            "Leelee Sobieski",
            "Venna",
            "Michael McCleery",
            "Officer Akins",
            "Dell Yount",
            "Gas Station Mechanic",
            "Rachel Singer",
            "Gas Station Manager",
            "Jim Beaver",
            "Sheriff Ritter",
            "Jessica Bowman",
            "Charlotte",
            "Stuart Stone",
            "Danny",
            "Lewis' Roommate"
        ],
        "orig_title": "Joy Ride",
        "status": " Released",
        "orig_lang": " English",
        "budget_x": 23000000.0,
        "revenue": 22204890.0,
        "country": "US"
    },
    {
        "title": "Bullitt",
        "date_x": "09/11/1985 ",
        "score": 72.0,
        "genre": [
            "Action",
            "Crime",
            "Drama",
            "Thriller"
        ],
        "overview": "Senator Walter Chalmers is aiming to take down mob boss Pete Ross with the help of testimony from the criminal's hothead brother Johnny, who is in protective custody in San Francisco under the watch of police lieutenant Frank Bullitt. When a pair of mob hitmen enter the scene, Bullitt follows their trail through a maze of complications and double-crosses. This thriller includes one of the most famous car chases ever filmed.",
        "actors": [
            "Steve McQueen",
            "Lt. Frank Bullitt",
            "Robert Vaughn",
            "Walter Chalmers",
            "Jacqueline Bisset",
            "Cathy",
            "Don Gordon",
            "Lt. Delgetti",
            "Robert Duvall",
            "Cabbie Weissberg",
            "Simon Oakland",
            "Captain Sam Bennett",
            "Norman Fell",
            "Captain Baker",
            "Georg Stanford Brown",
            "Dr. Willard",
            "Justin Tarr",
            "Eddy"
        ],
        "orig_title": "Bullitt",
        "status": " Released",
        "orig_lang": " English",
        "budget_x": 5500000.0,
        "revenue": 42300873.0,
        "country": "AU"
    },
    {
        "title": "The Omen",
        "date_x": "06/06/2006 ",
        "score": 56.0,
        "genre": [
            "Horror"
        ],
        "overview": "A diplomatic couple adopts the son of the devil without knowing it. A remake of the classic horror film of the same name from 1976.",
        "actors": [
            "Liev Schreiber",
            "Robert Thorn",
            "Julia Stiles",
            "Katherine Thorn",
            "Seamus Davey-Fitzpatrick",
            "Damien Thorn",
            "David Thewlis",
            "Keith Jennings",
            "Pete Postlethwaite",
            "Father Brennan",
            "Mia Farrow",
            "Mrs. Baylock",
            "Predrag Bjelac",
            "Vatican Observatory Priest",
            "Carlo Sabatini",
            "Cardinal Fabretti",
            "Amy Huck",
            "Nanny"
        ],
        "orig_title": "The Omen",
        "status": " Released",
        "orig_lang": " English",
        "budget_x": 25000000.0,
        "revenue": 119295584.0,
        "country": "US"
    },
    {
        "title": "The Omen",
        "date_x": "06/06/2006 ",
        "score": 56.0,
        "genre": [
            "Horror"
        ],
        "overview": "A diplomatic couple adopts the son of the devil without knowing it. A remake of the classic horror film of the same name from 1976.",
        "actors": [
            "Liev Schreiber",
            "Robert Thorn",
            "Julia Stiles",
            "Katherine Thorn",
            "Seamus Davey-Fitzpatrick",
            "Damien Thorn",
            "David Thewlis",
            "Keith Jennings",
            "Pete Postlethwaite",
            "Father Brennan",
            "Mia Farrow",
            "Mrs. Baylock",
            "Predrag Bjelac",
            "Vatican Observatory Priest",
            "Carlo Sabatini",
            "Cardinal Fabretti",
            "Amy Huck",
            "Nanny"
        ],
        "orig_title": "The Omen",
        "status": " Released",
        "orig_lang": " English",
        "budget_x": 2800000.0,
        "revenue": 48577431.0,
        "country": "US"
    },
    {
        "title": "Batman vs. Robin",
        "date_x": "04/03/2015 ",
        "score": 72.0,
        "genre": [
            "Science Fiction",
            "Action",
            "Adventure",
            "Animation"
        ],
        "overview": "Damian Wayne is having a hard time coping with his father's \"no killing\" rule. Meanwhile, Gotham is going through hell with threats such as the insane Dollmaker, and the secretive Court of Owls.",
        "actors": [
            "Jason O'Mara",
            "Bruce Wayne / Batman (voice)",
            "Stuart Allan",
            "Damian Wayne / Robin (voice)",
            "David McCallum",
            "Alfred Pennyworth (voice)",
            "Sean Maher",
            "Dick Grayson / Nightwing (voice)",
            "Jeremy Sisto",
            "Talon (voice)",
            "'Weird Al' Yankovic",
            "Barton Mathis / Dollmaker (voice)",
            "Robin Atkin Downes",
            "Court of Owls Grandmaster (voice)",
            "Peter Onorati",
            "Draco (voice)",
            "Kevin Conroy",
            "Thomas Wayne (voice)"
        ],
        "orig_title": "Batman vs. Robin",
        "status": " Released",
        "orig_lang": " English",
        "budget_x": 71800000.0,
        "revenue": 776750327.4,
        "country": "US"
    },
    {
        "title": "Significant Other",
        "date_x": "10/07/2022 ",
        "score": 61.0,
        "genre": [
            "Science Fiction",
            "Thriller",
            "Horror",
            "Mystery"
        ],
        "overview": "Ruth and Harry decide to take a romantic backpacking trip through the Pacific Northwest, but amongst the beautiful scenery, Ruth makes an unexpected discovery that sets her off on a strange, frightening new path. The couple aren't alone in the woods, and they might not be the same when they come out...if they come out.",
        "actors": [
            "Maika Monroe",
            "Ruth",
            "Jake Lacy",
            "Harry",
            "Matthew Yang King",
            "Ray",
            "Dana Green",
            "Vivian",
            "Loudon McCleery",
            "Jimmy",
            "Teal Sherer",
            "Dolores",
            "Marcella Lentz-Pope",
            "Therapist Receptionist (voice)",
            "Andrew Morgado",
            "Radio Announcer (voice)"
        ],
        "orig_title": "Significant Other",
        "status": " Released",
        "orig_lang": " English",
        "budget_x": 189400000.0,
        "revenue": 255795871.4,
        "country": "AU"
    },
    {
        "title": "Robin-B-Hood",
        "date_x": "09/29/2006 ",
        "score": 70.0,
        "genre": [
            "Drama",
            "Action",
            "Comedy"
        ],
        "overview": "For never-do-well compulsive gambler Fong, there's only one thing more fearsome than debtors at his doorstep - having to coax a crying baby. But what if the baby becomes his golden goose to fend off his debtors? Can he overcome his phobia of diapers, milk bottles, and cloying lullabies?",
        "actors": [
            "Jackie Chan",
            "Thongs / Slipper (Fong Ka-Ho)",
            "Louis Koo",
            "Octopus",
            "Michael Hui",
            "Landlord",
            "Charlene Choi",
            "Pak Yin",
            "Yuen Biao",
            "Inspector Steve Mok",
            "Teresa Carpio",
            "Landlady",
            "Gao Yuanyuan",
            "Melody",
            "Terence Yin",
            "Max Hung",
            "Conroy Chan",
            "McDaddy"
        ],
        "orig_title": " 寶貝計劃",
        "status": " Released",
        "orig_lang": " Cantonese",
        "budget_x": 136200000.0,
        "revenue": 435898845.0,
        "country": "HK"
    },
    {
        "title": "The Witcher: Nightmare of the Wolf",
        "date_x": "08/23/2021 ",
        "score": 76.0,
        "genre": [
            "Animation",
            "Action",
            "Fantasy"
        ],
        "overview": "Escaping from poverty to become a witcher, Vesemir slays monsters for coin and glory, but when a new menace rises, he must face the demons of his past.",
        "actors": [
            "Theo James",
            "Vesemir (voice)",
            "Mary McDonnell",
            "Lady Zerbst (voice)",
            "Lara Pulver",
            "Tetra Gilcrest (voice)",
            "Graham McTavish",
            "Deglan (voice)",
            "Tom Canton",
            "Filavandrel (voice)",
            "David Errigo Jr.",
            "Young Vesemir / Young Remus (voice)",
            "Jennifer Hale",
            "Illyana / Noblewoman (voice)",
            "Kari Wahlgren",
            "Kitsu / Boy (voice)",
            "Matthew Yang King",
            "Luka / Skogar (voice)"
        ],
        "orig_title": "The Witcher: Nightmare of the Wolf",
        "status": " Released",
        "orig_lang": " English",
        "budget_x": 155000000.0,
        "revenue": 851049145.4,
        "country": "AU"
    },
    {
        "title": "Cube",
        "date_x": "09/09/1997 ",
        "score": 68.0,
        "genre": [
            "Thriller",
            "Science Fiction",
            "Mystery"
        ],
        "overview": "A group of strangers find themselves trapped in a maze-like prison. It soon becomes clear that each of them possesses the peculiar skills necessary to escape, if they don't wind up dead first.",
        "actors": [
            "Nicole de Boer",
            "Leaven",
            "Nicky Guadagni",
            "Holloway",
            "Maurice Dean Wint",
            "Quentin",
            "David Hewlett",
            "Worth",
            "Andrew Miller",
            "Kazan",
            "Julian Richings",
            "Alderson",
            "Wayne Robson",
            "Rennes"
        ],
        "orig_title": "Cube",
        "status": " Released",
        "orig_lang": " English",
        "budget_x": 250000.0,
        "revenue": 8969065.0,
        "country": "CA"
    },
    {
        "title": "Easter Sunday",
        "date_x": "08/05/2022 ",
        "score": 60.0,
        "genre": [
            "Comedy"
        ],
        "overview": "A man returns home for an Easter celebration with his riotous, bickering, eating, drinking, laughing, loving family, in this love letter to the Filipino-American community.",
        "actors": [
            "Jo Koy",
            "Joe Valencia",
            "Lydia Gaston",
            "Susan Valencia",
            "Brandon Wardell",
            "Joe Valencia Jr.",
            "Eva Noblezada",
            "Tala",
            "Carly Pope",
            "Catherine",
            "Jay Chandrasekhar",
            "Nick",
            "Tia Carrere",
            "Tita Teresa",
            "Melody Butiu",
            "Tita Yvonne",
            "Joey Guila",
            "Tito Manny"
        ],
        "orig_title": "Easter Sunday",
        "status": " Released",
        "orig_lang": " English",
        "budget_x": 17000000.0,
        "revenue": 13071438.0,
        "country": "US"
    },
    {
        "title": "Moulin Rouge!",
        "date_x": "05/24/2001 ",
        "score": 76.0,
        "genre": [
            "Drama",
            "Romance",
            "Music"
        ],
        "overview": "A celebration of love and creative inspiration takes place in the infamous, gaudy and glamorous Parisian nightclub, at the cusp of the 20th century. A young poet, who is plunged into the heady world of Moulin Rouge, begins a passionate affair with the club's most notorious and beautiful star.",
        "actors": [
            "Nicole Kidman",
            "Satine",
            "Ewan McGregor",
            "Christian",
            "John Leguizamo",
            "Toulouse-Lautrec",
            "Jim Broadbent",
            "Harold Zidler",
            "Richard Roxburgh",
            "The Duke",
            "Garry McDonald",
            "The Doctor",
            "Jacek Koman",
            "The Unconscious Argentinean",
            "Matthew Whittet",
            "Satie",
            "Kerry Walker",
            "Marie"
        ],
        "orig_title": "Moulin Rouge!",
        "status": " Released",
        "orig_lang": " English",
        "budget_x": 52500000.0,
        "revenue": 179213434.0,
        "country": "AU"
    },
    {
        "title": "Irmão do Jorel - Especial Carnaval Bruttal",
        "date_x": "02/25/2022 ",
        "score": 63.0,
        "genre": [
            "Animation",
            "Comedy",
            "Family"
        ],
        "overview": "We don't have an overview translated in English. Help us expand our database by adding one.",
        "actors": [
            "Andrei Duarte",
            "Jorel's Brother (voice)"
        ],
        "orig_title": "Irmão do Jorel - Especial Carnaval Bruttal",
        "status": " Released",
        "orig_lang": " Portuguese",
        "budget_x": 115000000.0,
        "revenue": 355548006.2,
        "country": "BR"
    },
    {
        "title": "Reminiscence",
        "date_x": "04/07/2023 ",
        "score": 0.0,
        "genre": [
            "Drama",
            "Romance"
        ],
        "overview": "After two exes are invited to the same party and get sucked into playing a personal card game, the two recount some key moments in their relationship.",
        "actors": [
            "Tristan Noller",
            "Charlie",
            "Ella Kempker",
            "Mia",
            "Rafe Donnenwerth",
            "Nick",
            "Renae Richmond",
            "Jess",
            "Luke Parrett",
            "Luke"
        ],
        "orig_title": "Reminiscence",
        "status": " Released",
        "orig_lang": " English",
        "budget_x": 67972729.0,
        "revenue": 15449322.0,
        "country": "US"
    },
    {
        "title": "Panic Room",
        "date_x": "04/11/2002 ",
        "score": 67.0,
        "genre": [
            "Crime",
            "Drama",
            "Thriller"
        ],
        "overview": "Trapped in their New York brownstone's panic room, a hidden chamber built as a sanctuary in the event of break-ins, newly divorced Meg Altman and her young daughter Sarah play a deadly game of cat-and-mouse with three intruders - Burnham, Raoul and Junior - during a brutal home invasion. But the room itself is the focal point because what the intruders really want is inside it.",
        "actors": [
            "Jodie Foster",
            "Meg Altman",
            "Kristen Stewart",
            "Sarah Altman",
            "Forest Whitaker",
            "Burnham",
            "Jared Leto",
            "Junior",
            "Dwight Yoakam",
            "Raoul",
            "Patrick Bauchau",
            "Stephen Altman",
            "Ann Magnuson",
            "Lydia Lynch",
            "Ian Buchanan",
            "Evan Kurlander",
            "Paul Schulze",
            "Officer Keeney"
        ],
        "orig_title": "Panic Room",
        "status": " Released",
        "orig_lang": " English",
        "budget_x": 48000000.0,
        "revenue": 196308367.0,
        "country": "AU"
    },
    {
        "title": "Hard Target 2",
        "date_x": "09/06/2016 ",
        "score": 61.0,
        "genre": [
            "Action",
            "Thriller"
        ],
        "overview": "Forced into a deadly cat-and-mouse game, a disgraced mixed martial arts fighter is hunted through the jungles of Southeast Asia.",
        "actors": [
            "Scott Adkins",
            "Wes Baylor",
            "Rhona Mitra",
            "Sofia",
            "Robert Knepper",
            "Jonah Aldrich",
            "Temuera Morrison",
            "Madden",
            "Ann Truong",
            "Tha",
            "Adam Saunders",
            "Esparto",
            "Sean Keenan",
            "Tobias Zimling",
            "Peter Hardy",
            "Jacob Zimling",
            "Troy Honeysett",
            "Jonny Sutherland"
        ],
        "orig_title": "Hard Target 2",
        "status": " Released",
        "orig_lang": " English",
        "budget_x": 159000000.0,
        "revenue": 629555815.2,
        "country": "US"
    },
    {
        "title": "Death Note",
        "date_x": "07/04/2007 ",
        "score": 70.0,
        "genre": [
            "Fantasy",
            "Mystery",
            "Thriller"
        ],
        "overview": "Light Yagami finds the \"Death Note,\" a notebook with the power to kill, and decides to create a Utopia by killing the world's criminals, and soon the world's greatest detective, \"L,\" is hired to find the mysterious murderer. An all out battle between the two greatest minds on earth begins and the winner will control the world.",
        "actors": [
            "Tatsuya Fujiwara",
            "Light Yagami",
            "Kenichi Matsuyama",
            "L",
            "Asaka Seto",
            "Naomi Misora",
            "Shigeki Hosokawa",
            "Raye Iwamatsu",
            "Erika Toda",
            "Misa Amane",
            "Shunji Fujimura",
            "Watari",
            "Takeshi Kaga",
            "Sôichiro Yagami",
            "Yuu Kashii",
            "Shiori Akino",
            "Shidô Nakamura",
            "Ryuk (voice)"
        ],
        "orig_title": " デスノート",
        "status": " Released",
        "orig_lang": " Japanese",
        "budget_x": 40000000.0,
        "revenue": 0.0,
        "country": "AU"
    },
    {
        "title": "Hot Tub Time Machine",
        "date_x": "04/22/2010 ",
        "score": 60.0,
        "genre": [
            "Science Fiction",
            "Comedy",
            "Adventure"
        ],
        "overview": "Four pals are stuck in a rut in adulthood: Adam has just been dumped, Lou is a hopeless party animal, Craig is a henpecked husband, and Jacob does nothing but play video games in his basement. But they get a chance to brighten their future by changing their past after a night of heavy drinking in a ski-resort hot tub results in their waking up in 1986.",
        "actors": [
            "John Cusack",
            "Adam",
            "Craig Robinson",
            "Nick",
            "Rob Corddry",
            "Lou",
            "Clark Duke",
            "Jacob",
            "Sebastian Stan",
            "Blaine",
            "Crispin Glover",
            "Phil",
            "Lyndsy Fonseca",
            "Jennie",
            "Lizzy Caplan",
            "April",
            "Collette Wolfe",
            "Kelly"
        ],
        "orig_title": "Hot Tub Time Machine",
        "status": " Released",
        "orig_lang": " English",
        "budget_x": 36000000.0,
        "revenue": 65967750.0,
        "country": "AU"
    },
    {
        "title": "Brothers by Blood",
        "date_x": "01/22/2021 ",
        "score": 58.0,
        "genre": [
            "Crime"
        ],
        "overview": "Peter and Michael, raised on the streets of Philadelphia, are the children of Irish mob members, forever linked by the crimes of their fathers. 30 years later, Michael now runs the criminal organization and lusts for more power, his dangerous antics frequently held in check by his cautious cousin Peter. Haunted by the death of his sister, whose passing destroyed both his parents, Peter is caught between the dreams of childhood and the realities of his life as an enforcer. His only reprieve is a local boxing gym, a sanctuary that is quickly threatened as Michael’s desire for control escalates.",
        "actors": [
            "Matthias Schoenaerts",
            "Peter Flood",
            "Joel Kinnaman",
            "Michael",
            "Maika Monroe",
            "Grace",
            "Paul Schneider",
            "Jimmy",
            "Ryan Phillippe",
            "Charley",
            "Nicholas Crovetti",
            "Young Peter",
            "Felix Scott",
            "Phil",
            "Antoni Corone",
            "Bono",
            "James Nelson-Joyce",
            "Leonard"
        ],
        "orig_title": "Brothers by Blood",
        "status": " Released",
        "orig_lang": " English",
        "budget_x": 117400000.0,
        "revenue": 281523719.2,
        "country": "US"
    },
    {
        "title": "Héroes de barrio",
        "date_x": "06/24/2022 ",
        "score": 57.0,
        "genre": [
            "Comedy",
            "Drama"
        ],
        "overview": "Paula (Luna Fulgencio) is a girl who plays for a girls' soccer team in a small town in Seville. One day she asks her father, Luis (Antonio Pagudo), to bring her famous Betis player Joaquín as a visitor, as a reward for her and her teammates, whom Luis presumes to be her great friends.",
        "actors": [
            "Antonio Pagudo",
            "Luis",
            "Luna Fulgencio",
            "Paula",
            "Antonio Dechent",
            "",
            "Álex O'Dogherty",
            "",
            "Lisi Linder",
            "",
            "Jesús Olmedo",
            "",
            "Ken Appledorn",
            "Maikel"
        ],
        "orig_title": "Héroes de barrio",
        "status": " Released",
        "orig_lang": " Spanish, Castilian",
        "budget_x": 59400000.0,
        "revenue": 448288134.4,
        "country": "ES"
    },
    {
        "title": "Along Came a Spider",
        "date_x": "08/16/2001 ",
        "score": 63.0,
        "genre": [
            "Crime",
            "Mystery",
            "Thriller",
            "Action"
        ],
        "overview": "After the harrowing death of his partner, detective and best-selling author Alex Cross has retreated to the peace of retirement. But when a brilliant criminal kidnaps a senator's young daughter, Alex is lured back into action. Teamed with the Secret Service agent assigned to protect the missing girl, Alex follows a serpentine trail of clues that leads him to a stunning discovery - the kidnapper wants more than just ransom.",
        "actors": [
            "Morgan Freeman",
            "Alex Cross",
            "Monica Potter",
            "Jezzie Flannigan",
            "Michael Wincott",
            "Gary Soneji",
            "Dylan Baker",
            "Ollie McArthur",
            "Mika Boorem",
            "Megan Rose",
            "Anton Yelchin",
            "Dimitri Starodubov",
            "Kim Hawthorne",
            "Agent Hickey",
            "Jay O. Sanders",
            "Kyle Craig",
            "Billy Burke",
            "Ben Devine"
        ],
        "orig_title": "Along Came a Spider",
        "status": " Released",
        "orig_lang": " English",
        "budget_x": 28000000.0,
        "revenue": 105159085.0,
        "country": "AU"
    },
    {
        "title": "Justice League: War",
        "date_x": "01/21/2014 ",
        "score": 75.0,
        "genre": [
            "Animation",
            "Action"
        ],
        "overview": "The world is under attack by an alien armada led by the powerful Apokoliptian, Darkseid. A group of superheroes consisting of Superman, Batman, Wonder Woman, The Flash, Green Lantern, Cyborg, and Shazam must set aside their differences and gather together to defend Earth.",
        "actors": [
            "Michelle Monaghan",
            "Diana Prince / Wonder Woman (voice)",
            "Alan Tudyk",
            "Clark Kent / Superman (voice)",
            "Sean Astin",
            "Shazam (voice)",
            "Shemar Moore",
            "Victor Stone / Cyborg (voice)",
            "Christopher Gorham",
            "Barry Allen / The Flash (voice)",
            "Justin Kirk",
            "Hal Jordan / Green Lantern (voice)",
            "Jason O'Mara",
            "Bruce Wayne / Batman (voice)",
            "George Newbern",
            "Steve Trevor (voice)",
            "Zach Callison",
            "Billy Batson (voice)"
        ],
        "orig_title": "Justice League: War",
        "status": " Released",
        "orig_lang": " English",
        "budget_x": 3500000.0,
        "revenue": 5155325.0,
        "country": "US"
    },
    {
        "title": "Love, Chunibyo & Other Delusions! Rikka Version",
        "date_x": "09/14/2013 ",
        "score": 72.0,
        "genre": [
            "Comedy",
            "Animation",
            "Drama",
            "Romance"
        ],
        "overview": "Summary of the first season of the show, as seen from Rikka's perspective with new elements.",
        "actors": [
            "Soichiro Hoshi",
            "Makoto Isshiki (voice)",
            "Chinatsu Akasaki",
            "Shinka Nibutani (voice)",
            "Maaya Uchida",
            "Rikka Takanashi (voice)",
            "Jun Fukuyama",
            "Yuuta Togashi (voice)",
            "Sumire Uesaka",
            "Sanae Dekomori (voice)",
            "Eri Sendai",
            "Touka Takanashi (voice)",
            "Azumi Asakura",
            "Kumin Tsuyuri (voice)",
            "Kanae Oki",
            "Chimera (voice)",
            "Hiroshi Naka",
            "Rikka's Grandfather (voice)"
        ],
        "orig_title": " 小鳥遊六花・改 ～劇場版 中二病でも恋がしたい!～",
        "status": " Released",
        "orig_lang": " Japanese",
        "budget_x": 103600000.0,
        "revenue": 573527926.0,
        "country": "JP"
    },
    {
        "title": "Vicky and Her Mystery",
        "date_x": "12/15/2021 ",
        "score": 72.0,
        "genre": [
            "Adventure",
            "Family",
            "Drama"
        ],
        "overview": "Stéphane decides to move to the beautiful mountains of Cantal in order to reconnect with his 8-year-old daughter, Victoria, who has been silent since her mother's disappearance. During a walk in the forest, a shepherd gives Victoria a puppy named \"Mystery\" who will gradually give her a taste for life. But very quickly, Stéphane discovers that the animal is in reality a wolf… Despite the warnings and the danger of this situation, he cannot bring himself to separate his daughter from this seemingly harmless ball of hair.",
        "actors": [
            "Vincent Elbaz",
            "Stéphane",
            "Shanna Keil",
            "Victoria",
            "Marie Gillain",
            "Anna",
            "Eric Elmosnino",
            "Thierry",
            "Tchéky Karyo",
            "Bruno",
            "Eric Savin",
            "Jean-Paul",
            "Romain Lancry",
            "M. Darmet",
            "Vincent Deniard",
            "Brice",
            "Ezio Sutter",
            "Baptiste"
        ],
        "orig_title": " Mystère",
        "status": " Released",
        "orig_lang": " French",
        "budget_x": 6500000.0,
        "revenue": 4181043.0,
        "country": "FR"
    },
    {
        "title": "Police Academy: Mission to Moscow",
        "date_x": "06/10/1994 ",
        "score": 46.0,
        "genre": [
            "Comedy",
            "Crime"
        ],
        "overview": "The Russians seek help in dealing with the Mafia from the veterans of the Police Academy. They head off to Moscow, in order to find evidence against Konstantin Konali, who marketed a computer game that everyone in the world is playing.",
        "actors": [
            "George Gaynes",
            "Commandant Lassard",
            "Michael Winslow",
            "Sgt. Jones",
            "David Graf",
            "Sgt. Tackleberry",
            "Leslie Easterbrook",
            "Capt. Callahan",
            "Claire Forlani",
            "Katrina",
            "Ron Perlman",
            "Konstantine Konali",
            "Christopher Lee",
            "Commandant Rakov",
            "Charlie Schlatter",
            "Cadet Kyle Connors",
            "G.W. Bailey",
            "Capt. Harris"
        ],
        "orig_title": "Police Academy: Mission to Moscow",
        "status": " Released",
        "orig_lang": " English",
        "budget_x": 10000000.0,
        "revenue": 126247.0,
        "country": "AU"
    },
    {
        "title": "Batman: Bad Blood",
        "date_x": "02/02/2016 ",
        "score": 72.0,
        "genre": [
            "Science Fiction",
            "Action",
            "Animation"
        ],
        "overview": "Bruce Wayne is missing. Alfred covers for him while Nightwing and Robin patrol Gotham City in his stead and a new player, Batwoman, investigates Batman's disappearance.",
        "actors": [
            "Jason O'Mara",
            "Batman / Bruce Wayne (voice)",
            "Gaius Charles",
            "Batwing / Luke Fox (voice)",
            "Ernie Hudson",
            "Lucius Fox (voice)",
            "Stuart Allan",
            "Robin / Damian Wayne (voice)",
            "Morena Baccarin",
            "Talia al Ghul (voice)",
            "James Garrett",
            "Alfred Pennyworth (voice)",
            "Sean Maher",
            "Nightwing / Dick Grayson (voice)",
            "Yvonne Strahovski",
            "Batwoman / Kathy Kane (voice)",
            "Travis Willingham",
            "Heretic (voice)"
        ],
        "orig_title": "Batman: Bad Blood",
        "status": " Released",
        "orig_lang": " English",
        "budget_x": 3500000.0,
        "revenue": 149685291.2,
        "country": "AU"
    },
    {
        "title": "JLA Adventures: Trapped in Time",
        "date_x": "01/21/2014 ",
        "score": 67.0,
        "genre": [
            "Family",
            "Animation",
            "Action",
            "Science Fiction"
        ],
        "overview": "Get ready for a battle of the ages when the Justice League faces off against its archenemies, the Legion of Doom, in an all-new movie from DC Comics. A mysterious being known as the Time Trapper arises, and a sinister plan led by Lex Luthor sends the Legion of Doom back in time to eliminate Superman, Wonder Woman and Batman before they become super heroes. For Aquaman, Flash and Cyborg, along with teen super heroes Karate Kid and Dawnstar, the stakes have never been higher, the rescue mission never deadlier. So join the fight for the future as the Justice League confronts its ultimate challenge… the threat of having never existed!",
        "actors": [
            "Diedrich Bader",
            "Batman / Bruce Wayne / Narrator (voice)",
            "Laura Bailey",
            "Dawnstar (voice)",
            "Dante Basco",
            "Karate Kid (voice)",
            "Corey Burton",
            "Time Trapper / Captain Cold (voice)",
            "Grey DeLisle",
            "Wonder Woman / Superbaby (voice) (as Grey DeLisle Griffin)",
            "Peter Jessop",
            "Superman / Clark Kent (voice)",
            "Fred Tatasciore",
            "Lex Luthor (voice)",
            "Jack De Sena",
            "Robin (voice)",
            "Tom Gibis",
            "Toyman / Pa Kent (voice)"
        ],
        "orig_title": "JLA Adventures: Trapped in Time",
        "status": " Released",
        "orig_lang": " English",
        "budget_x": 178000000.0,
        "revenue": 437664915.2,
        "country": "US"
    },
    {
        "title": "The Bridges of Madison County",
        "date_x": "09/28/1995 ",
        "score": 77.0,
        "genre": [
            "Drama",
            "Romance"
        ],
        "overview": "Photographer Robert Kincaid wanders into the life of housewife Francesca Johnson for four days in the 1960s.",
        "actors": [
            "Clint Eastwood",
            "Robert Kincaid",
            "Meryl Streep",
            "Francesca Johnson",
            "Annie Corley",
            "Caroline Johnson",
            "Victor Slezak",
            "Michael Johnson",
            "Jim Haynie",
            "Richard Johnson",
            "Sarah Kathryn Schmitt",
            "Caroline as a young girl",
            "Christopher Kroon",
            "Michael as a young boy",
            "Phyllis Lyons",
            "Betty",
            "Debra Monk",
            "Madge"
        ],
        "orig_title": "The Bridges of Madison County",
        "status": " Released",
        "orig_lang": " English",
        "budget_x": 22000000.0,
        "revenue": 175516617.0,
        "country": "AU"
    },
    {
        "title": "Neon Genesis Evangelion: Death and Rebirth",
        "date_x": "08/16/2002 ",
        "score": 75.0,
        "genre": [
            "Drama",
            "Science Fiction",
            "Animation"
        ],
        "overview": "Originally a collection of clips from the Neon Genesis Evangelion TV series, Death was created as a precursor to the re-worked ending of the series. Rebirth was intended as that re-worked ending, but after production overruns Rebirth became only the first half of the first part of The End of Evangelion, with some minor differences.",
        "actors": [
            "Megumi Ogata",
            "Shinji Ikari (voice)",
            "Megumi Hayashibara",
            "Rei Ayanami / Yui Ikari (voice)",
            "Yuko Miyamura",
            "Asuka Langley Soryu (voice)",
            "Kotono Mitsuishi",
            "Misato Katsuragi (voice)",
            "Fumihiko Tachiki",
            "Gendo Ikari (voice)",
            "Koichi Yamadera",
            "Ryouji Kaji (voice)",
            "Miki Nagasawa",
            "Maya Ibuki (voice)",
            "Takehito Koyasu",
            "Shigeru Aoba (voice)",
            "Tetsuya Iwanaga",
            "Kensuke Aida (voice)"
        ],
        "orig_title": " 新世紀エヴァンゲリオン 劇場版 DEATH & REBIRTH シト新生",
        "status": " Released",
        "orig_lang": " Japanese",
        "budget_x": 119600000.0,
        "revenue": 578876888.8,
        "country": "AU"
    },
    {
        "title": "Kung Fu Yoga",
        "date_x": "01/28/2017 ",
        "score": 58.0,
        "genre": [
            "Comedy",
            "Mystery",
            "Action",
            "Adventure"
        ],
        "overview": "Two professors team up to locate a lost treasure and embark on an adventure that takes them from a Tibetan ice cave to Dubai, and to a mountain temple in India.",
        "actors": [
            "Jackie Chan",
            "Jack",
            "Aarif Rahman",
            "Jones Lee",
            "Zhang Yixing",
            "Xiaoguang",
            "Miya Muqi",
            "Nuomin",
            "Sonu Sood",
            "Randall",
            "Disha Patani",
            "Ashmita",
            "Zhang Guoli",
            "",
            "Amyra Dastur",
            "Kyra",
            "Paul Philip Clark",
            "Max"
        ],
        "orig_title": " 功夫瑜伽",
        "status": " Released",
        "orig_lang": " Chinese",
        "budget_x": 65000000.0,
        "revenue": 254212245.0,
        "country": "CN"
    },
    {
        "title": "Mirrors 2",
        "date_x": "10/19/2010 ",
        "score": 56.0,
        "genre": [
            "Horror",
            "Mystery",
            "Fantasy"
        ],
        "overview": "When Max, who is recovering from a traumatic accident, takes a job as a nighttime security guard, he begins to see visions of a young mysterious woman in the store's mirror.",
        "actors": [
            "Nick Stahl",
            "Max Matheson",
            "William Katt",
            "Jack Matheson",
            "Emmanuelle Vaugier",
            "Elizabeth Reigns",
            "Lawrence Turner",
            "Keller Landreaux",
            "Christy Carlson Romano",
            "Jenna McCarty",
            "Evan Jones",
            "Henry Schow",
            "Stephanie Honoré",
            "Eleanor Reigns",
            "Jon Michael Davis",
            "Ryan Parker",
            "Wayne Pére",
            "Detective Piccirilli"
        ],
        "orig_title": "Mirrors 2",
        "status": " Released",
        "orig_lang": " English",
        "budget_x": 124400000.0,
        "revenue": 741378178.6,
        "country": "US"
    },
    {
        "title": "Oppressive Torture",
        "date_x": "01/14/1978 ",
        "score": 47.0,
        "genre": [
            ""
        ],
        "overview": "In the end of the 19th century, social restoration occurred in Japan. Seizing on the confusion, Gonnosuke deprives land from farmers, and this pushes him way to the top as a businessman. However, he has hideous sexual propensity which he sexually abuses women. Gonnosuke excruciates hard and causes 2 housemaids to die. The dreadful history recurs...",
        "actors": [
            "Ami Takatori",
            "",
            "Rie Nakano",
            "",
            "Kayoko Sugi",
            "",
            "Misa Noguchi",
            "",
            "Mami Sakura",
            "",
            "Hiroshi Imaizumi",
            "",
            "Masayoshi Nogami",
            "",
            "Yuichi Minato",
            "",
            "Shunsuke Ryu",
            ""
        ],
        "orig_title": " 暴虐女拷問",
        "status": " Released",
        "orig_lang": " Japanese",
        "budget_x": 117200000.0,
        "revenue": 433823925.6,
        "country": "JP"
    },
    {
        "title": "The Sandlot",
        "date_x": "04/07/1993 ",
        "score": 75.0,
        "genre": [
            "Family",
            "Comedy"
        ],
        "overview": "During a summer of friendship and adventure, one boy becomes a part of the gang, nine boys become a team and their leader becomes a legend by confronting the terrifying mystery beyond the right field wall.",
        "actors": [
            "Tom Guiry",
            "Scotty Smalls",
            "Mike Vitar",
            "Benjamin Franklin Rodriguez",
            "Patrick Renna",
            "Hamilton 'Ham' Porter",
            "Chauncey Leopardi",
            "Michael 'Squints' Palledorous",
            "Marty York",
            "Alan 'Yeah-Yeah' McClennan",
            "Brandon Quintin Adams",
            "Kenny DeNunez",
            "Grant Gelt",
            "Bertram Grover Weeks",
            "Shane Obedzinski",
            "Tommy 'Repeat' Timmons",
            "Victor DiMattia",
            "Timmy Timmons"
        ],
        "orig_title": "The Sandlot",
        "status": " Released",
        "orig_lang": " English",
        "budget_x": 7000000.0,
        "revenue": 34348444.0,
        "country": "US"
    },
    {
        "title": "Aquaman: Heroines of Atlantis",
        "date_x": "03/26/2019 ",
        "score": 65.0,
        "genre": [
            "Documentary"
        ],
        "overview": "Amber Heard and Nicole Kidman discuss their characters Mera and Atlanna.",
        "actors": [
            "Nicole Kidman",
            "Self",
            "Amber Heard",
            "Self",
            "James Wan",
            "Self",
            "Temuera Morrison",
            "Self"
        ],
        "orig_title": "Aquaman: Heroines of Atlantis",
        "status": " Released",
        "orig_lang": " English",
        "budget_x": 38600000.0,
        "revenue": 542233172.2,
        "country": "US"
    },
    {
        "title": "La Femme Nikita",
        "date_x": "04/25/1991 ",
        "score": 71.0,
        "genre": [
            "Action",
            "Thriller"
        ],
        "overview": "A beautiful felon, sentenced to life in prison for the murder of a policeman, is given a second chance - as a secret political assassin controlled by the government.",
        "actors": [
            "Anne Parillaud",
            "Nikita / Marie Clément",
            "Jean-Hugues Anglade",
            "Marco",
            "Tchéky Karyo",
            "Bob",
            "Jean Reno",
            "Victor",
            "the \"cleaner\"",
            "Marc Duret",
            "Rico",
            "Jeanne Moreau",
            "Armande",
            "Patrick Fontana",
            "Coyotte",
            "Roland Blanche",
            "Interrogation Cop",
            "Jacques Boudet",
            "The Pharmacist"
        ],
        "orig_title": " Nikita",
        "status": " Released",
        "orig_lang": " French",
        "budget_x": 8538703.0,
        "revenue": 5000000.0,
        "country": "AU"
    },
    {
        "title": "Excuse Me",
        "date_x": "04/07/2023 ",
        "score": 0.0,
        "genre": [
            ""
        ],
        "overview": "A therapist deals with an unruly patient as they navigate the inner workings of his mind.",
        "actors": [
            "Benedict Cezair-Thompson",
            "Gene",
            "Latasha Thompson",
            "Danielle"
        ],
        "orig_title": "Excuse Me",
        "status": " Released",
        "orig_lang": " English",
        "budget_x": 100.0,
        "revenue": 1240261.6,
        "country": "US"
    },
    {
        "title": "You Get Me",
        "date_x": "06/23/2017 ",
        "score": 56.0,
        "genre": [
            "Thriller",
            "Romance",
            "Drama"
        ],
        "overview": "After arguing with his girlfriend, Ali, Tyler lands in the arms of sexy new girl, Holly. The next morning, he finds that not only does Ali agree to take him back, but Holly is a new student at their school and is dead set on her new man.",
        "actors": [
            "Bella Thorne",
            "Holly Viola",
            "Halston Sage",
            "Alison Hewitt",
            "Taylor John Smith",
            "Tyler Hanson",
            "Nash Grier",
            "Gil",
            "Anna Akana",
            "Lydia",
            "Rhys Wakefield",
            "Chase",
            "Brigid Brannagh",
            "Corinne Viola",
            "Kathryn Morris",
            "Mrs. Hewitt",
            "Kimberly Williams-Paisley",
            "Mrs. Hanson"
        ],
        "orig_title": "You Get Me",
        "status": " Released",
        "orig_lang": " English",
        "budget_x": 120200000.0,
        "revenue": 335738990.2,
        "country": "AU"
    },
    {
        "title": "Ghosts of War",
        "date_x": "07/17/2020 ",
        "score": 63.0,
        "genre": [
            "Horror",
            "Thriller",
            "War",
            "Fantasy"
        ],
        "overview": "A group of World War II American soldiers encounter a supernatural enemy as they occupy a French castle previously under Nazi control.",
        "actors": [
            "Brenton Thwaites",
            "Chris",
            "Theo Rossi",
            "Kirk",
            "Skylar Astin",
            "Eugene",
            "Kyle Gallner",
            "Tappert",
            "Alan Ritchson",
            "Butchie",
            "Billy Zane",
            "Dr. Engel",
            "Shaun Toub",
            "Mr. Helwig",
            "Matthew Reese",
            "Sergeant Elks",
            "Laila Banki",
            "Mrs. Helwig"
        ],
        "orig_title": "Ghosts of War",
        "status": " Released",
        "orig_lang": " English",
        "budget_x": 117363.2,
        "revenue": 345289.0,
        "country": "US"
    },
    {
        "title": "Marrowbone",
        "date_x": "10/27/2017 ",
        "score": 72.0,
        "genre": [
            "Thriller",
            "Horror",
            "Drama",
            "Mystery"
        ],
        "overview": "A young man and his three younger siblings are plagued by a sinister presence in the sprawling manor in which they live.",
        "actors": [
            "George MacKay",
            "Jack Marrowbone",
            "Anya Taylor-Joy",
            "Allie",
            "Charlie Heaton",
            "Billy Marrowbone",
            "Mia Goth",
            "Jane Marrowbone",
            "Matthew Stagg",
            "Sam Marrowbone",
            "Nicola Harrison",
            "Rose Marrowbone",
            "Mother",
            "Kyle Soller",
            "Tom Porter",
            "Tom Fisher",
            "Simon Fairbairn",
            "Father",
            "Myra Kathryn Pearse",
            "Molly"
        ],
        "orig_title": "Marrowbone",
        "status": " Released",
        "orig_lang": " English",
        "budget_x": 8000000.0,
        "revenue": 12294931.0,
        "country": "ES"
    }
]