[
    {
        "title": "Serial (Bad) Weddings 3",
        "date_x": "12/21/2021 ",
        "score": 64.0,
        "genre": [
            "Romance",
            "Comedy"
        ],
        "overview": "Claude and Marie Verneuil will soon be celebrating their 40th wedding anniversary. For the occasion, their four daughters - Isabelle, Odile, Ségolène and Laure - decide to organize a big surprise party in their family home in Chinon. They also decide to invite, each, the parents of their respective husbands - Rachid Benassem, David Benichou, Chao Ling and Charles Koffi.",
        "actors": [
            "Christian Clavier",
            "Claude Verneuil",
            "Chantal Lauby",
            "Marie Verneuil",
            "Ary Abittan",
            "David Benichou",
            "Medi Sadoun",
            "Rachid Benassem",
            "Frédéric Chau",
            "Chao Ling",
            "Noom Diawara",
            "Charles Koffi",
            "Frédérique Bel",
            "Isabelle",
            "Émilie Caen",
            "Ségolène",
            "Élodie Fontan",
            "Laure"
        ],
        "orig_title": " Qu'est-ce qu'on a tous fait au Bon Dieu ?",
        "status": " Released",
        "orig_lang": " French",
        "budget_x": 22000000.0,
        "revenue": 163709896.6,
        "country": "FR"
    },
    {
        "title": "Don't Breathe",
        "date_x": "06/08/2016 ",
        "score": 70.0,
        "genre": [
            "Thriller",
            "Horror"
        ],
        "overview": "A group of teens break into a blind man's home thinking they'll get away with the perfect crime. They're wrong.",
        "actors": [
            "Stephen Lang",
            "The Blind Man",
            "Jane Levy",
            "Rocky",
            "Dylan Minnette",
            "Alex",
            "Daniel Zovatto",
            "Money",
            "Emma Bercovici",
            "Diddy",
            "Franciska Törőcsik",
            "Cindy",
            "Christian Zagia",
            "Raul",
            "Katia Bokor",
            "Ginger",
            "Sergej Onopko",
            "Trevor"
        ],
        "orig_title": "Don't Breathe",
        "status": " Released",
        "orig_lang": " English",
        "budget_x": 9900000.0,
        "revenue": 159047649.0,
        "country": "AU"
    },
    {
        "title": "Joseph and Mary",
        "date_x": "07/05/2016 ",
        "score": 50.0,
        "genre": [
            "Drama"
        ],
        "overview": "When loved ones are murdered, Elijah’s beliefs are compromised as he considers revenge. But a visit with Joseph and Mary may offer a new perspective.",
        "actors": [
            "Lawrence Bayne",
            "King Herod",
            "Lara Jean Chorostecki",
            "Mary",
            "Steven McCarthy",
            "Rabbi Elijah",
            "Joseph Mesiano",
            "Thirty-Year Old Jesus",
            "Kevin Sorbo",
            "Joseph",
            "Steven Love",
            "King Antipas"
        ],
        "orig_title": "Joseph and Mary",
        "status": " Released",
        "orig_lang": " English",
        "budget_x": 151600000.0,
        "revenue": 665194474.0,
        "country": "US"
    },
    {
        "title": "The Kings of the World",
        "date_x": "10/13/2022 ",
        "score": 75.0,
        "genre": [
            "Drama",
            "Adventure"
        ],
        "overview": "Rá, Culebro, Sere, Winny and Nano. Five boys who live on the streets of Medellín. Five kings with no kingdom, no law, no family, set out on a journey in search of the promised land. A subversive tale told through a wild and endearing clan, somewhere between reality and delirium. A journey to nowhere, where everything happens.",
        "actors": [
            "Carlos Andres Castañeda",
            "Rá",
            "Brahian Acevedo",
            "Nano",
            "Davinson Florez",
            "Sere",
            "Cristian Campaña",
            "Winny",
            "Cristian David",
            "Culebro",
            "Luis Eduardo Benjumea",
            "Vayú"
        ],
        "orig_title": " Los reyes del mundo",
        "status": " Released",
        "orig_lang": " Spanish, Castilian",
        "budget_x": 112900000.0,
        "revenue": 645547020.4,
        "country": "CO"
    },
    {
        "title": "Songbird",
        "date_x": "05/20/2021 ",
        "score": 62.0,
        "genre": [
            "Thriller",
            "Romance",
            "Drama",
            "Mystery"
        ],
        "overview": "During a pandemic lockdown, Nico, a young man with rare immunity, must overcome martial law, murderous vigilantes and a powerful family to reunite with his love, Sara.",
        "actors": [
            "K.J. Apa",
            "Nico",
            "Sofia Carson",
            "Sara",
            "Craig Robinson",
            "Lester",
            "Bradley Whitford",
            "William Griffin",
            "Peter Stormare",
            "Emmett Harland",
            "Elpidia Carrillo",
            "Grammy / Lita",
            "Alexandra Daddario",
            "May",
            "Lia McHugh",
            "Emma Griffin",
            "Paul Walter Hauser",
            "Dozer"
        ],
        "orig_title": "Songbird",
        "status": " Released",
        "orig_lang": " English",
        "budget_x": 7286840.6,
        "revenue": 620836.0,
        "country": "AU"
    },
    {
        "title": "Office Lady Rope Slave",
        "date_x": "01/23/1981 ",
        "score": 20.0,
        "genre": [
            ""
        ],
        "overview": "Two assistants to an S&M photographer decide to practise their master's art on their own. They convince a young woman to pose for them and subject her to bondage and torture during the photography session. After their work is finished, the three go to the home of the young woman's ex-boyfriend and attack him and his wife.",
        "actors": [
            "Junko Mabuki",
            "Kimiyo Ezaki",
            "Asami Ogawa",
            "Kikuko Okazaki",
            "Miki Yamaji",
            "Yumiko Mizuhara",
            "Yôko Azusa",
            "Keiko Fujikawa",
            "Masayoshi Nogami",
            "Kaoru Mitamura",
            "Koshiro Asami",
            "Taketsugu Sawada",
            "Yudai Ishiyama",
            ""
        ],
        "orig_title": " 団鬼六　ＯＬ縄奴隷",
        "status": " Released",
        "orig_lang": " Japanese",
        "budget_x": 12001040.0,
        "revenue": 38139010.0,
        "country": "JP"
    },
    {
        "title": "Two",
        "date_x": "07/23/2021 ",
        "score": 54.0,
        "genre": [
            "Thriller",
            "Horror"
        ],
        "overview": "Two people, a man and a woman, wake up naked and with their abdomens attached to each other.",
        "actors": [
            "Pablo Derqui",
            "David",
            "Marina Gatell",
            "Sara",
            "Kandido Uranga",
            "Oscar",
            "Anna Chincho Serrano",
            "Rita",
            "Esteban Galilea",
            "Mario"
        ],
        "orig_title": " Dos",
        "status": " Released",
        "orig_lang": " Spanish, Castilian",
        "budget_x": 133000000.0,
        "revenue": 240742794.8,
        "country": "ES"
    },
    {
        "title": "Barbie: The Pearl Princess",
        "date_x": "02/15/2014 ",
        "score": 69.0,
        "genre": [
            "Family",
            "Animation"
        ],
        "overview": "Barbie plays Lumina, a mermaid girl with the power to change the color of pearls. Cheerful and creative, Lumina finds herself working in a mermaid salon customizing fabulous hairstyles. And when Lumina has the chance to attend the royal ball, her friends adorn her with a gown fit for a princess. At the ball, villains try to seize power over the kingdom, and Lumina finds within herself an unexpected power that proves she is much more than a hair stylist.",
        "actors": [
            "Kelly Sheridan",
            "Lumina (voice)",
            "Katie Crown",
            "Kuda (voice)",
            "Mark Oliver",
            "King Nereus (voice)",
            "Rebecca Shoichet",
            "Queen Lorelei (voice)",
            "Trish Pattendon",
            "Scylla (voice)",
            "John Novak",
            "Caligo (voice)",
            "Simon Hill",
            "Fergis (voice)",
            "Peter New",
            "Murray (voice)",
            "Kathleen Barr",
            "Madame Ruckus (voice)"
        ],
        "orig_title": "Barbie: The Pearl Princess",
        "status": " Released",
        "orig_lang": " English",
        "budget_x": 108000000.0,
        "revenue": 533517647.6,
        "country": "US"
    },
    {
        "title": "Sherlock Holmes: A Game of Shadows",
        "date_x": "01/05/2012 ",
        "score": 71.0,
        "genre": [
            "Adventure",
            "Action",
            "Crime",
            "Mystery"
        ],
        "overview": "There is a new criminal mastermind at large (Professor Moriarty) and not only is he Holmes’ intellectual equal, but his capacity for evil and lack of conscience may give him an advantage over the  detective.",
        "actors": [
            "Robert Downey Jr.",
            "Sherlock Holmes",
            "Jude Law",
            "Dr. John Watson",
            "Noomi Rapace",
            "Madam Simza Heron",
            "Jared Harris",
            "Professor James Moriarty",
            "Rachel McAdams",
            "Irene Adler",
            "Eddie Marsan",
            "Inspector Lestrade",
            "Kelly Reilly",
            "Mary Morstan",
            "Stephen Fry",
            "Mycroft Holmes",
            "Paul Anderson",
            "Colonel Sebastian Moran"
        ],
        "orig_title": "Sherlock Holmes: A Game of Shadows",
        "status": " Released",
        "orig_lang": " English",
        "budget_x": 125000000.0,
        "revenue": 535663443.0,
        "country": "AU"
    },
    {
        "title": "Midway",
        "date_x": "11/21/2019 ",
        "score": 71.0,
        "genre": [
            "Action",
            "Drama",
            "War",
            "History",
            "Adventure"
        ],
        "overview": "The story of the Battle of Midway, and the leaders and soldiers who used their instincts, fortitude and bravery to overcome massive odds.",
        "actors": [
            "Ed Skrein",
            "Lieutenant Richard 'Dick' Best",
            "Patrick Wilson",
            "Rear Admiral Edwin T. Layton",
            "Woody Harrelson",
            "Admiral Chester W. Nimitz",
            "Luke Evans",
            "Commander Wade McClusky",
            "Mandy Moore",
            "Anne Best",
            "Luke Kleintank",
            "Lieutenant Clarence Earle Dickinson",
            "Dennis Quaid",
            "Vice Admiral William 'Bull' Halsey",
            "Aaron Eckhart",
            "Lieutenant Colonel Jimmy Doolittle",
            "Keean Johnson",
            "Chief Aviation Radioman James Murray"
        ],
        "orig_title": "Midway",
        "status": " Released",
        "orig_lang": " English",
        "budget_x": 100000000.0,
        "revenue": 126815030.0,
        "country": "AU"
    },
    {
        "title": "Her",
        "date_x": "01/16/2014 ",
        "score": 79.0,
        "genre": [
            "Romance",
            "Science Fiction",
            "Drama"
        ],
        "overview": "In the not so distant future, Theodore, a lonely writer, purchases a newly developed operating system designed to meet the user's every need. To Theodore's surprise, a romantic relationship develops between him and his operating system. This unconventional love story blends science fiction and romance in a sweet tale that explores the nature of love and the ways that technology isolates and connects us all.",
        "actors": [
            "Joaquin Phoenix",
            "Theodore Twombly",
            "Scarlett Johansson",
            "Samantha (voice)",
            "Amy Adams",
            "Amy",
            "Rooney Mara",
            "Catherine Klausen",
            "Chris Pratt",
            "Paul",
            "Olivia Wilde",
            "Blind Date",
            "Matt Letscher",
            "Charles",
            "Portia Doubleday",
            "Surrogate Date Isabella",
            "Spike Jonze",
            "Alien Child (voice)"
        ],
        "orig_title": "Her",
        "status": " Released",
        "orig_lang": " English",
        "budget_x": 23000000.0,
        "revenue": 48043998.0,
        "country": "AU"
    },
    {
        "title": "A Waltons Thanksgiving",
        "date_x": "11/20/2022 ",
        "score": 40.0,
        "genre": [
            "TV Movie",
            "Drama"
        ],
        "overview": "Follows the Walton family as they prepare enthusiastically for the annual Harvest Festival Fair on Walton Mountain in 1934, but their lives are dramatically changed after a young boy arrives.",
        "actors": [
            "Richard Thomas",
            "Self - Narrator (voice)",
            "Bellamy Young",
            "Olivia",
            "Teddy Sears",
            "John Sr",
            "Logan Shroyer",
            "John Boy",
            "Britt George",
            "Abner",
            "Marcelle LeBlanc",
            "Mary Ellen Walton",
            "Marilyn McCoo",
            "Sister Harriet",
            "Adam Boyer",
            "Charlie Sneed",
            "Donovan Elmore",
            "Claudie"
        ],
        "orig_title": "A Waltons Thanksgiving",
        "status": " Released",
        "orig_lang": " English",
        "budget_x": 112800000.0,
        "revenue": 836011985.4,
        "country": "US"
    },
    {
        "title": "Hitman",
        "date_x": "12/06/2007 ",
        "score": 61.0,
        "genre": [
            "Action",
            "Thriller",
            "Drama"
        ],
        "overview": "A genetically engineered assassin with deadly aim, known only as \"Agent 47\" eliminates strategic targets for a top-secret organization. But when he's double-crossed, the hunter becomes the prey as 47 finds himself in a life-or-death game of international intrigue.",
        "actors": [
            "Timothy Olyphant",
            "Agent 47",
            "Dougray Scott",
            "Mike Whittier",
            "Olga Kurylenko",
            "Nika Boronina",
            "Robert Knepper",
            "Yuri Marklov",
            "Ulrich Thomsen",
            "Mikhail Belicoff",
            "Henry Ian Cusick",
            "Udre Belicoff",
            "Michael Offei",
            "Jenkins",
            "Christian Erickson",
            "General Kormarov",
            "Ériq Ebouaney",
            "Bwana Ovie"
        ],
        "orig_title": "Hitman",
        "status": " Released",
        "orig_lang": " English",
        "budget_x": 24000000.0,
        "revenue": 99135571.0,
        "country": "AU"
    },
    {
        "title": "Deepwater Horizon",
        "date_x": "10/06/2016 ",
        "score": 68.0,
        "genre": [
            "Drama",
            "Action"
        ],
        "overview": "A story set on the offshore drilling rig Deepwater Horizon, which exploded during April 2010 and created the worst oil spill in U.S. history.",
        "actors": [
            "Mark Wahlberg",
            "Mike Williams",
            "Kurt Russell",
            "Jimmy Harrell",
            "John Malkovich",
            "Donald Vidrine",
            "Gina Rodriguez",
            "Andrea Fleytas",
            "Dylan O'Brien",
            "Caleb Holloway",
            "Kate Hudson",
            "Felicia Williams",
            "J.D. Evermore",
            "Dewey Revette",
            "Ethan Suplee",
            "Jason Anderson",
            "David Maldonado",
            "Capt. Curt Kuchta"
        ],
        "orig_title": "Deepwater Horizon",
        "status": " Released",
        "orig_lang": " English",
        "budget_x": 156000000.0,
        "revenue": 122359309.0,
        "country": "AU"
    },
    {
        "title": "The Pirates: The Last Royal Treasure",
        "date_x": "01/26/2022 ",
        "score": 67.0,
        "genre": [
            "Action",
            "Adventure",
            "Comedy"
        ],
        "overview": "A gutsy crew of Joseon pirates and bandits battle stormy waters, puzzling clues and militant rivals in search of royal gold lost at sea.",
        "actors": [
            "Kang Ha-neul",
            "Woo Moo-Chi",
            "Han Hyo-joo",
            "Hae-Rang",
            "Lee Kwang-soo",
            "Mak-Yi",
            "Kwon Sang-woo",
            "Bu Heung-Soo",
            "Chae Soo-bin",
            "So-Nyeo",
            "Sehun",
            "Han-Goong",
            "Kim Sung-oh",
            "Kang-Seob",
            "Park Ji-hwan",
            "Akwi",
            "Sung Dong-il",
            "Merchant Choi"
        ],
        "orig_title": " 해적: 도깨비 깃발",
        "status": " Released",
        "orig_lang": " Korean",
        "budget_x": 19597380.0,
        "revenue": 10247262.0,
        "country": "KR"
    },
    {
        "title": "Paranormal Activity 3",
        "date_x": "10/20/2011 ",
        "score": 59.0,
        "genre": [
            "Horror",
            "Mystery"
        ],
        "overview": "In 1988, young sisters Katie and Kristi befriend an invisible entity who resides in their home.",
        "actors": [
            "Katie Featherston",
            "Katie",
            "Sprague Grayden",
            "Kristi Rey",
            "Lauren Bittner",
            "Julie",
            "Christopher Nicholas Smith",
            "Dennis",
            "Chloe Csengery",
            "Young Katie",
            "Jessica Tyler Brown",
            "Young Kristi",
            "Marilyn Alex",
            "Creepy Lady",
            "Dustin Ingram",
            "Randy Rosen",
            "Jessica Berger",
            "Kid"
        ],
        "orig_title": "Paranormal Activity 3",
        "status": " Released",
        "orig_lang": " English",
        "budget_x": 5000000.0,
        "revenue": 207039844.0,
        "country": "AU"
    },
    {
        "title": "Star Wars: Episode I - The Phantom Menace",
        "date_x": "07/16/1999 ",
        "score": 65.0,
        "genre": [
            "Adventure",
            "Action",
            "Science Fiction"
        ],
        "overview": "Anakin Skywalker, a young slave strong with the Force, is discovered on Tatooine. Meanwhile, the evil Sith have returned, enacting their plot for revenge against the Jedi.",
        "actors": [
            "Liam Neeson",
            "Qui-Gon Jinn",
            "Ewan McGregor",
            "Obi-Wan Kenobi",
            "Natalie Portman",
            "Padmé Amidala",
            "Jake Lloyd",
            "Anakin Skywalker",
            "Ian McDiarmid",
            "Senator Palpatine",
            "Pernilla August",
            "Shmi Skywalker",
            "Oliver Ford Davies",
            "Governor Sio Bibble",
            "Hugh Quarshie",
            "Captain Panaka",
            "Ahmed Best",
            "Jar Jar Binks"
        ],
        "orig_title": "Star Wars: Episode I - The Phantom Menace",
        "status": " Released",
        "orig_lang": " English",
        "budget_x": 115000000.0,
        "revenue": 924317558.0,
        "country": "AU"
    },
    {
        "title": "The Hills Have Eyes 2",
        "date_x": "03/22/2007 ",
        "score": 55.0,
        "genre": [
            "Horror",
            "Thriller"
        ],
        "overview": "A group of National Guard trainees find themselves battling against a vicious group of mutants on their last day of training in the desert.",
        "actors": [
            "Michael McMillian",
            "Napoleon",
            "Jessica Stroup",
            "Amber",
            "Jacob Vargas",
            "Crank",
            "Flex Alexander",
            "Sarge",
            "Michael Bailey Smith",
            "Papa Hades",
            "Lee Thompson Young",
            "Delmar",
            "Daniella Alonso",
            "Missy",
            "Archie Kao",
            "Han",
            "Jay Acovone",
            "Wilson"
        ],
        "orig_title": "The Hills Have Eyes 2",
        "status": " Released",
        "orig_lang": " English",
        "budget_x": 15000000.0,
        "revenue": 37697773.0,
        "country": "US"
    },
    {
        "title": "Child's Play 3",
        "date_x": "11/12/1991 ",
        "score": 59.0,
        "genre": [
            "Horror",
            "Thriller"
        ],
        "overview": "Eight years have passed since the events of the second film. Chucky has been resurrected once again and seeks revenge on Andy, his former owner, who is now a teenager enrolled in military school.",
        "actors": [
            "Justin Whalin",
            "Andy Barclay",
            "Perrey Reeves",
            "Kristen De Silva",
            "Jeremy Sylvers",
            "Ronald Tyler",
            "Travis Fine",
            "Brett C. Shelton",
            "Dean Jacobson",
            "Harold Aubrey Whitehurst",
            "Brad Dourif",
            "Chucky (voice)",
            "Peter Haskell",
            "Sullivan",
            "Dakin Matthews",
            "Colonel Cochrane",
            "Andrew Robinson",
            "Sergeant Botnick"
        ],
        "orig_title": "Child's Play 3",
        "status": " Released",
        "orig_lang": " English",
        "budget_x": 13000000.0,
        "revenue": 20560255.0,
        "country": "AU"
    },
    {
        "title": "Ride Your Wave",
        "date_x": "02/27/2020 ",
        "score": 76.0,
        "genre": [
            "Animation",
            "Romance",
            "Comedy",
            "Drama",
            "Fantasy"
        ],
        "overview": "Hinako is a surf-loving college student who has just moved to a small seaside town. When a sudden fire breaks out at her apartment building, she is rescued by Minato, a handsome firefighter, and the two soon fall in love. Just as they become inseparable, Minato loses his life in an accident at sea. Hinako is so distraught that she can no longer even look at the ocean, but one day she sings a song that reminds her of their time together, and Minato appears in the water. From then on, she can summon him in any watery surface as soon as she sings their song, but can the two really remain together forever? And what is the real reason for Minato's sudden reappearance?",
        "actors": [
            "Ryota Katayose",
            "Minato Hinageshi (voice)",
            "Rina Kawaei",
            "Hinako Mukaizumi (voice)",
            "Honoka Matsumoto",
            "Yoko Hinageshi (voice)",
            "Kentaro Ito",
            "Wasabi Kawamura (voice)",
            "Mami Horikoshi",
            "Hinako's Mother (voice)",
            "You Taichi",
            "Junko (voice)",
            "Mai Nishikawa",
            "Ai (voice)",
            "Daiki Hamano",
            "Chiba Port Tower Public Address Announcer (voice)",
            "Kenji Sugimura",
            "Leader (voice)"
        ],
        "orig_title": " きみと、波にのれたら",
        "status": " Released",
        "orig_lang": " Japanese",
        "budget_x": 143000000.0,
        "revenue": 589212649.0,
        "country": "AU"
    },
    {
        "title": "Bumblebee",
        "date_x": "12/20/2018 ",
        "score": 67.0,
        "genre": [
            "Action",
            "Adventure",
            "Science Fiction"
        ],
        "overview": "On the run in the year 1987, Bumblebee finds refuge in a junkyard in a small Californian beach town. Charlie, on the cusp of turning 18 and trying to find her place in the world, discovers Bumblebee, battle-scarred and broken.  When Charlie revives him, she quickly learns this is no ordinary yellow VW bug.",
        "actors": [
            "Hailee Steinfeld",
            "Charlie Watson",
            "John Cena",
            "Agent Jack Burns",
            "Jorge Lendeborg Jr.",
            "Memo",
            "John Ortiz",
            "Dr. Powell",
            "Jason Ian Drucker",
            "Otis Watson",
            "Pamela Adlon",
            "Sally Watson",
            "Stephen Schneider",
            "Ron",
            "Len Cariou",
            "Hank",
            "Glynn Turman",
            "General Whalen"
        ],
        "orig_title": "Bumblebee",
        "status": " Released",
        "orig_lang": " English",
        "budget_x": 102000000.0,
        "revenue": 465195589.0,
        "country": "AU"
    },
    {
        "title": "Paint",
        "date_x": "04/07/2023 ",
        "score": 0.0,
        "genre": [
            "Comedy",
            "Drama"
        ],
        "overview": "Carl Nargle, Vermont’s #1 public television painter, is convinced he has it all: a signature perm, custom van, and fans hanging on his every stroke… until a younger, better artist steals everything (and everyone) Carl loves.",
        "actors": [
            "Owen Wilson",
            "Carl Nargle",
            "Michaela Watkins",
            "Katherine",
            "Wendi McLendon-Covey",
            "Wendy",
            "Ciara Renée",
            "Ambrosia long",
            "Lusia Strus",
            "",
            "Stephen Root",
            "Tony",
            "Lucy Freyer",
            "Jenna",
            "Denny Dillon",
            "PBS Host",
            "Evander Duck Jr.",
            "Reuben"
        ],
        "orig_title": "Paint",
        "status": " Released",
        "orig_lang": " English",
        "budget_x": 193540000.0,
        "revenue": 175269998.8,
        "country": "US"
    },
    {
        "title": "About Time",
        "date_x": "10/17/2013 ",
        "score": 79.0,
        "genre": [
            "Drama",
            "Romance",
            "Fantasy"
        ],
        "overview": "The night after another unsatisfactory New Year's party, Tim's father tells his son that the men in his family have always had the ability to travel through time. They can't change history, but they can change what happens and has happened in their own lives. Thus begins the start of a lesson in learning to appreciate life itself as it is, as it comes, and most importantly, the people living alongside us.",
        "actors": [
            "Domhnall Gleeson",
            "Tim Lake",
            "Rachel McAdams",
            "Mary",
            "Bill Nighy",
            "Dad",
            "Tom Hollander",
            "Harry",
            "Margot Robbie",
            "Charlotte",
            "Lydia Wilson",
            "Kit Kat",
            "Lindsay Duncan",
            "Mum",
            "Richard Cordery",
            "Uncle D",
            "Joshua McGuire",
            "Rory"
        ],
        "orig_title": "About Time",
        "status": " Released",
        "orig_lang": " English",
        "budget_x": 12000000.0,
        "revenue": 84959034.0,
        "country": "AU"
    },
    {
        "title": "Crush",
        "date_x": "04/29/2022 ",
        "score": 77.0,
        "genre": [
            "Comedy",
            "Romance"
        ],
        "overview": "When an aspiring young artist is forced to join her high school track team, she uses it as an opportunity to pursue the girl she's been harboring a long-time crush on. But she soon finds herself falling for an unexpected teammate and discovers what real love feels like.",
        "actors": [
            "Rowan Blanchard",
            "Paige Evans",
            "Auli'i Cravalho",
            "AJ Campos",
            "Isabella Ferreira",
            "Gabriela Campos",
            "Tyler Alvarez",
            "Dillon",
            "Teala Dunn",
            "Stacey Clark",
            "Megan Mullally",
            "Angie Evans",
            "Rico Paris",
            "Tim",
            "Aasif Mandvi",
            "Coach Murray",
            "Michelle Buteau",
            "Principal Collins"
        ],
        "orig_title": "Crush",
        "status": " Released",
        "orig_lang": " English",
        "budget_x": 105800000.0,
        "revenue": 667037174.8,
        "country": "US"
    },
    {
        "title": "The Cat Returns",
        "date_x": "09/05/2005 ",
        "score": 72.0,
        "genre": [
            "Adventure",
            "Fantasy",
            "Animation",
            "Drama",
            "Family"
        ],
        "overview": "Young Haru rescues a cat from being run over, but soon learns it's no ordinary feline; it happens to be the Prince of the Cats.",
        "actors": [
            "Chizuru Ikewaki",
            "Haru Yoshioka (voice)",
            "Yoshihiko Hakamada",
            "Baron (voice)",
            "Aki Maeda",
            "Yuki (voice)",
            "Takayuki Yamada",
            "Lune (voice)",
            "Hitomi Satô",
            "Hiromi (voice)",
            "Kenta Satoi",
            "Natori (voice)",
            "Mari Hamada",
            "Natoru (voice)",
            "Tetsu Watanabe",
            "Muta (voice)",
            "Yousuke Saito",
            "Toto (voice)"
        ],
        "orig_title": " 猫の恩返し",
        "status": " Released",
        "orig_lang": " Japanese",
        "budget_x": 24840000.0,
        "revenue": 54016370.0,
        "country": "AU"
    },
    {
        "title": "Royalteen",
        "date_x": "08/17/2022 ",
        "score": 58.0,
        "genre": [
            "Romance",
            "Drama"
        ],
        "overview": "A teenager struggles to keep her scandal-ridden past and a big secret from getting out when she strikes up an unlikely romance with the crown prince.",
        "actors": [
            "Ines Høysæter Asserson",
            "Lena",
            "Veslemøy Mørkrid",
            "Lise Karlsvik (Lena's mother)",
            "Elli Rhiannon Müller Osborne",
            "Margrethe",
            "Mathias Storhøi",
            "Prince Kalle",
            "Sunniva Lind Høverstad",
            "Renate",
            "Pål Richard Lunderby",
            "Speaking Journalist from VG(News Paper)",
            "Amalie Sporsheim",
            "Ingrid",
            "Filip Bargee Ramberg",
            "Fanny",
            "Martin Grid Toennesen",
            "Prince Kalles bodyguard"
        ],
        "orig_title": " Royalteen: Arvingen",
        "status": " Released",
        "orig_lang": " Norwegian",
        "budget_x": 99400000.0,
        "revenue": 588699039.2,
        "country": "NO"
    },
    {
        "title": "The Mummy",
        "date_x": "06/08/2017 ",
        "score": 55.0,
        "genre": [
            "Fantasy",
            "Thriller",
            "Action",
            "Adventure",
            "Horror"
        ],
        "overview": "Though safely entombed in a crypt deep beneath the unforgiving desert, an ancient queen whose destiny was unjustly taken from her is awakened in our current day, bringing with her malevolence grown over millennia, and terrors that defy human comprehension.",
        "actors": [
            "Tom Cruise",
            "Nick Morton",
            "Annabelle Wallis",
            "Jennifer Halsey",
            "Sofia Boutella",
            "Ahmanet",
            "Jake Johnson",
            "Chris Vail",
            "Courtney B. Vance",
            "Colonel Greenway",
            "Russell Crowe",
            "Henry Jekyll / Edward Hyde",
            "Marwan Kenzari",
            "Malik",
            "Neil Maskell",
            "Dr. Whemple",
            "Javier Botet",
            "Set"
        ],
        "orig_title": "The Mummy",
        "status": " Released",
        "orig_lang": " English",
        "budget_x": 195000000.0,
        "revenue": 409953905.0,
        "country": "AU"
    },
    {
        "title": "The Mummy",
        "date_x": "06/08/2017 ",
        "score": 55.0,
        "genre": [
            "Fantasy",
            "Thriller",
            "Action",
            "Adventure",
            "Horror"
        ],
        "overview": "Though safely entombed in a crypt deep beneath the unforgiving desert, an ancient queen whose destiny was unjustly taken from her is awakened in our current day, bringing with her malevolence grown over millennia, and terrors that defy human comprehension.",
        "actors": [
            "Tom Cruise",
            "Nick Morton",
            "Annabelle Wallis",
            "Jennifer Halsey",
            "Sofia Boutella",
            "Ahmanet",
            "Jake Johnson",
            "Chris Vail",
            "Courtney B. Vance",
            "Colonel Greenway",
            "Russell Crowe",
            "Henry Jekyll / Edward Hyde",
            "Marwan Kenzari",
            "Malik",
            "Neil Maskell",
            "Dr. Whemple",
            "Javier Botet",
            "Set"
        ],
        "orig_title": "The Mummy",
        "status": " Released",
        "orig_lang": " English",
        "budget_x": 80000000.0,
        "revenue": 416385488.0,
        "country": "AU"
    },
    {
        "title": "Truth or Dare",
        "date_x": "08/15/2018 ",
        "score": 60.0,
        "genre": [
            "Thriller",
            "Horror"
        ],
        "overview": "A harmless game of \"Truth or Dare\" among friends turns deadly when someone—or something—begins to punish those who tell a lie—or refuse the dare.",
        "actors": [
            "Lucy Hale",
            "Olivia Barron",
            "Violett Beane",
            "Markie Cameron",
            "Tyler Posey",
            "Lucas Moreno",
            "Hayden Szeto",
            "Brad Chang",
            "Aurora Perrineau",
            "Giselle Hammond",
            "Sophia Ali",
            "Penelope Amari",
            "Landon Liboiron",
            "Carter",
            "Morgan Lindholm",
            "Alexis Podell",
            "Gary Anthony Williams",
            "Calex (voice)"
        ],
        "orig_title": "Truth or Dare",
        "status": " Released",
        "orig_lang": " English",
        "budget_x": 3500000.0,
        "revenue": 95292744.0,
        "country": "AU"
    },
    {
        "title": "Raped by an Angel",
        "date_x": "05/27/1993 ",
        "score": 51.0,
        "genre": [
            "Thriller",
            "Crime"
        ],
        "overview": "A lawyer is fascinated by an advertisement with two models, Lam and Man. He arranges a rape plan against Man. He kills her and plots to make the next a suicide. Lam realizes Man is tortured to death, she uses her body to allure him into a trap.",
        "actors": [
            "Chingmy Yau",
            "Yau Yuk-nam",
            "Mark Cheng Ho-Nam",
            "Eric Chuck Chi-Shing",
            "Simon Yam",
            "Tso Tat Wah",
            "Jacqueline Ng Suet-Man",
            "Chu Kit-Man",
            "Kingdom Yuen",
            "Turkey",
            "Nick Cheung",
            "Dick",
            "Dennis Chan Kwok-San",
            "Professor Chan",
            "Lee Siu-Kei",
            "Inspector Lee",
            "Teresa Ha Ping",
            "Tat's mother"
        ],
        "orig_title": " 香港奇案之強姦",
        "status": " Released",
        "orig_lang": " Cantonese",
        "budget_x": 115400000.0,
        "revenue": 233023741.6,
        "country": "HK"
    },
    {
        "title": "Underworld: Rise of the Lycans",
        "date_x": "01/22/2009 ",
        "score": 65.0,
        "genre": [
            "Fantasy",
            "Action",
            "Thriller"
        ],
        "overview": "A prequel to the first two Underworld films, this fantasy explains the origins of the feud between the Vampires and the Lycans. Aided by his secret love, Sonja, courageous Lucian leads the Lycans in battle against brutal Vampire king Viktor. Determined to break the king's enslavement of his people, Lucian faces off against the Death Dealer army in a bid for Lycan independence.",
        "actors": [
            "Rhona Mitra",
            "Sonja",
            "Bill Nighy",
            "Viktor",
            "Michael Sheen",
            "Lucian",
            "Shane Brolly",
            "Kraven",
            "Steven Mackintosh",
            "Andreas Tanis",
            "Kevin Grevioux",
            "Raze",
            "David Aston",
            "Coloman",
            "Geraldine Brophy",
            "Nobleman's Wife",
            "Leighton Cardno",
            "Fearful Lycan"
        ],
        "orig_title": "Underworld: Rise of the Lycans",
        "status": " Released",
        "orig_lang": " English",
        "budget_x": 35000000.0,
        "revenue": 92158961.0,
        "country": "AU"
    },
    {
        "title": "The King of Fighters",
        "date_x": "08/31/2010 ",
        "score": 52.0,
        "genre": [
            "Action",
            "Thriller",
            "Science Fiction"
        ],
        "overview": "The King of Fighters movie will introduce a new science fiction spin into the setting established in the games universe by following the surviving members of three legendary fighting clans who are continually whisked away to other dimensions by an evil power. As the fighters enter each new world they battle that universes native defenders, while the force that brought them seeks to find a way to invade and infect our world.",
        "actors": [
            "Sean Faris",
            "Kyo Kusanagi",
            "Maggie Q",
            "Mai Shiranui",
            "Ray Park",
            "Rugal",
            "Will Yun Lee",
            "Iori Yagami",
            "David Leitch",
            "Terry Bogard",
            "Françoise Yip",
            "Chizuru Kagura",
            "Hiro Kanagawa",
            "Saisyu Kusanagi",
            "Bernice Liu",
            "Vice",
            "Monique Ganderton",
            "Mature"
        ],
        "orig_title": "The King of Fighters",
        "status": " Released",
        "orig_lang": " English",
        "budget_x": 12000000.0,
        "revenue": 2000371.0,
        "country": "CA"
    },
    {
        "title": "L'immensità",
        "date_x": "09/15/2022 ",
        "score": 66.0,
        "genre": [
            "Drama"
        ],
        "overview": "The story of love between Clara and her children, set in Rome in the '70s.",
        "actors": [
            "Penélope Cruz",
            "Clara",
            "Vincenzo Amato",
            "Felice",
            "Luana Giuliani",
            "Adri/Andrea",
            "Aurora Quattrocchi",
            "Bisnonna",
            "Elena Arvigo",
            "Ada",
            "Laura Nardi",
            "Donna Pía",
            "Filippo Pucillo",
            "",
            "Francesco Casisa",
            "",
            "Patrizio Francioni",
            "Gino"
        ],
        "orig_title": "L'immensità",
        "status": " Released",
        "orig_lang": " Italian",
        "budget_x": 47220616.4,
        "revenue": 319773152.6,
        "country": "IT"
    },
    {
        "title": "The Many Saints of Newark",
        "date_x": "09/23/2021 ",
        "score": 65.0,
        "genre": [
            "Crime"
        ],
        "overview": "Young Anthony Soprano is growing up in one of the most tumultuous eras in Newark, N.J., history, becoming a man just as rival gangsters start to rise up and challenge the all-powerful DiMeo crime family. Caught up in the changing times is the uncle he idolizes, Dickie Moltisanti, whose influence over his nephew will help shape the impressionable teenager into the all-powerful mob boss, Tony Soprano.",
        "actors": [
            "Alessandro Nivola",
            "Dickie Moltisanti",
            "Leslie Odom Jr.",
            "Harold McBrayer",
            "Michael Gandolfini",
            "Teenage Tony Soprano",
            "Ray Liotta",
            "\"Hollywood Dick\" Moltisanti / Salvatore “Sally” Moltisanti",
            "Michela De Rossi",
            "Giuseppina Moltisanti",
            "Vera Farmiga",
            "Livia Soprano",
            "Corey Stoll",
            "Junior Soprano",
            "Jon Bernthal",
            "Johnny Soprano",
            "Billy Magnussen",
            "Paulie Walnuts"
        ],
        "orig_title": "The Many Saints of Newark",
        "status": " Released",
        "orig_lang": " English",
        "budget_x": 50000000.0,
        "revenue": 12732039.0,
        "country": "AU"
    },
    {
        "title": "Over the Moon",
        "date_x": "10/16/2020 ",
        "score": 73.0,
        "genre": [
            "Animation",
            "Adventure",
            "Family",
            "Fantasy"
        ],
        "overview": "In this animated musical, a girl builds a rocket ship and blasts off, hoping to meet a mythical moon goddess.",
        "actors": [
            "Cathy Ang",
            "Fei Fei (voice)",
            "Phillipa Soo",
            "Chang'e (voice)",
            "Robert G. Chiu",
            "Chin (voice)",
            "Ken Jeong",
            "Gobi (voice)",
            "John Cho",
            "Father (voice)",
            "Sandra Oh",
            "Mrs. Zhong (voice)",
            "Ruthie Ann Miles",
            "Mother (voice)",
            "Margaret Cho",
            "Auntie Ling / Gretch (voice)",
            "Kimiko Glenn",
            "Auntie Mei / Lulu (voice)"
        ],
        "orig_title": "Over the Moon",
        "status": " Released",
        "orig_lang": " English",
        "budget_x": 82600000.0,
        "revenue": 473097256.6,
        "country": "US"
    },
    {
        "title": "Charm City Kings",
        "date_x": "01/27/2020 ",
        "score": 79.0,
        "genre": [
            "Drama"
        ],
        "overview": "Mouse desperately wants to join The Midnight Clique, the infamous Baltimore dirt bike riders who rule the summertime streets. When Midnight’s leader, Blax, takes 14-year-old Mouse under his wing, Mouse soon finds himself torn between the straight-and-narrow and a road filled with fast money and violence.",
        "actors": [
            "Jahi Di'Allo Winston",
            "Mouse",
            "Meek Mill",
            "Blax",
            "Teyonah Parris",
            "Mouse’s Mom",
            "William Catlett",
            "Detective Rivers",
            "Kezii Curtis",
            "Sweartagawd",
            "Donielle T. Hansley Jr.",
            "Lamont",
            "Milan Ray",
            "Shay",
            "Chandler DuPont",
            "Nicki",
            "Hero Hunter",
            "Young Mouse"
        ],
        "orig_title": "Charm City Kings",
        "status": " Released",
        "orig_lang": " English",
        "budget_x": 124000000.0,
        "revenue": 517060315.4,
        "country": "US"
    },
    {
        "title": "Promare",
        "date_x": "10/24/2019 ",
        "score": 70.0,
        "genre": [
            "Animation",
            "Action",
            "Science Fiction"
        ],
        "overview": "Galo and the Burning Rescue Fire Department face off against BURNISH, a group of mutants who are able to control and wield flames, and the fire disaster they have unleashed on Earth.",
        "actors": [
            "Kenichi Matsuyama",
            "Galo Thymos (voice)",
            "Taichi Saotome",
            "Lio Fotia (voice)",
            "Ayane Sakura",
            "Aina Ardebit (voice)",
            "Hiroyuki Yoshino",
            "Remi Puguna (voice)",
            "Tetsu Inada",
            "Varys Truss (voice)",
            "Mayumi Shintani",
            "Lucia Fex (voice)",
            "Rikiya Koyama",
            "Ignis Ex (voice)",
            "Taiten Kusunoki",
            "Vulcan Haestus (voice)",
            "Ami Koshimizu",
            "Heris Ardebit (voice)"
        ],
        "orig_title": " プロメア",
        "status": " Released",
        "orig_lang": " Japanese",
        "budget_x": 59500000.0,
        "revenue": 444807535.4,
        "country": "AU"
    },
    {
        "title": "Frivolous Lola",
        "date_x": "06/01/1998 ",
        "score": 48.0,
        "genre": [
            "Comedy",
            "Romance"
        ],
        "overview": "The story takes place in northern Italy in the 1950's. Lola and Masetto are about to get married. Masetto wants to keep Lola as a virgin until they are married. But Lola is impatient to remain in chastity until the wedding night. She wants to be sure that Masetto is a good lover, before she commits herself into marriage. She does everything to trick Masetto into breaking the moral tradition.",
        "actors": [
            "Anna Ammirati",
            "Lola",
            "Patrick Mower",
            "André",
            "Max Parodi",
            "Masetto",
            "Zuzana Martinková",
            "Michelle",
            "Antonio Salines",
            "Pepè",
            "Serena Grandi",
            "Zaira",
            "Francesca Nunzi",
            "Wilma",
            "Vittorio Attene",
            "Ginetto",
            "Laura Trotter",
            "Carmelina"
        ],
        "orig_title": " Monella",
        "status": " Released",
        "orig_lang": " Italian",
        "budget_x": 119000000.0,
        "revenue": 948498291.2,
        "country": "IT"
    },
    {
        "title": "The Ring",
        "date_x": "11/14/2002 ",
        "score": 66.0,
        "genre": [
            "Horror",
            "Mystery"
        ],
        "overview": "Rachel Keller is a journalist investigating a videotape that may have killed four teenagers. There is an urban legend about this tape: the viewer will die seven days after watching it. Rachel tracks down the video... and watches it. Now she has just seven days to unravel the mystery of the Ring so she can save herself and her son.",
        "actors": [
            "Naomi Watts",
            "Rachel Keller",
            "Martin Henderson",
            "Noah Clay",
            "David Dorfman",
            "Aidan Keller",
            "Brian Cox",
            "Richard Morgan",
            "Jane Alexander",
            "Dr. Grasnik",
            "Lindsay Frost",
            "Ruth Embry",
            "Amber Tamblyn",
            "Katie Embry",
            "Rachael Bella",
            "Rebecca Kotler",
            "Daveigh Chase",
            "Samara Morgan"
        ],
        "orig_title": "The Ring",
        "status": " Released",
        "orig_lang": " English",
        "budget_x": 48000000.0,
        "revenue": 248218486.0,
        "country": "AU"
    },
    {
        "title": "Radius",
        "date_x": "03/13/2018 ",
        "score": 66.0,
        "genre": [
            "Thriller",
            "Drama",
            "Horror"
        ],
        "overview": "Liam wakes from a car crash with no memory of who he is. As he makes his way into town to look for help, he finds only dead bodies, all with strange pale eyes. Liam's first assessment is that a virus is present in the air, but he soon discovers the horrible truth: anyone who comes within a 50-foot radius of him dies instantly.",
        "actors": [
            "Diego Klattenhoff",
            "Liam",
            "Charlotte Sullivan",
            "Jane",
            "Brett Donahue",
            "Sam",
            "Bradley Sawatzky",
            "Dr. Mayborne",
            "Nazariy Demkowicz",
            "Ted",
            "Andrea del Campo",
            "Scan Technician",
            "Kristen Sawatzky",
            "Female Cop at Farm",
            "Darren Felbel",
            "Male Cop at Farm",
            "Shannon Guile",
            "Dead Woman Driver"
        ],
        "orig_title": "Radius",
        "status": " Released",
        "orig_lang": " English",
        "budget_x": 37117129.0,
        "revenue": 14097.0,
        "country": "AU"
    },
    {
        "title": "Saw VI",
        "date_x": "10/22/2009 ",
        "score": 63.0,
        "genre": [
            "Horror",
            "Mystery"
        ],
        "overview": "Special Agent Strahm is dead, and Detective Hoffman has emerged as the unchallenged successor to Jigsaw's legacy. However, when the FBI draws closer to Hoffman, he is forced to set a game into motion, and Jigsaw's grand scheme is finally understood.",
        "actors": [
            "Tobin Bell",
            "John Kramer / Jigsaw",
            "Costas Mandylor",
            "Mark Hoffman",
            "Mark Rolston",
            "Dan Erickson",
            "Betsy Russell",
            "Jill Tuck",
            "Shawnee Smith",
            "Amanda Young",
            "Peter Outerbridge",
            "William",
            "Athena Karkanis",
            "Agent Perez",
            "Samantha Lemole",
            "Pamela Jenkins",
            "Tanedra Howard",
            "Simone"
        ],
        "orig_title": "Saw VI",
        "status": " Released",
        "orig_lang": " English",
        "budget_x": 11000000.0,
        "revenue": 69752402.0,
        "country": "AU"
    },
    {
        "title": "Blood Diamond",
        "date_x": "01/04/2007 ",
        "score": 75.0,
        "genre": [
            "Drama",
            "Thriller",
            "Action"
        ],
        "overview": "An ex-mercenary turned smuggler. A Mende fisherman. Amid the explosive civil war overtaking 1999 Sierra Leone, these men join for two desperate missions: recovering a rare pink diamond of immense value and rescuing the fisherman's son, conscripted as a child soldier into the brutal rebel forces ripping a swath of torture and bloodshed countrywide.",
        "actors": [
            "Leonardo DiCaprio",
            "Danny Archer",
            "Djimon Hounsou",
            "Solomon Vandy",
            "Jennifer Connelly",
            "Maddy Bowen",
            "Kagiso Kuypers",
            "Dia Vandy",
            "Arnold Vosloo",
            "Colonel Coetzee",
            "Antony Coleman",
            "Cordell Brown",
            "Benu Mabhena",
            "Jassie Vandy",
            "Anointing Lukola",
            "N'Yanda Vandy",
            "David Harewood",
            "Captain Poison"
        ],
        "orig_title": "Blood Diamond",
        "status": " Released",
        "orig_lang": " English",
        "budget_x": 100000000.0,
        "revenue": 171377916.0,
        "country": "AU"
    },
    {
        "title": "Young Aunt 3",
        "date_x": "01/02/2020 ",
        "score": 53.0,
        "genre": [
            "Romance"
        ],
        "overview": "Seok-yeong has been living with his father ever since his parents got divorced when he was young. His father, Joong-nam, would always introduce his new girlfriends to Seok-yeong, but Seok-yeong didn't like running into strangers in his house. At the same time, Seok-yeong feels more comfortable with women older than him.  One day, Joong-nam says he's going to marry his new girlfriend, Gyeo-won. At a family dinner, Seok-yeong feels attracted to Gyeo-won's sister, Gyeo-woon, but he has to call her 'aunt'",
        "actors": [
            "Sae Bom",
            "",
            "Ah Reum",
            "",
            "Hae Il",
            "",
            "Si Woo",
            "",
            "Park Do-jin",
            ""
        ],
        "orig_title": " 어린 이모 3",
        "status": " Released",
        "orig_lang": " Korean",
        "budget_x": 121400000.0,
        "revenue": 492196010.4,
        "country": "KR"
    },
    {
        "title": "Curious George: Cape Ahoy",
        "date_x": "09/30/2021 ",
        "score": 33.0,
        "genre": [
            "Animation",
            "Adventure",
            "Comedy"
        ],
        "overview": "With help from a local fisherman, his niece and an adorable baby seal, George embarks on a quest in search of the long-lost shipwreck of legendary sea captain Trumpet Tooter.",
        "actors": [
            "Frank Welker",
            "Curious George (voice)",
            "Christopher Swindle",
            "Captain Elmer (voice)",
            "Rita Moreno",
            "Gertrude St. John(voice)",
            "Luka Jones",
            "Rocco (voice)",
            "Jeff Bennett",
            "Ted (voice)",
            "Dee Bradley Baker",
            "Seal Pup (voice)",
            "Kimberly Brooks",
            "Gwen (voice)",
            "Romi Dames",
            "Emma (voice)"
        ],
        "orig_title": "Curious George: Cape Ahoy",
        "status": " Released",
        "orig_lang": " English",
        "budget_x": 50641000.0,
        "revenue": 323787336.6,
        "country": "US"
    },
    {
        "title": "Kung Fu Hustle",
        "date_x": "08/11/2005 ",
        "score": 74.0,
        "genre": [
            "Action",
            "Comedy",
            "Crime",
            "Fantasy"
        ],
        "overview": "It's the 1940s, and the notorious Axe Gang terrorizes Shanghai. Small-time criminals Sing and Bone hope to join, but they only manage to make lots of very dangerous enemies. Fortunately for them, kung fu masters and hidden strength can be found in unlikely places. Now they just have to take on the entire Axe Gang.",
        "actors": [
            "Stephen Chow",
            "Sing",
            "Yuen Wah",
            "Landlord",
            "Yuen Qiu",
            "Landlady",
            "Lam Tze-chung",
            "Sing's Sidekick",
            "Bruce Leung Siu-Lung",
            "The Beast",
            "Eva Huang",
            "Fong",
            "Danny Chan Kwok-kwan",
            "Brother Sum",
            "Chiu Chi-Ling",
            "Tailor",
            "Xing Yu",
            "Coolie"
        ],
        "orig_title": " 功夫",
        "status": " Released",
        "orig_lang": " Cantonese",
        "budget_x": 20000000.0,
        "revenue": 102034104.0,
        "country": "AU"
    },
    {
        "title": "The Lovely Bones",
        "date_x": "12/26/2009 ",
        "score": 71.0,
        "genre": [
            "Fantasy",
            "Drama"
        ],
        "overview": "After being brutally murdered, 14-year-old Susie Salmon watches from heaven over her grief-stricken family -- and her killer. As she observes their daily lives, she must balance her thirst for revenge with her desire for her family to heal.",
        "actors": [
            "Saoirse Ronan",
            "Susie Salmon",
            "Mark Wahlberg",
            "Jack Salmon",
            "Rachel Weisz",
            "Abigail Salmon",
            "Susan Sarandon",
            "Grandma Lynn",
            "Stanley Tucci",
            "George Harvey",
            "Rose McIver",
            "Lindsey Salmon",
            "Michael Imperioli",
            "Len Fenerman",
            "Carolyn Dando",
            "Ruth Connors",
            "Christian Ashdale",
            "Buckley Salmon"
        ],
        "orig_title": "The Lovely Bones",
        "status": " Released",
        "orig_lang": " English",
        "budget_x": 95000000.0,
        "revenue": 94894448.0,
        "country": "AU"
    },
    {
        "title": "The Dinosaur Project",
        "date_x": "03/20/2013 ",
        "score": 56.0,
        "genre": [
            "Adventure",
            "Action",
            "Horror"
        ],
        "overview": "Found footage of an expedition into the Congo jungle where a team of explorers stumbles upon a colony of Dinosaurs.",
        "actors": [
            "Natasha Loring",
            "Dr Liz Draper",
            "Matt Kane",
            "Luke Marchant",
            "Richard Dillane",
            "Marchant",
            "Peter Brooke",
            "Charlie Rutherford",
            "Stephen Jennings",
            "Dave Moore",
            "Andre Weideman",
            "Pete Van Aarde",
            "Abena Ayivor",
            "Amara",
            "Sivu Nobongoza",
            "Etienne"
        ],
        "orig_title": "The Dinosaur Project",
        "status": " Released",
        "orig_lang": " English",
        "budget_x": 19102000.0,
        "revenue": 2412576.0,
        "country": "AU"
    },
    {
        "title": "Robots",
        "date_x": "03/24/2005 ",
        "score": 64.0,
        "genre": [
            "Animation",
            "Comedy",
            "Family",
            "Science Fiction"
        ],
        "overview": "Rodney Copperbottom is a young robot inventor who dreams of making the world a better place, until the evil Ratchet takes over Big Weld Industries. Now, Rodney's dreams – and those of his friends – are in danger of becoming obsolete.",
        "actors": [
            "Ewan McGregor",
            "Rodney Copperbottom (voice)",
            "Robin Williams",
            "Fender (voice)",
            "Halle Berry",
            "Cappy (voice)",
            "Mel Brooks",
            "Bigweld (voice)",
            "Jim Broadbent",
            "Madame Gasket (voice)",
            "Greg Kinnear",
            "Ratchet (voice)",
            "Stanley Tucci",
            "Herb Copperbottom (voice)",
            "Dianne Wiest",
            "Mrs. Copperbottom (voice)",
            "Chris Wedge",
            "Wonderbot / Phone Booth (voice)"
        ],
        "orig_title": "Robots",
        "status": " Released",
        "orig_lang": " English",
        "budget_x": 80000000.0,
        "revenue": 260636271.0,
        "country": "AU"
    },
    {
        "title": "The Empire Strikes Back",
        "date_x": "05/21/1980 ",
        "score": 84.0,
        "genre": [
            "Adventure",
            "Action",
            "Science Fiction"
        ],
        "overview": "The epic saga continues as Luke Skywalker, in hopes of defeating the evil Galactic Empire, learns the ways of the Jedi from aging master Yoda. But Darth Vader is more determined than ever to capture Luke. Meanwhile, rebel leader Princess Leia, cocky Han Solo, Chewbacca, and droids C-3PO and R2-D2 are thrown into various stages of capture, betrayal and despair.",
        "actors": [
            "Mark Hamill",
            "Luke Skywalker",
            "Harrison Ford",
            "Han Solo",
            "Carrie Fisher",
            "Princess Leia",
            "Billy Dee Williams",
            "Lando Calrissian",
            "Anthony Daniels",
            "C-3PO",
            "David Prowse",
            "Darth Vader",
            "Peter Mayhew",
            "Chewbacca",
            "Kenny Baker",
            "R2-D2",
            "Frank Oz",
            "Yoda (Voice)"
        ],
        "orig_title": "The Empire Strikes Back",
        "status": " Released",
        "orig_lang": " English",
        "budget_x": 18000000.0,
        "revenue": 538400000.0,
        "country": "AU"
    },
    {
        "title": "Predestination",
        "date_x": "08/28/2014 ",
        "score": 74.0,
        "genre": [
            "Science Fiction",
            "Thriller"
        ],
        "overview": "Predestination chronicles the life of a Temporal Agent sent on an intricate series of time-travel journeys designed to prevent future killers from committing their crimes. Now, on his final assignment, the Agent must stop the one criminal that has eluded him throughout time and prevent a devastating attack in which thousands of lives will be lost.",
        "actors": [
            "Ethan Hawke",
            "The Bartender",
            "Sarah Snook",
            "The Unmarried Mother",
            "Noah Taylor",
            "Mr. Robertson",
            "Christopher Kirby",
            "Agent Miles",
            "Madeleine West",
            "Mrs. Stapleton",
            "Jim Knobeloch",
            "Dr. Belfort",
            "Freya Stafford",
            "Alice",
            "Elise Jansen",
            "Nurse",
            "Tyler Coppin",
            "Dr. Heinlein"
        ],
        "orig_title": "Predestination",
        "status": " Released",
        "orig_lang": " English",
        "budget_x": 5500000.0,
        "revenue": 4942449.0,
        "country": "AU"
    },
    {
        "title": "Spy Kids 3-D: Game Over",
        "date_x": "01/01/2004 ",
        "score": 51.0,
        "genre": [
            "Action",
            "Adventure",
            "Comedy",
            "Family",
            "Science Fiction"
        ],
        "overview": "Carmen's caught in a virtual reality game designed by the Kids' new nemesis, the Toymaker. It's up to Juni to save his sister, and ultimately the world.",
        "actors": [
            "Antonio Banderas",
            "Gregorio Cortez",
            "Holland Taylor",
            "Grandmother",
            "Carla Gugino",
            "Ingrid Cortez",
            "Alexa PenaVega",
            "Carmen Cortez",
            "Daryl Sabara",
            "Juni Cortez",
            "Ricardo Montalban",
            "Grandfather",
            "Sylvester Stallone",
            "Toymaker",
            "Mike Judge",
            "Donnagon Giggles",
            "Salma Hayek",
            "Cesca Giggles"
        ],
        "orig_title": "Spy Kids 3-D: Game Over",
        "status": " Released",
        "orig_lang": " English",
        "budget_x": 40000000.0,
        "revenue": 167851995.0,
        "country": "AU"
    },
    {
        "title": "Knight and Day",
        "date_x": "07/15/2010 ",
        "score": 62.0,
        "genre": [
            "Action",
            "Comedy"
        ],
        "overview": "A fugitive couple goes on a glamorous and sometimes deadly adventure where nothing and no one – even themselves – are what they seem. Amid shifting alliances and unexpected betrayals, they race across the globe, with their survival ultimately hinging on the battle of truth vs. trust.",
        "actors": [
            "Tom Cruise",
            "Roy Miller",
            "Cameron Diaz",
            "June Havens",
            "Peter Sarsgaard",
            "Fitzgerald",
            "Viola Davis",
            "CIA Director Isabel George",
            "Jordi Mollà",
            "Antonio Quintana",
            "Paul Dano",
            "Simon Feck",
            "Maggie Grace",
            "April Havens",
            "Marc Blucas",
            "Rodney",
            "Celia Weston",
            "Molly Knight"
        ],
        "orig_title": "Knight and Day",
        "status": " Released",
        "orig_lang": " English",
        "budget_x": 117000000.0,
        "revenue": 258751370.0,
        "country": "AU"
    },
    {
        "title": "Jesus of Nazareth",
        "date_x": "03/26/1942 ",
        "score": 74.0,
        "genre": [
            "History",
            "Drama"
        ],
        "overview": "The biblical story of The Messiah from his baptism through his crucifixion.",
        "actors": [
            "José Cibrián",
            "Jesús de Nazareth",
            "Adriana Lamar",
            "María Magdalena",
            "Aurora Walker",
            "La Virgen María",
            "José Baviera",
            "Poncio Pilato",
            "Rafael María de Labra",
            "Caifás",
            "Enrique García Álvarez",
            "San Pedro",
            "José Pidal",
            "Judas Iscariote",
            "Arturo Soto Rangel",
            "Sacerdote",
            "Miguel Manzano",
            "San Juan Bautista"
        ],
        "orig_title": " Jesús de Nazareth",
        "status": " Released",
        "orig_lang": " Spanish, Castilian",
        "budget_x": 135000000.0,
        "revenue": 439492869.2,
        "country": "MX"
    },
    {
        "title": "The Grand Budapest Hotel",
        "date_x": "04/10/2014 ",
        "score": 81.0,
        "genre": [
            "Comedy",
            "Drama"
        ],
        "overview": "The Grand Budapest Hotel tells of a legendary concierge at a famous European hotel between the wars and his friendship with a young employee who becomes his trusted protégé. The story involves the theft and recovery of a priceless Renaissance painting, the battle for an enormous family fortune and the slow and then sudden upheavals that transformed Europe during the first half of the 20th century.",
        "actors": [
            "Ralph Fiennes",
            "Monsieur Gustave H.",
            "F. Murray Abraham",
            "Old Zero Moustafa",
            "Mathieu Amalric",
            "Serge X.",
            "Adrien Brody",
            "Dmitri",
            "Willem Dafoe",
            "J.G. Jopling",
            "Jeff Goldblum",
            "Deputy Vilmos Kovacs",
            "Harvey Keitel",
            "Ludwig",
            "Jude Law",
            "Young Author",
            "Bill Murray",
            "Monsieur Ivan"
        ],
        "orig_title": "The Grand Budapest Hotel",
        "status": " Released",
        "orig_lang": " English",
        "budget_x": 31000000.0,
        "revenue": 163503514.0,
        "country": "AU"
    },
    {
        "title": "Romance",
        "date_x": "04/14/1999 ",
        "score": 55.0,
        "genre": [
            "Drama",
            "Romance"
        ],
        "overview": "Although deeply in love with her boyfriend — and indeed sleeping in the same bed with him — a schoolteacher cannot handle the almost complete lack of intimacy he will allow. Increasingly frustrated, she gradually finds her sexual appetites leading her into ever more risky situations, including a developing one with the headmaster.",
        "actors": [
            "Caroline Ducey",
            "Marie",
            "Sagamore Stévenin",
            "Paul",
            "François Berléand",
            "Robert",
            "Rocco Siffredi",
            "Paolo",
            "Reza Habouhossein",
            "Man on stairs",
            "Ashley Wanninger",
            "Ashley",
            "Emma Colberti",
            "Charlotte",
            "Fabien de Jomaron",
            "Claude",
            "Carla",
            "Model"
        ],
        "orig_title": "Romance",
        "status": " Released",
        "orig_lang": " French",
        "budget_x": 4105000.0,
        "revenue": 1314053.0,
        "country": "FR"
    },
    {
        "title": "Dream to be a Wife",
        "date_x": "09/09/2015 ",
        "score": 0.0,
        "genre": [
            ""
        ],
        "overview": "We don't have an overview translated in English. Help us expand our database by adding one.",
        "actors": [
            "Ai Uehara",
            ""
        ],
        "orig_title": " 欲望人妻：滴垂之蜜",
        "status": " Released",
        "orig_lang": " Chinese",
        "budget_x": 167540000.0,
        "revenue": 175269998.8,
        "country": "CN"
    },
    {
        "title": "Sex and the City 2",
        "date_x": "07/28/2010 ",
        "score": 61.0,
        "genre": [
            "Comedy",
            "Drama",
            "Romance"
        ],
        "overview": "Carrie, Charlotte, and Miranda are all married now, but they're still up for a little fun in the sun. When Samantha gets the chance to visit one of the most extravagant vacation destinations on the planet and offers to bring them all along, they surmise that a women-only retreat may be the perfect excuse to eschew their responsibilities and remember what life was like before they decided to settle down.",
        "actors": [
            "Sarah Jessica Parker",
            "Carrie Bradshaw",
            "Kim Cattrall",
            "Samantha Jones",
            "Kristin Davis",
            "Charlotte York",
            "Cynthia Nixon",
            "Miranda Hobbes",
            "Chris Noth",
            "Mr. Big",
            "David Eigenberg",
            "Steve Brady",
            "Evan Handler",
            "Harry Goldenblatt",
            "Liza Minnelli",
            "Herself",
            "Willie Garson",
            "Stanford Blatch"
        ],
        "orig_title": "Sex and the City 2",
        "status": " Released",
        "orig_lang": " English",
        "budget_x": 95000000.0,
        "revenue": 294680778.0,
        "country": "AU"
    },
    {
        "title": "7 Women and a Murder",
        "date_x": "12/25/2021 ",
        "score": 55.0,
        "genre": [
            "Comedy"
        ],
        "overview": "When their family patriarch is stabbed, seven women, each with ulterior motives, become trapped together in a mansion to solve the puzzle of his murder. This is the  Italian remake of François Ozon's 8 Women.",
        "actors": [
            "Margherita Buy",
            "Margherita",
            "Diana Del Bufalo",
            "Susanna",
            "Sabrina Impacciatore",
            "Agostina",
            "Benedetta Porcaroli",
            "Caterina",
            "Micaela Ramazzotti",
            "Veronica",
            "Luisa Ranieri",
            "Maria",
            "Ornella Vanoni",
            "Rachele",
            "Marco Rossetti",
            "Ispettore di Polizia",
            "Alessandro Genovesi",
            "Taxista"
        ],
        "orig_title": " 7 donne e un mistero",
        "status": " Released",
        "orig_lang": " Italian",
        "budget_x": 70800000.0,
        "revenue": 591573175.2,
        "country": "IT"
    },
    {
        "title": "Castle in the Sky",
        "date_x": "08/01/1996 ",
        "score": 80.0,
        "genre": [
            "Adventure",
            "Fantasy",
            "Animation",
            "Action",
            "Family",
            "Romance"
        ],
        "overview": "A young boy and a girl with a magic crystal must race against pirates and foreign agents in a search for a legendary floating castle.",
        "actors": [
            "Keiko Yokozawa",
            "Sheeta (voice)",
            "Mayumi Tanaka",
            "Pazu (voice)",
            "Minori Terada",
            "Muska (voice)",
            "Kotoe Hatsui",
            "Dola (voice)",
            "Fujio Tokita",
            "Uncle Pomme (voice)",
            "Ichiro Nagai",
            "Shogun Mouro (voice)",
            "Hiroshi Ito",
            "Oyakata (voice)",
            "Machiko Washio",
            "Okami (voice)",
            "Takumi Kamiyama",
            "Charles (voice)"
        ],
        "orig_title": " 天空の城ラピュタ",
        "status": " Released",
        "orig_lang": " Japanese",
        "budget_x": 3000000.0,
        "revenue": 5228752.0,
        "country": "AU"
    },
    {
        "title": "Last Night in Soho",
        "date_x": "11/18/2021 ",
        "score": 74.0,
        "genre": [
            "Horror",
            "Mystery",
            "Thriller"
        ],
        "overview": "A young girl, passionate about fashion design, is mysteriously able to enter the 1960s where she encounters her idol, a dazzling wannabe singer. But 1960s London is not what it seems, and time seems to be falling apart with shady consequences.",
        "actors": [
            "Thomasin McKenzie",
            "Eloise Turner",
            "Anya Taylor-Joy",
            "Sandie",
            "Matt Smith",
            "Jack",
            "Rita Tushingham",
            "Peggy Turner",
            "Michael Ajao",
            "John",
            "Synnøve Karlsen",
            "Jocasta",
            "Pauline McLynn",
            "Carol",
            "Terence Stamp",
            "Silver-Haired Gentleman",
            "Diana Rigg",
            "Ms. Collins"
        ],
        "orig_title": "Last Night in Soho",
        "status": " Released",
        "orig_lang": " English",
        "budget_x": 43000000.0,
        "revenue": 22876948.0,
        "country": "AU"
    },
    {
        "title": "Catman",
        "date_x": "05/18/2021 ",
        "score": 75.0,
        "genre": [
            "Romance",
            "Fantasy",
            "Comedy"
        ],
        "overview": "Liang Qu is a chic, confident and cold but charming half cat, half human due to a magic spell and he has the ability to melt/heal broken hearts. He lives with Miao Xiao Wan, an honest, confident woman who's created an app that translates cats' sounds and language.",
        "actors": [
            "Sehun",
            "Liang Qu",
            "Janice Wu",
            "Miao Xiao Wan",
            "Ke Xu",
            "Momo",
            "Ju Jingyi",
            "Molly",
            "Song Weilong",
            "Chao Chao",
            "Li rise",
            "Jeff",
            "Liu Yuhang",
            "",
            "刘德凯",
            ""
        ],
        "orig_title": " 我爱喵星人",
        "status": " Released",
        "orig_lang": " Chinese",
        "budget_x": 103800000.0,
        "revenue": 420298643.4,
        "country": "CN"
    },
    {
        "title": "Conan the Barbarian",
        "date_x": "12/16/1982 ",
        "score": 68.0,
        "genre": [
            "Adventure",
            "Fantasy",
            "Action"
        ],
        "overview": "A film adaptation of the classic sword and sorcery hero, Conan the Barbarian. A horde of rampaging warriors massacre the parents of young Conan and enslave the young child for years on The Wheel of Pain. As the sole survivor of the childhood massacre, Conan is released from slavery and taught the ancient arts of fighting. Transforming himself into a killing machine, Conan travels into the wilderness to seek vengeance on Thulsa Doom, the man responsible for killing his family. In the wilderness, Conan takes up with the thieves Valeria and Subotai. The group comes upon King Osric, who wants the trio of warriors to help rescue his daughter who has joined Doom in the hills.",
        "actors": [
            "Arnold Schwarzenegger",
            "Conan",
            "James Earl Jones",
            "Thulsa Doom",
            "Max von Sydow",
            "King Osric",
            "Sandahl Bergman",
            "Valeria",
            "Cassandra Gava",
            "The Witch",
            "Ben Davidson",
            "Rexor",
            "Gerry Lopez",
            "Subotai",
            "Mako",
            "The Wizard / Narrator",
            "Valérie Quennessen",
            "The Princess"
        ],
        "orig_title": "Conan the Barbarian",
        "status": " Released",
        "orig_lang": " English",
        "budget_x": 90000000.0,
        "revenue": 63356133.0,
        "country": "AU"
    },
    {
        "title": "Conan the Barbarian",
        "date_x": "12/16/1982 ",
        "score": 68.0,
        "genre": [
            "Adventure",
            "Fantasy",
            "Action"
        ],
        "overview": "A film adaptation of the classic sword and sorcery hero, Conan the Barbarian. A horde of rampaging warriors massacre the parents of young Conan and enslave the young child for years on The Wheel of Pain. As the sole survivor of the childhood massacre, Conan is released from slavery and taught the ancient arts of fighting. Transforming himself into a killing machine, Conan travels into the wilderness to seek vengeance on Thulsa Doom, the man responsible for killing his family. In the wilderness, Conan takes up with the thieves Valeria and Subotai. The group comes upon King Osric, who wants the trio of warriors to help rescue his daughter who has joined Doom in the hills.",
        "actors": [
            "Arnold Schwarzenegger",
            "Conan",
            "James Earl Jones",
            "Thulsa Doom",
            "Max von Sydow",
            "King Osric",
            "Sandahl Bergman",
            "Valeria",
            "Cassandra Gava",
            "The Witch",
            "Ben Davidson",
            "Rexor",
            "Gerry Lopez",
            "Subotai",
            "Mako",
            "The Wizard / Narrator",
            "Valérie Quennessen",
            "The Princess"
        ],
        "orig_title": "Conan the Barbarian",
        "status": " Released",
        "orig_lang": " English",
        "budget_x": 20000000.0,
        "revenue": 79114085.0,
        "country": "AU"
    },
    {
        "title": "The Ash Lad: In the Hall of the Mountain King",
        "date_x": "09/29/2017 ",
        "score": 68.0,
        "genre": [
            "Adventure",
            "Fantasy"
        ],
        "overview": "Espen “Ash Lad”, a poor farmer’s son, embarks on a dangerous quest with his brothers to save the princess from a vile troll known as the Mountain King – in order to collect a reward and save his family’s farm from ruin.",
        "actors": [
            "Vebjørn Enger",
            "Espen Ash Lad",
            "Mads Sjøgård Pettersen",
            "Per",
            "Elias Holmen Sørensen",
            "Pål",
            "Eili Harboe",
            "Princess Kristin",
            "Allan Hyde",
            "Prince Fredrik",
            "Thorbjørn Harr",
            "Father",
            "Gard B. Eidsvold",
            "The King",
            "Synnøve Macody Lund",
            "The Queen",
            "Gisken Armand",
            "Old Log Lady"
        ],
        "orig_title": " Askeladden - I Dovregubbens hall",
        "status": " Released",
        "orig_lang": " Norwegian",
        "budget_x": 52808572.0,
        "revenue": 4522950.0,
        "country": "NO"
    },
    {
        "title": "Tombstone",
        "date_x": "02/16/1994 ",
        "score": 76.0,
        "genre": [
            "Western",
            "Action"
        ],
        "overview": "Legendary marshal Wyatt Earp, now a weary gunfighter, joins his brothers Morgan and Virgil to pursue their collective fortune in the thriving mining town of Tombstone. But Earp is forced to don a badge again and get help from his notorious pal Doc Holliday when a gang of renegade brigands and rustlers begins terrorizing the town.",
        "actors": [
            "Kurt Russell",
            "Wyatt Earp",
            "Val Kilmer",
            "Doc Holliday",
            "Sam Elliott",
            "Virgil Earp",
            "Bill Paxton",
            "Morgan Earp",
            "Powers Boothe",
            "Curly Bill Brocius",
            "Michael Biehn",
            "Johnny Ringo",
            "Charlton Heston",
            "Henry Hooker",
            "Jason Priestley",
            "Billy Breckinridge",
            "Jon Tenney",
            "Behan"
        ],
        "orig_title": "Tombstone",
        "status": " Released",
        "orig_lang": " English",
        "budget_x": 25000000.0,
        "revenue": 56505065.0,
        "country": "AU"
    },
    {
        "title": "12 Strong",
        "date_x": "01/16/2018 ",
        "score": 62.0,
        "genre": [
            "War",
            "Drama",
            "Action",
            "History"
        ],
        "overview": "A team of special forces head into Afghanistan in the aftermath of the September 11th attacks in an attempt to dismantle the Taliban.",
        "actors": [
            "Chris Hemsworth",
            "Captain Mitch Nelson",
            "Michael Shannon",
            "Chief Warrant Officer Hal Spencer",
            "Michael Peña",
            "Sgt First Class Sam Diller",
            "Navid Negahban",
            "General Dostum",
            "Trevante Rhodes",
            "Sgt First Class Ben Milo",
            "Geoff Stults",
            "Sean Coffers",
            "Thad Luckinbill",
            "Vern Michaels",
            "Austin Stowell",
            "Fred Falls",
            "Ben O'Toole",
            "Scott Black"
        ],
        "orig_title": "12 Strong",
        "status": " Released",
        "orig_lang": " English",
        "budget_x": 35000000.0,
        "revenue": 71118378.0,
        "country": "AU"
    },
    {
        "title": "Perfect Blue",
        "date_x": "06/02/2001 ",
        "score": 83.0,
        "genre": [
            "Animation",
            "Thriller"
        ],
        "overview": "A retired pop singer turned actress' sense of reality is shaken when she is stalked by an obsessed fan and seemingly a ghost of her past.",
        "actors": [
            "Junko Iwao",
            "Mima Kirigoe (voice)",
            "Rica Matsumoto",
            "Rumi (voice)",
            "Shinpachi Tsuji",
            "Tadokoro (voice)",
            "Masaaki Okura",
            "Mamoru Uchida (voice)",
            "Yousuke Akimoto",
            "Tejima (voice)",
            "Yoku Shioya",
            "Takao Shibuya (voice)",
            "Hideyuki Hori",
            "Sakuragi (voice)",
            "Emi Shinohara",
            "Eri Ochiai (voice)",
            "Masashi Ebara",
            "Murano (voice)"
        ],
        "orig_title": " PERFECT BLUE",
        "status": " Released",
        "orig_lang": " Japanese",
        "budget_x": 830000.0,
        "revenue": 112536.0,
        "country": "AU"
    },
    {
        "title": "King Richard",
        "date_x": "01/13/2022 ",
        "score": 78.0,
        "genre": [
            "Drama",
            "History"
        ],
        "overview": "The story of how Richard Williams served as a coach to his daughters Venus and Serena, who will soon become two of the most legendary tennis players in history.",
        "actors": [
            "Will Smith",
            "Richard Williams",
            "Aunjanue Ellis",
            "Oracene \"Brandy\" Price",
            "Saniyya Sidney",
            "Venus Williams",
            "Demi Singleton",
            "Serena Williams",
            "Jon Bernthal",
            "Rick Macci",
            "Tony Goldwyn",
            "Paul Cohen",
            "Susie Abromeit",
            "Robin Finn",
            "Dylan McDermott",
            "Will Hodges",
            "Judith Chapman",
            "Nancy Reagan"
        ],
        "orig_title": "King Richard",
        "status": " Released",
        "orig_lang": " English",
        "budget_x": 50000000.0,
        "revenue": 37994866.0,
        "country": "AU"
    },
    {
        "title": "The Bob's Burgers Movie",
        "date_x": "05/26/2022 ",
        "score": 70.0,
        "genre": [
            "Animation",
            "Adventure",
            "Comedy",
            "Music"
        ],
        "overview": "When a ruptured water main creates an enormous sinkhole right in front of Bob's Burgers, it blocks the entrance indefinitely and ruins the Belchers’ plans for a successful summer. While Bob and Linda struggle to keep the business afloat, the kids try to solve a mystery that could save their family's restaurant. As the dangers mount, these underdogs help each other find hope and fight to get back behind the counter, where they belong.",
        "actors": [
            "H. Jon Benjamin",
            "Bob Belcher / Jimmy Jr. / Ms. Labonz (voice)",
            "Kristen Schaal",
            "Louise Belcher (voice)",
            "John Roberts",
            "Linda Belcher / Jocelyn (voice)",
            "Dan Mintz",
            "Tina Belcher (voice)",
            "Eugene Mirman",
            "Gene Belcher (voice)",
            "Larry Murphy",
            "Teddy (voice)",
            "Kevin Kline",
            "Calvin Fischoeder (voice)",
            "Zach Galifianakis",
            "Felix Fischoeder (voice)",
            "David Wain",
            "Grover Fischoeder (voice)"
        ],
        "orig_title": "The Bob's Burgers Movie",
        "status": " Released",
        "orig_lang": " English",
        "budget_x": 38000000.0,
        "revenue": 34148750.0,
        "country": "AU"
    },
    {
        "title": "Sinkhole",
        "date_x": "08/11/2021 ",
        "score": 72.0,
        "genre": [
            "Comedy",
            "Drama"
        ],
        "overview": "A working class family move into a new condo purchased after 11 years of hard work. They throw a housewarming party to show his co-workers when overnight a heavy downpour creates an extremely deep sinkhole that engulfs the entire building.",
        "actors": [
            "Cha Seung-won",
            "Man-soo",
            "Kim Sung-kyun",
            "Dong-won",
            "Lee Kwang-soo",
            "Manager Kim",
            "Kwon So-hyun",
            "Yeong-e",
            "Kim Hye-jun",
            "Eun-joo",
            "Kim Jae-hwa",
            "Kyung-mi",
            "Nam Da-reum",
            "Seung-tae",
            "Jung Young-sook",
            "Grandma Oh",
            "Lee Hak-joo",
            "Manager Jung"
        ],
        "orig_title": " 싱크홀",
        "status": " Released",
        "orig_lang": " Korean",
        "budget_x": 11400000.0,
        "revenue": 17970000.0,
        "country": "KR"
    },
    {
        "title": "She Said",
        "date_x": "11/17/2022 ",
        "score": 73.0,
        "genre": [
            "Drama",
            "History"
        ],
        "overview": "New York Times reporters Megan Twohey and Jodi Kantor break one of the most important stories in a generation — a story that helped launch the #MeToo movement and shattered decades of silence around the subject of sexual assault in Hollywood.",
        "actors": [
            "Carey Mulligan",
            "Megan Twohey",
            "Zoe Kazan",
            "Jodi Kantor",
            "Patricia Clarkson",
            "Rebecca Corbett",
            "Andre Braugher",
            "Dean Baquet",
            "Jennifer Ehle",
            "Laura Madden",
            "Samantha Morton",
            "Zelda Perkins",
            "Ashley Judd",
            "Self",
            "Zach Grenier",
            "Irwin Reiter",
            "Peter Friedman",
            "Lanny Davis"
        ],
        "orig_title": "She Said",
        "status": " Released",
        "orig_lang": " English",
        "budget_x": 32000000.0,
        "revenue": 10632378.0,
        "country": "AU"
    },
    {
        "title": "Click",
        "date_x": "09/29/2006 ",
        "score": 63.0,
        "genre": [
            "Comedy",
            "Drama",
            "Fantasy"
        ],
        "overview": "A married workaholic, Michael Newman doesn't have time for his wife and children, not if he's to impress his ungrateful boss and earn a well-deserved promotion. So when he meets Morty, a loopy sales clerk, he gets the answer to his prayers: a magical remote that allows him to bypass life's little distractions with increasingly hysterical results.",
        "actors": [
            "Adam Sandler",
            "Michael Newman",
            "Kate Beckinsale",
            "Donna Newman",
            "Christopher Walken",
            "Morty",
            "David Hasselhoff",
            "Ammer",
            "Henry Winkler",
            "Ted Newman",
            "Julie Kavner",
            "Trudy Newman",
            "Nick Swardson",
            "Bed",
            "Bath & Beyond Guy",
            "Sean Astin",
            "Bill",
            "Jenae Altschwager",
            "Judy"
        ],
        "orig_title": "Click",
        "status": " Released",
        "orig_lang": " English",
        "budget_x": 82500000.0,
        "revenue": 237685089.0,
        "country": "AU"
    },
    {
        "title": "Saw IV",
        "date_x": "10/25/2007 ",
        "score": 62.0,
        "genre": [
            "Horror",
            "Thriller",
            "Crime"
        ],
        "overview": "Jigsaw and his apprentice Amanda are dead. Now, upon the news of Detective Kerry's murder, two seasoned FBI profilers, Agent Strahm and Agent Perez, arrive in the terrified community to assist the veteran Detective Hoffman in sifting through Jigsaw's latest grisly remains and piecing together the puzzle. However, when SWAT Commander Rigg is abducted and thrust into a game, the last officer untouched by Jigsaw has but ninety minutes to overcome a series of demented traps and save an old friend...or face the deadly consequences.",
        "actors": [
            "Tobin Bell",
            "John Kramer / Jigsaw",
            "Costas Mandylor",
            "Mark Hoffman",
            "Scott Patterson",
            "Agent Strahm",
            "Betsy Russell",
            "Jill Tuck",
            "Lyriq Bent",
            "Rigg",
            "Athena Karkanis",
            "Agent Perez",
            "Louis Ferreira",
            "Art",
            "Simon Reynolds",
            "Lamanna",
            "Donnie Wahlberg",
            "Eric Matthews"
        ],
        "orig_title": "Saw IV",
        "status": " Released",
        "orig_lang": " English",
        "budget_x": 10000000.0,
        "revenue": 135759694.0,
        "country": "AU"
    },
    {
        "title": "A Tale of Two Sisters",
        "date_x": "06/13/2003 ",
        "score": 71.0,
        "genre": [
            "Drama",
            "Horror",
            "Mystery"
        ],
        "overview": "A recently released patient from a mental institution returns home with her sister, only to face disturbing events between her stepmother and the ghosts haunting their house- all of which are connected to a dark past in the family's history.",
        "actors": [
            "Lim Soo-jung",
            "Su-mi",
            "Moon Geun-young",
            "Su-yeon",
            "Yum Jung-ah",
            "Eun-joo",
            "Kim Kap-soo",
            "Moo-hyeon",
            "Park Mi-hyeon",
            "Birth Mother",
            "Lee Seung-bi",
            "Mi-hee",
            "Woo Ki-hong",
            "Sun-kyu",
            "Lee Dae-yeon",
            "Doctor"
        ],
        "orig_title": " 장화, 홍련",
        "status": " Released",
        "orig_lang": " Korean",
        "budget_x": 15050245.0,
        "revenue": 1062878.0,
        "country": "KR"
    },
    {
        "title": "Cheeky",
        "date_x": "01/28/2000 ",
        "score": 55.0,
        "genre": [
            "Comedy",
            "Drama",
            "Romance"
        ],
        "overview": "While scouting out apartments in London for her Venetian boyfriend, Carla rents an apartment that overlooks the Thames. There she meet the lesbian hyper-horny real estate agent Moira.",
        "actors": [
            "Yuliya Mayarchuk",
            "Carla",
            "Jarno Berardi",
            "Matteo",
            "Francesca Nunzi",
            "Moira",
            "Mauro Lorenz",
            "Bernard",
            "Leila Carli",
            "Nina",
            "Vittorio Attene",
            "Luca",
            "Antonio Salines",
            "",
            "Chiara Gobbato",
            "",
            "Remo Pizzaroni",
            ""
        ],
        "orig_title": " Tra(sgre)dire",
        "status": " Released",
        "orig_lang": " Italian",
        "budget_x": 64200000.0,
        "revenue": 509521654.2,
        "country": "IT"
    },
    {
        "title": "RV",
        "date_x": "06/01/2006 ",
        "score": 59.0,
        "genre": [
            "Family",
            "Comedy"
        ],
        "overview": "Climbing aboard their mammoth recreational vehicle for a cross-country road trip to the Colorado Rockies, the Munro family – led by dysfunctional patriarch, Bob – prepares for the adventure of a lifetime. But spending two weeks together in one seriously small space has a way of cramping their style.",
        "actors": [
            "Robin Williams",
            "Bob Munro",
            "Cheryl Hines",
            "Jamie Munro",
            "JoJo",
            "Cassie Munro",
            "Josh Hutcherson",
            "Carl Munro",
            "Jeff Daniels",
            "Travis Gornicke",
            "Kristin Chenoweth",
            "Mary Jo Gornicke",
            "Hunter Parrish",
            "Earl Gornicke",
            "Chloe Sonnenfeld",
            "Moon Gornicke",
            "Alex Ferris",
            "Billy Gornicke"
        ],
        "orig_title": "RV",
        "status": " Released",
        "orig_lang": " English",
        "budget_x": 50000000.0,
        "revenue": 87528173.0,
        "country": "AU"
    },
    {
        "title": "The Bourne Identity",
        "date_x": "08/22/2002 ",
        "score": 75.0,
        "genre": [
            "Action",
            "Drama",
            "Mystery",
            "Thriller"
        ],
        "overview": "Wounded to the brink of death and suffering from amnesia, Jason Bourne is rescued at sea by a fisherman. With nothing to go on but a Swiss bank account number, he starts to reconstruct his life, but finds that many people he encounters want him dead. However, Bourne realizes that he has the combat and mental skills of a world-class spy—but who does he work for?",
        "actors": [
            "Matt Damon",
            "Jason Bourne",
            "Franka Potente",
            "Marie Helena Kreutz",
            "Chris Cooper",
            "Alexander Conklin",
            "Clive Owen",
            "The Professor",
            "Brian Cox",
            "Ward Abbott",
            "Adewale Akinnuoye-Agbaje",
            "Nykwana Wombosi",
            "Gabriel Mann",
            "Danny Zorn",
            "Julia Stiles",
            "Nicky Parsons",
            "Walton Goggins",
            "Research Tech"
        ],
        "orig_title": "The Bourne Identity",
        "status": " Released",
        "orig_lang": " English",
        "budget_x": 60000000.0,
        "revenue": 214357371.0,
        "country": "AU"
    },
    {
        "title": "Not Another Teen Movie",
        "date_x": "03/21/2002 ",
        "score": 58.0,
        "genre": [
            "Comedy"
        ],
        "overview": "On a bet, a gridiron hero at John Hughes High School sets out to turn a bespectacled plain Jane into a beautiful and popular prom queen in this outrageous send-up of the teen movies of the 1980s and '90s.",
        "actors": [
            "Chyler Leigh",
            "Janey Briggs",
            "Chris Evans",
            "Jake Wyler",
            "Jaime Pressly",
            "Priscilla",
            "Eric Christian Olsen",
            "Austin",
            "Mia Kirshner",
            "Catherine Wyler",
            "Lacey Chabert",
            "Amanda Becker",
            "Samaire Armstrong",
            "Kara Fratelli",
            "Cerina Vincent",
            "Areola",
            "Mr. T",
            "The Wise Janitor"
        ],
        "orig_title": "Not Another Teen Movie",
        "status": " Released",
        "orig_lang": " English",
        "budget_x": 15000000.0,
        "revenue": 62401343.0,
        "country": "AU"
    }
]