[
    {
        "title": "Wrong Turn 5: Bloodlines",
        "date_x": "10/23/2012 ",
        "score": 54.0,
        "genre": [
            "Horror",
            "Thriller"
        ],
        "overview": "A small West Virginia town is hosting the legendary Mountain Man Festival on Halloween, where throngs of costumed party goers gather for a wild night of music and mischief. But an inbred family of hillbilly cannibals kill the fun when they trick and treat themselves to a group of visiting college students.",
        "actors": [
            "Borisa Tyutyundzhieva",
            "Linda",
            "Doug Bradley",
            "Maynard",
            "Roxanne McKee",
            "Lita",
            "Camilla Arfwedson",
            "Sheriff Angela",
            "Paul Luebke",
            "Gus",
            "Rosie Holden",
            "Ginny",
            "Simon Ginty",
            "Billy",
            "Amy Lennox",
            "Cruz",
            "Peter Brooke",
            "Jason"
        ],
        "orig_title": "Wrong Turn 5: Bloodlines",
        "status": " Released",
        "orig_lang": " English",
        "budget_x": 3000000.0,
        "revenue": 3380105.2,
        "country": "US"
    },
    {
        "title": "Penguins of Madagascar",
        "date_x": "12/05/2014 ",
        "score": 65.0,
        "genre": [
            "Family",
            "Animation",
            "Adventure",
            "Comedy"
        ],
        "overview": "Skipper, Kowalski, Rico and Private join forces with undercover organization The North Wind to stop the villainous Dr. Octavius Brine from destroying the world as we know it.",
        "actors": [
            "Tom McGrath",
            "Skipper (voice)",
            "Chris Miller",
            "Kowalski (voice)",
            "Christopher Knights",
            "Private (voice)",
            "Conrad Vernon",
            "Rico (voice)",
            "John Malkovich",
            "Dave (voice)",
            "Benedict Cumberbatch",
            "Classified (voice)",
            "Ken Jeong",
            "Short Fuse (voice)",
            "Annet Mahendru",
            "Eva (voice)",
            "Peter Stormare",
            "Corporal (voice)"
        ],
        "orig_title": "Penguins of Madagascar",
        "status": " Released",
        "orig_lang": " English",
        "budget_x": 132000000.0,
        "revenue": 366942531.0,
        "country": "AU"
    },
    {
        "title": "Cat Pack: A PAW Patrol Exclusive Event",
        "date_x": "06/24/2022 ",
        "score": 74.0,
        "genre": [
            "Animation",
            "Family"
        ],
        "overview": "When Mayor Humdinger transforms his robot cat Meow-Meow into a tiger-sized metal-eating menace, the PAW Patrol calls in the Cat Pack for help in the stopping the creature.",
        "actors": [
            ""
        ],
        "orig_title": "Cat Pack: A PAW Patrol Exclusive Event",
        "status": " Released",
        "orig_lang": " English",
        "budget_x": 92800000.0,
        "revenue": 609222681.4,
        "country": "US"
    },
    {
        "title": "Belle",
        "date_x": "01/20/2022 ",
        "score": 79.0,
        "genre": [
            "Animation",
            "Science Fiction",
            "Family"
        ],
        "overview": "Suzu is a 17-year-old high-school student living in a rural town with her father. Wounded by the loss of her mother at a young age, Suzu one day discovers the massive online world \"U\" and dives into this alternate reality as her avatar, Belle. Before long, all of U's eyes are fixed on Belle, when, suddenly, a mysterious, dragon-like figure appears before her.",
        "actors": [
            "Kaho Nakamura",
            "Suzu Naito / Belle (voice)",
            "Ryo Narita",
            "Shinobu Hisatake (voice)",
            "Shota Sometani",
            "Shinjiro 'Kamishin' Chikami (voice)",
            "Tina Tamashiro",
            "Ruka Watanabe (voice)",
            "Lilas Ikuta",
            "Hiroka 'Hiro' Betsuyaku (voice)",
            "Ryoko Moriyama",
            "Yoshitani (voice)",
            "Michiko Shimizu",
            "Kita (voice)",
            "Fuyumi Sakamoto",
            "Okumoto (voice)",
            "Yoshimi Iwasaki",
            "Nakai (voice)"
        ],
        "orig_title": " 竜とそばかすの姫",
        "status": " Released",
        "orig_lang": " Japanese",
        "budget_x": 43602530.2,
        "revenue": 63501160.0,
        "country": "AU"
    },
    {
        "title": "Saving Private Ryan",
        "date_x": "11/19/1998 ",
        "score": 82.0,
        "genre": [
            "Drama",
            "History",
            "War"
        ],
        "overview": "As U.S. troops storm the beaches of Normandy, three brothers lie dead on the battlefield, with a fourth trapped behind enemy lines. Ranger captain John Miller and seven men are tasked with penetrating German-held territory and bringing the boy home.",
        "actors": [
            "Tom Hanks",
            "Captain John H. Miller",
            "Tom Sizemore",
            "Technical Sergeant Michael Horvath",
            "Edward Burns",
            "Private Richard Reiben",
            "Matt Damon",
            "Private James Francis Ryan",
            "Barry Pepper",
            "Private Daniel Jackson",
            "Adam Goldberg",
            "Private Stanley Mellish",
            "Vin Diesel",
            "Private Adrian Caparzo",
            "Giovanni Ribisi",
            "T-Medic Irwin Wade",
            "Ted Danson",
            "Captain Fred Hamill"
        ],
        "orig_title": "Saving Private Ryan",
        "status": " Released",
        "orig_lang": " English",
        "budget_x": 65000000.0,
        "revenue": 485035085.0,
        "country": "AU"
    },
    {
        "title": "Rio 2",
        "date_x": "04/10/2014 ",
        "score": 65.0,
        "genre": [
            "Adventure",
            "Animation",
            "Comedy",
            "Family"
        ],
        "overview": "It's a jungle out there for Blu, Jewel and their three kids after they're hurtled from Rio de Janeiro to the wilds of the Amazon. As Blu tries to fit in, he goes beak-to-beak with the vengeful Nigel, and meets the most fearsome adversary of all: his father-in-law.",
        "actors": [
            "Jesse Eisenberg",
            "Blu (voice)",
            "Anne Hathaway",
            "Jewel (voice)",
            "Will.i.am",
            "Pedro (voice)",
            "Jamie Foxx",
            "Nico (voice)",
            "Leslie Mann",
            "Linda (voice)",
            "George Lopez",
            "Rafael (voice)",
            "Andy García",
            "Eduardo (voice)",
            "Bruno Mars",
            "Roberto (voice)",
            "Bernardo de Paula",
            "Carnival Barker / Blue Sentry (voice)"
        ],
        "orig_title": "Rio 2",
        "status": " Released",
        "orig_lang": " English",
        "budget_x": 130000000.0,
        "revenue": 492846291.0,
        "country": "AU"
    },
    {
        "title": "Puss in Boots: The Three Diablos",
        "date_x": "02/24/2012 ",
        "score": 66.0,
        "genre": [
            "Adventure",
            "Animation",
            "Comedy",
            "Family"
        ],
        "overview": "Puss in Boots is on a mission to recover the Princess' stolen ruby from the notorious French thief, Whisperer. Reluctantly accompanied by three little kittens, Three Diablos, Puss must tame them before they endanger the mission.",
        "actors": [
            "Antonio Banderas",
            "Puss in Boots (voice)",
            "Gilles Marini",
            "Captain Of The Guard / Paolo The Squire (voice)",
            "Charlotte Newhouse",
            "Princess Alessandra Bellagamba (voice)",
            "Chris Miller",
            "Food Prisoner (voice)",
            "Walt Dohrn",
            "Water Prisoner (voice)",
            "Bret Marnell",
            "Toilet Paper Prisoner (voice)",
            "Miles Bakshi",
            "Gonzalo / Sir Timoteo (voice)",
            "Nina Zoe Bakshi",
            "Perla (voice)",
            "Guillaume Aretos",
            "Le Chuchoteur / The Whisperer (voice)"
        ],
        "orig_title": "Puss in Boots: The Three Diablos",
        "status": " Released",
        "orig_lang": " English",
        "budget_x": 160800000.0,
        "revenue": 511957294.2,
        "country": "US"
    },
    {
        "title": "Star Wars: The Force Awakens",
        "date_x": "12/17/2015 ",
        "score": 73.0,
        "genre": [
            "Adventure",
            "Action",
            "Science Fiction",
            "Fantasy"
        ],
        "overview": "Thirty years after defeating the Galactic Empire, Han Solo and his allies face a new threat from the evil Kylo Ren and his army of Stormtroopers.",
        "actors": [
            "Harrison Ford",
            "Han Solo",
            "Mark Hamill",
            "Luke Skywalker",
            "Carrie Fisher",
            "General Leia Organa",
            "Adam Driver",
            "Kylo Ren / Ben Solo",
            "Daisy Ridley",
            "Rey",
            "John Boyega",
            "Finn",
            "Oscar Isaac",
            "Poe Dameron",
            "Lupita Nyong'o",
            "Maz Kanata",
            "Andy Serkis",
            "Supreme Leader Snoke"
        ],
        "orig_title": "Star Wars: The Force Awakens",
        "status": " Released",
        "orig_lang": " English",
        "budget_x": 245000000.0,
        "revenue": 2068223624.0,
        "country": "AU"
    },
    {
        "title": "American Wedding",
        "date_x": "08/07/2003 ",
        "score": 62.0,
        "genre": [
            "Comedy",
            "Romance"
        ],
        "overview": "With high school a distant memory, Jim and Michelle are getting married — and in a hurry, since Jim's grandmother is sick and wants to see him walk down the aisle — prompting Stifler to throw the ultimate bachelor party. And Jim's dad is reliable as ever, doling out advice no one wants to hear.",
        "actors": [
            "Jason Biggs",
            "Jim Levenstein",
            "Alyson Hannigan",
            "Michelle Flaherty",
            "Seann William Scott",
            "Steve Stifler",
            "Eddie Kaye Thomas",
            "Paul Finch",
            "Thomas Ian Nicholas",
            "Kevin Myers",
            "January Jones",
            "Cadence Flaherty",
            "Eugene Levy",
            "Jim's Father",
            "Molly Cheek",
            "Jim's Mother",
            "Deborah Rush",
            "Mary Flaherty"
        ],
        "orig_title": "American Wedding",
        "status": " Released",
        "orig_lang": " English",
        "budget_x": 55000000.0,
        "revenue": 232354205.0,
        "country": "AU"
    },
    {
        "title": "Till",
        "date_x": "03/09/2023 ",
        "score": 75.0,
        "genre": [
            "Drama",
            "History"
        ],
        "overview": "The true story of Mamie Till Mobley’s relentless pursuit of justice for her 14 year old son, Emmett Till, who, in 1955, was lynched while visiting his cousins in Mississippi.",
        "actors": [
            "Danielle Deadwyler",
            "Mamie Till-Mobley",
            "Jalyn Hall",
            "Emmett Till",
            "Frankie Faison",
            "John Carthan",
            "Haley Bennett",
            "Carolyn Bryant",
            "John Douglas Thompson",
            "Moses Wright",
            "Whoopi Goldberg",
            "Alma",
            "Jayme Lawson",
            "Myrlie Evers",
            "Tosin Cole",
            "Medgar Evers",
            "Kevin Carroll",
            "Rayfield Mooty"
        ],
        "orig_title": "Till",
        "status": " Released",
        "orig_lang": " English",
        "budget_x": 5721523.8,
        "revenue": 8900000.0,
        "country": "AU"
    },
    {
        "title": "Mira",
        "date_x": "12/22/2022 ",
        "score": 69.0,
        "genre": [
            "Drama",
            "Adventure",
            "Science Fiction",
            "Family"
        ],
        "overview": "Near future. Lera Arabova is a 15-year-old girl who lives with her family in Vladivostok. Lera's father has been working at the orbiting space station \"Mira\" for many years and has long lost contact with his daughter, turning only into a voice on the phone. After a meteor shower hits the city, Lera has only one chance to save her loved ones and the city from a new disaster. Her father helps her in this - through satellite surveillance systems and the telephone, he uses every opportunity to send a message to his daughter, watching from above from the station her every step.",
        "actors": [
            "Anatoliy Belyy",
            "",
            "Darya Moroz",
            "",
            "Veronika Ustimova",
            "",
            "Maksim Lagashkin",
            "",
            "Evgeny Egorov",
            "",
            "Andrey Smolyakov",
            "",
            "Vladimir Ilin",
            "",
            "Tatyana Dogileva",
            "",
            "Kirill Zaytsev",
            ""
        ],
        "orig_title": " Мира",
        "status": " Released",
        "orig_lang": " Russian",
        "budget_x": 147000000.0,
        "revenue": 481376849.0,
        "country": "RU"
    },
    {
        "title": "Stand by Me Doraemon 2",
        "date_x": "11/20/2020 ",
        "score": 77.0,
        "genre": [
            "Animation",
            "Family",
            "Science Fiction"
        ],
        "overview": "He and her beloved Shizuka are finally married! Nobita's childhood dream was supposed to come true on his wedding day, but for some reason, Nobita doesn't show up... One of the most popular episodes from the original story transcends time and space, and leads to Nobita's future. Doraemon and Nobita's great adventure begins in order to fulfill his grandmother's wish to see his bride at first sight. This is a story of tears and bonds, set in the past, present and future.",
        "actors": [
            "Wasabi Mizuta",
            "Doraemon (voice)",
            "Megumi Oohara",
            "Nobita Nobi (voice)",
            "Yumi Kakazu",
            "Shizuka Minamoto (voice)",
            "Subaru Kimura",
            "Takeshi Goda (voice)",
            "Tomokazu Seki",
            "Suneo Honekawa (voice)",
            "Bakarhythm",
            "Nakameguro (voice)",
            "Shinichi Hatori",
            "Switching Rope (voice)",
            "Nobuko Miyamoto",
            "Nobita's Grandmother (voice)",
            "Vanilla Yamazaki",
            "Jaiko (voice)"
        ],
        "orig_title": " STAND BY ME ドラえもん2",
        "status": " Released",
        "orig_lang": " Japanese",
        "budget_x": 135060000.0,
        "revenue": 848730906.0,
        "country": "JP"
    },
    {
        "title": "Tom and Jerry Cowboy Up!",
        "date_x": "01/25/2022 ",
        "score": 69.0,
        "genre": [
            "Animation",
            "Comedy",
            "Family",
            "Western"
        ],
        "overview": "This time, the rivals team up to help a cowgirl and her brother save their homestead from a greedy land-grabber, and they’re going to need some help! Jerry’s three precocious nephews are all ready for action, and Tom is rounding up a posse of prairie dogs. But can a ragtag band of varmints defeat a deceitful desperado determined to deceive a damsel in distress? No matter what happens with Tom and Jerry in the saddle, it’ll be a rootin’ tootin’ good time!",
        "actors": [
            "George Ackles",
            "The Marshal (voice)",
            "Sean Burgos",
            "Bumpy (voice)",
            "Trevor Devall",
            "Duke (voice)",
            "Chris Edgerly",
            "August Critchley (voice)",
            "Georgie Kidder",
            "Scruffy (voice)",
            "Justin Michael",
            "Bentley (voice)",
            "Kaitlyn Robrock",
            "Betty (voice)",
            "Isaac Robinson-Smith",
            "Zeb (voice)",
            "Kath Soucie",
            "Tuffy (voice)"
        ],
        "orig_title": "Tom and Jerry Cowboy Up!",
        "status": " Released",
        "orig_lang": " English",
        "budget_x": 129000000.0,
        "revenue": 654224161.4,
        "country": "US"
    },
    {
        "title": "Fireheart",
        "date_x": "01/16/2022 ",
        "score": 74.0,
        "genre": [
            "Animation",
            "Family"
        ],
        "overview": "The film explores the world of firefighters in 1920s New York City and tells the story of a 16-year-old girl who will have to become a hero in order to save her city.",
        "actors": [
            "Olivia Cooke",
            "Georgia Holden (voice)",
            "Kenneth Branagh",
            "Shawn Nolan (voice)",
            "William Shatner",
            "Mayor of New York (voice)",
            "Laurie Holden",
            "Pauline (voice)",
            "Kevin Dennis",
            "Reporter (voice)",
            "Dawn Ford",
            "(voice)",
            "Ryan W. Garcia",
            "Ricardo (voice)",
            "Mara Junot",
            "Laura Devine (voice)",
            "Wilex Ly",
            "(voice)"
        ],
        "orig_title": "Fireheart",
        "status": " Released",
        "orig_lang": " English",
        "budget_x": 92800000.0,
        "revenue": 609222681.4,
        "country": "FR"
    },
    {
        "title": "American Pie Presents: The Book of Love",
        "date_x": "12/04/2009 ",
        "score": 53.0,
        "genre": [
            "Comedy"
        ],
        "overview": "Ten years after the first American Pie movie, three new hapless virgins discover the Bible hidden in the school library at East Great Falls High. Unfortunately for them, the book is ruined, and with incomplete advice, the Bible leads them on a hilarious journey to lose their virginity.",
        "actors": [
            "Bug Hall",
            "Rob",
            "Eugene Levy",
            "Mr. Levenstein",
            "Kevin M. Horton",
            "Nathan",
            "Brandon Hardesty",
            "Lube",
            "Beth Behrs",
            "Heidi",
            "Rosanna Arquette",
            "Rob's Mom",
            "John Patrick Jordan",
            "Scott Stifler",
            "Melanie Papalia",
            "Dana",
            "Edwin Perez",
            "Gibbs"
        ],
        "orig_title": "American Pie Presents: The Book of Love",
        "status": " Released",
        "orig_lang": " English",
        "budget_x": 7000000.0,
        "revenue": 5021219.0,
        "country": "US"
    },
    {
        "title": "Unlocked",
        "date_x": "02/17/2023 ",
        "score": 75.0,
        "genre": [
            "Thriller",
            "Mystery"
        ],
        "overview": "A woman’s life is turned upside-down when a dangerous man gets a hold of her lost cell phone and uses it to track her every move.",
        "actors": [
            "Chun Woo-hee",
            "Lee Na-mi",
            "Yim Si-wan",
            "Oh Jun-yeong",
            "Kim Hee-won",
            "Woo Ji-man",
            "Park Ho-san",
            "Lee Seung-woo",
            "Kim Ye-won",
            "Jeong Eun-joo",
            "Jeon Jin-oh",
            "Kim Jeong-ho",
            "Oh Hyun-kyung",
            "CEO Oh",
            "Ryu Sung-hyun",
            "Chief of Detectives",
            "Jeon Ik-ryoung",
            "Jeong-mi"
        ],
        "orig_title": " 스마트폰을 떨어뜨렸을 뿐인데",
        "status": " Released",
        "orig_lang": " Korean",
        "budget_x": 79400000.0,
        "revenue": 712254239.2,
        "country": "KR"
    },
    {
        "title": "V/H/S/99",
        "date_x": "10/20/2022 ",
        "score": 63.0,
        "genre": [
            "Horror",
            "Thriller"
        ],
        "overview": "A teenager’s home video leads to a series of horrifying revelations.",
        "actors": [
            "Jesse LaTourette",
            "Rachel (segment \"Shredding\")",
            "Keanush Tafreshi",
            "Ankur (segment \"Shredding\")",
            "Dashiell Derrickson",
            "Chris Carbonara (segment \"Shredding\")",
            "Jackson Kelly",
            "Kaleb (segment \"Shredding\")",
            "Tybee Diskin",
            "RC (segment \"Shredding\")",
            "Verona Blue",
            "Deirdre (segment \"Shredding\")",
            "Aminah Nieves",
            "Charissa (segment \"Shredding\")",
            "Kelley Missal",
            "Jessie (segment \"Shredding\")",
            "Melissa Macedo",
            "Jessie Deux (segment \"Shredding\")"
        ],
        "orig_title": "V/H/S/99",
        "status": " Released",
        "orig_lang": " English",
        "budget_x": 81800000.0,
        "revenue": 408307377.8,
        "country": "AU"
    },
    {
        "title": "Trolls Holiday in Harmony",
        "date_x": "11/27/2021 ",
        "score": 72.0,
        "genre": [
            "Animation",
            "Fantasy",
            "Family"
        ],
        "overview": "Queen Poppy plans the first annual Trolls Kingdom Secret Holiday Gift Swap, but things don't go quite as expected.",
        "actors": [
            "Anna Kendrick",
            "Poppy (voice)",
            "Justin Timberlake",
            "Branch (voice)",
            "Kenan Thompson",
            "Tiny Diamond (voice)",
            "Travis Scott",
            "Rhyme-a-saurus (voice)",
            "Carol Burnett",
            "Windbreeze (voice)",
            "Rachel Bloom",
            "Barb (voice)",
            "Ron Funches",
            "Cooper (voice)",
            "Kunal Nayyar",
            "Guy Diamond (voice)",
            "Anderson .Paak",
            "Prince D (voice)"
        ],
        "orig_title": "Trolls Holiday in Harmony",
        "status": " Released",
        "orig_lang": " English",
        "budget_x": 70400000.0,
        "revenue": 1081437561.6,
        "country": "AU"
    },
    {
        "title": "El Infierno",
        "date_x": "09/03/2010 ",
        "score": 79.0,
        "genre": [
            "Drama",
            "Crime",
            "Comedy"
        ],
        "overview": "Benjamin Garcia, Benny is deported from the United States. Back home and against a bleak picture, Benny gets involved in the drug business, in which he has for the first time in his life, a spectacular rise surrounded by money, women, violence and fun. But very soon he will discover that criminal life does not always keep its promises.",
        "actors": [
            "Damián Alcázar",
            "Benjamín García \"El Benny\"",
            "Joaquín Cosío",
            "El Cochiloco",
            "Ernesto Gómez Cruz",
            "Don José Reyes",
            "María Rojo",
            "Doña Mari Reyes",
            "Elizabeth Cervantes",
            "La Cuñada",
            "Jorge Zárate",
            "El Huasteco",
            "Salvador Sánchez",
            "El Padrino",
            "Daniel Giménez Cacho",
            "Capitán Ramírez",
            "Angelina Peláez",
            "Mamá García"
        ],
        "orig_title": "El Infierno",
        "status": " Released",
        "orig_lang": " Spanish, Castilian",
        "budget_x": 66100000.0,
        "revenue": 504220580.8,
        "country": "MX"
    },
    {
        "title": "Abraham Lincoln: Vampire Hunter",
        "date_x": "08/01/2012 ",
        "score": 57.0,
        "genre": [
            "Action",
            "Fantasy",
            "Horror"
        ],
        "overview": "President Lincoln's mother is killed by a supernatural creature, which fuels his passion to crush vampires and their slave-owning helpers.",
        "actors": [
            "Benjamin Walker",
            "Abraham Lincoln",
            "Dominic Cooper",
            "Henry Sturgess",
            "Anthony Mackie",
            "Will Johnson",
            "Mary Elizabeth Winstead",
            "Mary Todd Lincoln",
            "Rufus Sewell",
            "Adam",
            "John Rothman",
            "Jefferson Davis",
            "Marton Csokas",
            "Jack Barts",
            "Alex Lombard",
            "Gabrielle",
            "Jimmi Simpson",
            "Joshua Speed"
        ],
        "orig_title": "Abraham Lincoln: Vampire Hunter",
        "status": " Released",
        "orig_lang": " English",
        "budget_x": 67500000.0,
        "revenue": 137489730.0,
        "country": "AU"
    },
    {
        "title": "Salò, or the 120 Days of Sodom",
        "date_x": "07/02/1993 ",
        "score": 65.0,
        "genre": [
            "Drama",
            "War"
        ],
        "overview": "Four corrupted fascist libertines round up 9 teenage boys and girls and subject them to 120 days of sadistic physical, mental and sexual torture.",
        "actors": [
            "Paolo Bonacelli",
            "The Duke",
            "Giorgio Cataldi",
            "The Bishop",
            "Umberto P. Quintavalle",
            "The Magistrate",
            "Aldo Valletti",
            "The President",
            "Caterina Boratto",
            "Signora Castelli",
            "Elsa De Giorgi",
            "Signora Maggi",
            "Hélène Surgère",
            "Signora Vaccari",
            "Sonia Saviange",
            "The Pianist",
            "Sergio Fascetti",
            "Sergio - Male Victim"
        ],
        "orig_title": " Salò o le 120 giornate di Sodoma",
        "status": " Released",
        "orig_lang": " Italian",
        "budget_x": 38360000.0,
        "revenue": 22017.0,
        "country": "AU"
    },
    {
        "title": "Trolls",
        "date_x": "12/08/2016 ",
        "score": 67.0,
        "genre": [
            "Family",
            "Animation",
            "Fantasy",
            "Adventure",
            "Comedy",
            "Music"
        ],
        "overview": "From the creators of Shrek comes the most smart, funny, irreverent animated comedy of the year, DreamWorks' Trolls. This holiday season, enter a colorful, wondrous world populated by hilariously unforgettable characters and discover the story of the overly optimistic Trolls, with a constant song on their lips, and the comically pessimistic Bergens, who are only happy when they have trolls in their stomach. Featuring original music from Justin Timberlake, and soon-to-be classic mash-ups of songs from other popular artists, the film stars the voice talents of Anna Kendrick, Justin Timberlake, Russell Brand, James Corden, Kunal Nayyar, Ron Funches, Icona Pop, Gwen Stefani, and many more. DreamWorks' TROLLS is a fresh, broad comedy filled with music, heart and hair-raising adventures. In November of 2016, nothing can prepare you for our new Troll world.",
        "actors": [
            "Anna Kendrick",
            "Poppy (voice)",
            "Justin Timberlake",
            "Branch (voice)",
            "Zooey Deschanel",
            "Bridget (voice)",
            "Russell Brand",
            "Creek (voice)",
            "James Corden",
            "Biggie (voice)",
            "Gwen Stefani",
            "DJ Suki (voice)",
            "Iris Dohrn",
            "Baby Poppy (voice)",
            "Liam Henry",
            "Young Branch (voice)",
            "Aino Jawo",
            "Satin (voice)"
        ],
        "orig_title": "Trolls",
        "status": " Released",
        "orig_lang": " English",
        "budget_x": 125000000.0,
        "revenue": 343242613.0,
        "country": "AU"
    },
    {
        "title": "Ghostland",
        "date_x": "03/14/2018 ",
        "score": 73.0,
        "genre": [
            "Horror",
            "Mystery",
            "Thriller"
        ],
        "overview": "A mother of two inherits a home from her aunt. On the first night in the new home she is confronted with murderous intruders and fights for her daughters’ lives. Sixteen years later the daughters reunite at the house, and that is when things get strange . . .",
        "actors": [
            "Crystal Reed",
            "Beth",
            "Mylène Farmer",
            "Pauline",
            "Anastasia Phillips",
            "Vera",
            "Emilia Jones",
            "Young Beth",
            "Taylor Hickson",
            "Young Vera",
            "Rob Archer",
            "Fat Man",
            "Adam Hurtig",
            "Beth's Husband",
            "Alicia Johnston",
            "Cooper",
            "Erik Athavale",
            "Ambulance paramedic"
        ],
        "orig_title": "Ghostland",
        "status": " Released",
        "orig_lang": " English",
        "budget_x": 95800000.0,
        "revenue": 750306106.4,
        "country": "FR"
    },
    {
        "title": "Crank: High Voltage",
        "date_x": "08/04/2009 ",
        "score": 60.0,
        "genre": [
            "Action",
            "Thriller",
            "Crime"
        ],
        "overview": "Chelios faces a Chinese mobster who has stolen his nearly indestructible heart and replaced it with a battery-powered ticker that requires regular jolts of electricity to keep working.",
        "actors": [
            "Jason Statham",
            "Chev Chelios",
            "Amy Smart",
            "Eve",
            "David Carradine",
            "Poon Dong",
            "Dwight Yoakam",
            "Doc Miles",
            "Bai Ling",
            "Ria",
            "Clifton Collins Jr.",
            "El Huron",
            "Jose Pablo Cantillo",
            "Ricky Verona",
            "Efren Ramirez",
            "Venus",
            "Julanne Chidi Hill",
            "Dark Chocolate"
        ],
        "orig_title": "Crank: High Voltage",
        "status": " Released",
        "orig_lang": " English",
        "budget_x": 20000000.0,
        "revenue": 34560577.0,
        "country": "AU"
    },
    {
        "title": "A Haunted House 2",
        "date_x": "04/18/2014 ",
        "score": 61.0,
        "genre": [
            "Comedy",
            "Horror"
        ],
        "overview": "After exorcising the demons of his ex-, Malcolm starts afresh with his new girlfriend and her two children. After moving into their dream home, Malcolm is once again plagued by bizarre paranormal events.",
        "actors": [
            "Marlon Wayans",
            "Malcolm",
            "Jaime Pressly",
            "Megan",
            "Essence Atkins",
            "Kisha",
            "Gabriel Iglesias",
            "Miguel",
            "Missi Pyle",
            "Noreen",
            "Ashley Rickards",
            "Becky",
            "Affion Crockett",
            "Ray- Ray",
            "Steele Stebbins",
            "Wyatt",
            "Rick Overton",
            "Professor Wilde"
        ],
        "orig_title": "A Haunted House 2",
        "status": " Released",
        "orig_lang": " English",
        "budget_x": 4000000.0,
        "revenue": 21206861.0,
        "country": "US"
    },
    {
        "title": "Split",
        "date_x": "01/25/2017 ",
        "score": 73.0,
        "genre": [
            "Horror",
            "Thriller"
        ],
        "overview": "Though Kevin has evidenced 23 personalities to his trusted psychiatrist, Dr. Fletcher, there remains one still submerged who is set to materialize and dominate all the others. Compelled to abduct three teenage girls led by the willful, observant Casey, Kevin reaches a war for survival among all of those contained within him — as well as everyone around him — as the walls between his compartments shatter apart.",
        "actors": [
            "James McAvoy",
            "Kevin Wendell Crumb",
            "Anya Taylor-Joy",
            "Casey Cooke",
            "Betty Buckley",
            "Karen Fletcher",
            "Haley Lu Richardson",
            "Claire Benoit",
            "Jessica Sula",
            "Marcia",
            "Brad William Henke",
            "Uncle John",
            "Sebastian Arcelus",
            "Casey's Father",
            "Neal Huff",
            "Mr. Benoit",
            "Kim Director",
            "Hannah"
        ],
        "orig_title": "Split",
        "status": " Released",
        "orig_lang": " English",
        "budget_x": 9000000.0,
        "revenue": 278754594.0,
        "country": "AU"
    },
    {
        "title": "Gold",
        "date_x": "01/13/2022 ",
        "score": 63.0,
        "genre": [
            "Action",
            "Adventure",
            "Thriller"
        ],
        "overview": "In the not-too-distant future, two drifters traveling through the desert stumble across the biggest gold nugget ever found and the dream of immense wealth and greed takes hold. They hatch a plan to excavate their bounty, with one man leaving to secure the necessary tools while the other remains with the gold. The man who remains must endure harsh desert elements, ravenous wild dogs, and mysterious intruders, while battling the sinking suspicion that he has been abandoned to his fate.",
        "actors": [
            "Zac Efron",
            "Virgil",
            "Anthony Hayes",
            "Keith",
            "Susie Porter",
            "The Stranger",
            "Andreas Sobik",
            "Outpost attendant",
            "Akuol Ngot",
            "Mother on train",
            "Thiik Biar",
            "Baby on train"
        ],
        "orig_title": "Gold",
        "status": " Released",
        "orig_lang": " English",
        "budget_x": 6500000.0,
        "revenue": 176048.0,
        "country": "AU"
    },
    {
        "title": "Predators",
        "date_x": "07/08/2010 ",
        "score": 62.0,
        "genre": [
            "Science Fiction",
            "Action",
            "Thriller"
        ],
        "overview": "A group of cold-blooded killers find themselves trapped on an alien planet to be hunted by extraterrestrial Predators.",
        "actors": [
            "Adrien Brody",
            "Royce",
            "Topher Grace",
            "Edwin",
            "Alice Braga",
            "Isabelle",
            "Oleg Taktarov",
            "Nikolai",
            "Laurence Fishburne",
            "Noland",
            "Walton Goggins",
            "Stans",
            "Danny Trejo",
            "Cuchillo",
            "Louis Ozawa",
            "Hanzo",
            "Mahershala Ali",
            "Mombasa"
        ],
        "orig_title": "Predators",
        "status": " Released",
        "orig_lang": " English",
        "budget_x": 40000000.0,
        "revenue": 127234389.0,
        "country": "AU"
    },
    {
        "title": "So Cold the River",
        "date_x": "03/25/2022 ",
        "score": 56.0,
        "genre": [
            "Horror",
            "Thriller"
        ],
        "overview": "A documentary filmmaker's research on a town's mysterious benefactor unearths an unexplained evil while staying at a local resort.",
        "actors": [
            "Bethany Joy Lenz",
            "Erica Shaw",
            "Alysia Reiner",
            "Alyssa Bradford-Cohen",
            "Katie Sarife",
            "Kellyn Cage",
            "Andrew J. West",
            "Josiah Bradford",
            "Deanna Dunagan",
            "Anne McKinney",
            "Aaron Roman Weiner",
            "Rory Granger",
            "Kevin Cahoon",
            "Dylan",
            "Lucas Bentley",
            "Sheriff",
            "Lea Hutton Beasmore",
            "Casino Patron"
        ],
        "orig_title": "So Cold the River",
        "status": " Released",
        "orig_lang": " English",
        "budget_x": 130200000.0,
        "revenue": 390377803.8,
        "country": "US"
    },
    {
        "title": "Pokémon the Movie: I Choose You!",
        "date_x": "11/11/2017 ",
        "score": 70.0,
        "genre": [
            "Family",
            "Animation",
            "Adventure",
            "Fantasy"
        ],
        "overview": "Ash Ketchum wakes up late one morning after having broken his alarm clock in his sleep. He eventually makes it to Professor Oak's lab, but is told that the three starter List of Pokémon (Bulbasaur, Squirtle, and Charmander) have already been taken by Trainers who were on time. However, Oak reveals that he has one more Pokémon, an Electric-type named Pikachu. Despite its volatile and feisty personality, as well as its refusal to get inside a Poké Ball, Ash happily takes Pikachu for his journey.",
        "actors": [
            "Rica Matsumoto",
            "Satoshi (voice)",
            "Ikue Otani",
            "Pikachu (voice)",
            "Megumi Hayashibara",
            "Musashi (voice)",
            "Shin-ichiro Miki",
            "Kojiro (voice)",
            "Inuko Inuyama",
            "Nyarth (voice)",
            "Unsho Ishizuka",
            "Dr. Okido / Narrator (voice)",
            "Masami Toyoshima",
            "Hanako (voice)",
            "Shoko Nakagawa",
            "Joy (voice)",
            "Kanata Hongo",
            "Souji (voice)"
        ],
        "orig_title": " 劇場版 ポケットモンスター キミにきめた！",
        "status": " Released",
        "orig_lang": " Japanese",
        "budget_x": 75397939.2,
        "revenue": 37552144.0,
        "country": "AU"
    },
    {
        "title": "Pulp Fiction",
        "date_x": "11/24/1994 ",
        "score": 85.0,
        "genre": [
            "Thriller",
            "Crime"
        ],
        "overview": "A burger-loving hit man, his philosophical partner, a drug-addled gangster's moll and a washed-up boxer converge in this sprawling, comedic crime caper. Their adventures unfurl in three stories that ingeniously trip back and forth in time.",
        "actors": [
            "John Travolta",
            "Vincent Vega",
            "Samuel L. Jackson",
            "Jules Winnfield",
            "Uma Thurman",
            "Mia Wallace",
            "Bruce Willis",
            "Butch Coolidge",
            "Ving Rhames",
            "Marsellus Wallace",
            "Harvey Keitel",
            "Winston \"The Wolf\" Wolfe",
            "Eric Stoltz",
            "Lance",
            "Tim Roth",
            "Ringo (\"Pumpkin\")",
            "Amanda Plummer",
            "Yolanda (\"Honey Bunny\")"
        ],
        "orig_title": "Pulp Fiction",
        "status": " Released",
        "orig_lang": " English",
        "budget_x": 8000000.0,
        "revenue": 212891760.0,
        "country": "AU"
    },
    {
        "title": "American Sicario",
        "date_x": "12/10/2021 ",
        "score": 60.0,
        "genre": [
            "Crime",
            "Action"
        ],
        "overview": "The story of the rise and fall of the first American-born drug lord in Mexico, this tale of power, money, greed and betrayal amongst rival members of the drug cartels finds American gangster Erik Vasquez scheming to become the top dog in the Mexican underworld, only to find himself making enemies out of both the powerful cartels and his own allies.",
        "actors": [
            "Philippe A. Haddad",
            "Erik Vasquez",
            "Danny Trejo",
            "Pedro",
            "Maurice Compte",
            "Roberto",
            "Maya Stojan",
            "Monica Wells",
            "Jaylen Moore",
            "Dominic",
            "Johnny Rey Diaz",
            "Juan Feliz",
            "Dionysio Basco",
            "Willy",
            "David A. Lockhart",
            "Gabriel",
            "Robert Arevalo",
            "Matteo"
        ],
        "orig_title": "American Sicario",
        "status": " Released",
        "orig_lang": " English",
        "budget_x": 102600000.0,
        "revenue": 208453066.2,
        "country": "US"
    },
    {
        "title": "House Party",
        "date_x": "02/01/2023 ",
        "score": 64.0,
        "genre": [
            "Comedy"
        ],
        "overview": "Aspiring club promoters and best buds Damon and Kevin are barely keeping things together. Out of money, down on their luck and about to lose the roofs over their heads—and freshly fired from their low-lift jobs as house cleaners—the pair needs a huge windfall to make their problems go away. In a ‘what the hell?’ move, they decide to host the party of the year at an exclusive mansion, the site of their last cleaning job, which just happens to belong to none other than LeBron James. No permission? No problem. What could go wrong?",
        "actors": [
            "Jacob Latimore",
            "Kevin",
            "Tosin Cole",
            "Damon",
            "Karen Obilom",
            "Venus",
            "D.C. Young Fly",
            "Vic",
            "Shakira Ja'nai Paye",
            "Mika",
            "Melvin Gregg",
            "Larry",
            "Allen Maldonado",
            "Kyle",
            "Rotimi",
            "Guile",
            "Kid Cudi",
            "Self"
        ],
        "orig_title": "House Party",
        "status": " Released",
        "orig_lang": " English",
        "budget_x": 90544000.0,
        "revenue": 519948264.6,
        "country": "AU"
    },
    {
        "title": "Tonight You're Sleeping with Me",
        "date_x": "03/01/2023 ",
        "score": 64.0,
        "genre": [
            "Romance",
            "Drama"
        ],
        "overview": "Stuck in a passionless marriage, a journalist must choose between her distant but loving husband and a younger ex-boyfriend who has reentered her life",
        "actors": [
            "Roma Gąsiorowska",
            "Nina",
            "Maciej Musiał",
            "Janek",
            "Wojciech Zieliński",
            "Maciek",
            "Magdalena Groszek",
            "Zuzia",
            "Jadwiga Zurawska",
            "Lena",
            "Ewa Wencel",
            "Matka Niny",
            "Jacek Koman",
            "Ojciec Niny",
            "Małgorzata Mikołajczak",
            "Agnieszka",
            "Karolina Porcari",
            "Eliza Jankowska"
        ],
        "orig_title": " Dzisiaj śpisz ze mną",
        "status": " Released",
        "orig_lang": " Polish",
        "budget_x": 102000000.0,
        "revenue": 254278668.2,
        "country": "PL"
    },
    {
        "title": "American Reunion",
        "date_x": "04/04/2012 ",
        "score": 63.0,
        "genre": [
            "Comedy"
        ],
        "overview": "The characters we met a little more than a decade ago return to East Great Falls for their high-school reunion. In one long-overdue weekend, they will discover what has changed, who hasn’t, and that time and distance can’t break the bonds of friendship.",
        "actors": [
            "Jason Biggs",
            "Jim Levenstein",
            "Alyson Hannigan",
            "Michelle Flaherty-Levenstein",
            "Seann William Scott",
            "Steve Stifler",
            "Chris Klein",
            "Chris 'Oz' Ostreicher",
            "Thomas Ian Nicholas",
            "Kevin Myers",
            "Tara Reid",
            "Victoria 'Vicky' Lathum",
            "Mena Suvari",
            "Heather",
            "Eddie Kaye Thomas",
            "Paul Finch",
            "John Cho",
            "MILF Guy #2"
        ],
        "orig_title": "American Reunion",
        "status": " Released",
        "orig_lang": " English",
        "budget_x": 50000000.0,
        "revenue": 236799211.0,
        "country": "AU"
    },
    {
        "title": "Jesus Christ Superstar",
        "date_x": "08/15/1973 ",
        "score": 71.0,
        "genre": [
            "Music",
            "Drama"
        ],
        "overview": "Recounts the last days of Jesus Christ from the perspective of Judas Iscariot, his betrayer. As Jesus' following increases, Judas begins to worry that Jesus is falling for his own hype, forgetting the principles of his teachings and growing too close to the prostitute Mary Magdalene. After Jesus has an outburst in a temple, Judas turns on him.",
        "actors": [
            "Ted Neeley",
            "Jesus Christ",
            "Carl Anderson",
            "Judas Iscariot",
            "Yvonne Elliman",
            "Mary Magdalene",
            "Barry Dennen",
            "Pontius Pilate",
            "Bob Bingham",
            "Caiaphas",
            "Larry Marshall",
            "Simon Zealotes",
            "Josh Mostel",
            "King Herod",
            "Kurt Yaghjian",
            "Annas",
            "Paul Thomas",
            "Peter"
        ],
        "orig_title": "Jesus Christ Superstar",
        "status": " Released",
        "orig_lang": " English",
        "budget_x": 25874800.0,
        "revenue": 13200000.0,
        "country": "US"
    },
    {
        "title": "Chappie",
        "date_x": "03/11/2015 ",
        "score": 68.0,
        "genre": [
            "Crime",
            "Action",
            "Science Fiction"
        ],
        "overview": "Every child comes into the world full of promise, and none more so than Chappie: he is gifted, special, a prodigy. Like any child, Chappie will come under the influence of his surroundings—some good, some bad—and he will rely on his heart and soul to find his way in the world and become his own man. But there's one thing that makes Chappie different from any one else: he is a robot.",
        "actors": [
            "Sharlto Copley",
            "Chappie",
            "Dev Patel",
            "Deon Wilson",
            "Hugh Jackman",
            "Vincent Moore",
            "Ninja",
            "Ninja",
            "Yo-Landi Visser",
            "Yo-Landi",
            "Sigourney Weaver",
            "Michelle Bradley",
            "Chris Shields",
            "Journalist",
            "Anderson Cooper",
            "Anderson Cooper",
            "Jose Pablo Cantillo",
            "Yankie (Amerika)"
        ],
        "orig_title": "Chappie",
        "status": " Released",
        "orig_lang": " English",
        "budget_x": 49000000.0,
        "revenue": 105002056.0,
        "country": "AU"
    },
    {
        "title": "Fireproof",
        "date_x": "09/26/2008 ",
        "score": 76.0,
        "genre": [
            "Drama",
            "Romance"
        ],
        "overview": "Caleb Holt, a heroic fire captain who values dedication and service to others above all else. But the most important partnership in his life, his marriage, is about to go up in smoke. This gripping story follows one man's desire to transform his life and marriage through the healing power of faith and fully embrace the fireman's code: \"Never leave your partner behind.\"",
        "actors": [
            "Kirk Cameron",
            "Caleb Holt",
            "Erin Bethea",
            "Catherine Holt",
            "Ken Bevel",
            "Michael Simmons",
            "Stephen Dervan",
            "Wayne Floyd",
            "Eric Young",
            "Terrell Sanders",
            "Jason McLeod",
            "Eric Harmon",
            "Harris Malcom",
            "John Holt",
            "Phyllis Malcom",
            "Cheryl Holt",
            "Perry Revell",
            "Gavin Keller"
        ],
        "orig_title": "Fireproof",
        "status": " Released",
        "orig_lang": " English",
        "budget_x": 500000.0,
        "revenue": 33473297.0,
        "country": "US"
    },
    {
        "title": "That Time I Got Reincarnated as a Slime the Movie: Scarlet Bond",
        "date_x": "01/19/2023 ",
        "score": 70.0,
        "genre": [
            "Animation",
            "Fantasy",
            "Adventure"
        ],
        "overview": "A long-running conspiracy is swirling over a mysterious power wielded by the Queen in Raja, a small country west of Tempest. When a slime who evolved into a Demon Lord named Rimuru Tempest crosses paths with Hiiro, a survivor of the Ogre race, an incredible adventure packed with new characters begins. The power of bonds will be put to the test!",
        "actors": [
            "Miho Okasaki",
            "Rimuru (voice)",
            "Makoto Furukawa",
            "Benimaru (voice)",
            "Megumi Toyoguchi",
            "Raphael (voice)",
            "Tomoaki Maeno",
            "Verudora (voice)",
            "Sayaka Senbongi",
            "Shuna (voice)",
            "Mao Ichimichi",
            "Shion (voice)",
            "Takuya Eguchi",
            "Souei (voice)",
            "Hochu Otsuka",
            "Hakurou (voice)",
            "Asuna Tomari",
            "Gobuta (voice)"
        ],
        "orig_title": " 劇場版 転生したらスライムだった件 紅蓮の絆編",
        "status": " Released",
        "orig_lang": " Japanese",
        "budget_x": 44620000.0,
        "revenue": 11426555.0,
        "country": "AU"
    },
    {
        "title": "Nothing Serious",
        "date_x": "11/24/2021 ",
        "score": 66.0,
        "genre": [
            "Romance",
            "Comedy"
        ],
        "overview": "Woo-ri, 32, and Ja-young, 28, who both dislike being alone but have particular anxieties when it comes to dating, meet through an app.",
        "actors": [
            "Jun Jong-seo",
            "Ja-young",
            "Son Suk-ku",
            "Woo-ri",
            "Gong Min-jeung",
            "Sun-bin",
            "Kim Seul-ki",
            "Yu-mi",
            "Bae Yoo-ram",
            "Woo-seong",
            "Kim Jae-hwa",
            "Editor in chief",
            "Im Sung-jae",
            "Macho",
            "Lim Sun-woo",
            "Yeon-hee",
            "Kim Young-ok",
            "Grandmother"
        ],
        "orig_title": " 연애 빠진 로맨스",
        "status": " Released",
        "orig_lang": " Korean",
        "budget_x": 66240000.0,
        "revenue": 320425004.6,
        "country": "KR"
    },
    {
        "title": "Berlin Drifters",
        "date_x": "09/10/2017 ",
        "score": 60.0,
        "genre": [
            "Drama"
        ],
        "overview": "Kôichi is a Japanese man living alone in Berlin. He has no job and hardly any friends. One night Kôichi meets Ryota at a bar which is also a sex club. Ryota came to Berlin to visit a German guy whom he had \"met\" on a dating app. His high hopes for romance (and marriage?) were quickly crushed since the German was only interested in sex, not even letting Ryota stay for the night. That is why Ryota ended up spending the night in the dark room of the sex club. Kôichi for some reason lets Ryota stay at his apartment. They have sex. Ryota goes out almost everyday to get laid by various local men and comes home to Kôichi's. Increasingly caught up with a strange feeling that is akin to but not quite frustration or curiosity (needless to say, it is not even close to love), Kôichi gradually gives himself up to sex with Ryota.",
        "actors": [
            "Lyota Majima",
            "",
            "Kôichi Imaizumi",
            "",
            "Mioo Satô",
            "",
            "Michael Selvaggio",
            "",
            "Claude Kolz",
            "",
            "Toby Ashraf",
            "",
            "Christian Slaughter",
            "",
            "Lupus",
            "",
            "Bishop Black",
            ""
        ],
        "orig_title": " 伯林漂流",
        "status": " Released",
        "orig_lang": " Japanese",
        "budget_x": 73800000.0,
        "revenue": 346352260.6,
        "country": "HK"
    },
    {
        "title": "The Greatest Story Ever Told",
        "date_x": "02/15/1965 ",
        "score": 65.0,
        "genre": [
            "Drama",
            "History"
        ],
        "overview": "From his birth in Bethlehem to his death and eventual resurrection, the life of Jesus Christ is given the all-star treatment in this epic retelling. Major aspects of Christ's life are touched upon, including the execution of all the newborn males in Egypt by King Herod; Christ's baptism by John the Baptist; and the betrayal by Judas after the Last Supper that eventually leads to Christ's crucifixion and miraculous return.",
        "actors": [
            "Max von Sydow",
            "Jesus",
            "Michael Anderson Jr.",
            "James the Younger",
            "Carroll Baker",
            "Veronica",
            "Ina Balin",
            "Martha of Bethany",
            "Victor Buono",
            "Sorak",
            "Richard Conte",
            "Barabbas",
            "Joanna Dunham",
            "Mary Magdalene",
            "José Ferrer",
            "Herod Antipas",
            "Van Heflin",
            "Bar Amand"
        ],
        "orig_title": "The Greatest Story Ever Told",
        "status": " Released",
        "orig_lang": " English",
        "budget_x": 20000000.0,
        "revenue": 15473333.0,
        "country": "US"
    },
    {
        "title": "A Haunted House",
        "date_x": "01/11/2013 ",
        "score": 58.0,
        "genre": [
            "Comedy",
            "Horror"
        ],
        "overview": "Malcolm and Kisha move into their dream home, but soon learn a demon also resides there. When Kisha becomes possessed, Malcolm - determined to keep his sex life on track - turns to a priest, a psychic, and a team of ghost-busters for help in this spoof of all the \"found-footage/documentary style\" films released in recent years.",
        "actors": [
            "Marlon Wayans",
            "Malcolm",
            "Essence Atkins",
            "Keisha",
            "Nick Swardson",
            "Chip the Psychic",
            "Cedric the Entertainer",
            "Father Williams",
            "David Koechner",
            "Dan the Security Man",
            "Dave Sheridan",
            "Bob",
            "Liana Mendoza",
            "Carmita",
            "Jamie Noel",
            "Juanita",
            "Marlene Forte",
            "Rosa"
        ],
        "orig_title": "A Haunted House",
        "status": " Released",
        "orig_lang": " English",
        "budget_x": 2500000.0,
        "revenue": 59922558.0,
        "country": "US"
    },
    {
        "title": "Inglourious Basterds",
        "date_x": "08/19/2009 ",
        "score": 82.0,
        "genre": [
            "Drama",
            "Thriller",
            "War"
        ],
        "overview": "In Nazi-occupied France during World War II, a group of Jewish-American soldiers known as \"The Basterds\" are chosen specifically to spread fear throughout the Third Reich by scalping and brutally killing Nazis. The Basterds, lead by Lt. Aldo Raine soon cross paths with a French-Jewish teenage girl who runs a movie theater in Paris which is targeted by the soldiers.",
        "actors": [
            "Brad Pitt",
            "First Lieutenant Aldo \"The Apache\" Raine",
            "Mélanie Laurent",
            "Shosanna Dreyfus / Emmanuelle Mimieux",
            "Christoph Waltz",
            "SS Colonel Hans \"The Jew Hunter\" Landa",
            "Eli Roth",
            "Staff Sergeant Donny \"The Bear Jew\" Donowitz",
            "Michael Fassbender",
            "Lieutenant Archie Hicox",
            "Diane Kruger",
            "Bridget von Hammersmark",
            "Daniel Brühl",
            "Private First Class Fredrick Zoller",
            "Til Schweiger",
            "Sergeant Hugo Stiglitz",
            "Gedeon Burkhard",
            "Corporal Wilhelm Wicki"
        ],
        "orig_title": "Inglourious Basterds",
        "status": " Released",
        "orig_lang": " English",
        "budget_x": 70000000.0,
        "revenue": 316802281.0,
        "country": "AU"
    },
    {
        "title": "Flower and Snake 4: White Uniform Rope Slave",
        "date_x": "12/06/1986 ",
        "score": 51.0,
        "genre": [
            "Thriller",
            "Drama"
        ],
        "overview": "A perverted dentist (and dental assistant) that likes to sleep with his patients, gets obsessed with one in particular who also happens to be a lesbian. He uses everthing he can think of to abuse this woman and her female lover. Ropes/Dental tools/Ice Buckets/Candles/ (the works) and sometimes he sets the mood with something from his classical music record collection.",
        "actors": [
            "Ran Masaki",
            "Miki Yamagiwa(山際美貴)",
            "Minako Ogawa",
            "Naoe Takeuchi(竹内直江)",
            "Kazuyo Ezaki",
            "Kiyoko Itô(伊藤希代子)",
            "Masayoshi Nogami",
            "Hidenori Ooba(大庭秀紀)"
        ],
        "orig_title": " 花と蛇　白衣縄奴隷",
        "status": " Released",
        "orig_lang": " Japanese",
        "budget_x": 95200000.0,
        "revenue": 568390700.4,
        "country": "JP"
    },
    {
        "title": "Melody Makers",
        "date_x": "12/17/2019 ",
        "score": 45.0,
        "genre": [
            "Music",
            "Documentary"
        ],
        "overview": "Melody Maker Magazine's Chief Contributing Photographer(1965-1975), Barrie Wentzell tells the story of the rise and fall of the magazine, which marked the end to a style of rock n' roll journalism that no longer exit's today.",
        "actors": [
            "Barrie Wentzell",
            "",
            "Ian Anderson",
            "",
            "Steve Howe",
            "",
            "Eric Burdon",
            "",
            "Chris Squire",
            ""
        ],
        "orig_title": "Melody Makers",
        "status": " Released",
        "orig_lang": " English",
        "budget_x": 116500000.0,
        "revenue": 872776677.4,
        "country": "US"
    },
    {
        "title": "Shutter Island",
        "date_x": "02/18/2010 ",
        "score": 82.0,
        "genre": [
            "Drama",
            "Thriller",
            "Mystery"
        ],
        "overview": "World War II soldier-turned-U.S. Marshal Teddy Daniels investigates the disappearance of a patient from a hospital for the criminally insane, but his efforts are compromised by troubling visions and a mysterious doctor.",
        "actors": [
            "Leonardo DiCaprio",
            "Teddy Daniels",
            "Mark Ruffalo",
            "Chuck Aule",
            "Ben Kingsley",
            "Dr. John Cawley",
            "Michelle Williams",
            "Dolores Chanal",
            "Max von Sydow",
            "Dr. Jeremiah Naehring",
            "Emily Mortimer",
            "Rachel Solando",
            "Jackie Earle Haley",
            "George Noyce",
            "John Carroll Lynch",
            "Deputy Warden McPherson",
            "Ted Levine",
            "Warden"
        ],
        "orig_title": "Shutter Island",
        "status": " Released",
        "orig_lang": " English",
        "budget_x": 80000000.0,
        "revenue": 299461782.0,
        "country": "AU"
    },
    {
        "title": "Mira",
        "date_x": "11/13/2022 ",
        "score": 73.0,
        "genre": [
            "Drama"
        ],
        "overview": "Noticing her shy, non-verbal eight year old neighbour, Mira, compassionate twenty-two year old, Ainsley, connects with her, building a sibling-like relationship. Their bond becomes threatened by Mira’s abusive parents as Ainsley risks herself to protect her new friend.",
        "actors": [
            "Isobel Estoppey",
            "Ainsley",
            "Maple Rosbrook",
            "Mira",
            "Tegan Bowden",
            "Mira’s Mum",
            "Steven Lee Cuthbert",
            "Mira’s Dad"
        ],
        "orig_title": "Mira",
        "status": " Released",
        "orig_lang": " English",
        "budget_x": 71400000.0,
        "revenue": 751654707.4,
        "country": "AU"
    },
    {
        "title": "I'm Not Ashamed",
        "date_x": "10/21/2016 ",
        "score": 74.0,
        "genre": [
            "Drama"
        ],
        "overview": "Based on the inspiring and powerful true story and journal entries of Rachel Joy Scott- the first student killed in the Columbine High School shooting in 1999.",
        "actors": [
            "Masey McLain",
            "Rachel Joy Scott",
            "Mark Daugherty",
            "Kevin",
            "Jennifer O'Neill",
            "Linda",
            "Ben VanderMey",
            "Brian Riggs",
            "Jaci Velasquez",
            "Mrs. Diaz",
            "Emma Elle Roberts",
            "Celine",
            "Cameron McKendry",
            "Alex Dickerson",
            "Terri Minton",
            "Beth Nimmo",
            "Victoria Staley",
            "Madison"
        ],
        "orig_title": "I'm Not Ashamed",
        "status": " Released",
        "orig_lang": " English",
        "budget_x": 1500000.0,
        "revenue": 2000000.0,
        "country": "US"
    },
    {
        "title": "It",
        "date_x": "09/07/2017 ",
        "score": 72.0,
        "genre": [
            "Horror",
            "Fantasy"
        ],
        "overview": "In a small town in Maine, seven children known as The Losers Club come face to face with life problems, bullies and a monster that takes the shape of a clown called Pennywise.",
        "actors": [
            "Jaeden Martell",
            "Bill Denbrough",
            "Bill Skarsgård",
            "It",
            "Jeremy Ray Taylor",
            "Ben Hanscom",
            "Sophia Lillis",
            "Beverly Marsh",
            "Finn Wolfhard",
            "Richie Tozier",
            "Chosen Jacobs",
            "Mike Hanlon",
            "Jack Dylan Grazer",
            "Eddie Kaspbrak",
            "Wyatt Oleff",
            "Stanley Uris",
            "Nicholas Hamilton",
            "Henry Bowers"
        ],
        "orig_title": "It",
        "status": " Released",
        "orig_lang": " English",
        "budget_x": 35000000.0,
        "revenue": 701012746.0,
        "country": "AU"
    },
    {
        "title": "Barbarian",
        "date_x": "10/20/2022 ",
        "score": 69.0,
        "genre": [
            "Horror",
            "Mystery",
            "Thriller"
        ],
        "overview": "In town for a job interview, a young woman arrives at her Airbnb late at night only to find that it has been mistakenly double-booked and a strange man is already staying there. Against her better judgement, she decides to stay the night anyway.",
        "actors": [
            "Georgina Campbell",
            "Tess",
            "Bill Skarsgård",
            "Keith",
            "Justin Long",
            "AJ",
            "Matthew Patrick Davis",
            "The Mother",
            "Richard Brake",
            "Frank",
            "Kurt Braunohler",
            "Doug",
            "Jaymes Butler",
            "Andre",
            "Sophie Sörensen",
            "Bonnie Zane",
            "Rachel Fowler",
            "Meg"
        ],
        "orig_title": "Barbarian",
        "status": " Released",
        "orig_lang": " English",
        "budget_x": 4500000.0,
        "revenue": 45352337.0,
        "country": "AU"
    },
    {
        "title": "Dragon Ball Z: Bardock - The Father of Goku",
        "date_x": "10/17/1990 ",
        "score": 75.0,
        "genre": [
            "Animation",
            "Action",
            "Science Fiction",
            "Drama",
            "Fantasy"
        ],
        "overview": "Bardock, Son Goku's father, is a low-ranking Saiyan soldier who was given the power to see into the future by the last remaining alien on a planet he just destroyed. He witnesses the destruction of his race and must now do his best to stop Frieza's impending massacre.",
        "actors": [
            "Masako Nozawa",
            "Bardock / Son Gokû (Kakarotto) (voice)",
            "Kazuyuki Sogabe",
            "Tôma (voice)",
            "Yuko Mita",
            "Seripa (voice)",
            "Takeshi Watabe",
            "Panbûkin (voice)",
            "Kozo Shioya",
            "Toteppo / Dokutâ (voice)",
            "Ryusei Nakao",
            "Freeza (voice)",
            "Show Hayami",
            "Zarbon (voice)",
            "Yukitoshi Hori",
            "Dodoria (voice)",
            "Banjo Ginga",
            "Tôro (voice)"
        ],
        "orig_title": " ドラゴンボールZ たったひとりの最終決戦〜フリーザに挑んだZ戦士 孫悟空の父〜",
        "status": " Released",
        "orig_lang": " Japanese",
        "budget_x": 85800000.0,
        "revenue": 729410268.0,
        "country": "JP"
    },
    {
        "title": "John Carter",
        "date_x": "03/08/2012 ",
        "score": 63.0,
        "genre": [
            "Action",
            "Adventure",
            "Science Fiction"
        ],
        "overview": "John Carter is a war-weary, former military captain who's inexplicably transported to the mysterious and exotic planet of Barsoom (Mars) and reluctantly becomes embroiled in an epic conflict. It's a world on the brink of collapse, and Carter rediscovers his humanity when he realizes the survival of Barsoom and its people rests in his hands.",
        "actors": [
            "Taylor Kitsch",
            "John Carter",
            "Lynn Collins",
            "Dejah Thoris",
            "Samantha Morton",
            "Sola",
            "Willem Dafoe",
            "Tars Tarkas",
            "Thomas Haden Church",
            "Tal Hajus",
            "Mark Strong",
            "Matai Shang",
            "Ciarán Hinds",
            "Tardos Mors",
            "Dominic West",
            "Sab Than",
            "James Purefoy",
            "Kantos Kan"
        ],
        "orig_title": "John Carter",
        "status": " Released",
        "orig_lang": " English",
        "budget_x": 263700000.0,
        "revenue": 282778100.0,
        "country": "AU"
    },
    {
        "title": "Vacation",
        "date_x": "08/19/2015 ",
        "score": 63.0,
        "genre": [
            "Comedy"
        ],
        "overview": "Hoping to bring his family closer together and to recreate his childhood vacation for his own kids, a grown up Rusty Griswold takes his wife and their two sons on a cross-country road trip to the coolest theme park in America, Walley World. Needless to say, things don't go quite as planned.",
        "actors": [
            "Ed Helms",
            "Rusty Griswold",
            "Christina Applegate",
            "Debbie Griswold",
            "Chevy Chase",
            "Clark Griswold",
            "Skyler Gisondo",
            "James Griswold",
            "Charlie Day",
            "Chad",
            "Miles Doleac",
            "Man on the Monument",
            "Leslie Mann",
            "Audrey Griswold",
            "Chris Hemsworth",
            "Stone Crandall",
            "Keegan-Michael Key",
            "Jack Peterson"
        ],
        "orig_title": "Vacation",
        "status": " Released",
        "orig_lang": " English",
        "budget_x": 31000000.0,
        "revenue": 102306500.0,
        "country": "AU"
    },
    {
        "title": "Bambi",
        "date_x": "04/15/1943 ",
        "score": 70.0,
        "genre": [
            "Animation",
            "Drama",
            "Family"
        ],
        "overview": "Bambi's tale unfolds from season to season as the young prince of the forest learns about life, love, and friends.",
        "actors": [
            "Donnie Dunagan",
            "Young Bambi (voice) (uncredited)",
            "Peter Behn",
            "Young Thumper (voice) (uncredited)",
            "Stan Alexander",
            "Young Flower (voice) (uncredited)",
            "Cammie King",
            "Young Faline (voice) (uncredited)",
            "Will Wright",
            "Friend Owl (voice) (uncredited)",
            "Hardie Albright",
            "Adolescent Bambi (voice) (uncredited)",
            "Ann Gillis",
            "Adolescent Faline (voice) (uncredited)",
            "Tim Davis",
            "Adolescent Thumper / Adolescent Flower (voice) (uncredited)",
            "Sam Edwards",
            "Adult Thumper (voice) (uncredited)"
        ],
        "orig_title": "Bambi",
        "status": " Released",
        "orig_lang": " English",
        "budget_x": 858000.0,
        "revenue": 268000000.0,
        "country": "AU"
    },
    {
        "title": "Whiplash",
        "date_x": "10/22/2014 ",
        "score": 84.0,
        "genre": [
            "Drama",
            "Music"
        ],
        "overview": "Under the direction of a ruthless instructor, a talented young drummer begins to pursue perfection at any cost, even his humanity.",
        "actors": [
            "Miles Teller",
            "Andrew Neiman",
            "J.K. Simmons",
            "Terence Fletcher",
            "Paul Reiser",
            "Jim Neiman",
            "Melissa Benoist",
            "Nicole",
            "Austin Stowell",
            "Ryan Connolly",
            "Chris Mulkey",
            "Uncle Frank",
            "Nate Lang",
            "Carl Tanner",
            "Charlie Ian",
            "Dustin",
            "Jayson Blair",
            "Travis"
        ],
        "orig_title": "Whiplash",
        "status": " Released",
        "orig_lang": " English",
        "budget_x": 3300000.0,
        "revenue": 39123993.0,
        "country": "AU"
    },
    {
        "title": "Munthiri Kaadu",
        "date_x": "04/07/2023 ",
        "score": 0.0,
        "genre": [
            "Drama",
            "Action"
        ],
        "overview": "In a Village Where they used to Honor Kill Love couples of the opposite cast and in that village A girl and boy from the opposite cast who used to be friends are getting pressure from village people that they love each other . What happens at the End? Whether they succeed or not is the story.",
        "actors": [
            "Seeman",
            "Inspector Anbarasan",
            "Pugazh Mahendran",
            "sella",
            "Palamedu Parthipan",
            "",
            "Subapriya",
            "Deivam",
            "C.H. Jayarao",
            "Murugan",
            "Kalai Sekaran",
            "",
            "G.A. Sivasundar",
            ""
        ],
        "orig_title": " முந்திரிக்காடு",
        "status": " Released",
        "orig_lang": " Tamil",
        "budget_x": 189600000.0,
        "revenue": 178359863.0,
        "country": "IN"
    },
    {
        "title": "Cinderella II: Dreams Come True",
        "date_x": "02/23/2002 ",
        "score": 61.0,
        "genre": [
            "Family",
            "Animation",
            "Romance",
            "Fantasy"
        ],
        "overview": "As a newly crowned princess, Cinderella quickly learns that life at the Palace - and her royal responsibilities - are more challenging than she had imagined. In three heartwarming tales, Cinderella calls on her animal friends and her Fairy Godmother to help as she brings her own grace and charm to her regal role and discovers that being true to yourself is the best way to make your dreams come true.",
        "actors": [
            "Jennifer Hale",
            "Cinderella (voice)",
            "Rob Paulsen",
            "Jaq / The Baker / Sir Hugh / Grand Duke / Bert / Flower Vendor (voice)",
            "Corey Burton",
            "Gus / Mert / Stable Hand (voice)",
            "Andre Stojka",
            "The King (voice)",
            "Russi Taylor",
            "Fairy Godmother / Mary Mouse / Beatrice / Daphne / Drizella / Countess Le Grande (voice)",
            "Susanne Blakeslee",
            "Lady Tremaine (voice)",
            "Tress MacNeille",
            "Anastasia / Pretty Woman (voice)",
            "Holland Taylor",
            "Prudence (voice)",
            "Christopher Daniel Barnes",
            "The Prince (voice)"
        ],
        "orig_title": "Cinderella II: Dreams Come True",
        "status": " Released",
        "orig_lang": " English",
        "budget_x": 5000000.0,
        "revenue": 119738688.2,
        "country": "US"
    },
    {
        "title": "Man of Steel",
        "date_x": "06/26/2013 ",
        "score": 66.0,
        "genre": [
            "Action",
            "Adventure",
            "Science Fiction"
        ],
        "overview": "A young boy learns that he has extraordinary powers and is not of this earth. As a young man, he journeys to discover where he came from and what he was sent here to do. But the hero in him must emerge if he is to save the world from annihilation and become the symbol of hope for all mankind.",
        "actors": [
            "Henry Cavill",
            "Clark Kent / Superman / Kal-El",
            "Amy Adams",
            "Lois Lane",
            "Michael Shannon",
            "General Zod",
            "Diane Lane",
            "Martha Kent",
            "Russell Crowe",
            "Jor-El",
            "Kevin Costner",
            "Jonathan Kent",
            "Laurence Fishburne",
            "Perry White",
            "Christopher Meloni",
            "Colonel Nathan Hardy",
            "Antje Traue",
            "Faora-Ul"
        ],
        "orig_title": "Man of Steel",
        "status": " Released",
        "orig_lang": " English",
        "budget_x": 225000000.0,
        "revenue": 667999518.0,
        "country": "AU"
    },
    {
        "title": "Hypnotic",
        "date_x": "10/27/2021 ",
        "score": 61.0,
        "genre": [
            "Thriller",
            "Drama",
            "Horror"
        ],
        "overview": "A young woman seeking self-improvement enlists the help of a renowned hypnotist but, after a handful of intense sessions, discovers unexpected and deadly consequences.",
        "actors": [
            "Kate Siegel",
            "Jenn",
            "Jason O'Mara",
            "Dr. Collin Meade",
            "Dulé Hill",
            "Rollins",
            "Lucie Guest",
            "Gina",
            "Jaime M. Callica",
            "Brian",
            "Darien Martin",
            "Squad Leader",
            "Luc Roderique",
            "Scott"
        ],
        "orig_title": "Hypnotic",
        "status": " Released",
        "orig_lang": " English",
        "budget_x": 114600000.0,
        "revenue": 429182744.6,
        "country": "US"
    },
    {
        "title": "Goblin Slayer: Goblin's Crown",
        "date_x": "02/01/2020 ",
        "score": 74.0,
        "genre": [
            "Animation",
            "Adventure",
            "Action",
            "Fantasy"
        ],
        "overview": "Goblin Slayer and his party head up to the snowy mountains in the north after receiving that request from the Sword Maiden to find any information on the Noble Fencer that disappeared after leaving to slay some goblins. A small village gets attacked, they encounter a mysterious chapel, and something about how these goblins are acting bothers the Goblin slayer.  In order to save the captured Noble Fencer, the Goblin Slayer and his party head to an ancient fortress covered in snow to face off with a powerful foe and a horde of goblins!",
        "actors": [
            "Yuichiro Umehara",
            "Goblin Slayer (voice)",
            "Yui Ogura",
            "Onna Shinkan (voice)",
            "Sumire Uesaka",
            "Kenshi Reijou",
            "Nao Toyama",
            "Yousei Yunde (voice)",
            "Yoko Hikasa",
            "Majo (voice)",
            "Maaya Uchida",
            "Uketsukejou (voice)",
            "Yuka Iguchi",
            "Ushikai Musume (voice)",
            "Yuichi Nakamura",
            "Kouhito Doushi (voice)",
            "Tomokazu Sugita",
            "Tokage Souryo (voice)"
        ],
        "orig_title": " ゴブリンスレイヤー -GOBLIN'S CROWN-",
        "status": " Released",
        "orig_lang": " Japanese",
        "budget_x": 133000000.0,
        "revenue": 608069992.8,
        "country": "JP"
    },
    {
        "title": "The Croods",
        "date_x": "03/28/2013 ",
        "score": 69.0,
        "genre": [
            "Animation",
            "Adventure",
            "Family",
            "Fantasy",
            "Comedy",
            "Action"
        ],
        "overview": "The prehistoric Croods family live in a particularly dangerous moment in time. Patriarch Grug, his mate Ugga, teenage daughter Eep, son Thunk, and feisty Gran gather food by day and huddle together in a cave at night. When a more evolved caveman named Guy arrives on the scene, Grug is distrustful, but it soon becomes apparent that Guy is correct about the impending destruction of their world.",
        "actors": [
            "Nicolas Cage",
            "Grug Crood (voice)",
            "Emma Stone",
            "Eep Crood (voice)",
            "Ryan Reynolds",
            "Guy (voice)",
            "Catherine Keener",
            "Ugga Crood (voice)",
            "Cloris Leachman",
            "Gran Crood (voice)",
            "Clark Duke",
            "Thunk Crood (voice)",
            "Chris Sanders",
            "Belt (voice)",
            "Randy Thom",
            "Sandy Crood (voice)"
        ],
        "orig_title": "The Croods",
        "status": " Released",
        "orig_lang": " English",
        "budget_x": 135000000.0,
        "revenue": 573068425.0,
        "country": "AU"
    },
    {
        "title": "Bridge to Terabithia",
        "date_x": "06/14/2007 ",
        "score": 73.0,
        "genre": [
            "Adventure",
            "Drama",
            "Family"
        ],
        "overview": "Jesse Aarons trained all summer to become the fastest runner in school, so he's very upset when newcomer Leslie Burke outruns him and everyone else. Despite this and other differences, including that she's rich, he's poor, and she's a city girl, he's a country boy, the two become fast friends. Together, they create Terabithia, a land of monsters, trolls, ogres, and giants and rule as king and queen.",
        "actors": [
            "Josh Hutcherson",
            "Jess Aarons",
            "AnnaSophia Robb",
            "Leslie Burke",
            "Robert Patrick",
            "Jack Aarons",
            "Zooey Deschanel",
            "Ms. Edmunds",
            "Bailee Madison",
            "May Belle Aarons",
            "Kate Butler",
            "Mary Aarons",
            "Emma Fenton",
            "Ellie Aarons",
            "Latham Gaines",
            "Bill Burke",
            "Judy McIntosh",
            "Judy Burke"
        ],
        "orig_title": "Bridge to Terabithia",
        "status": " Released",
        "orig_lang": " English",
        "budget_x": 25000000.0,
        "revenue": 137984788.0,
        "country": "AU"
    },
    {
        "title": "300",
        "date_x": "04/05/2007 ",
        "score": 72.0,
        "genre": [
            "Action",
            "Adventure",
            "War"
        ],
        "overview": "Based on Frank Miller's graphic novel, \"300\" is very loosely based the 480 B.C. Battle of Thermopylae, where the King of Sparta led his army against the advancing Persians; the battle is said to have inspired all of Greece to band together against the Persians, and helped usher in the world's first democracy.",
        "actors": [
            "Gerard Butler",
            "King Leonidas",
            "Lena Headey",
            "Queen Gorgo",
            "Dominic West",
            "Theron",
            "Rodrigo Santoro",
            "Xerxes",
            "David Wenham",
            "Dilios",
            "Andrew Tiernan",
            "Ephialtes",
            "Vincent Regan",
            "Captain",
            "Michael Fassbender",
            "Stelios",
            "Peter Mensah",
            "Messenger"
        ],
        "orig_title": "300",
        "status": " Released",
        "orig_lang": " English",
        "budget_x": 60000000.0,
        "revenue": 454161935.0,
        "country": "AU"
    },
    {
        "title": "Jesús de Nazaret: El Hijo de Dios",
        "date_x": "04/18/2019 ",
        "score": 68.0,
        "genre": [
            "Drama",
            "History"
        ],
        "overview": "We don't have an overview translated in English. Help us expand our database by adding one.",
        "actors": [
            "Julián Gil",
            "",
            "Gaby Espino",
            "",
            "Sergio Marone",
            "",
            "Carlos de la Mota",
            "",
            "Fernando Allende",
            "",
            "Débora Nascimento",
            ""
        ],
        "orig_title": "Jesús de Nazaret: El Hijo de Dios",
        "status": " Released",
        "orig_lang": " Spanish, Castilian",
        "budget_x": 103800000.0,
        "revenue": 251678636.0,
        "country": "ES"
    },
    {
        "title": "After Porn Ends 2",
        "date_x": "03/28/2017 ",
        "score": 54.0,
        "genre": [
            "Documentary"
        ],
        "overview": "After Porn Ends 2 picks up where its predecessor left off and not only turns back the clock to meet the oldest living stars in adult film's history, but goes in depth with some of Its most current retirees and juxtaposes their experiences in a life after porn. Delving deeper into society's ongoing stigmas of race, misogyny, and the reality of decreasing opportunities for these former VHS box cover stars. For some, their careers in adult entertainment is accepted proudly and without regret. In fact, it seems to have proven to be the pathway to their current happiness and inner peace. For others, however, a career in porn has proven to be a conduit to certain despair as they struggle to find a way to bury their past and emerge with a new career or calling.",
        "actors": [
            "Ginger Lynn Allen",
            "Self - Former Porn Star",
            "Lisa Ann",
            "Self - Former Porn Star",
            "Janine Lindemulder",
            "Self - Former Porn Star",
            "Chasey Lain",
            "Self - Former Porn Star",
            "Tabitha Stevens",
            "Self - Former Porn Star",
            "Georgina Spelvin",
            "Self - Former Porn Star",
            "Brittany Andrews",
            "Self - Former Porn Star",
            "Aubrey Gold",
            "Self - Performer",
            "Herschel Savage",
            "Self - Former Porn Star"
        ],
        "orig_title": "After Porn Ends 2",
        "status": " Released",
        "orig_lang": " English",
        "budget_x": 500000.0,
        "revenue": 6379037.6,
        "country": "US"
    },
    {
        "title": "X-Men: Days of Future Past",
        "date_x": "05/22/2014 ",
        "score": 75.0,
        "genre": [
            "Action",
            "Adventure",
            "Science Fiction"
        ],
        "overview": "The ultimate X-Men ensemble fights a war for the survival of the species across two time periods as they join forces with their younger selves in an epic battle that must change the past – to save our future.",
        "actors": [
            "Hugh Jackman",
            "Logan / Wolverine",
            "James McAvoy",
            "Charles Xavier / Professor X",
            "Michael Fassbender",
            "Erik Lehnsherr / Magneto",
            "Jennifer Lawrence",
            "Raven Darkholme / Mystique",
            "Nicholas Hoult",
            "Hank McCoy / Beast",
            "Patrick Stewart",
            "Charles Xavier / Professor X",
            "Ian McKellen",
            "Erik Lehnsherr / Magneto",
            "Halle Berry",
            "Ororo Munroe / Storm",
            "Elliot Page",
            "Katherine 'Kitty' Pryde / Shadowcat"
        ],
        "orig_title": "X-Men: Days of Future Past",
        "status": " Released",
        "orig_lang": " English",
        "budget_x": 200000000.0,
        "revenue": 747862775.0,
        "country": "AU"
    },
    {
        "title": "Back to the Future",
        "date_x": "08/15/1985 ",
        "score": 83.0,
        "genre": [
            "Adventure",
            "Comedy",
            "Science Fiction"
        ],
        "overview": "Eighties teenager Marty McFly is accidentally sent back in time to 1955, inadvertently disrupting his parents' first meeting and attracting his mother's romantic interest. Marty must repair the damage to history by rekindling his parents' romance and - with the help of his eccentric inventor friend Doc Brown - return to 1985.",
        "actors": [
            "Michael J. Fox",
            "Marty McFly",
            "Christopher Lloyd",
            "Emmett Brown",
            "Lea Thompson",
            "Lorraine Baines",
            "Crispin Glover",
            "George McFly",
            "Thomas F. Wilson",
            "Biff Tannen",
            "Claudia Wells",
            "Jennifer Parker",
            "Marc McClure",
            "Dave McFly",
            "Wendie Jo Sperber",
            "Linda McFly",
            "George DiCenzo",
            "Sam Baines"
        ],
        "orig_title": "Back to the Future",
        "status": " Released",
        "orig_lang": " English",
        "budget_x": 19000000.0,
        "revenue": 385510132.0,
        "country": "AU"
    },
    {
        "title": "Star Wars: The Rise of Skywalker",
        "date_x": "12/19/2019 ",
        "score": 64.0,
        "genre": [
            "Adventure",
            "Action",
            "Science Fiction"
        ],
        "overview": "The surviving Resistance faces the First Order once again as the journey of Rey, Finn and Poe Dameron continues. With the power and knowledge of generations behind them, the final battle begins.",
        "actors": [
            "Carrie Fisher",
            "General Leia Organa",
            "Mark Hamill",
            "Luke Skywalker",
            "Daisy Ridley",
            "Rey",
            "Adam Driver",
            "Kylo Ren / Ben Solo",
            "John Boyega",
            "Finn",
            "Oscar Isaac",
            "Poe Dameron",
            "Anthony Daniels",
            "C-3PO",
            "Naomi Ackie",
            "Jannah",
            "Domhnall Gleeson",
            "General Hux"
        ],
        "orig_title": "Star Wars: The Rise of Skywalker",
        "status": " Released",
        "orig_lang": " English",
        "budget_x": 275000000.0,
        "revenue": 1072767997.0,
        "country": "AU"
    },
    {
        "title": "Attack on Titan II: End of the World",
        "date_x": "09/19/2015 ",
        "score": 60.0,
        "genre": [
            "Horror",
            "Science Fiction",
            "Action",
            "Fantasy"
        ],
        "overview": "Eren Yeager leaves to restore a break in the wall destroyed by a Titan. He comes under attack by the Titans and is cornered. Shikishima comes to his aid. The titans never stops attacking.  Eren is now injured and tries to protect Armin, but is swallowed by a titan. A Titan with black hair appears and begins to expel the other titans.",
        "actors": [
            "Haruma Miura",
            "Eren Yeager",
            "Kiko Mizuhara",
            "Mikasa Ackerman",
            "Kanata Hongo",
            "Armin Arlert",
            "Hiroki Hasegawa",
            "Shikishima",
            "Nanami Sakuraba",
            "Sasha Blouse",
            "Satomi Ishihara",
            "Hans",
            "Jun Kunimura",
            "Kubal",
            "Rina Takeda",
            "Lil",
            "Takahiro Miura",
            "Jean Kirstein"
        ],
        "orig_title": " 進撃の巨人 ATTACK ON TITAN エンド オブ ザ ワールド",
        "status": " Released",
        "orig_lang": " Japanese",
        "budget_x": 140000000.0,
        "revenue": 406976495.4,
        "country": "JP"
    },
    {
        "title": "Code Name: Emperor",
        "date_x": "11/14/2022 ",
        "score": 59.0,
        "genre": [
            "Drama",
            "Thriller"
        ],
        "overview": "Juan, a secret service agent, approaches Wendy, a young Filipina who works as a maid for a suspicious couple.",
        "actors": [
            "Luis Tosar",
            "Juan",
            "Alexandra Masangkay",
            "Wendy",
            "Georgina Amorós",
            "Marta",
            "Denís Gómez",
            "Ángel",
            "Laura Domínguez",
            "Ana",
            "María Botto",
            "Charo",
            "Miguel Rellán",
            "Galán",
            "Santi Prego",
            "Llorente",
            "Arón Piper",
            "Fernando"
        ],
        "orig_title": " Código Emperador",
        "status": " Released",
        "orig_lang": " Spanish, Castilian",
        "budget_x": 85600000.0,
        "revenue": 231390603.2,
        "country": "FR"
    },
    {
        "title": "Yaksha: Ruthless Operations",
        "date_x": "04/08/2022 ",
        "score": 64.0,
        "genre": [
            "Action",
            "Adventure",
            "Crime",
            "Thriller"
        ],
        "overview": "Nicknamed after a human-devouring spirit, the ruthless leader of an overseas black ops team takes up a dangerous mission in a city riddled with spies.",
        "actors": [
            "Sol Kyung-gu",
            "Jee Kang-in",
            "Park Hae-soo",
            "Han Ji-hoon",
            "Hiroyuki Ikeuchi",
            "Ozawa",
            "Yang Dong-geun",
            "Hong",
            "Lee El",
            "Hee-won",
            "Song Jae-rim",
            "Jae-gyu",
            "Jinyoung",
            "Jung-dae",
            "Lee Soo-kyung",
            "Mun Ju-yeon",
            "Jin Kyung",
            "Yum Jung-won"
        ],
        "orig_title": " 야차",
        "status": " Released",
        "orig_lang": " Korean",
        "budget_x": 131000000.0,
        "revenue": 247663502.8,
        "country": "KR"
    },
    {
        "title": "Black Adam: Saviour or Destroyer?",
        "date_x": "10/15/2022 ",
        "score": 70.0,
        "genre": [
            "Documentary"
        ],
        "overview": "Ahead of the release of upcoming fantasy film ‘Black Adam’, sit down with Dwayne Johnson as he discusses his starring role as the eponymous superhero.",
        "actors": [
            "Dwayne Johnson",
            "Self",
            "Aldis Hodge",
            "Self",
            "Noah Centineo",
            "Self",
            "Quintessa Swindell",
            "Self",
            "Pierce Brosnan",
            "Self"
        ],
        "orig_title": "Black Adam: Saviour or Destroyer?",
        "status": " Released",
        "orig_lang": " English",
        "budget_x": 100140523.8,
        "revenue": 625891229.0,
        "country": "GB"
    },
    {
        "title": "The Fabelmans",
        "date_x": "01/05/2023 ",
        "score": 79.0,
        "genre": [
            "Drama"
        ],
        "overview": "Growing up in post-World War II era Arizona, young Sammy Fabelman aspires to become a filmmaker as he reaches adolescence, but soon discovers a shattering family secret and explores how the power of films can help him see the truth.",
        "actors": [
            "Michelle Williams",
            "Mitzi Fabelman",
            "Paul Dano",
            "Burt Fabelman",
            "Seth Rogen",
            "Benny Loewy",
            "Gabriel LaBelle",
            "Sammy Fabelman",
            "Judd Hirsch",
            "Uncle Boris Podgorny",
            "Jeannie Berlin",
            "Hadassah Fabelman",
            "Julia Butters",
            "Reggie Fabelman",
            "Keeley Karsten",
            "Natalie Fabelman",
            "Sam Rechner",
            "Logan Hall"
        ],
        "orig_title": "The Fabelmans",
        "status": " Released",
        "orig_lang": " English",
        "budget_x": 40000000.0,
        "revenue": 43977543.0,
        "country": "AU"
    },
    {
        "title": "Hancock",
        "date_x": "07/03/2008 ",
        "score": 63.0,
        "genre": [
            "Fantasy",
            "Action"
        ],
        "overview": "Hancock is a down-and-out superhero who's forced to employ a PR expert to help repair his image when the public grows weary of all the damage he's inflicted during his lifesaving heroics. The agent's idea of imprisoning the antihero to make the world miss him proves successful, but will Hancock stick to his new sense of purpose or slip back into old habits?",
        "actors": [
            "Will Smith",
            "John Hancock",
            "Charlize Theron",
            "Mary Embrey",
            "Jason Bateman",
            "Ray Embrey",
            "Jae Head",
            "Aaron Embrey",
            "Eddie Marsan",
            "Red",
            "David Mattey",
            "Man Mountain",
            "Maetrix Fitten",
            "Matrix",
            "Thomas Lennon",
            "Mike",
            "Johnny Galecki",
            "Jeremy"
        ],
        "orig_title": "Hancock",
        "status": " Released",
        "orig_lang": " English",
        "budget_x": 150000000.0,
        "revenue": 624234272.0,
        "country": "AU"
    },
    {
        "title": "Godzilla: King of the Monsters",
        "date_x": "05/30/2019 ",
        "score": 67.0,
        "genre": [
            "Science Fiction",
            "Action"
        ],
        "overview": "Follows the heroic efforts of the crypto-zoological agency Monarch as its members face off against a battery of god-sized monsters, including the mighty Godzilla, who collides with Mothra, Rodan, and his ultimate nemesis, the three-headed King Ghidorah. When these ancient super-species, thought to be mere myths, rise again, they all vie for supremacy, leaving humanity's very existence hanging in the balance.",
        "actors": [
            "Kyle Chandler",
            "Mark Russell",
            "Vera Farmiga",
            "Emma Russell",
            "Millie Bobby Brown",
            "Madison Russell",
            "Ken Watanabe",
            "Dr. Ishiro Serizawa",
            "Zhang Ziyi",
            "Dr. Ilene Chen / Dr. Ling",
            "Bradley Whitford",
            "Dr. Rick Stanton",
            "Sally Hawkins",
            "Dr. Vivienne Graham",
            "Charles Dance",
            "Alan Jonah",
            "Thomas Middleditch",
            "Sam Coleman"
        ],
        "orig_title": "Godzilla: King of the Monsters",
        "status": " Released",
        "orig_lang": " English",
        "budget_x": 170000000.0,
        "revenue": 383299914.0,
        "country": "AU"
    },
    {
        "title": "Halloween Kills",
        "date_x": "10/28/2021 ",
        "score": 66.0,
        "genre": [
            "Horror",
            "Thriller"
        ],
        "overview": "The nightmare isn't over as unstoppable killer Michael Myers escapes from Laurie Strode's trap to continue his ritual bloodbath. Injured and taken to the hospital, Laurie fights through the pain as she inspires residents of Haddonfield, to rise up against Myers. Taking matters into their own hands, the Strode women and other survivors form a vigilante mob to hunt down Michael and end his reign of terror once and for all.",
        "actors": [
            "Jamie Lee Curtis",
            "Laurie Strode",
            "Judy Greer",
            "Karen Nelson",
            "Andi Matichak",
            "Allyson Nelson",
            "James Jude Courtney",
            "The Shape",
            "Nick Castle",
            "The Shape",
            "Airon Armstrong",
            "The Shape (1978)",
            "Will Patton",
            "Officer Hawkins",
            "Thomas Mann",
            "Young Hawkins",
            "Jim Cummings",
            "Pete McCabe"
        ],
        "orig_title": "Halloween Kills",
        "status": " Released",
        "orig_lang": " English",
        "budget_x": 20000000.0,
        "revenue": 130851162.0,
        "country": "AU"
    },
    {
        "title": "Along with the Gods: The Last 49 Days",
        "date_x": "08/02/2018 ",
        "score": 82.0,
        "genre": [
            "Fantasy",
            "Action",
            "Adventure"
        ],
        "overview": "As the deceased soul Ja-hong and his three afterlife guardians prepare for their remaining trials for reincarnation, the guardians soon come face to face with the truth of their tragic time on Earth 1,000 years earlier.",
        "actors": [
            "Ha Jung-woo",
            "Gang-rim",
            "Ju Ji-hoon",
            "Hae Won-maek",
            "Kim Hyang-gi",
            "Deok-choon",
            "Ma Dong-seok",
            "Sung-ju / Household God",
            "Kim Dong-wook",
            "Kim Su-hong",
            "Lee Jung-jae",
            "King Yeomra",
            "Jo Han-chul",
            "Prosecutor",
            "Im Won-hee",
            "Prosecutor",
            "Nam Il-woo",
            "Heo Choon-sam"
        ],
        "orig_title": " 신과함께-인과 연",
        "status": " Released",
        "orig_lang": " Korean",
        "budget_x": 18300000.0,
        "revenue": 112790210.0,
        "country": "AU"
    }
]