[
    {
        "title": "City Under Siege",
        "date_x": "08/12/2010 ",
        "score": 49.0,
        "genre": [
            "Science Fiction",
            "Action",
            "Thriller"
        ],
        "overview": "Sunny is a naïve circus performer who dreams of inheriting his father's knife-throwing skills. However, his hostile colleagues continue to bully him, relegating him to a lowly clown. On a tour to Malaysia, Cheung and other performers discover a cave occupied by the Japanese army during World War II. Instead of finding treasure, the performers - including Sunny - are sprayed with a mysterious chemical that turns them into superhuman mutants...",
        "actors": [
            "Aaron Kwok",
            "Sunny Li Fei",
            "Shu Qi",
            "Angel Chan",
            "Wu Jing",
            "Sun Hao",
            "Zhang Jingchu",
            "Cheng Xiuhua",
            "Yuen Wah",
            "Uncle Da / Tak",
            "Collin Chou",
            "Zhang Dachu",
            "Tie Nan",
            "Liu Zhenxing",
            "Karen Cheung Bo-Man",
            "Yao Li",
            "Gao Yan-Chao",
            "He Jun"
        ],
        "orig_title": " 全城戒備",
        "status": " Released",
        "orig_lang": " Cantonese",
        "budget_x": 17000000.0,
        "revenue": 13851432.0,
        "country": "HK"
    },
    {
        "title": "The Colony",
        "date_x": "08/01/2014 ",
        "score": 54.0,
        "genre": [
            "Action",
            "Science Fiction",
            "Thriller"
        ],
        "overview": "Forced underground by the next ice age, a struggling outpost of survivors must fight to preserve humanity against a threat even more savage than nature.",
        "actors": [
            "Kevin Zegers",
            "Sam",
            "Laurence Fishburne",
            "Briggs",
            "Bill Paxton",
            "Mason",
            "Charlotte Sullivan",
            "Kai",
            "John Tench",
            "Viktor",
            "Atticus Mitchell",
            "Graydon",
            "Dru Viergever",
            "Feral Leader",
            "Romano Orzari",
            "Reynolds",
            "Earl Pastko",
            "Scientist"
        ],
        "orig_title": "The Colony",
        "status": " Released",
        "orig_lang": " English",
        "budget_x": 16000000.0,
        "revenue": 3796077.0,
        "country": "AU"
    },
    {
        "title": "Detective Conan: Black Iron Submarine",
        "date_x": "04/14/2023 ",
        "score": 0.0,
        "genre": [
            "Animation",
            "Action",
            "Crime",
            "Mystery"
        ],
        "overview": "The 26th movie entry in the “Detective Conan” franchise.",
        "actors": [
            "Minami Takayama",
            "Conan Edogawa (voice)",
            "Wakana Yamazaki",
            "Ran Mouri (voice)",
            "Rikiya Koyama",
            "Kogoro Mouri (voice)",
            "Megumi Hayashibara",
            "Ai Haibara (voice)",
            "Shuichi Ikeda",
            "Shuichi Akai (voice)",
            "Kazuhiko Inoue",
            "Ninzaburo Shiratori (voice)",
            "Kenichi Ogata",
            "Hiroshi Agasa (voice)",
            "Atsuko Yuya",
            "Miwako Sato (voice)",
            "Yukimasa Kishino",
            "Hyoe Kuroda (voice)"
        ],
        "orig_title": " 名探偵コナン 黒鉄の魚影（サブマリン）",
        "status": " In Production",
        "orig_lang": " Japanese",
        "budget_x": 231940000.0,
        "revenue": 175269998.8,
        "country": "JP"
    },
    {
        "title": "The NeverEnding Story II: The Next Chapter",
        "date_x": "12/20/1990 ",
        "score": 57.0,
        "genre": [
            "Drama",
            "Family",
            "Fantasy",
            "Adventure"
        ],
        "overview": "Once again, Bastian is transported to the world of Fantasia which he recently managed to save from destruction. However, the land is now being destroyed by an evil sorceress, Xayide, so he must join up with Atreyu and face the Emptiness once more.",
        "actors": [
            "Jonathan Brandis",
            "Bastian Bux",
            "Kenny Morrison",
            "Atreyu",
            "Clarissa Burt",
            "Xayide",
            "John Wesley Shipp",
            "Barney",
            "Martin Umbach",
            "Nimbly",
            "Alexandra Johnes",
            "kindliche Kaiserin",
            "Thomas Hill",
            "Koreander",
            "Helena Michell",
            "Bastians Mutter",
            "Christopher Burton",
            "Tri Face"
        ],
        "orig_title": "The NeverEnding Story II: The Next Chapter",
        "status": " Released",
        "orig_lang": " English",
        "budget_x": 32000000.0,
        "revenue": 16283667.0,
        "country": "AU"
    },
    {
        "title": "The Pelican Brief",
        "date_x": "03/09/1994 ",
        "score": 66.0,
        "genre": [
            "Mystery",
            "Drama",
            "Thriller",
            "Crime",
            "Action"
        ],
        "overview": "A law student's theory about the recent deaths of two Supreme Court justices embroils her in a far-reaching web of murder, corruption, and greed.",
        "actors": [
            "Julia Roberts",
            "Darby Shaw",
            "Denzel Washington",
            "Gray Grantham",
            "Sam Shepard",
            "Thomas Callahan",
            "John Heard",
            "Gavin Vereek",
            "Tony Goldwyn",
            "Fletcher Cole",
            "James B. Sikking",
            "FBI Director Denton Voyles",
            "William Atherton",
            "Bob Gminski",
            "Robert Culp",
            "The President",
            "Stanley Tucci",
            "Khamel"
        ],
        "orig_title": "The Pelican Brief",
        "status": " Released",
        "orig_lang": " English",
        "budget_x": 45000000.0,
        "revenue": 187995859.0,
        "country": "AU"
    },
    {
        "title": "Mr. Nobody",
        "date_x": "02/24/2014 ",
        "score": 78.0,
        "genre": [
            "Science Fiction",
            "Drama",
            "Romance",
            "Fantasy"
        ],
        "overview": "Nemo Nobody leads an ordinary existence with his wife and 3 children; one day, he wakes up as a mortal centenarian in the year 2092.",
        "actors": [
            "Jared Leto",
            "Nemo Nobody (old & adult)",
            "Sarah Polley",
            "Adult Elise",
            "Diane Kruger",
            "Adult Anna",
            "Linh-Dan Pham",
            "Adult Jean",
            "Rhys Ifans",
            "Nemo's Father",
            "Natasha Little",
            "Nemo's Mother",
            "Toby Regbo",
            "Nemo age 16",
            "Juno Temple",
            "Anna age 15",
            "Allan Corduner",
            "Dr. Feldheim"
        ],
        "orig_title": "Mr. Nobody",
        "status": " Released",
        "orig_lang": " English",
        "budget_x": 46500000.0,
        "revenue": 22254.0,
        "country": "AU"
    },
    {
        "title": "The Little Rascals",
        "date_x": "12/26/1994 ",
        "score": 68.0,
        "genre": [
            "Romance",
            "Comedy",
            "Family"
        ],
        "overview": "When nine-year-old Alfalfa falls for Darla, his \"He-Man-Woman-Hating\" friends attempt to sabotage their relationship.",
        "actors": [
            "Travis Tedford",
            "Spanky",
            "Kevin Jamal Woods",
            "Stymie",
            "Jordan Warkol",
            "Froggy",
            "Zachary Mabry",
            "Porky",
            "Ross Bagley",
            "Buckwheat",
            "Courtland Mead",
            "Uh-Huh",
            "Sam Saletta",
            "Butch",
            "Blake Jeremy Collins",
            "Woim",
            "Blake McIver Ewing",
            "Waldo"
        ],
        "orig_title": "The Little Rascals",
        "status": " Released",
        "orig_lang": " English",
        "budget_x": 53004639.8,
        "revenue": 67308282.0,
        "country": "AU"
    },
    {
        "title": "Matando el tiempo",
        "date_x": "11/30/2022 ",
        "score": 60.0,
        "genre": [
            "Horror"
        ],
        "overview": "Sonia wanders around the gloomy mansion where she lives, obsessed with unraveling a dark hidden secret. Her past, her fears, her desire and her terrible nightmares have created a deadly web in which she is trapped, taking her away the little sanity she had left. Sometimes killing time is not such a harmless thing.",
        "actors": [
            "Marta Almodóvar",
            "Sonia",
            "Alba Fontecha",
            "Natalia",
            "Claudia Molina",
            "Laura",
            "Jorge Páez",
            "Daniel",
            "Cristina Presa",
            "Silvia",
            "Miguel Ángel Aijón",
            "",
            "Alexandra Chiscan",
            "",
            "Adrián Labrador",
            "",
            "Carla Moro",
            ""
        ],
        "orig_title": "Matando el tiempo",
        "status": " Released",
        "orig_lang": " Spanish, Castilian",
        "budget_x": 100000.0,
        "revenue": 99000630.0,
        "country": "ES"
    },
    {
        "title": "To All the Boys: P.S. I Still Love You",
        "date_x": "02/12/2020 ",
        "score": 69.0,
        "genre": [
            "Romance",
            "Comedy"
        ],
        "overview": "Lara Jean and Peter have just taken their romance from pretend to officially real when another recipient of one of her love letters enters the picture.",
        "actors": [
            "Lana Condor",
            "Lara Jean Song Covey",
            "Noah Centineo",
            "Peter Kavinsky",
            "Jordan Fisher",
            "John Ambrose McClaren",
            "Anna Cathcart",
            "Katherine \"Kitty\" Song Covey",
            "John Corbett",
            "Daniel Covey",
            "Sarayu Blue",
            "Trina Rothschild",
            "Janel Parrish",
            "Margot Song Covey",
            "Ross Butler",
            "Trevor Pike",
            "Madeleine Arthur",
            "Christine"
        ],
        "orig_title": "To All the Boys: P.S. I Still Love You",
        "status": " Released",
        "orig_lang": " English",
        "budget_x": 143600000.0,
        "revenue": 309828687.0,
        "country": "AU"
    },
    {
        "title": "Rosaline",
        "date_x": "10/11/2022 ",
        "score": 73.0,
        "genre": [
            "Comedy",
            "Romance"
        ],
        "overview": "Left heartbroken after Romeo begins to pursue her cousin Juliet, Rosaline schemes to foil the famous romance and win back her guy in this comedic twist of Shakespeare's Romeo and Juliet.",
        "actors": [
            "Kaitlyn Dever",
            "Rosaline Capulet",
            "Sean Teale",
            "Dario Penza",
            "Isabela Merced",
            "Juliet Capulet",
            "Kyle Allen",
            "Romeo Montague",
            "Minnie Driver",
            "Nurse Janet",
            "Bradley Whitford",
            "Adrian Capulet",
            "Henry Hunter Hall",
            "Mercutio",
            "Spencer Rayshon Stevenson",
            "Paris",
            "Nico Hiraga",
            "Steve the Courier"
        ],
        "orig_title": "Rosaline",
        "status": " Released",
        "orig_lang": " English",
        "budget_x": 110800000.0,
        "revenue": 327683157.2,
        "country": "US"
    },
    {
        "title": "The Queen's Corgi",
        "date_x": "12/12/2019 ",
        "score": 60.0,
        "genre": [
            "Family",
            "Animation"
        ],
        "overview": "Since his arrival at Buckingham palace, Rex lives a life of luxury. Top dog, he has superseded his three fellow Corgis in Her Majesty’s heart. His arrogance can be quite irritating. When he causes a diplomatic incident during an official dinner with the President of the United States, he falls into disgrace. Betrayed by one of his peers, Rex becomes a stray dog in the streets of London. How can he redeem himself? In love, he will find the resources to surpass himself in the face of great danger…",
        "actors": [
            "Rusty Shackleford",
            "Jack (voice)",
            "Jo Wyatt",
            "Wanda (voice)",
            "Mari Devon",
            "Queen (voice)",
            "Dino Andrade",
            "Charlie / Pollux (voice)",
            "Joey Camen",
            "Chihuahua / Sanjay / Al Sation / Tyson (voice)",
            "Leo Barakat",
            "Rex (voice)",
            "Nicole Moorea Sherman",
            "Little Girl (voice)",
            "Kirk Thornton",
            "Trump (voice)",
            "Madison Brown",
            "Mitzi (voice)"
        ],
        "orig_title": "The Queen's Corgi",
        "status": " Released",
        "orig_lang": " English",
        "budget_x": 23060000.2,
        "revenue": 35515687.0,
        "country": "AU"
    },
    {
        "title": "The Aeronauts",
        "date_x": "12/06/2019 ",
        "score": 68.0,
        "genre": [
            "Adventure",
            "Drama",
            "Romance"
        ],
        "overview": "In 1862, daredevil balloon pilot Amelia Wren teams up with pioneering meteorologist James Glaisher to advance human knowledge of the weather and fly higher than anyone in history. While breaking records and advancing scientific discovery, their voyage to the very edge of existence helps the unlikely pair find their place in the world they have left far below them. But they face physical and emotional challenges in the thin air, as the ascent becomes a fight for survival.",
        "actors": [
            "Eddie Redmayne",
            "James Glaisher",
            "Felicity Jones",
            "Amelia Wren",
            "Tom Courtenay",
            "Arthur Glaisher",
            "Phoebe Fox",
            "Antonia",
            "Himesh Patel",
            "John Trew",
            "Rebecca Front",
            "Aunt Frances",
            "Robert Glenister",
            "Ned Chambers",
            "Vincent Perez",
            "Pierre Rennes",
            "Anne Reid",
            "Ethel Glaisher"
        ],
        "orig_title": "The Aeronauts",
        "status": " Released",
        "orig_lang": " English",
        "budget_x": 80000000.0,
        "revenue": 6628721.0,
        "country": "US"
    },
    {
        "title": "Pet Sematary II",
        "date_x": "08/28/1992 ",
        "score": 53.0,
        "genre": [
            "Horror"
        ],
        "overview": "The \"sematary\" is up to its old zombie-raising tricks again. This time, the protagonists are Jeff Matthews, whose mother died in a Hollywood stage accident, and Drew Gilbert, a boy coping with an abusive stepfather.",
        "actors": [
            "Edward Furlong",
            "Jeff Matthews",
            "Anthony Edwards",
            "Chase Matthews",
            "Clancy Brown",
            "Sheriff Gus Gilbert",
            "Jared Rushton",
            "Clyde Parker",
            "Sarah Trigger",
            "Marjorie Hargrove",
            "Lisa Waltz",
            "Amanda Gilbert",
            "Darlanne Fluegel",
            "Renee Hallow",
            "Jason McGuire",
            "Drew Gilbert",
            "Jim Peck",
            "Quentin Yolander"
        ],
        "orig_title": "Pet Sematary II",
        "status": " Released",
        "orig_lang": " English",
        "budget_x": 8000000.0,
        "revenue": 17092453.0,
        "country": "US"
    },
    {
        "title": "What's Eating Gilbert Grape",
        "date_x": "06/26/1994 ",
        "score": 77.0,
        "genre": [
            "Romance",
            "Drama"
        ],
        "overview": "Gilbert Grape is a small-town young man with a lot of responsibility. Chief among his concerns are his mother, who is so overweight that she can't leave the house, and his mentally impaired younger brother, Arnie, who has a knack for finding trouble. Settled into a job at a grocery store and an ongoing affair with local woman Betty Carver, Gilbert finally has his life shaken up by the free-spirited Becky.",
        "actors": [
            "Johnny Depp",
            "Gilbert Grape",
            "Leonardo DiCaprio",
            "Arnie Grape",
            "Juliette Lewis",
            "Becky",
            "Mary Steenburgen",
            "Betty Carver",
            "Darlene Cates",
            "Bonnie Grape",
            "Laura Harrington",
            "Amy Grape",
            "Mary Kate Schellhardt",
            "Ellen Grape",
            "Kevin Tighe",
            "Ken Carver",
            "John C. Reilly",
            "Tucker Van Dyke"
        ],
        "orig_title": "What's Eating Gilbert Grape",
        "status": " Released",
        "orig_lang": " English",
        "budget_x": 11000000.0,
        "revenue": 9170214.0,
        "country": "AU"
    },
    {
        "title": "Heaven in Hell",
        "date_x": "02/10/2023 ",
        "score": 16.0,
        "genre": [
            "Drama",
            "Romance"
        ],
        "overview": "Olga and Maks are 15 years away. She is a successful woman with an established position, the mother of an adult daughter, he is a handsome young man who enjoys his life in a handful and lives only in the moment. It might seem that these two different worlds will never meet, and yet fate put them in the way.",
        "actors": [
            "Magdalena Boczarska",
            "Olga",
            "Simone Susinna",
            "Maks",
            "Sebastian Fabijański",
            "",
            "Katarzyna Sawczuk",
            "",
            "Janusz Chabior",
            "",
            "Katarzyna Kwiatkowska",
            ""
        ],
        "orig_title": "Heaven in Hell",
        "status": " Released",
        "orig_lang": " Polish",
        "budget_x": 81000040.0,
        "revenue": 169299022.4,
        "country": "PL"
    },
    {
        "title": "The Peanuts Movie",
        "date_x": "12/25/2015 ",
        "score": 69.0,
        "genre": [
            "Comedy",
            "Animation",
            "Family"
        ],
        "overview": "Snoopy embarks upon his greatest mission as he and his team take to the skies to pursue their arch-nemesis, while his best pal Charlie Brown begins his own epic quest.",
        "actors": [
            "Noah Schnapp",
            "Charlie Brown (voice)",
            "Bill Melendez",
            "Snoopy / Woodstock (voice)",
            "Marleik 'Mar Mar' Walker",
            "Franklin Armstrong (voice)",
            "Alex Garfin",
            "Linus (voice)",
            "Hadley Belle Miller",
            "Lucy van Pelt (voice)",
            "Rebecca Bloom",
            "Marcie (voice)",
            "Anastasia Bredikhina",
            "Patty (voice)",
            "Venus Schultheis",
            "Peppermint Patty (voice)",
            "A.J. Tecce",
            "Pigpen (voice)"
        ],
        "orig_title": "The Peanuts Movie",
        "status": " Released",
        "orig_lang": " English",
        "budget_x": 99000000.0,
        "revenue": 250091610.0,
        "country": "AU"
    },
    {
        "title": "Licence to Kill",
        "date_x": "08/15/1989 ",
        "score": 63.0,
        "genre": [
            "Adventure",
            "Action",
            "Thriller"
        ],
        "overview": "After capturing the notorious drug lord Franz Sanchez, Bond's close friend and former CIA agent Felix Leiter is left for dead and his wife is murdered. Bond goes rogue and seeks vengeance on those responsible, as he infiltrates Sanchez's organization from the inside.",
        "actors": [
            "Timothy Dalton",
            "James Bond",
            "Carey Lowell",
            "Pam Bouvier",
            "Robert Davi",
            "Franz Sanchez",
            "Talisa Soto",
            "Lupe Lamora",
            "Anthony Zerbe",
            "Milton Krest",
            "Frank McRae",
            "Sharkey",
            "Everett McGill",
            "Killifer",
            "Wayne Newton",
            "Professor Joe Butcher",
            "Benicio del Toro",
            "Dario"
        ],
        "orig_title": "Licence to Kill",
        "status": " Released",
        "orig_lang": " English",
        "budget_x": 42000000.0,
        "revenue": 156167015.0,
        "country": "AU"
    },
    {
        "title": "Altered Carbon: Resleeved",
        "date_x": "03/19/2020 ",
        "score": 65.0,
        "genre": [
            "Animation",
            "Science Fiction"
        ],
        "overview": "On the planet Latimer, Takeshi Kovacs must protect a tattooist while investigating the death of a yakuza boss alongside a no-nonsense CTAC.",
        "actors": [
            "Tatsuhisa Suzuki",
            "Ken (Takeshi Kovacs) (voice)",
            "Rina Sato",
            "Gina (Leilin Kawahara) (voice)",
            "Ayaka Asai",
            "Holly Togram (voice)",
            "Kenji Yamauchi",
            "Hideki Tanaseda (voice)",
            "Kanehira Yamamoto",
            "Shinji (voice)",
            "Koji Ishii",
            "Genzō (voice)",
            "Jouji Nakata",
            "Ogai (voice)",
            "Kaori Nakamura",
            "Holly's Mom (voice)",
            "Kazumasa Nakamura",
            "Holly's Dad (voice)"
        ],
        "orig_title": " オルタード・カーボン：リスリーブド",
        "status": " Released",
        "orig_lang": " Japanese",
        "budget_x": 77200000.0,
        "revenue": 339156011.4,
        "country": "JP"
    },
    {
        "title": "Chang Can Dunk",
        "date_x": "03/10/2023 ",
        "score": 72.0,
        "genre": [
            "Family",
            "Comedy",
            "Drama"
        ],
        "overview": "Chang, a 16-year-old, Asian American, bets the high school basketball star that he can dunk by Homecoming. The bet leads 5' 8\" Chang on a quest to learn to dunk—not only to impress his crush, Kristy, but to gain the respect of his high school peers too. But before he can rise up and truly throw one down, he'll have to reexamine everything he knows about himself, his friendships and his family.",
        "actors": [
            "Bloom Li",
            "Chang",
            "Dexter Darden",
            "DeAndre",
            "Ben Wang",
            "Bo",
            "Zoe Renee",
            "Kristy",
            "Chase Liefeld",
            "Matt",
            "Mardy Ma",
            "Chen",
            "Alexandre Chen",
            "Li Chang",
            "Nile Bullock",
            "Owen",
            "Cathy Salvodon",
            "Principle Elliot"
        ],
        "orig_title": "Chang Can Dunk",
        "status": " Released",
        "orig_lang": " English",
        "budget_x": 111000000.0,
        "revenue": 512397898.8,
        "country": "AU"
    },
    {
        "title": "Fresh",
        "date_x": "03/04/2022 ",
        "score": 70.0,
        "genre": [
            "Horror",
            "Thriller",
            "Comedy"
        ],
        "overview": "Frustrated by scrolling dating apps only to end up on lame, tedious dates, Noa takes a chance by giving her number to the awkwardly charming Steve after a produce-section meet-cute at the grocery store.",
        "actors": [
            "Daisy Edgar-Jones",
            "Noa",
            "Sebastian Stan",
            "Steve",
            "Jojo T. Gibbs",
            "Mollie",
            "Andrea Bang",
            "Penny",
            "Dayo Okeniyi",
            "Paul",
            "Charlotte Le Bon",
            "Ann",
            "Brett Dier",
            "Chad",
            "Alina Maris",
            "Melissa",
            "William Belleau",
            "Man"
        ],
        "orig_title": "Fresh",
        "status": " Released",
        "orig_lang": " English",
        "budget_x": 125000000.0,
        "revenue": 515036018.8,
        "country": "AU"
    },
    {
        "title": "The Marine",
        "date_x": "10/13/2006 ",
        "score": 60.0,
        "genre": [
            "Action"
        ],
        "overview": "A group of diamond thieves on the run kidnap the wife of a recently discharged marine who goes on a chase through the South Carolinian wilderness to retrieve her.",
        "actors": [
            "John Cena",
            "John Triton",
            "Kelly Carlson",
            "Kate Triton",
            "Robert Patrick",
            "Rome",
            "Abigail Bianca",
            "Angela",
            "Christina Lindley",
            "Chop Shop Girl",
            "Anthony Ray Parker",
            "Morgan",
            "Manu Bennett",
            "Bennett",
            "Firass Dirani",
            "Terrorist",
            "Jerome Ehlers",
            "Van Buren"
        ],
        "orig_title": "The Marine",
        "status": " Released",
        "orig_lang": " English",
        "budget_x": 15000000.0,
        "revenue": 22165608.0,
        "country": "US"
    },
    {
        "title": "Mine",
        "date_x": "04/11/2017 ",
        "score": 66.0,
        "genre": [
            "War",
            "Thriller"
        ],
        "overview": "After a failed assassination attempt, a soldier finds himself stranded in the desert. Exposed to the elements, he must survive the dangers of the desert and battle the psychological and physical toll of the treacherous conditions.",
        "actors": [
            "Armie Hammer",
            "Mike",
            "Annabelle Wallis",
            "Jenny",
            "Tom Cullen",
            "Tommy Madison",
            "Geoff Bell",
            "Mike's Father",
            "Juliet Aubrey",
            "Mike's Mother",
            "Clint Dyer",
            "Berber",
            "Luka Peroš",
            "Delta Force #1",
            "David Kirk Traylor",
            "Commander Barton (voice)",
            "Ines Pinar Mille",
            "Berber Girl"
        ],
        "orig_title": "Mine",
        "status": " Released",
        "orig_lang": " English",
        "budget_x": 45177862.6,
        "revenue": 1600000.0,
        "country": "AU"
    },
    {
        "title": "Freaky",
        "date_x": "11/12/2020 ",
        "score": 66.0,
        "genre": [
            "Comedy",
            "Fantasy",
            "Horror",
            "Thriller"
        ],
        "overview": "A mystical, ancient dagger causes a notorious serial killer to magically switch bodies with a 17-year-old girl.",
        "actors": [
            "Vince Vaughn",
            "The Butcher",
            "Kathryn Newton",
            "Millie Kessler",
            "Celeste O'Connor",
            "Nyla Chones",
            "Misha Osherovich",
            "Josh Detmer",
            "Uriah Shelton",
            "Booker Strode",
            "Dana Drori",
            "Charlene Kessler",
            "Katie Finneran",
            "Coral Kessler",
            "Melissa Collazo",
            "Ryler",
            "Alan Ruck",
            "Mr. Bernardi"
        ],
        "orig_title": "Freaky",
        "status": " Released",
        "orig_lang": " English",
        "budget_x": 6000000.0,
        "revenue": 18073433.0,
        "country": "AU"
    },
    {
        "title": "The Room",
        "date_x": "11/06/2019 ",
        "score": 64.0,
        "genre": [
            "Horror",
            "Drama",
            "Mystery",
            "Science Fiction"
        ],
        "overview": "Kate and Matt discover that a part of their house can grant wishes. In the wake of two miscarriages, what they want most is a child.",
        "actors": [
            "Olga Kurylenko",
            "Kate",
            "Kevin Janssens",
            "Matt",
            "Francis Chapman",
            "Shane",
            "Joshua Wilson",
            "Shane (Age 8)",
            "John Flanders",
            "John Doe",
            "Carole Weyers",
            "Madeline Shaeffer",
            "Michaël Kahya",
            "M. Schaeffer",
            "Marianne Bourg",
            "Suzanne",
            "Vince Drews",
            "Chet"
        ],
        "orig_title": "The Room",
        "status": " Released",
        "orig_lang": " English",
        "budget_x": 39412225.8,
        "revenue": 44291.0,
        "country": "BE"
    },
    {
        "title": "The Circle",
        "date_x": "05/04/2017 ",
        "score": 55.0,
        "genre": [
            "Drama",
            "Thriller",
            "Science Fiction"
        ],
        "overview": "A young tech worker takes a job at a powerful Internet corporation, quickly rises up the company's ranks, and soon finds herself in a perilous situation concerning privacy, surveillance and freedom. She comes to learn that her decisions and actions will determine the future of humanity.",
        "actors": [
            "Emma Watson",
            "Mae Holland",
            "Tom Hanks",
            "Eamon Bailey",
            "John Boyega",
            "Ty Lafitte",
            "Karen Gillan",
            "Annie Allerton",
            "Ellar Coltrane",
            "Mercer Regalado",
            "Patton Oswalt",
            "Tom Stenton",
            "Glenne Headly",
            "Bonnie Holland",
            "Bill Paxton",
            "Vinnie Holland",
            "Poorna Jagannathan",
            "Dr. Jessica Villalobos"
        ],
        "orig_title": "The Circle",
        "status": " Released",
        "orig_lang": " English",
        "budget_x": 18000000.0,
        "revenue": 40651864.0,
        "country": "AU"
    },
    {
        "title": "A Matter of Faith",
        "date_x": "10/17/2014 ",
        "score": 49.0,
        "genre": [
            "Drama"
        ],
        "overview": "A Christian girl, Rachel Whitaker (Jordan Trovillion) goes off to college for her freshman year and begins to be influenced by her popular Biology professor (Harry Anderson) who teaches that evolution is the answer to the origins of life. When Rachel’s father, Stephen Whitaker (Jay Pickett) senses something changing with his daughter, he begins to examine the situation and what he discovers catches him completely off guard. Now very concerned about Rachel drifting away from her Christian faith, he tries to do something about it!",
        "actors": [
            "Jordan Trovillion",
            "Rachel Whitaker",
            "Harry Anderson",
            "Professor Kaman",
            "Clarence Gilyard Jr.",
            "Professor Portland",
            "Chandler Macocha",
            "Evan Carlson",
            "Barrett Carnahan",
            "Tyler Mathis",
            "Justin Michael Brandt",
            "Jason",
            "Stephanie Shemanski",
            "Ally",
            "Sarab Kamoo",
            "Kimberly Whitaker",
            "Scott Alan Smith",
            "Phil Jamison"
        ],
        "orig_title": "A Matter of Faith",
        "status": " Released",
        "orig_lang": " English",
        "budget_x": 167400000.0,
        "revenue": 997517367.8,
        "country": "US"
    },
    {
        "title": "Gantz:O",
        "date_x": "10/14/2016 ",
        "score": 73.0,
        "genre": [
            "Science Fiction",
            "Action",
            "Animation"
        ],
        "overview": "Somewhere in Tokyo, there is a room. In that room is a black sphere. Periodically, people who should otherwise have died are transferred to the room. There, the sphere gives them special suits and weapons, and sends them out on a mission to kill aliens here on Earth. While these missions take place, the rest of the world is largely oblivious to them. These missions are lethal - few participants survive them. The sphere calls the shots, and it's not the slightest bit nice. Its name... Gantz.",
        "actors": [
            "Yuki Kaji",
            "Kei Kurono (voice)",
            "Daisuke Ono",
            "Masaru Kato (voice)",
            "Saori Hayami",
            "Reika (voice)",
            "Mao Ichimichi",
            "Anzu Yamasaki (voice)",
            "Masaya Onosaka",
            "Susumu Kimura (voice)",
            "Kenjiro Tsuda",
            "Sanpei Taira (voice)",
            "Shuichi Ikeda",
            "Yoshikazu Suzuki (voice)",
            "Teruaki Ogawa",
            "Tetsuo Hara (voice)",
            "Tomohiro Kaku",
            "Joichiro Nishi (voice)"
        ],
        "orig_title": " GANTZ:O",
        "status": " Released",
        "orig_lang": " Japanese",
        "budget_x": 2910000.0,
        "revenue": 2238600.0,
        "country": "JP"
    },
    {
        "title": "Unbroken",
        "date_x": "01/14/2015 ",
        "score": 74.0,
        "genre": [
            "Drama",
            "War"
        ],
        "overview": "A chronicle of the life of Louis Zamperini, an Olympic runner who was taken prisoner by Japanese forces during World War II.",
        "actors": [
            "Jack O'Connell",
            "Louis Zamperini",
            "Alex Russell",
            "Pete Zamperini",
            "Domhnall Gleeson",
            "Russel Allen 'Phil' Phillips",
            "Garrett Hedlund",
            "John Fitzgerald",
            "MIYAVI",
            "Mutsuhiro 'The Bird' Watanabe",
            "Finn Wittrock",
            "Francis 'Mac' McNamara",
            "Jai Courtney",
            "Hugh 'Cup' Cuppernell",
            "Maddalena Ischiale",
            "Louise Zamperini",
            "Vincenzo Amato",
            "Anthony Zamperini"
        ],
        "orig_title": "Unbroken",
        "status": " Released",
        "orig_lang": " English",
        "budget_x": 65000000.0,
        "revenue": 163527824.0,
        "country": "AU"
    },
    {
        "title": "Iron Sky",
        "date_x": "05/10/2012 ",
        "score": 57.0,
        "genre": [
            "Action",
            "Comedy",
            "Science Fiction"
        ],
        "overview": "In the last moments of World War II, a secret Nazi space program evaded destruction by fleeing to the Dark Side of the Moon. During 70 years of utter secrecy, the Nazis construct a gigantic space fortress with a massive armada of flying saucers.",
        "actors": [
            "Julia Dietze",
            "Renate Richter",
            "Christopher Kirby",
            "James Washington",
            "Götz Otto",
            "Klaus Adler",
            "Udo Kier",
            "Wolfgang Kortzfleisch",
            "Peta Sergeant",
            "Vivian Wagner",
            "Stephanie Paul",
            "Jenna Bush",
            "Tilo Prückner",
            "Doctor Richter",
            "Michael Cullen",
            "Secretary of Defence",
            "Kym Jackson",
            "Julia McLennan"
        ],
        "orig_title": "Iron Sky",
        "status": " Released",
        "orig_lang": " English",
        "budget_x": 7500000.0,
        "revenue": 10109659.0,
        "country": "AU"
    },
    {
        "title": "Kangaroo Jack",
        "date_x": "04/10/2003 ",
        "score": 52.0,
        "genre": [
            "Family",
            "Comedy",
            "Adventure",
            "Crime"
        ],
        "overview": "Two childhood friends — a New York hairstylist and a wanna-be musician — get mixed-up with the mob and are forced to deliver $50,000 to Australia, but things go all wrong when the money is lost to a wild kangaroo.",
        "actors": [
            "Jerry O'Connell",
            "Charlie Carbone",
            "Anthony Anderson",
            "Louis Booker",
            "Estella Warren",
            "Jessie",
            "Christopher Walken",
            "Salvatore 'Sal' Maggio",
            "Michael Shannon",
            "Frankie Lombardo",
            "Marton Csokas",
            "Mr. Smith",
            "Dyan Cannon",
            "Anna Carbone",
            "Frank Welker",
            "Jack's Vocal Effects",
            "John McNeill",
            "Customs Officer"
        ],
        "orig_title": "Kangaroo Jack",
        "status": " Released",
        "orig_lang": " English",
        "budget_x": 60000000.0,
        "revenue": 90558582.0,
        "country": "AU"
    },
    {
        "title": "A Newly Wedded Couple's Sex Life",
        "date_x": "07/12/2018 ",
        "score": 0.0,
        "genre": [
            "Romance"
        ],
        "overview": "Jung-sik and Ji-young got married after a hot relationship, but it has cooled down. One day, Yoon-soo and Sun-young move in next door. They have been married for 5 years, but still look like they're madly in love. Ji-young talks to them about her problems and they decide to help her sex life.",
        "actors": [
            "Ji Hyun",
            "",
            "Lee Hyo-won",
            "",
            "Yoon Joo-I",
            "",
            "Min Do-yoon",
            ""
        ],
        "orig_title": " 신혼부부의 성생활",
        "status": " Released",
        "orig_lang": " Korean",
        "budget_x": 181600000.0,
        "revenue": 175269998.8,
        "country": "KR"
    },
    {
        "title": "Re:ZERO -Starting Life in Another World- Memory Snow",
        "date_x": "10/06/2018 ",
        "score": 74.0,
        "genre": [
            "Animation",
            "Adventure",
            "Fantasy"
        ],
        "overview": "Subaru and friends finally get a moment of peace, and Subaru goes on a certain secret mission that he must not let anyone find out about! However, even though Subaru is wearing a disguise, Petra and other children of the village immediately figure out who he is. Now that his mission was exposed within five seconds of it starting, what will happen with Subaru's \"date course\" with Emilia?",
        "actors": [
            "Yusuke Kobayashi",
            "Natsuki Subaru (voice)",
            "Rie Takahashi",
            "Emilia (voice)",
            "Inori Minase",
            "Rem (voice)",
            "Yumi Uchiyama",
            "Puck (voice)",
            "Rie Murakawa",
            "Ram (voice)",
            "Satomi Arai",
            "Beatrice (voice)",
            "Takehito Koyasu",
            "Roswaal L. Mathers (voice)"
        ],
        "orig_title": " Re:ゼロから始める異世界生活 Memory Snow",
        "status": " Released",
        "orig_lang": " Japanese",
        "budget_x": 131600000.0,
        "revenue": 397057826.8,
        "country": "JP"
    },
    {
        "title": "Maybe I Do",
        "date_x": "01/27/2023 ",
        "score": 53.0,
        "genre": [
            "Comedy",
            "Romance"
        ],
        "overview": "Michelle and Allen, who have reached the point in their relationship where they are considering next steps, decide to invite  their parents to finally meet and to offer some understanding of why marriage works. Except the parents already know each other quite well, which leads to some very distinct opinions about the value of marriage.",
        "actors": [
            "Diane Keaton",
            "Grace",
            "Susan Sarandon",
            "Monica",
            "Richard Gere",
            "Howard",
            "Emma Roberts",
            "Michelle",
            "Luke Bracey",
            "Allen",
            "William H. Macy",
            "Sam",
            "Michael Kostroff",
            "Manny",
            "James Monroe Iglehart",
            "Minister",
            "Mezi Atwood",
            "Sophie"
        ],
        "orig_title": "Maybe I Do",
        "status": " Released",
        "orig_lang": " English",
        "budget_x": 7500000.0,
        "revenue": 4650308.4,
        "country": "US"
    },
    {
        "title": "Evolution",
        "date_x": "07/12/2001 ",
        "score": 61.0,
        "genre": [
            "Comedy",
            "Science Fiction",
            "Action"
        ],
        "overview": "A comedy that follows the chaos that ensues when a meteor hits the Earth carrying alien life forms that give new meaning to the term \"survival of the fittest.\" David Duchovny, Orlando Jones, Seann William Scott, and Julianne Moore are the only people standing between the aliens and world domination... which could be bad news for the Earth.",
        "actors": [
            "David Duchovny",
            "Dr. Ira Kane",
            "Julianne Moore",
            "Dr. Allison Reed",
            "CDC",
            "Orlando Jones",
            "Prof. Harry Phineas Block",
            "Seann William Scott",
            "Wayne Grey",
            "Ted Levine",
            "General Russell Woodman",
            "Ty Burrell",
            "Colonel Flemming",
            "Ethan Suplee",
            "Deke",
            "Michael Bower",
            "Danny",
            "Dan Aykroyd",
            "Governor Lewis"
        ],
        "orig_title": "Evolution",
        "status": " Released",
        "orig_lang": " English",
        "budget_x": 80000000.0,
        "revenue": 98341932.0,
        "country": "AU"
    },
    {
        "title": "Not Okay",
        "date_x": "07/29/2022 ",
        "score": 64.0,
        "genre": [
            "Comedy",
            "Drama"
        ],
        "overview": "An ambitious young woman, desperate for followers and fame, fakes a trip to Paris to up her social media presence. When a terrifying incident takes place in the real world and becomes part of her imaginary trip, her white lie becomes a moral quandary that offers her all the attention she’s wanted.",
        "actors": [
            "Zoey Deutch",
            "Danni Sanders",
            "Mia Isaac",
            "Rowan Aldren",
            "Dylan O'Brien",
            "Colin",
            "Nadia Alexander",
            "Harper",
            "Tia Dionne Hodge",
            "Linda",
            "Negin Farsad",
            "Susan",
            "Embeth Davidtz",
            "Judith",
            "Karan Soni",
            "Kevin",
            "Sarah Yarkin",
            "Julie"
        ],
        "orig_title": "Not Okay",
        "status": " Released",
        "orig_lang": " English",
        "budget_x": 115500000.0,
        "revenue": 365470598.0,
        "country": "US"
    },
    {
        "title": "How It Ends",
        "date_x": "07/13/2018 ",
        "score": 53.0,
        "genre": [
            "Science Fiction",
            "Thriller",
            "Mystery",
            "Action",
            "Adventure"
        ],
        "overview": "A desperate father tries to return home to his pregnant wife after a mysterious apocalyptic event turns everything to chaos.",
        "actors": [
            "Theo James",
            "Will",
            "Forest Whitaker",
            "Tom",
            "Kat Graham",
            "Samantha",
            "Kerry Bishé",
            "Meg",
            "Grace Dove",
            "Ricki",
            "Mark O'Brien",
            "Jeremiah",
            "Nicole Ari Parker",
            "Paula Sutherland",
            "Nancy Sorel",
            "Sonographer",
            "Anett Rumanoczky",
            "Flight Attendant"
        ],
        "orig_title": "How It Ends",
        "status": " Released",
        "orig_lang": " English",
        "budget_x": 20000000.0,
        "revenue": 0.0,
        "country": "US"
    },
    {
        "title": "Planet Hulk",
        "date_x": "02/02/2010 ",
        "score": 70.0,
        "genre": [
            "Science Fiction",
            "Animation",
            "Action"
        ],
        "overview": "When the Hulk's presence on Earth becomes too great a risk, the Illuminati trick him to board a shuttle destined for a planet where he will be able to live in peace, and launch it into space. The Hulk's struggle to escape causes the shuttle to malfunction and crash land on the planet Sakaar, however, where he is sold into slavery and trained as a gladiator.",
        "actors": [
            "Rick D. Wasserman",
            "Hulk (voice)",
            "Marc Worden",
            "Iron Man (voice)",
            "Mark Hildreth",
            "Red King (voice)",
            "Kevin Michael Richardson",
            "Korg (voice)",
            "Sam Vincent",
            "Miek (voice)",
            "Lisa Ann Beley",
            "Caiera (voice)",
            "Advah Soudack",
            "Elloe Kaifi (voice)",
            "Michael Kopsa",
            "Lavin Skee (voice)",
            "Liam O'Brien",
            "Hiroim (voice)"
        ],
        "orig_title": "Planet Hulk",
        "status": " Released",
        "orig_lang": " English",
        "budget_x": 29800000.0,
        "revenue": 7000000.0,
        "country": "US"
    },
    {
        "title": "Look Both Ways",
        "date_x": "08/17/2022 ",
        "score": 69.0,
        "genre": [
            "Romance",
            "Drama",
            "Comedy"
        ],
        "overview": "On the eve of her college graduation, Natalie's life diverges into two parallel realities: one in which she becomes pregnant and must navigate motherhood as a young adult in her Texas hometown, the other in which she moves to LA to pursue her career. In both journeys throughout her twenties, Natalie experiences life-changing love, devastating heartbreak and rediscovers herself.",
        "actors": [
            "Lili Reinhart",
            "Natalie Bennett",
            "Danny Ramirez",
            "Gabe",
            "David Corenswet",
            "Jake",
            "Aisha Dee",
            "Cara",
            "Andrea Savage",
            "Tina Bennett",
            "Luke Wilson",
            "Rick Bennett",
            "Nia Long",
            "Lucy Galloway",
            "Sahara Ale",
            "Eliza / Jorts",
            "Amanda Knapic",
            "Miranda"
        ],
        "orig_title": "Look Both Ways",
        "status": " Released",
        "orig_lang": " English",
        "budget_x": 69600000.0,
        "revenue": 893429202.4,
        "country": "US"
    },
    {
        "title": "The Birds",
        "date_x": "08/06/2012 ",
        "score": 75.0,
        "genre": [
            "Horror"
        ],
        "overview": "Chic socialite Melanie Daniels enjoys a passing flirtation with an eligible attorney in a San Francisco pet shop and, on an impulse, follows him to his hometown bearing a gift of lovebirds. But upon her arrival, the bird population runs amok. Suddenly, the townsfolk face a massive avian onslaught, with the feathered fiends inexplicably attacking people all over Bodega Bay.",
        "actors": [
            "Tippi Hedren",
            "Melanie Daniels",
            "Rod Taylor",
            "Mitch Brenner",
            "Jessica Tandy",
            "Lydia Brenner",
            "Suzanne Pleshette",
            "Annie Hayworth",
            "Veronica Cartwright",
            "Cathy Brenner",
            "Ethel Griffies",
            "Mrs. Bundy",
            "Charles McGraw",
            "Sebastian Sholes",
            "Ruth McDevitt",
            "Mrs. MacGruder",
            "Lonny Chapman",
            "Deke Carter"
        ],
        "orig_title": "The Birds",
        "status": " Released",
        "orig_lang": " English",
        "budget_x": 2500000.0,
        "revenue": 11500000.0,
        "country": "AU"
    },
    {
        "title": "Yu-Gi-Oh! The Movie",
        "date_x": "09/16/2004 ",
        "score": 61.0,
        "genre": [
            "Animation",
            "Fantasy",
            "Action",
            "Science Fiction"
        ],
        "overview": "After the conclusion of the Battle City Tournament, deep below the sands of Egypt, an ancient evil has awakened. Anubis, who was defeated centuries ago by Yugi’s mysterious alter ego – the ancient Pharaoh – has returned for revenge. Wielding the power of the Eighth Millennium Item, Anubis is determined to destroy Yugi and take over the world.",
        "actors": [
            "Dan Green",
            "Yugi Mutou / Yami Yugi (voice)",
            "Eric Stuart",
            "Seto Kaiba (voice)",
            "Scottie Rayow",
            "Anubis (voice)",
            "Wayne Grayson",
            "Joey Wheeler (voice)",
            "Greg Abbey",
            "Tristan Taylor (voice)",
            "Amy Birnbaum",
            "Téa Gardner (voice)",
            "Tara Sands",
            "Mokuba Kaiba (voice)",
            "Maddie Blaustein",
            "Solomon Muto (voice)",
            "Darren Dunstan",
            "Maximillion Pegasus (voice)"
        ],
        "orig_title": "Yu-Gi-Oh! The Movie",
        "status": " Released",
        "orig_lang": " English",
        "budget_x": 20000000.0,
        "revenue": 29170410.0,
        "country": "AU"
    },
    {
        "title": "47 Meters Down: Uncaged",
        "date_x": "10/31/2019 ",
        "score": 57.0,
        "genre": [
            "Horror",
            "Drama",
            "Adventure"
        ],
        "overview": "Four teenage girls go on a diving adventure to explore a submerged Mayan city. Once inside, their rush of excitement turns into a jolt of terror as they discover the sunken ruins are a hunting ground for deadly great white sharks. With their air supply steadily dwindling, the friends must navigate the underwater labyrinth of claustrophobic caves and eerie tunnels in search of a way out of their watery hell.",
        "actors": [
            "Sophie Nélisse",
            "Mia",
            "Corinne Foxx",
            "Sasha",
            "Brianne Tju",
            "Alexa",
            "Sistine Rose Stallone",
            "Nicole",
            "Brec Bassinger",
            "Catherine",
            "John Corbett",
            "Grant",
            "Nia Long",
            "Jennifer",
            "Davi Santos",
            "Ben",
            "Khylin Rhambo",
            "Carl"
        ],
        "orig_title": "47 Meters Down: Uncaged",
        "status": " Released",
        "orig_lang": " English",
        "budget_x": 12000000.0,
        "revenue": 47582563.0,
        "country": "AU"
    },
    {
        "title": "Death Proof",
        "date_x": "11/01/2007 ",
        "score": 68.0,
        "genre": [
            "Action",
            "Thriller"
        ],
        "overview": "Austin's hottest DJ, Jungle Julia, sets out into the night to unwind with her two friends Shanna and Arlene. Covertly tracking their moves is Stuntman Mike, a scarred rebel leering from behind the wheel of his muscle car, revving just feet away.",
        "actors": [
            "Kurt Russell",
            "Stuntman Mike McKay",
            "Zoë Bell",
            "Zoë Bell",
            "Rosario Dawson",
            "Abernathy Ross",
            "Vanessa Ferlito",
            "Arlene \"Butterfly\"",
            "Sydney Tamiia Poitier",
            "Jungle Julia Lucai",
            "Tracie Thoms",
            "Kim Mathis",
            "Rose McGowan",
            "Pam",
            "Jordan Ladd",
            "Shanna",
            "Mary Elizabeth Winstead",
            "Lee Montgomery"
        ],
        "orig_title": "Death Proof",
        "status": " Released",
        "orig_lang": " English",
        "budget_x": 25000000.0,
        "revenue": 31126421.0,
        "country": "AU"
    },
    {
        "title": "Lemony Snicket's A Series of Unfortunate Events",
        "date_x": "12/16/2004 ",
        "score": 68.0,
        "genre": [
            "Adventure",
            "Comedy",
            "Family"
        ],
        "overview": "Three wealthy children's parents are killed in a fire. When they are sent to a distant relative, they find out that he is plotting to kill them and seize their fortune.",
        "actors": [
            "Emily Browning",
            "Violet Baudelaire",
            "Liam Aiken",
            "Klaus Baudelaire",
            "Jim Carrey",
            "Count Olaf / Dr. Stephano / Captain Sham",
            "Meryl Streep",
            "Josephine Anwhistle",
            "Jude Law",
            "Lemony Snicket (voice)",
            "Kara Hoffman",
            "Sunny Baudelaire",
            "Shelby Hoffman",
            "Sunny Baudelaire",
            "Timothy Spall",
            "Mr. Poe",
            "Billy Connolly",
            "Dr. Montgomery Montgomery"
        ],
        "orig_title": "Lemony Snicket's A Series of Unfortunate Events",
        "status": " Released",
        "orig_lang": " English",
        "budget_x": 100000000.0,
        "revenue": 212956024.0,
        "country": "AU"
    },
    {
        "title": "Fear of Rain",
        "date_x": "04/01/2021 ",
        "score": 71.0,
        "genre": [
            "Thriller",
            "Horror",
            "Drama"
        ],
        "overview": "A teenage girl living with schizophrenia begins to suspect her neighbor has kidnapped a child. Her parents try desperately to help her live a normal life, without exposing their own tragic secrets, and the only person who believes her is Caleb – a boy she isn’t even sure exists.",
        "actors": [
            "Madison Iseman",
            "Rain Burroughs",
            "Israel Broussard",
            "Caleb",
            "Katherine Heigl",
            "Michelle Burroughs",
            "Harry Connick Jr.",
            "John Burroughs",
            "Eugenie Bondurant",
            "Dani McConnell",
            "Julia Vasi",
            "Alexa",
            "Enuka Okuma",
            "Dr. Elyn Pangloss",
            "Hudson Rodgers",
            "Malia",
            "Lyla Restaino",
            "Young Rain"
        ],
        "orig_title": "Fear of Rain",
        "status": " Released",
        "orig_lang": " English",
        "budget_x": 141000000.0,
        "revenue": 762084982.6,
        "country": "AU"
    },
    {
        "title": "Safe",
        "date_x": "05/03/2012 ",
        "score": 65.0,
        "genre": [
            "Action",
            "Crime",
            "Thriller"
        ],
        "overview": "After a former elite agent rescues a 12-year-old Chinese girl who's been abducted, they find themselves in the middle of a standoff between Triads, the Russian Mafia and high-level corrupt New York City politicians and police.",
        "actors": [
            "Jason Statham",
            "Luke Wright",
            "Chris Sarandon",
            "Mayor Tremello",
            "James Hong",
            "Han Jiao",
            "Catherine Chan",
            "Mei",
            "Robert John Burke",
            "Captain Wolf",
            "Anson Mount",
            "Alex Rosen",
            "Reggie Lee",
            "Quan Chang",
            "Joseph Sikora",
            "Vassily Docheski",
            "Igor Jijikine",
            "Chemyakin"
        ],
        "orig_title": "Safe",
        "status": " Released",
        "orig_lang": " English",
        "budget_x": 33000000.0,
        "revenue": 41495213.0,
        "country": "AU"
    },
    {
        "title": "The Tinder Swindler",
        "date_x": "02/02/2022 ",
        "score": 70.0,
        "genre": [
            "Documentary",
            "Crime"
        ],
        "overview": "Posing as a wealthy, jet-setting diamond mogul, an Israeli conman wooed women online then conned them out of millions of dollars. Now some victims plan for payback.",
        "actors": [
            "Shimon Yehuda Hayut",
            "Self (archival footage)",
            "Cecilie Fjellhøy",
            "Self",
            "Pernilla Sjöholm",
            "Self",
            "Ayleen Charlotte",
            "Self",
            "Kristoffer Kumar",
            "Self",
            "Erlend Ofte Arntsen",
            "Self",
            "Natalie Remøe Hansen",
            "Self"
        ],
        "orig_title": "The Tinder Swindler",
        "status": " Released",
        "orig_lang": " English",
        "budget_x": 203200000.0,
        "revenue": 532344463.4,
        "country": "GB"
    },
    {
        "title": "Gridiron Gang",
        "date_x": "09/15/2006 ",
        "score": 70.0,
        "genre": [
            "Crime",
            "Drama"
        ],
        "overview": "Teenagers at a juvenile detention center, under the leadership of their counselor, gain self-esteem by playing football together.",
        "actors": [
            "Dwayne Johnson",
            "Sean Porter",
            "Xzibit",
            "Malcolm Moore",
            "L. Scott Caldwell",
            "Bobbi Porter",
            "Leon Rippy",
            "Paul Higa",
            "Kevin Dunn",
            "Ted Dexter",
            "Jade Yorker",
            "Willie Weathers",
            "David V. Thomas",
            "Kelvin Owens",
            "Setu Taase",
            "Junior Palaita",
            "Mo McRae",
            "Leon Hayes"
        ],
        "orig_title": "Gridiron Gang",
        "status": " Released",
        "orig_lang": " English",
        "budget_x": 30000000.0,
        "revenue": 41457834.0,
        "country": "AU"
    },
    {
        "title": "Pet Sematary",
        "date_x": "04/04/2019 ",
        "score": 57.0,
        "genre": [
            "Horror",
            "Thriller"
        ],
        "overview": "Dr. Louis Creed and his wife, Rachel, move from Boston to Ludlow, in rural Maine, with their two young children. Hidden in the woods near the new family home, Ellie, their eldest daughter, discovers a mysterious cemetery where the pets of community members are buried.",
        "actors": [
            "Jason Clarke",
            "Louis Creed",
            "Amy Seimetz",
            "Rachel Creed",
            "John Lithgow",
            "Jud Crandall",
            "Sonia Maria Chirila",
            "Young Rachel",
            "Jeté Laurence",
            "Ellie Creed",
            "Hugo Lavoie",
            "Gage Creed",
            "Lucas Lavoie",
            "Gage Creed",
            "Obssa Ahmed",
            "Victor Pascow",
            "Alyssa Brooke Levine",
            "Zelda Goldman"
        ],
        "orig_title": "Pet Sematary",
        "status": " Released",
        "orig_lang": " English",
        "budget_x": 21000000.0,
        "revenue": 111809732.0,
        "country": "AU"
    },
    {
        "title": "Pet Sematary",
        "date_x": "04/04/2019 ",
        "score": 57.0,
        "genre": [
            "Horror",
            "Thriller"
        ],
        "overview": "Dr. Louis Creed and his wife, Rachel, move from Boston to Ludlow, in rural Maine, with their two young children. Hidden in the woods near the new family home, Ellie, their eldest daughter, discovers a mysterious cemetery where the pets of community members are buried.",
        "actors": [
            "Jason Clarke",
            "Louis Creed",
            "Amy Seimetz",
            "Rachel Creed",
            "John Lithgow",
            "Jud Crandall",
            "Sonia Maria Chirila",
            "Young Rachel",
            "Jeté Laurence",
            "Ellie Creed",
            "Hugo Lavoie",
            "Gage Creed",
            "Lucas Lavoie",
            "Gage Creed",
            "Obssa Ahmed",
            "Victor Pascow",
            "Alyssa Brooke Levine",
            "Zelda Goldman"
        ],
        "orig_title": "Pet Sematary",
        "status": " Released",
        "orig_lang": " English",
        "budget_x": 11500000.0,
        "revenue": 57469850.0,
        "country": "AU"
    },
    {
        "title": "Moneyball",
        "date_x": "09/23/2011 ",
        "score": 72.0,
        "genre": [
            "Drama"
        ],
        "overview": "The story of Oakland Athletics general manager Billy Beane's successful attempt to put together a baseball team on a budget, by employing computer-generated analysis to draft his players.",
        "actors": [
            "Brad Pitt",
            "Billy Beane",
            "Jonah Hill",
            "Peter Brand",
            "Philip Seymour Hoffman",
            "Art Howe",
            "Robin Wright",
            "Sharon",
            "Chris Pratt",
            "Scott Hatteberg",
            "Stephen Bishop",
            "David Justice",
            "Reed Diamond",
            "Mark Shapiro",
            "Brent Jennings",
            "Ron Washington",
            "Ken Medlock",
            "Grady Fuson"
        ],
        "orig_title": "Moneyball",
        "status": " Released",
        "orig_lang": " English",
        "budget_x": 50000000.0,
        "revenue": 111300835.0,
        "country": "AU"
    },
    {
        "title": "Sinister Stepsister",
        "date_x": "03/11/2022 ",
        "score": 66.0,
        "genre": [
            "Thriller"
        ],
        "overview": "Jeff Mitchell seems to have it all. He has an interesting and lucrative job, a loving wife, and two amazing kids. Therefore, life is good. However, on one bright day, a cosmic sucker punch comes out of the blue. When Jeff was in high school, unbeknownst to him, he got his girlfriend pregnant. Next, the girl moved away, had the baby, and raised her as a single mother, never telling her daughter, Carlee, who her real father was. However, Carlee's mother recently died in a tragic accident, prompting Carlee to try and uncover the truth. Maybe Jeff is not so lucky after all?",
        "actors": [
            "Annika Foster",
            "Carlee Byrne",
            "Tu Morrow",
            "Ella Mitchell",
            "Jhey Castles",
            "Lisa Mitchell",
            "Matthew Pohlkamp",
            "Jeff Mitchell",
            "Johan Gran",
            "Ryan",
            "Jacob Taylor",
            "Blake",
            "Dayne Jarrah",
            "Noah Mitchell",
            "Madison Russ",
            "Tiffany",
            "Gigi Gustin",
            "The Real Carlee Byrne"
        ],
        "orig_title": "Sinister Stepsister",
        "status": " Released",
        "orig_lang": " English",
        "budget_x": 110600000.0,
        "revenue": 660008190.4,
        "country": "US"
    },
    {
        "title": "After Porn Ends 3",
        "date_x": "10/30/2018 ",
        "score": 55.0,
        "genre": [
            "Documentary"
        ],
        "overview": "After Porn Ends 3 continues to explore whether a career as an adult performer is inherently damaging to the balance of a perfomer's life once retired.",
        "actors": [
            "Christy Canyon",
            "Self",
            "Jenteal",
            "Self",
            "Tera Patrick",
            "Self",
            "Priya Rai",
            "Self",
            "Bonnie Rotten",
            "Self",
            "Jenna Presley",
            "Self",
            "Herschel Savage",
            "Self",
            "Alexandra Silk",
            "Self",
            "Luc Wylder",
            "Self"
        ],
        "orig_title": "After Porn Ends 3",
        "status": " Released",
        "orig_lang": " English",
        "budget_x": 500000.0,
        "revenue": 7758581.6,
        "country": "US"
    },
    {
        "title": "Charles Enterprises",
        "date_x": "05/05/2023 ",
        "score": 0.0,
        "genre": [
            ""
        ],
        "overview": "We don't have an overview translated in English. Help us expand our database by adding one.",
        "actors": [
            "Urvashi",
            "",
            "Balu Varghese",
            "",
            "Guru Somasundaram",
            "",
            "Kalaiyarasan",
            "",
            "Sujith Sankar",
            "",
            "Manikanda Rajan",
            "",
            "Bhanupriya",
            "",
            "Abhija Sivakala",
            "",
            "Mridula Madhav",
            ""
        ],
        "orig_title": " ചാൾസ് എന്റർപ്രൈസസ്",
        "status": " In Production",
        "orig_lang": " Malayalam",
        "budget_x": 264940000.0,
        "revenue": 178359863.0,
        "country": "IN"
    },
    {
        "title": "Taurus",
        "date_x": "11/18/2022 ",
        "score": 70.0,
        "genre": [
            "Drama",
            "Music"
        ],
        "overview": "A rising but troubled musician searches for the inspiration to record one last song, pushing himself deep into the void.",
        "actors": [
            "Machine Gun Kelly",
            "Cole",
            "Maddie Hasson",
            "Ilana",
            "Megan Fox",
            "Mae",
            "Scoot McNairy",
            "Ray",
            "Ruby Rose",
            "Bub",
            "Lil Meech",
            "Syl",
            "Lil Tjay",
            "Lil Tjay",
            "Naomi Wild",
            "Lena",
            "Siri Miller",
            "Cassidy"
        ],
        "orig_title": "Taurus",
        "status": " Released",
        "orig_lang": " English",
        "budget_x": 111000000.0,
        "revenue": 395069158.8,
        "country": "US"
    },
    {
        "title": "Shoot 'Em Up",
        "date_x": "09/14/2007 ",
        "score": 64.0,
        "genre": [
            "Action",
            "Thriller",
            "Comedy",
            "Crime"
        ],
        "overview": "A man named Mr. Smith delivers a woman's baby during a shootout, and is then called upon to protect the newborn from the army of gunmen.",
        "actors": [
            "Clive Owen",
            "Smith",
            "Monica Bellucci",
            "Donna Quintano",
            "Paul Giamatti",
            "Hertz",
            "Stephen McHattie",
            "Hammerson",
            "Greg Bryk",
            "Lone Man",
            "Daniel Pilon",
            "Senator Rutledge",
            "Sidney Mende-Gibson",
            "Baby Oliver",
            "Lucas Mende-Gibson",
            "Baby Oliver",
            "Kaylyn Yellowlees",
            "Baby Oliver"
        ],
        "orig_title": "Shoot 'Em Up",
        "status": " Released",
        "orig_lang": " English",
        "budget_x": 39000000.0,
        "revenue": 26796824.0,
        "country": "AU"
    },
    {
        "title": "The Ring Two",
        "date_x": "03/24/2005 ",
        "score": 57.0,
        "genre": [
            "Drama",
            "Horror",
            "Thriller"
        ],
        "overview": "Rachel Keller must prevent evil Samara from taking possession of her son's soul.",
        "actors": [
            "Naomi Watts",
            "Rachel Keller",
            "Simon Baker",
            "Max Rourke",
            "David Dorfman",
            "Aidan Keller",
            "Elizabeth Perkins",
            "Dr. Emma Temple",
            "Ryan Merriman",
            "Jake",
            "Sissy Spacek",
            "Evelyn",
            "Gary Cole",
            "Martin Savide",
            "Emily VanCamp",
            "Emily",
            "Mary Elizabeth Winstead",
            "Young Evelyn"
        ],
        "orig_title": "The Ring Two",
        "status": " Released",
        "orig_lang": " English",
        "budget_x": 50000000.0,
        "revenue": 161941727.0,
        "country": "AU"
    },
    {
        "title": "Why Him?",
        "date_x": "12/26/2016 ",
        "score": 64.0,
        "genre": [
            "Comedy"
        ],
        "overview": "A dad forms a bitter rivalry with his daughter's young rich boyfriend.",
        "actors": [
            "Bryan Cranston",
            "Ned Fleming",
            "James Franco",
            "Laird Mayhew",
            "Zoey Deutch",
            "Stephanie Fleming",
            "Megan Mullally",
            "Barb Fleming",
            "Griffin Gluck",
            "Scotty Fleming",
            "Keegan-Michael Key",
            "Gustav",
            "Kaley Cuoco",
            "Justine (voice)",
            "Cedric the Entertainer",
            "Lou Dunne",
            "Zack Pearlman",
            "Kevin Dingle"
        ],
        "orig_title": "Why Him?",
        "status": " Released",
        "orig_lang": " English",
        "budget_x": 38000000.0,
        "revenue": 117425156.0,
        "country": "AU"
    },
    {
        "title": "Werewolves Within",
        "date_x": "07/01/2021 ",
        "score": 61.0,
        "genre": [
            "Horror",
            "Comedy"
        ],
        "overview": "When a proposed pipeline creates hostilities between residents of a small town, a newly-arrived forest ranger must keep the peace after a snowstorm confines the townspeople to an old lodge. But when a mysterious creature begins terrorizing the group, their worst tendencies and prejudices rise to the surface, and it is up to the ranger to keep the residents alive, both from each other and the monster which plagues them.",
        "actors": [
            "Sam Richardson",
            "Finn Wheeler",
            "Milana Vayntrub",
            "Cecily Moore",
            "George Basil",
            "Marcus",
            "Sarah Burns",
            "Gwen",
            "Michael Chernus",
            "Pete Anderton",
            "Catherine Curtin",
            "Jeanine Sherman",
            "Wayne Duvall",
            "Sam Parker",
            "Harvey Guillén",
            "Joachim Wolfson",
            "Rebecca Henderson",
            "Dr. Ellis"
        ],
        "orig_title": "Werewolves Within",
        "status": " Released",
        "orig_lang": " English",
        "budget_x": 6500000.0,
        "revenue": 937490.0,
        "country": "AU"
    },
    {
        "title": "Poison Ivy",
        "date_x": "05/08/1992 ",
        "score": 54.0,
        "genre": [
            "Thriller",
            "Drama"
        ],
        "overview": "A seductive teen befriends an introverted high school student and schemes her way into the lives of her wealthy family.",
        "actors": [
            "Drew Barrymore",
            "Ivy",
            "Sara Gilbert",
            "Sylvie Cooper",
            "Tom Skerritt",
            "Darryl Cooper",
            "Cheryl Ladd",
            "Georgie Cooper",
            "Leonardo DiCaprio",
            "Guy",
            "Jeanne Sakata",
            "Isabelle",
            "Time Winters",
            "Old Man",
            "Alan Stock",
            "Bob",
            "E.J. Moore",
            "Kid"
        ],
        "orig_title": "Poison Ivy",
        "status": " Released",
        "orig_lang": " English",
        "budget_x": 3000000.0,
        "revenue": 1829804.0,
        "country": "US"
    },
    {
        "title": "Good Boys",
        "date_x": "09/19/2019 ",
        "score": 69.0,
        "genre": [
            "Comedy"
        ],
        "overview": "A group of young boys on the cusp of becoming teenagers embark on an epic quest to fix their broken drone before their parents get home.",
        "actors": [
            "Jacob Tremblay",
            "Max",
            "Brady Noon",
            "Thor",
            "Keith L. Williams",
            "Lucas",
            "Molly Gordon",
            "Hannah",
            "Midori Francis",
            "Lily",
            "Will Forte",
            "Max's Dad",
            "Josh Caras",
            "Benji",
            "Retta",
            "Lucas' Mom",
            "Lil Rel Howery",
            "Lucas' Dad"
        ],
        "orig_title": "Good Boys",
        "status": " Released",
        "orig_lang": " English",
        "budget_x": 20000000.0,
        "revenue": 111174248.0,
        "country": "AU"
    },
    {
        "title": "Unleashed",
        "date_x": "08/18/2005 ",
        "score": 69.0,
        "genre": [
            "Action",
            "Crime"
        ],
        "overview": "Raised as a slave, Danny is used to fighting for his survival. In fact, his \"master,\" Bart, thinks of him as a pet and goes as far as leashing him with a collar so they can make money in fight clubs, where Danny is the main contender. When Bart's crew is in a car accident, Danny escapes and meets a blind, kindhearted piano tuner who takes him in and uses music to free the fighter's long-buried heart.",
        "actors": [
            "Jet Li",
            "Danny",
            "Morgan Freeman",
            "Sam",
            "Bob Hoskins",
            "Bart",
            "Vincent Regan",
            "Raffles",
            "Dylan Brown",
            "Lefty",
            "Tamer Hassan",
            "Georgie",
            "Phyllida Law",
            "Distinguished Lady",
            "Michael Jenn",
            "Wyeth",
            "Carole Ann Wilson",
            "Maddy"
        ],
        "orig_title": "Unleashed",
        "status": " Released",
        "orig_lang": " English",
        "budget_x": 45000000.0,
        "revenue": 50871113.0,
        "country": "AU"
    },
    {
        "title": "Tender Cousins",
        "date_x": "11/19/1980 ",
        "score": 56.0,
        "genre": [
            "Drama",
            "Romance"
        ],
        "overview": "Teenage Julien loves his teenage cousin Julia among flowers in summer of '39 France.",
        "actors": [
            "Anja Schüte",
            "Julia",
            "Valérie Dumas",
            "Poune",
            "Thierry Tevini",
            "Julien",
            "Évelyne Dandry",
            "Aunt Adèle",
            "Elisa Servier",
            "Claire",
            "Macha Méril",
            "Juliens Mutter",
            "Pierre Vernier",
            "Juliens Vater",
            "Gaëlle Legrand",
            "Mathilde",
            "Fanny Bastien",
            "Angèle"
        ],
        "orig_title": " Tendres Cousines",
        "status": " Released",
        "orig_lang": " French",
        "budget_x": 38998000.0,
        "revenue": 360848744.0,
        "country": "FR"
    },
    {
        "title": "Wish Upon",
        "date_x": "07/14/2017 ",
        "score": 56.0,
        "genre": [
            "Horror",
            "Thriller",
            "Fantasy"
        ],
        "overview": "A teenage girl discovers a box with magical powers, but those powers comes with a deadly price.",
        "actors": [
            "Joey King",
            "Clare Shannon",
            "Ryan Phillippe",
            "Jonathan Shannon",
            "Ki Hong Lee",
            "Ryan Hui",
            "Mitchell Slaggert",
            "Paul Middlebrook",
            "Shannon Purser",
            "June Acosta",
            "Sydney Park",
            "Meredith McNeil",
            "Elisabeth Röhm",
            "Johanna Shannon",
            "Josephine Langford",
            "Darcie Chapman",
            "Alexander Nunez",
            "Tyler Manguso"
        ],
        "orig_title": "Wish Upon",
        "status": " Released",
        "orig_lang": " English",
        "budget_x": 12000000.0,
        "revenue": 23477345.0,
        "country": "US"
    },
    {
        "title": "Stillwater",
        "date_x": "07/29/2021 ",
        "score": 67.0,
        "genre": [
            "Drama",
            "Crime",
            "Thriller"
        ],
        "overview": "Bill Baker, an American oil-rig roughneck from Oklahoma, travels to Marseille to visit his estranged daughter, Allison, who is in prison for a murder she claims she did not commit. Confronted with language barriers, cultural differences, and a complicated legal system, Bill builds a new life for himself in France as he makes it his personal mission to exonerate his daughter.",
        "actors": [
            "Matt Damon",
            "Bill Baker",
            "Camille Cottin",
            "Virginie",
            "Abigail Breslin",
            "Allison",
            "Lilou Siauvaud",
            "Maya",
            "Deanna Dunagan",
            "Sharon",
            "Moussa Maaskri",
            "Dirosa",
            "Anne Le Ny",
            "Leparq",
            "Idir Azougli",
            "Akim",
            "Naidra Ayadi",
            "Nedjma"
        ],
        "orig_title": "Stillwater",
        "status": " Released",
        "orig_lang": " English",
        "budget_x": 20000000.0,
        "revenue": 19754272.0,
        "country": "AU"
    },
    {
        "title": "Fenced In",
        "date_x": "09/01/2022 ",
        "score": 59.0,
        "genre": [
            "Comedy"
        ],
        "overview": "After a nervous breakdown, Walter trades the city for the countryside. But his hopes for a calm life are shattered once he meets his loud new neighbors.",
        "actors": [
            "Leandro Hassum",
            "Walter",
            "Júlia Rabello",
            "",
            "Maurício Manfrini",
            "Toninho da Vila",
            "Marlei Cevada",
            "",
            "Julia Foti",
            "",
            "Lucas Leto",
            "",
            "Yves Miguel",
            "",
            "Sophia Guedes",
            "",
            "Dja Marthins",
            ""
        ],
        "orig_title": " Vizinhos",
        "status": " Released",
        "orig_lang": " Portuguese",
        "budget_x": 135159000.0,
        "revenue": 234980052.8,
        "country": "BR"
    },
    {
        "title": "Freedom Writers",
        "date_x": "03/22/2007 ",
        "score": 79.0,
        "genre": [
            "Crime",
            "Drama"
        ],
        "overview": "A young teacher inspires her class of at-risk students to learn tolerance, apply themselves, and pursue education beyond high school.",
        "actors": [
            "Hilary Swank",
            "Erin Gruwell",
            "Scott Glenn",
            "Steve Gruwell",
            "Imelda Staunton",
            "Margaret Campbell",
            "Patrick Dempsey",
            "Scott Casey",
            "April Lee Hernandez",
            "Eva Benitez",
            "Robert Wisdom",
            "Dr. Carl Cohn",
            "John Benjamin Hickey",
            "Brian Gelford",
            "Pat Carroll",
            "Miep Gies",
            "Hunter Parrish",
            "Ben"
        ],
        "orig_title": "Freedom Writers",
        "status": " Released",
        "orig_lang": " English",
        "budget_x": 21000000.0,
        "revenue": 43632609.0,
        "country": "AU"
    },
    {
        "title": "Unwelcome",
        "date_x": "01/27/2023 ",
        "score": 60.0,
        "genre": [
            "Horror"
        ],
        "overview": "Londoners Maya and Jamie escape their urban nightmare to the tranquility of rural Ireland only to discover malevolent, murderous goblins lurking in the gnarled, ancient wood at the foot of their new garden. When heavily pregnant Maya’s relationship with a local family turns sour, who – or what – will come to her rescue and what extremes will she go to to protect her unborn child?",
        "actors": [
            "Hannah John-Kamen",
            "Maya",
            "Douglas Booth",
            "Jamie",
            "Jamie Lee O'Donnell",
            "Aisling Whelan",
            "Chris Walley",
            "Killian Whelan",
            "Kristian Nairn",
            "Eoin Whelan",
            "Colm Meaney",
            "Colm “Daddy” Whelan",
            "Niamh Cusack",
            "Niamh",
            "Lalor Roddy",
            "Rory",
            "Finbar Lynch",
            "Father Brendan"
        ],
        "orig_title": "Unwelcome",
        "status": " Released",
        "orig_lang": " English",
        "budget_x": 146740000.0,
        "revenue": 301123555.2,
        "country": "GB"
    },
    {
        "title": "Jesse Rodriguez vs. Cristian Gonzalez",
        "date_x": "04/08/2023 ",
        "score": 0.0,
        "genre": [
            "Action"
        ],
        "overview": "Jesse Rodriguez faces Cristian Gonzalez for the vacant WBO flyweight title.",
        "actors": [
            "Jesse Rodriguez",
            "Self",
            "Cristian Gonzalez",
            "Self",
            "Murodjon Akhmadaliev",
            "Self",
            "Marlon Tapales",
            "Self",
            "Raymond Ford",
            "Self",
            "Jessie Magdaleno",
            "Self",
            "Thomas Mattice",
            "Self",
            "Ramiro Cesena",
            "Self",
            "Israil Madrimov",
            "Self"
        ],
        "orig_title": "Jesse Rodriguez vs. Cristian Gonzalez",
        "status": " Released",
        "orig_lang": " English",
        "budget_x": 184600000.0,
        "revenue": 178359863.0,
        "country": "US"
    },
    {
        "title": "Downton Abbey: A New Era",
        "date_x": "04/28/2022 ",
        "score": 72.0,
        "genre": [
            "Drama",
            "Romance"
        ],
        "overview": "The Crawley family goes on a grand journey to the south of France to uncover the mystery of the dowager countess's newly inherited villa.",
        "actors": [
            "Hugh Bonneville",
            "Robert Crawley",
            "Maggie Smith",
            "Violet Crawley",
            "Jim Carter",
            "Charles Carson",
            "Michelle Dockery",
            "Lady Mary",
            "Elizabeth McGovern",
            "Cora Crawley",
            "Imelda Staunton",
            "Maud Bagshaw",
            "Penelope Wilton",
            "Isobel Merton",
            "Robert James-Collier",
            "Thomas Barrow",
            "Lesley Nicol",
            "Beryl Patmore"
        ],
        "orig_title": "Downton Abbey: A New Era",
        "status": " Released",
        "orig_lang": " English",
        "budget_x": 40000000.0,
        "revenue": 88000000.0,
        "country": "AU"
    },
    {
        "title": "The Strangers: Prey at Night",
        "date_x": "03/09/2018 ",
        "score": 56.0,
        "genre": [
            "Horror"
        ],
        "overview": "A family’s road trip takes a dangerous turn when they arrive at a secluded mobile home park to stay with some relatives and find it mysteriously deserted. Under the cover of darkness, three masked killers pay them a visit to test the family’s every limit as they struggle to survive.",
        "actors": [
            "Bailee Madison",
            "Kinsey",
            "Lewis Pullman",
            "Luke",
            "Christina Hendricks",
            "Cindy",
            "Martin Henderson",
            "Mike",
            "Damian Maffei",
            "Man in the Mask",
            "Emma Bellomy",
            "Dollface",
            "Lea Enslin",
            "Pin-Up Girl",
            "Mary Louise Casanta",
            "Aunt Sheryl",
            "Ken Strunk",
            "Uncle Marv"
        ],
        "orig_title": "The Strangers: Prey at Night",
        "status": " Released",
        "orig_lang": " English",
        "budget_x": 5000000.0,
        "revenue": 32144262.0,
        "country": "US"
    },
    {
        "title": "Devil",
        "date_x": "09/16/2010 ",
        "score": 61.0,
        "genre": [
            "Horror",
            "Mystery",
            "Thriller"
        ],
        "overview": "A group of people are trapped in an elevator high above Philadelphia, and one of them is the devil.",
        "actors": [
            "Chris Messina",
            "Detective Bowden",
            "Bojana Novaković",
            "Young Woman / Sarah Caraway",
            "Logan Marshall-Green",
            "Mechanic / Anthony \"Tony\" Janekowski",
            "Jacob Vargas",
            "Ramirez",
            "Bokeem Woodbine",
            "Guard / Ben Larson",
            "Matt Craven",
            "Lustig",
            "Caroline Dhavernas",
            "Elsa Nahai",
            "Joshua Peace",
            "Detective Markowitz",
            "Zoie Palmer",
            "Cheryl"
        ],
        "orig_title": "Devil",
        "status": " Released",
        "orig_lang": " English",
        "budget_x": 10000000.0,
        "revenue": 63354114.0,
        "country": "AU"
    },
    {
        "title": "Creepshow",
        "date_x": "03/31/1983 ",
        "score": 69.0,
        "genre": [
            "Horror",
            "Comedy"
        ],
        "overview": "Inspired by the E.C. comics of the 1950s, George A. Romero and Stephen King bring five tales of terror to the screen.",
        "actors": [
            "Hal Holbrook",
            "Henry Northrup (segment \"The Crate\")",
            "Adrienne Barbeau",
            "Wilma Northrup (segment \"The Crate\")",
            "Fritz Weaver",
            "Dexter Stanley (segment \"The Crate\")",
            "Leslie Nielsen",
            "Richard Vickers (segment \"Something To Tide You Over\")",
            "Carrie Nye",
            "Sylvia Grantham (segment \"Father's Day\")",
            "E.G. Marshall",
            "Upson Pratt (segment \"They're Creeping Up On You\")",
            "Viveca Lindfors",
            "Aunt Bedelia (segment \"Father's Day\")",
            "Ed Harris",
            "Hank Blaine (segment \"Father's Day\")",
            "Ted Danson",
            "Harry Wentworth (segment \"Something To Tide You Over\")"
        ],
        "orig_title": "Creepshow",
        "status": " Released",
        "orig_lang": " English",
        "budget_x": 8000000.0,
        "revenue": 20036244.0,
        "country": "AU"
    },
    {
        "title": "Jarhead 3: The Siege",
        "date_x": "01/20/2016 ",
        "score": 63.0,
        "genre": [
            "War",
            "Action",
            "Drama"
        ],
        "overview": "Corporal Evan Albright joined the elite Marine Corps Security Guards to save the world and see some action-not necessarily in that order. But his first assignment, protecting a U. S. Embassy in a seemingly safe Middle Eastern capitol, relegates his unit to wrangling \"gate groupies\" protesting outside the compound and honing their marksmanship by playing video games. So Albright and his team are caught off guard when well-armed and well-trained militants launch a surprise attack aimed at killing an informant in the embassy. Heavily out-gunned, they will have to muster all the courage and fire power they can as their once routine assignment spirals into all-out war.",
        "actors": [
            "Sasha Jackson",
            "Olivia Winston",
            "Scott Adkins",
            "Gunny Raines",
            "Tom Ainsley",
            "Hansen",
            "Dennis Haysbert",
            "Major Lincoln",
            "Charlie Weber",
            "Evan Albright",
            "Dante Basco",
            "Blake",
            "Romeo Miller",
            "Sunshine",
            "Erik Valdez",
            "Lopez",
            "Stephen Hogan",
            "Ambassador Cahill"
        ],
        "orig_title": "Jarhead 3: The Siege",
        "status": " Released",
        "orig_lang": " English",
        "budget_x": 167000000.0,
        "revenue": 486643416.8,
        "country": "US"
    },
    {
        "title": "The Bone Collector",
        "date_x": "11/18/1999 ",
        "score": 68.0,
        "genre": [
            "Drama",
            "Mystery",
            "Thriller",
            "Crime"
        ],
        "overview": "Rookie cop, Amelia Donaghy reluctantly teams with Lincoln Rhyme – formerly the department's top homicide detective but now paralyzed as a result of a spinal injury – to catch a grisly serial killer dubbed 'The Bone Collector'. The murderer's special signature is to leave tantalizing clues based on the grim remains of his crimes.",
        "actors": [
            "Denzel Washington",
            "Lincoln Rhyme",
            "Angelina Jolie",
            "Amelia Donaghy",
            "Queen Latifah",
            "Thelma",
            "Michael Rooker",
            "Captain Howard Cheney",
            "Michael McGlone",
            "Detective Kenny Solomon",
            "Luis Guzmán",
            "Eddie Ortiz",
            "Leland Orser",
            "Richard Thompson",
            "John Benjamin Hickey",
            "Dr. Barry Lehman",
            "Bobby Cannavale",
            "Steve",
            "Amelia's Boyfriend"
        ],
        "orig_title": "The Bone Collector",
        "status": " Released",
        "orig_lang": " English",
        "budget_x": 48000000.0,
        "revenue": 151463090.0,
        "country": "AU"
    },
    {
        "title": "3096 Days",
        "date_x": "02/27/2013 ",
        "score": 75.0,
        "genre": [
            "Drama"
        ],
        "overview": "A young Austrian girl is kidnapped and held in captivity for eight years. Based on the real-life case of Natascha Kampusch.",
        "actors": [
            "Antonia Campbell-Hughes",
            "Natascha Kampusch",
            "Thure Lindhardt",
            "Wolfgang Priklopil",
            "Trine Dyrholm",
            "Brigitta Sirny",
            "Amelia Pidgeon",
            "Natascha (young)",
            "Dearbhla Molloy",
            "Wolfgang's Mother",
            "Roeland Wiesnekker",
            "Natascha's Father",
            "Ellen Schwiers",
            "Natascha's Grandmother",
            "Erni Mangold",
            "Wolfgang's Grandmother",
            "Sebastian Weber",
            "Ernst Holzapfel"
        ],
        "orig_title": " 3096 Tage",
        "status": " Released",
        "orig_lang": " German",
        "budget_x": 515001.4,
        "revenue": 6677474.0,
        "country": "AU"
    },
    {
        "title": "Oxygen",
        "date_x": "05/12/2021 ",
        "score": 66.0,
        "genre": [
            "Science Fiction",
            "Thriller",
            "Horror"
        ],
        "overview": "A woman wakes in a cryogenic chamber with no recollection of how she got there, and must find a way out before running out of air.",
        "actors": [
            "Mélanie Laurent",
            "Elizabeth 'Liz' Hansen",
            "Mathieu Amalric",
            "M.I.L.O",
            "Malik Zidi",
            "Léo Ferguson",
            "Laura Boujenah",
            "Alice Hansen",
            "Éric Herson-Macarel",
            "Capitain Moreau",
            "Anie Balestra",
            "Elderly Woman",
            "Marc Saez",
            "Inspector",
            "Cathy Cerda",
            "Old Alice Hansen",
            "Lyah Valade",
            "Infant Liz"
        ],
        "orig_title": " Oxygène",
        "status": " Released",
        "orig_lang": " French",
        "budget_x": 105000000.0,
        "revenue": 449383521.4,
        "country": "FR"
    },
    {
        "title": "The Substitute",
        "date_x": "10/20/2022 ",
        "score": 57.0,
        "genre": [
            "Drama",
            "Crime"
        ],
        "overview": "Lucio, a prestigious university professor, takes the position of substitute teacher at a high school in the suburbs of Buenos Aires, where he grew up. Through tales, novels and poetry, he tries to distract his class from the harsh reality of their everyday lives. But soon, he must step out of his professional duties when Dilan, one of his students, is threatened by a local drug kingpin.",
        "actors": [
            "Juan Minujín",
            "Lucio",
            "Bárbara Lennie",
            "Mariela",
            "Alfredo Castro",
            "El Chileno",
            "Rita Cortese",
            "Amalia",
            "María Merlino",
            "Clara",
            "Lucas Arrúa",
            "Dilan",
            "Renata Lerman",
            "Sol",
            "Martín Kohan",
            "",
            "Agustín Rittano",
            "El Perro Olmos"
        ],
        "orig_title": " El suplente",
        "status": " Released",
        "orig_lang": " Spanish, Castilian",
        "budget_x": 100300000.0,
        "revenue": 394284937.6,
        "country": "AR"
    },
    {
        "title": "Deep",
        "date_x": "07/16/2021 ",
        "score": 63.0,
        "genre": [
            "Science Fiction",
            "Thriller"
        ],
        "overview": "Four insomniac med school students are lured into a neuroscience experiment that spirals out of control and must find a way out before it’s too late.",
        "actors": [
            "Panisara Rikulsurakan",
            "Jane",
            "Kay Lertsittichai",
            "Win",
            "Supanaree Sutavijitvong",
            "Cin",
            "Krit Jeerapattananuwong",
            "Peach",
            "Warisara Jitpreedasakul",
            "June",
            "Wongsakorn Rassamitat",
            "Win's Father",
            "Dujdao Vadhanapakorn",
            "Professor Nichcha",
            "Bhumibhat Thavornsiri",
            "Jade",
            "Kim Waddoup",
            "Dr. Hans Miller"
        ],
        "orig_title": " โปรเจกต์ลับ หลับ เป็น ตาย",
        "status": " Released",
        "orig_lang": " Thai",
        "budget_x": 106160000.0,
        "revenue": 317891223.8,
        "country": "TH"
    }
]