[
    {
        "title": "Corrective Measures",
        "date_x": "04/29/2022 ",
        "score": 52.0,
        "genre": [
            "Action",
            "Science Fiction",
            "Thriller"
        ],
        "overview": "Set in San Tiburon, the world's most dangerous maximum-security penitentiary and home to the world's most treacherous superpowered criminals, where tensions among the inmates and staff heighten, leading to anarchy that engulfs the prison and order is turned upside down.",
        "actors": [
            "Bruce Willis",
            "Julius “The Lobe” Loeb",
            "Michael Rooker",
            "Warden Devlin",
            "Hayley Sales",
            "Dr. Isabelle Josephs",
            "Kat Ruston",
            "Officer Liz Morales",
            "Matthew Kevin Anderson",
            "Danny Breeze",
            "Doug Bradley",
            "Senator Zechariah",
            "Tom Cavanagh",
            "Gordon Tweedy",
            "Dan Payne",
            "Payback",
            "Brennan Mejia",
            "Diego Diaz"
        ],
        "orig_title": "Corrective Measures",
        "status": " Released",
        "orig_lang": " English",
        "budget_x": 105000000.0,
        "revenue": 354205502.2,
        "country": "US"
    },
    {
        "title": "The Jack in the Box: Awakening",
        "date_x": "01/03/2022 ",
        "score": 64.0,
        "genre": [
            "Horror"
        ],
        "overview": "When a vintage Jack-in-the-box is opened by a dying woman, she enters into a deal with the demon within that would see her illness cured in return for helping it claim six innocent victims.",
        "actors": [
            "Matt McClure",
            "Edgar Marsdale",
            "Mollie Hindle",
            "Amy Proctor",
            "James Swanton",
            "Jack",
            "Nicola Wright",
            "Olga Marsdale",
            "Nicholas Anscombe",
            "Doctor Clarke",
            "Michaela Longden",
            "Janet",
            "Erina Mashate",
            "Stacey",
            "Jason Farries",
            "Frank",
            "Victor Mellors",
            "Issac Huxley"
        ],
        "orig_title": "The Jack in the Box: Awakening",
        "status": " Released",
        "orig_lang": " English",
        "budget_x": 35442225.8,
        "revenue": 195189.0,
        "country": "GB"
    },
    {
        "title": "Choose or Die",
        "date_x": "04/15/2022 ",
        "score": 54.0,
        "genre": [
            "Horror",
            "Thriller",
            "Science Fiction"
        ],
        "overview": "In pursuit of an unclaimed $125,000 prize, a broke college dropout decides to play an obscure, 1980s survival computer game. But the game curses her, and she’s faced with dangerous choices and reality-warping challenges. After a series of unexpectedly terrifying moments, she realizes she’s no longer playing for the money but for her life.",
        "actors": [
            "Iola Evans",
            "Kayla",
            "Asa Butterfield",
            "Isaac",
            "Robert Englund",
            "Robert Englund",
            "Angela Griffin",
            "Thea",
            "Ryan Gage",
            "Lance",
            "Eddie Marsan",
            "Hal",
            "Kate Fleetwood",
            "Laura",
            "Joe Bolland",
            "Beck",
            "Ioanna Kimbook",
            "Grace"
        ],
        "orig_title": "Choose or Die",
        "status": " Released",
        "orig_lang": " English",
        "budget_x": 174000000.0,
        "revenue": 474753914.4,
        "country": "GB"
    },
    {
        "title": "Project Wolf Hunting",
        "date_x": "10/13/2022 ",
        "score": 65.0,
        "genre": [
            "Action",
            "Thriller",
            "Horror"
        ],
        "overview": "While under heavily armed guard, the dangerous convicts aboard a cargo ship unite in a coordinated escape attempt that soon escalates into a bloody, all-out riot. But as the fugitives continue their brutal campaign of terror, they soon discover that not even the most vicious among them is safe from the horror they unknowingly unleashed from the darkness below deck.",
        "actors": [
            "Seo In-guk",
            "Park Jong-du",
            "Jang Dong-yoon",
            "Lee Do-il",
            "Park Ho-san",
            "Lee Seok-woo",
            "Jung So-min",
            "Lee Da-yeon",
            "Ko Chang-seok",
            "Ko Gun-bae",
            "Jang Young-nam",
            "Choi Myung-ju",
            "Sung Dong-il",
            "Oh Dae-woong",
            "Son Jong-hak",
            "Son Soo-cheol",
            "Lee Sung-wook",
            "Dr. Lee Kyung-ho"
        ],
        "orig_title": " 늑대사냥",
        "status": " Released",
        "orig_lang": " Korean",
        "budget_x": 115200000.0,
        "revenue": 220908446.2,
        "country": "AU"
    },
    {
        "title": "Lost Bullet 2",
        "date_x": "11/10/2022 ",
        "score": 65.0,
        "genre": [
            "Action",
            "Crime",
            "Thriller"
        ],
        "overview": "Having cleared his name, genius mechanic Lino has only one goal in mind: getting revenge on the corrupt cops who killed his brother and his mentor.",
        "actors": [
            "Alban Lenoir",
            "Lino",
            "Stéfi Celma",
            "Julia",
            "Pascale Arbillot",
            "Moss",
            "Sébastien Lalanne",
            "Marco",
            "Diego Martín",
            "Álvaro",
            "Jérôme Niel",
            "Yann",
            "Anne Serra",
            "Stella",
            "Quentin D'Hainaut",
            "Yuri",
            "Thibaut Évrard",
            "Lieutenant Bruno"
        ],
        "orig_title": " Balle perdue 2",
        "status": " Released",
        "orig_lang": " French",
        "budget_x": 122800000.0,
        "revenue": 377993107.0,
        "country": "FR"
    },
    {
        "title": "Crawlspace",
        "date_x": "03/31/2022 ",
        "score": 66.0,
        "genre": [
            "Thriller"
        ],
        "overview": "After witnessing a brutal murder in a cabin, a man hides in a crawlspace while the killers scour the property for a hidden fortune. As they draw nearer, he must decide if the crawlspace will be his tomb or the battleground in his fight for survival.",
        "actors": [
            "Henry Thomas",
            "Robert",
            "Bradley Stryker",
            "Sterling",
            "C. Ernst Harth",
            "Dooley",
            "Jennifer Robertson",
            "Jordan",
            "Olivia Taylor Dudley",
            "Carrie",
            "Catherine Lough Haggquist",
            "Helen Masur",
            "Carlos Joe Costa",
            "Sheriff Higgon",
            "Colin Decker",
            "Tim Witner",
            "Andrei Kovski",
            "Vladimir"
        ],
        "orig_title": "Crawlspace",
        "status": " Released",
        "orig_lang": " English",
        "budget_x": 110600000.0,
        "revenue": 660008190.4,
        "country": "US"
    },
    {
        "title": "The Good Neighbor",
        "date_x": "09/01/2022 ",
        "score": 71.0,
        "genre": [
            "Thriller"
        ],
        "overview": "A nightmarish evening unfolds for David, a former New York Times journalist, when he and his strange new neighbor Robert, accidentally hit a girl on her bike. Buzzed and disoriented, David lets Robert convince him to flee the scene and leave the girl for dead, in order to protect his career. Robert shows no remorse, and in the name of friendship he does unspeakable things to protect the secret. Now that the police are full-on hunting for the hit-and-run killer, things begin to spiral out of control when David’s local newspaper sends him to cover the story where he meets the deceased girl’s sister Vanessa. Despite the circumstances, and her deep desire to find her sister’s killer, the two immediately have a romantic connection, which surprises and haunts David, while pushing Robert to take brutal steps to keep his new friend to himself.",
        "actors": [
            "Jonathan Rhys Meyers",
            "Robert",
            "Luke Kleintank",
            "David",
            "Eloise Smyth",
            "Vanessa",
            "Bruce Davison",
            "Grant",
            "Ieva Florence-Vīksne",
            "Janine",
            "Regīna Razuma",
            "Mrs. Petrova",
            "Guna Zariņa",
            "Juta Reine",
            "Kaspars Znotiņš",
            "Henry",
            "Tom J. Benedict",
            "Policeman"
        ],
        "orig_title": "The Good Neighbor",
        "status": " Released",
        "orig_lang": " English",
        "budget_x": 105.0,
        "revenue": 94909.0,
        "country": "AU"
    },
    {
        "title": "The Trapped 13: How We Survived The Thai Cave",
        "date_x": "10/05/2022 ",
        "score": 69.0,
        "genre": [
            "Documentary"
        ],
        "overview": "In this compelling documentary, members of the Thai youth soccer team tell their stories of getting trapped in Tham Luang Cave in 2018 — and surviving.",
        "actors": [
            "Ekapol Chanthawong",
            "Self",
            "Ei Khan",
            "Titna's mother",
            "Panumas Sangdee",
            "Mig",
            "Chanin Vibulrungruang",
            "Titna",
            "June Yoon",
            "Various Interviewees (voice)"
        ],
        "orig_title": " 13 หมูป่า: เรื่องเล่าจากในถ้ำ",
        "status": " Released",
        "orig_lang": " Thai",
        "budget_x": 111600000.0,
        "revenue": 767228967.6,
        "country": "TH"
    },
    {
        "title": "Groot's First Steps",
        "date_x": "08/10/2022 ",
        "score": 71.0,
        "genre": [
            "Animation",
            "Family",
            "Comedy",
            "Science Fiction"
        ],
        "overview": "Following the events of “Guardians of the Galaxy Vol. 1,” Baby Groot is finally ready to try taking his first steps out of his pot—only to learn you have to walk before you can run.",
        "actors": [
            "Vin Diesel",
            "Baby Groot (voice)",
            "Fred Tatasciore",
            "Additional Voices (voice)"
        ],
        "orig_title": "Groot's First Steps",
        "status": " Released",
        "orig_lang": " English",
        "budget_x": 131400000.0,
        "revenue": 730150001.2,
        "country": "US"
    },
    {
        "title": "Son of God",
        "date_x": "02/28/2014 ",
        "score": 69.0,
        "genre": [
            "Drama"
        ],
        "overview": "The life story of Jesus is told from his humble birth through his teachings, crucifixion and ultimate resurrection.",
        "actors": [
            "Roma Downey",
            "Mary",
            "Mother of Jesus",
            "Diogo Morgado",
            "Jesus",
            "Louise Delamere",
            "Claudia",
            "Darwin Shaw",
            "Peter",
            "Amber Rose Revah",
            "Mary Magdalene",
            "Andrew Brooke",
            "Antonius",
            "Simon Kunz",
            "Nicodemus",
            "William Houston",
            "Moses",
            "Nonso Anozie",
            "Samson"
        ],
        "orig_title": "Son of God",
        "status": " Released",
        "orig_lang": " English",
        "budget_x": 22000000.0,
        "revenue": 70949793.0,
        "country": "US"
    },
    {
        "title": "Sword Art Online the Movie -Progressive- Aria of a Starless Night",
        "date_x": "12/09/2021 ",
        "score": 80.0,
        "genre": [
            "Animation",
            "Action",
            "Fantasy",
            "Science Fiction"
        ],
        "overview": "One month after Kayaba Akihiko's game of death began, the death toll continues to rise, two thousand players having already lost their lives to the ultra-difficult VRMMO world of Sword Art Online. On the day of the strategy meeting to plan out the first-floor boss battle, Kirito, a solo player who vows to fight alone to get stronger, runs into a rare, high-level female player. She gracefully dispatches powerful monsters with a single rapier that flashes like a shooting star in the night...",
        "actors": [
            "Yoshitsugu Matsuoka",
            "Kirito (voice)",
            "Haruka Tomatsu",
            "Asuna \"Asuna\" Yuuki (voice)",
            "Inori Minase",
            "Misumi \"Mito\" Tozawa (voice)",
            "Koichi Yamadera",
            "Akihiko Kayaba (voice)",
            "Hiroki Yasumoto",
            "Agil (voice)",
            "Nobuyuki Hiyama",
            "Diabel (voice)",
            "Rina Hidaka",
            "Silica (voice)",
            "Ryusei Nakao",
            "Mito Avatar (Voice)",
            "Tomokazu Seki",
            "Kibaou (voice)"
        ],
        "orig_title": " 劇場版 ソードアート・オンライン-プログレッシブ- 星なき夜のアリア",
        "status": " Released",
        "orig_lang": " Japanese",
        "budget_x": 20011197.0,
        "revenue": 14037060.0,
        "country": "AU"
    },
    {
        "title": "Summer Ghost",
        "date_x": "11/12/2021 ",
        "score": 72.0,
        "genre": [
            "Animation",
            "Drama",
            "Mystery",
            "Fantasy"
        ],
        "overview": "An urban legend says that lighting fireworks at an abandoned airfield will beckon the \"summer ghost,\" a spirit that can answer any question. Three teenagers, Tomoya, Aoi, and Ryo, each have their own reason to show up one day. When a ghost named Ayane appears, she reveals she is only visible to those \"who are about to touch their death.\" Compelled by the ghost and her message, Tomoya begins regularly visiting the airfield to uncover the true purpose of her visits.",
        "actors": [
            "Chiaki Kobayashi",
            "Tomoya Sugisaki (voice)",
            "Miyuri Shimabukuro",
            "Aoi Harukawa (voice)",
            "Rina Kawaei",
            "Ayane Sato (voice)",
            "Nobunaga Shimazaki",
            "Ryo Kobayashi (voice)"
        ],
        "orig_title": "Summer Ghost",
        "status": " Released",
        "orig_lang": " Japanese",
        "budget_x": 107200000.0,
        "revenue": 632203108.6,
        "country": "JP"
    },
    {
        "title": "Resident Evil: Welcome to Raccoon City",
        "date_x": "12/09/2021 ",
        "score": 61.0,
        "genre": [
            "Horror",
            "Science Fiction",
            "Action"
        ],
        "overview": "Once the booming home of pharmaceutical giant Umbrella Corporation, Raccoon City is now a dying Midwestern town. The company’s exodus left the city a wasteland…with great evil brewing below the surface. When that evil is unleashed, the townspeople are forever…changed…and a small group of survivors must work together to uncover the truth behind Umbrella and make it through the night.",
        "actors": [
            "Kaya Scodelario",
            "Claire Redfield",
            "Hannah John-Kamen",
            "Jill Valentine",
            "Robbie Amell",
            "Chris Redfield",
            "Tom Hopper",
            "Albert Wesker",
            "Avan Jogia",
            "Leon Kennedy",
            "Donal Logue",
            "Chief Irons",
            "Neal McDonough",
            "William Birkin",
            "Lily Gao",
            "Ada Wong",
            "Chad Rook",
            "Richard Aiken"
        ],
        "orig_title": "Resident Evil: Welcome to Raccoon City",
        "status": " Released",
        "orig_lang": " English",
        "budget_x": 25000000.0,
        "revenue": 41909091.0,
        "country": "AU"
    },
    {
        "title": "Laid-Back Camp The Movie",
        "date_x": "07/01/2022 ",
        "score": 76.0,
        "genre": [
            "Animation",
            "Comedy"
        ],
        "overview": "Your favorite cozy camping anime returns with a movie as the former members of the Outdoors Club get together again, this time to build a campsite! Reunite with Nadeshiko, Rin, Chiaki, Aoi, and Ena as they gather around the campfire once more with good food and good company.",
        "actors": [
            "Yumiri Hanamori",
            "Nadeshiko Kagamihara (voice)",
            "Nao Toyama",
            "Rin Shima (voice)",
            "Sayuri Hara",
            "Chiaki Ogaki (voice)",
            "Aki Toyosaki",
            "Aoi Inuyama (voice)",
            "Rie Takahashi",
            "Ena Saito (voice)",
            "Kentaro Tone",
            "Kariya (voice)",
            "Yutaka Aoyama",
            "Editor-in-chief (voice)",
            "Natsu Yorita",
            "Komaki Store Manager (voice)",
            "Yoji Ueda",
            "Shirakawa (voice)"
        ],
        "orig_title": " 映画『ゆるキャン△』",
        "status": " Released",
        "orig_lang": " Japanese",
        "budget_x": 13187504.6,
        "revenue": 7283918.0,
        "country": "JP"
    },
    {
        "title": "The Pale Blue Eye",
        "date_x": "12/22/2022 ",
        "score": 70.0,
        "genre": [
            "Mystery",
            "Thriller"
        ],
        "overview": "West Point, New York, 1830. When a cadet at the burgeoning military academy is found hanged with his heart cut out, the top brass summons former New York City constable Augustus Landor to investigate. While attempting to solve this grisly mystery, the reluctant detective engages the help of one of the cadets: a strange but brilliant young fellow by the name of Edgar Allan Poe",
        "actors": [
            "Christian Bale",
            "Augustus Landor",
            "Harry Melling",
            "Edgar Allan Poe",
            "Lucy Boynton",
            "Lea Marquis",
            "Toby Jones",
            "Dr. Daniel Marquis",
            "Simon McBurney",
            "Captain Hitchcock",
            "Timothy Spall",
            "Superintendent Thayer",
            "Robert Duvall",
            "Jean-Pepe",
            "Harry Lawtey",
            "Artemus Marquis",
            "Gillian Anderson",
            "Julia Marquis"
        ],
        "orig_title": "The Pale Blue Eye",
        "status": " Released",
        "orig_lang": " English",
        "budget_x": 72000000.0,
        "revenue": 214883443.8,
        "country": "AU"
    },
    {
        "title": "The Lion King",
        "date_x": "08/25/1994 ",
        "score": 83.0,
        "genre": [
            "Family",
            "Animation",
            "Drama"
        ],
        "overview": "A young lion prince is cast out of his pride by his cruel uncle, who claims he killed his father. While the uncle rules with an iron paw, the prince grows up beyond the Savannah, living by a philosophy: No worries for the rest of your days. But when his past comes to haunt him, the young prince must decide his fate: Will he remain an outcast or face his demons and become what he needs to be?",
        "actors": [
            "Matthew Broderick",
            "Simba (voice)",
            "James Earl Jones",
            "King Mufasa (voice)",
            "Jeremy Irons",
            "Scar (voice)",
            "Rowan Atkinson",
            "Zazu the Hornbill (voice)",
            "Moira Kelly",
            "Nala (voice)",
            "Whoopi Goldberg",
            "Shenzi the Hyena (voice)",
            "Cheech Marin",
            "Banzai the Hyena (voice)",
            "Jim Cummings",
            "ED the Hyena (voice) / Scar (singing voice)",
            "Robert Guillaume",
            "Rafiki (voice)"
        ],
        "orig_title": "The Lion King",
        "status": " Released",
        "orig_lang": " English",
        "budget_x": 260000000.0,
        "revenue": 1647733638.0,
        "country": "AU"
    },
    {
        "title": "The Lion King",
        "date_x": "08/25/1994 ",
        "score": 83.0,
        "genre": [
            "Family",
            "Animation",
            "Drama"
        ],
        "overview": "A young lion prince is cast out of his pride by his cruel uncle, who claims he killed his father. While the uncle rules with an iron paw, the prince grows up beyond the Savannah, living by a philosophy: No worries for the rest of your days. But when his past comes to haunt him, the young prince must decide his fate: Will he remain an outcast or face his demons and become what he needs to be?",
        "actors": [
            "Matthew Broderick",
            "Simba (voice)",
            "James Earl Jones",
            "King Mufasa (voice)",
            "Jeremy Irons",
            "Scar (voice)",
            "Rowan Atkinson",
            "Zazu the Hornbill (voice)",
            "Moira Kelly",
            "Nala (voice)",
            "Whoopi Goldberg",
            "Shenzi the Hyena (voice)",
            "Cheech Marin",
            "Banzai the Hyena (voice)",
            "Jim Cummings",
            "ED the Hyena (voice) / Scar (singing voice)",
            "Robert Guillaume",
            "Rafiki (voice)"
        ],
        "orig_title": "The Lion King",
        "status": " Released",
        "orig_lang": " English",
        "budget_x": 79300000.0,
        "revenue": 986193783.0,
        "country": "AU"
    },
    {
        "title": "Avengers: Age of Ultron",
        "date_x": "04/23/2015 ",
        "score": 73.0,
        "genre": [
            "Action",
            "Adventure",
            "Science Fiction"
        ],
        "overview": "When Tony Stark tries to jumpstart a dormant peacekeeping program, things go awry and Earth’s Mightiest Heroes are put to the ultimate test as the fate of the planet hangs in the balance. As the villainous Ultron emerges, it is up to The Avengers to stop him from enacting his terrible plans, and soon uneasy alliances and unexpected action pave the way for an epic and unique global adventure.",
        "actors": [
            "Robert Downey Jr.",
            "Tony Stark / Iron Man",
            "Chris Hemsworth",
            "Thor Odinson",
            "Mark Ruffalo",
            "Bruce Banner / The Hulk",
            "Chris Evans",
            "Steve Rogers / Captain America",
            "Scarlett Johansson",
            "Natasha Romanoff / Black Widow",
            "Jeremy Renner",
            "Clint Barton / Hawkeye",
            "James Spader",
            "Ultron (voice)",
            "Samuel L. Jackson",
            "Nick Fury",
            "Don Cheadle",
            "James \"Rhodey\" Rhodes / War Machine"
        ],
        "orig_title": "Avengers: Age of Ultron",
        "status": " Released",
        "orig_lang": " English",
        "budget_x": 365000000.0,
        "revenue": 1395316979.0,
        "country": "AU"
    },
    {
        "title": "Me Before You",
        "date_x": "06/16/2016 ",
        "score": 79.0,
        "genre": [
            "Drama",
            "Romance"
        ],
        "overview": "A small town girl is caught between dead-end jobs. A high-profile, successful man becomes wheelchair bound following an accident. The man decides his life is not worth living until the girl is hired for six months to be his new caretaker. Worlds apart and trapped together by circumstance, the two get off to a rocky start. But the girl becomes determined to prove to the man that life is worth living and as they embark on a series of adventures together, each finds their world changing in ways neither of them could begin to imagine.",
        "actors": [
            "Emilia Clarke",
            "Louisa 'Lou' Clark",
            "Sam Claflin",
            "William 'Will' Traynor",
            "Janet McTeer",
            "Camilla Traynor",
            "Charles Dance",
            "Stephen Traynor",
            "Brendan Coyle",
            "Bernard Clark",
            "Jenna Coleman",
            "Katrina 'Treena' Clark",
            "Matthew Lewis",
            "Patrick",
            "Samantha Spiro",
            "Josie Clark",
            "Stephen Peacocke",
            "Nathan"
        ],
        "orig_title": "Me Before You",
        "status": " Released",
        "orig_lang": " English",
        "budget_x": 20000000.0,
        "revenue": 208064908.0,
        "country": "AU"
    },
    {
        "title": "Luca",
        "date_x": "06/18/2021 ",
        "score": 79.0,
        "genre": [
            "Animation",
            "Comedy",
            "Fantasy",
            "Adventure"
        ],
        "overview": "Luca and his best friend Alberto experience an unforgettable summer on the Italian Riviera. But all the fun is threatened by a deeply-held secret: they are sea monsters from another world just below the water’s surface.",
        "actors": [
            "Jacob Tremblay",
            "Luca Paguro (voice)",
            "Jack Dylan Grazer",
            "Alberto Scorfano (voice)",
            "Emma Berman",
            "Giulia Marcovaldo (voice)",
            "Saverio Raimondo",
            "Ercole Visconti (voice)",
            "Maya Rudolph",
            "Daniela Paguro (voice)",
            "Marco Barricelli",
            "Massimo Marcovaldo (voice)",
            "Jim Gaffigan",
            "Lorenzo Paguro (voice)",
            "Peter Sohn",
            "Ciccio (voice)",
            "Lorenzo Crisci",
            "Guido (voice)"
        ],
        "orig_title": "Luca",
        "status": " Released",
        "orig_lang": " English",
        "budget_x": 200000000.0,
        "revenue": 49750471.0,
        "country": "AU"
    },
    {
        "title": "Pirates of the Caribbean: Dead Man's Chest",
        "date_x": "07/06/2006 ",
        "score": 73.0,
        "genre": [
            "Adventure",
            "Fantasy",
            "Action"
        ],
        "overview": "Captain Jack Sparrow works his way out of a blood debt with the ghostly Davy Jones to avoid eternal damnation.",
        "actors": [
            "Johnny Depp",
            "Jack Sparrow",
            "Orlando Bloom",
            "Will Turner",
            "Keira Knightley",
            "Elizabeth Swann",
            "Stellan Skarsgård",
            "William \"Bootstrap Bill\" Turner",
            "Bill Nighy",
            "Davy Jones",
            "Jack Davenport",
            "James Norrington",
            "Kevin McNally",
            "Joshamee Gibbs",
            "Jonathan Pryce",
            "Weatherby Swann",
            "Lee Arenberg",
            "Pintel"
        ],
        "orig_title": "Pirates of the Caribbean: Dead Man's Chest",
        "status": " Released",
        "orig_lang": " English",
        "budget_x": 200000000.0,
        "revenue": 1065659812.0,
        "country": "AU"
    },
    {
        "title": "The Menu",
        "date_x": "11/18/2022 ",
        "score": 72.0,
        "genre": [
            "Horror",
            "Thriller",
            "Comedy"
        ],
        "overview": "A young couple travels to a remote island to eat at an exclusive restaurant where the chef has prepared a lavish menu, with some shocking surprises.",
        "actors": [
            "Ralph Fiennes",
            "Chef Slowik",
            "Anya Taylor-Joy",
            "Margot",
            "Nicholas Hoult",
            "Tyler",
            "Hong Chau",
            "Elsa",
            "Janet McTeer",
            "Lillian",
            "Reed Birney",
            "Richard",
            "Judith Light",
            "Anne",
            "John Leguizamo",
            "Movie Star",
            "Paul Adelstein",
            "Ted"
        ],
        "orig_title": "The Menu",
        "status": " Released",
        "orig_lang": " English",
        "budget_x": 30000000.0,
        "revenue": 73040804.0,
        "country": "AU"
    },
    {
        "title": "Ice Age",
        "date_x": "03/21/2002 ",
        "score": 73.0,
        "genre": [
            "Animation",
            "Comedy",
            "Family",
            "Adventure"
        ],
        "overview": "With the impending ice age almost upon them, a mismatched trio of prehistoric critters – Manny the woolly mammoth, Diego the saber-toothed tiger and Sid the giant sloth – find an orphaned infant and decide to return it to its human parents. Along the way, the unlikely allies become friends but, when enemies attack, their quest takes on far nobler aims.",
        "actors": [
            "Ray Romano",
            "Manny (voice)",
            "John Leguizamo",
            "Sid (voice)",
            "Denis Leary",
            "Diego (voice)",
            "Goran Visnjic",
            "Soto (voice)",
            "Jack Black",
            "Zeke (voice)",
            "Cedric the Entertainer",
            "Carl (voice)",
            "Stephen Root",
            "Frank / Start (voice)",
            "Diedrich Bader",
            "Oscar (voice)",
            "Alan Tudyk",
            "Lenny / Oscar / Dab (voice)"
        ],
        "orig_title": "Ice Age",
        "status": " Released",
        "orig_lang": " English",
        "budget_x": 65000000.0,
        "revenue": 386116343.0,
        "country": "AU"
    },
    {
        "title": "Eureka: Eureka Seven Hi-Evolution",
        "date_x": "11/26/2021 ",
        "score": 61.0,
        "genre": [
            "Animation",
            "Drama",
            "Adventure",
            "Science Fiction"
        ],
        "overview": "A virtual world in a scab coral (coral-like information life form) created by Eureka. Ten years have passed since the people of the virtual world appeared on this earth with the collapse. As a result of this “great fusion”, human beings in the virtual world call themselves “Green Earth”, and human beings on the old Earth call themselves “Blue Earth”, and various collisions will be repeated under the surface of the water. And Dewey Novak, a high-ranking official of the Green Earth Army, raises up with his colleagues to protect their dignity and finally puts into action a large-scale terrorist program.",
        "actors": [
            "Kaori Nazuka",
            "Eureka (voice)",
            "Toru Furuya",
            "Adrock Thurston (voice)",
            "Yuko Sanpei",
            "Renton Thurston (voice)",
            "Toshiyuki Morikawa",
            "Horando (voice)",
            "Michiko Neya",
            "Taruho (voice)",
            "Koji Tsujitani",
            "Dewey (voice)"
        ],
        "orig_title": " EUREKA／交響詩篇エウレカセブン ハイエボリューション",
        "status": " Released",
        "orig_lang": " Japanese",
        "budget_x": 139600000.0,
        "revenue": 350558192.6,
        "country": "JP"
    },
    {
        "title": "The Little Mermaid",
        "date_x": "07/05/1990 ",
        "score": 73.0,
        "genre": [
            "Animation",
            "Family",
            "Fantasy"
        ],
        "overview": "This colorful adventure tells the story of an impetuous mermaid princess named Ariel who falls in love with the very human Prince Eric and puts everything on the line for the chance to be with him. Memorable songs and characters -- including the villainous sea witch Ursula.",
        "actors": [
            "Jodi Benson",
            "Ariel/Vanessa (voice)",
            "Samuel E. Wright",
            "Sebastian (voice)",
            "Pat Carroll",
            "Ursula (voice)",
            "Christopher Daniel Barnes",
            "Prince Eric (voice)",
            "Kenneth Mars",
            "King Triton (voice)",
            "Buddy Hackett",
            "Scuttle (voice)",
            "Jason Marin",
            "Flounder (voice)",
            "René Auberjonois",
            "Louis (voice)",
            "Paddi Edwards",
            "Flotsam & Jetsam (voice)"
        ],
        "orig_title": "The Little Mermaid",
        "status": " Released",
        "orig_lang": " English",
        "budget_x": 40000000.0,
        "revenue": 211343479.0,
        "country": "AU"
    },
    {
        "title": "Shrek Forever After",
        "date_x": "07/02/2010 ",
        "score": 63.0,
        "genre": [
            "Comedy",
            "Adventure",
            "Fantasy",
            "Animation",
            "Family"
        ],
        "overview": "A bored and domesticated Shrek pacts with deal-maker Rumpelstiltskin to get back to feeling like a real ogre again, but when he's duped and sent to a twisted version of Far Far Away—where Rumpelstiltskin is king, ogres are hunted, and he and Fiona have never met—he sets out to restore his world and reclaim his true love.",
        "actors": [
            "Mike Myers",
            "Shrek (voice)",
            "Eddie Murphy",
            "Donkey (voice)",
            "Cameron Diaz",
            "Princess Fiona (voice)",
            "Antonio Banderas",
            "Puss in Boots (voice)",
            "Walt Dohrn",
            "Rumpelstiltskin / Priest / Krekraw Ogre (voice)",
            "Julie Andrews",
            "Queen Lillian (voice)",
            "John Cleese",
            "King Harold (voice)",
            "Jon Hamm",
            "Brogan (voice)",
            "Jane Lynch",
            "Gretched (voice)"
        ],
        "orig_title": "Shrek Forever After",
        "status": " Released",
        "orig_lang": " English",
        "budget_x": 165000000.0,
        "revenue": 756244673.0,
        "country": "AU"
    },
    {
        "title": "Ghostbusters: Afterlife",
        "date_x": "01/01/2022 ",
        "score": 75.0,
        "genre": [
            "Fantasy",
            "Comedy",
            "Adventure"
        ],
        "overview": "When a single mom and her two kids arrive in a small town, they begin to discover their connection to the original Ghostbusters and the secret legacy their grandfather left behind.",
        "actors": [
            "Carrie Coon",
            "Callie Spengler",
            "Finn Wolfhard",
            "Trevor Spengler",
            "Mckenna Grace",
            "Phoebe Spengler",
            "Paul Rudd",
            "Gary Grooberson",
            "Logan Kim",
            "Podcast",
            "Celeste O'Connor",
            "Lucky",
            "Bill Murray",
            "Dr. Peter Venkman",
            "Dan Aykroyd",
            "Dr. Raymond Stantz",
            "Ernie Hudson",
            "Winston Zeddemore"
        ],
        "orig_title": "Ghostbusters: Afterlife",
        "status": " Released",
        "orig_lang": " English",
        "budget_x": 75000000.0,
        "revenue": 203614138.0,
        "country": "AU"
    },
    {
        "title": "Sonic the Hedgehog",
        "date_x": "02/13/2020 ",
        "score": 74.0,
        "genre": [
            "Action",
            "Science Fiction",
            "Comedy",
            "Family"
        ],
        "overview": "Powered with incredible speed, Sonic The Hedgehog embraces his new home on Earth. That is, until Sonic sparks the attention of super-uncool evil genius Dr. Robotnik. Now it’s super-villain vs. super-sonic in an all-out race across the globe to stop Robotnik from using Sonic’s unique power for world domination.",
        "actors": [
            "James Marsden",
            "Tom Wachowski",
            "Ben Schwartz",
            "Sonic the Hedgehog (voice)",
            "Tika Sumpter",
            "Maddie Wachowski",
            "Natasha Rothwell",
            "Rachel",
            "Adam Pally",
            "Wade Whipple",
            "Neal McDonough",
            "Major Bennington",
            "Jim Carrey",
            "Dr. Robotnik",
            "Lee Majdoub",
            "Agent Stone",
            "Tom Butler",
            "Vice Chairman Walters"
        ],
        "orig_title": "Sonic the Hedgehog",
        "status": " Released",
        "orig_lang": " English",
        "budget_x": 85000000.0,
        "revenue": 319715683.0,
        "country": "AU"
    },
    {
        "title": "Teasing Master Takagi-san: The Movie",
        "date_x": "06/10/2022 ",
        "score": 86.0,
        "genre": [
            "Animation",
            "Comedy",
            "Romance"
        ],
        "overview": "Takagi and Nishikata are in their final year of middle school, and have both anxiety and hope for the future. During the summer of their final year, on the day before summer vacation starts, the two find a kitten that they name Hana. They decide to take care of the kitten themselves until they can find its mother.",
        "actors": [
            "Yuki Kaji",
            "Nishikata (voice)",
            "Rie Takahashi",
            "Takagi-san (voice)"
        ],
        "orig_title": " 劇場版 からかい上手の高木さん",
        "status": " Released",
        "orig_lang": " Japanese",
        "budget_x": 189000000.0,
        "revenue": 1168749675.2,
        "country": "JP"
    },
    {
        "title": "Dragon Ball Z: Resurrection 'F'",
        "date_x": "04/18/2015 ",
        "score": 68.0,
        "genre": [
            "Action",
            "Animation",
            "Science Fiction"
        ],
        "overview": "One peaceful day on Earth, two remnants of Frieza's army named Sorbet and Tagoma arrive searching for the Dragon Balls with the aim of reviving Frieza. They succeed, and Frieza subsequently seeks revenge on the Saiyans.",
        "actors": [
            "Masako Nozawa",
            "Son Goku / Son Gohan / Son Goten (voice)",
            "Ryou Horikawa",
            "Vegeta (voice)",
            "Ryusei Nakao",
            "Frieza (voice)",
            "Koichi Yamadera",
            "Beerus (voice)",
            "Masakazu Morita",
            "Whis (voice)",
            "Hiromi Tsuru",
            "Bulma Briefs (voice)",
            "Mayumi Tanaka",
            "Kuririn (voice)",
            "Masaharu Sato",
            "Kame Sen'in (voice)",
            "Toshio Furukawa",
            "Piccolo (voice)"
        ],
        "orig_title": " ドラゴンボールZ 復活の「F」",
        "status": " Released",
        "orig_lang": " Japanese",
        "budget_x": 5000000.0,
        "revenue": 61768190.0,
        "country": "JP"
    },
    {
        "title": "The Guardians of the Galaxy Holiday Special",
        "date_x": "11/25/2022 ",
        "score": 73.0,
        "genre": [
            "Comedy",
            "Science Fiction",
            "Adventure"
        ],
        "overview": "On a mission to make Christmas unforgettable for Quill, the Guardians head to Earth in search of the perfect present.",
        "actors": [
            "Chris Pratt",
            "Peter Quill / Star-Lord",
            "Dave Bautista",
            "Drax",
            "Karen Gillan",
            "Nebula",
            "Pom Klementieff",
            "Mantis",
            "Vin Diesel",
            "Groot (voice)",
            "Bradley Cooper",
            "Rocket (voice)",
            "Sean Gunn",
            "Kraglin",
            "Rhett Miller",
            "Bzermikitokolok",
            "Murry Hammond",
            "Alien Band (Kortolbookalia)"
        ],
        "orig_title": "The Guardians of the Galaxy Holiday Special",
        "status": " Released",
        "orig_lang": " English",
        "budget_x": 97200000.0,
        "revenue": 641749489.4,
        "country": "AU"
    },
    {
        "title": "Secret Headquarters",
        "date_x": "08/12/2022 ",
        "score": 68.0,
        "genre": [
            "Action",
            "Adventure",
            "Comedy",
            "Science Fiction",
            "Family"
        ],
        "overview": "While hanging out after school, Charlie and his friends discover the headquarters of the world’s most powerful superhero hidden beneath his home. When villains attack, they must team up to defend the headquarters and save the world.",
        "actors": [
            "Owen Wilson",
            "Jack",
            "Michael Peña",
            "Argon",
            "Walker Scobell",
            "Charlie",
            "Momona Tamada",
            "Maya",
            "Keith L. Williams",
            "Berger",
            "Abigail James Witherspoon",
            "Lizzie",
            "Jesse Williams",
            "Irons",
            "Jessie Mueller",
            "Lily",
            "Dustin Ingram",
            "Jersey"
        ],
        "orig_title": "Secret Headquarters",
        "status": " Released",
        "orig_lang": " English",
        "budget_x": 143000000.0,
        "revenue": 420598835.4,
        "country": "US"
    },
    {
        "title": "The Princess and the Frog",
        "date_x": "01/10/2010 ",
        "score": 72.0,
        "genre": [
            "Romance",
            "Family",
            "Animation"
        ],
        "overview": "A waitress, desperate to fulfill her dreams as a restaurant owner, is set on a journey to turn a frog prince back into a human being, but she has to face the same problem after she kisses him.",
        "actors": [
            "Anika Noni Rose",
            "Tiana (voice)",
            "Bruno Campos",
            "Prince Naveen (voice)",
            "Keith David",
            "Dr. Facilier (voice)",
            "Michael-Leon Wooley",
            "Louis (voice)",
            "Jennifer Cody",
            "Charlotte (voice)",
            "Jim Cummings",
            "Ray (voice)",
            "Peter Bartlett",
            "Lawrence (voice)",
            "Jenifer Lewis",
            "Mama Odie (voice)",
            "Oprah Winfrey",
            "Eudora (voice)"
        ],
        "orig_title": "The Princess and the Frog",
        "status": " Released",
        "orig_lang": " English",
        "budget_x": 105000000.0,
        "revenue": 270997378.0,
        "country": "AU"
    },
    {
        "title": "365 Days: This Day",
        "date_x": "04/27/2022 ",
        "score": 59.0,
        "genre": [
            "Romance",
            "Drama"
        ],
        "overview": "Laura and Massimo are back and hotter than ever. But the reunited couple's new beginning is complicated by Massimo’s family ties and a mysterious man who enters Laura’s life to win her heart and trust, at any cost.",
        "actors": [
            "Anna-Maria Sieklucka",
            "Laura Torricelli",
            "Michele Morrone",
            "Massimo Torricelli / Adriano Torricelli",
            "Simone Susinna",
            "Marcelo \"Nacho\" Matos",
            "Magdalena Lamparska",
            "Olga",
            "Otar Saralidze",
            "Domenico",
            "Natasza Urbańska",
            "Anna",
            "Ramón Langa",
            "Don Fernando Matos",
            "Ewa Kasprzyk",
            "Klara",
            "Dariusz Jakubowski",
            "Tomasz"
        ],
        "orig_title": "365 Days: This Day",
        "status": " Released",
        "orig_lang": " Polish",
        "budget_x": 162100000.0,
        "revenue": 437846475.2,
        "country": "AU"
    },
    {
        "title": "Faraway",
        "date_x": "03/08/2023 ",
        "score": 68.0,
        "genre": [
            "Romance",
            "Comedy"
        ],
        "overview": "After inheriting a house on a Croatian island, a woman embarks on a spur-of-the-moment trip that reignites her joy in life and opens a door to new love.",
        "actors": [
            "Naomi Krauss",
            "Zeynap Altin",
            "Goran Bogdan",
            "Josip",
            "Adnan Maral",
            "Ilyas Altin",
            "Bahar Balci",
            "Fia Altin",
            "Artjom Gilz",
            "Conrad",
            "Davor Tomic",
            "Drazen Cega"
        ],
        "orig_title": "Faraway",
        "status": " Released",
        "orig_lang": " German",
        "budget_x": 52900000.0,
        "revenue": 368167712.6,
        "country": "DE"
    },
    {
        "title": "Hellhole",
        "date_x": "10/26/2022 ",
        "score": 60.0,
        "genre": [
            "Horror"
        ],
        "overview": "In a monastery cut off from the world, the monks run a clinic for the possessed. One day, a young policeman Marek comes to the convent. Posing as a clergyman, he penetrates monastic life and tries to explain the recent, mysterious disappearance of several tormented inmates. It turns out, however, that there is no way out of the monastery.",
        "actors": [
            "Piotr Żurawski",
            "Marek",
            "Olaf Lubaszenko",
            "Prior Andrzej",
            "Sebastian Stankiewicz",
            "Brother Piotr",
            "Lech Dyblik",
            "Brother Antoni",
            "Rafał Iwaniuk",
            "Brother Dawid",
            "Krzysztof Satała",
            "Young monk",
            "Malwina Dubowska",
            "Blonde",
            "Zbigniew Waleryś",
            "Priest",
            "Antoni Augustyniak",
            "Baby"
        ],
        "orig_title": " Ostatnia Wieczerza",
        "status": " Released",
        "orig_lang": " Polish",
        "budget_x": 146740000.0,
        "revenue": 301123555.2,
        "country": "PL"
    },
    {
        "title": "To Kill the Beast",
        "date_x": "04/28/2022 ",
        "score": 60.0,
        "genre": [
            "Mystery",
            "Fantasy",
            "Thriller"
        ],
        "overview": "Emilia arrives at her Aunt Inés' hostel located on the Argentina-Brazil border, looking for her missing brother. In this lush jungle a dangerous beast which takes the form of different animals seems to be roaming around.",
        "actors": [
            "Tamara Rocca",
            "Emilia",
            "Ana Brun",
            "Inés",
            "Julieth Micolta",
            "Julieth",
            "João Miguel",
            "Lautaro",
            "Sabrina Grinchspun",
            "Helena",
            "Kaique de Jesus",
            "Joaquin",
            "Carlos Griebler",
            "",
            "Melanie Gamonal",
            "",
            "Ariel Lorenzo",
            "Jesus"
        ],
        "orig_title": " Matar a la Bestia",
        "status": " Released",
        "orig_lang": " Spanish, Castilian",
        "budget_x": 105000000.0,
        "revenue": 227896979.2,
        "country": "BR"
    },
    {
        "title": "Zootopia",
        "date_x": "03/17/2016 ",
        "score": 77.0,
        "genre": [
            "Animation",
            "Adventure",
            "Family",
            "Comedy"
        ],
        "overview": "Determined to prove herself, Officer Judy Hopps, the first bunny on Zootopia's police force, jumps at the chance to crack her first case - even if it means partnering with scam-artist fox Nick Wilde to solve the mystery.",
        "actors": [
            "Jason Bateman",
            "Nick Wilde (voice)",
            "Ginnifer Goodwin",
            "Judy Hopps (voice)",
            "Idris Elba",
            "Chief Bogo (voice)",
            "Jenny Slate",
            "Assistant Mayor Dawn Bellwether (voice)",
            "Nate Torrence",
            "Officer Benjamin Clawhauser (voice)",
            "Bonnie Hunt",
            "Bonnie Hopps (voice)",
            "Don Lake",
            "Stu Hopps (voice)",
            "Tommy Chong",
            "Yax (voice)",
            "J.K. Simmons",
            "Mayor Leodore Lionheart (voice)"
        ],
        "orig_title": "Zootopia",
        "status": " Released",
        "orig_lang": " English",
        "budget_x": 150000000.0,
        "revenue": 1002462578.0,
        "country": "AU"
    },
    {
        "title": "The Book of Daniel",
        "date_x": "10/01/2013 ",
        "score": 73.0,
        "genre": [
            "Fantasy",
            "Drama"
        ],
        "overview": "Taken into slavery after the fall of Jerusalem in 605 B.C., Daniel is forced to serve the most powerful king in the world, King Nebuchadnezzar. Faced with imminent death, Daniel proves himself a trusted Advisor and is placed among the king's wise men. Threatened by death at every turn Daniel never ceases to serve the king until he is forced to choose between serving the king or honoring God. With his life at stake, Daniel has nothing but his faith to stand between him and the lions den.",
        "actors": [
            "Robert Miano",
            "Old Daniel",
            "Andrew Bongiorno",
            "Daniel",
            "Lance Henriksen",
            "Cyrus",
            "Kevin McCorkle",
            "Croesus",
            "Rolf Saxon",
            "Nebuchadnezzar",
            "Peter Kluge",
            "Darius",
            "Liam Matthews",
            "Hootan",
            "Ben Maccabee",
            "Basha",
            "Alice Amter",
            "Itani"
        ],
        "orig_title": "The Book of Daniel",
        "status": " Released",
        "orig_lang": " English",
        "budget_x": 92600000.0,
        "revenue": 428471214.2,
        "country": "US"
    },
    {
        "title": "Lesson Plan",
        "date_x": "11/23/2022 ",
        "score": 63.0,
        "genre": [
            "Action",
            "Crime"
        ],
        "overview": "After a teacher dies, his best friend — a former cop — takes a job at the school where he worked to confront the gang he thinks was responsible.",
        "actors": [
            "Piotr Witkowski",
            "",
            "Jan Wieczorkowski",
            "",
            "Antonina Jarnuszkiewicz",
            "",
            "Nicolas Przygoda",
            "",
            "Daniel Namiotko",
            "",
            "Rafał Zawierucha",
            "",
            "Zuzanna Galewicz",
            "",
            "Pascal Fischer",
            "",
            "Marcin Bosak",
            ""
        ],
        "orig_title": " Plan lekcji",
        "status": " Released",
        "orig_lang": " Polish",
        "budget_x": 121600000.0,
        "revenue": 343621307.4,
        "country": "AU"
    },
    {
        "title": "Free Guy",
        "date_x": "09/09/2021 ",
        "score": 76.0,
        "genre": [
            "Comedy",
            "Adventure",
            "Science Fiction"
        ],
        "overview": "A bank teller called Guy realizes he is a background character in an open world video game called Free City that will soon go offline.",
        "actors": [
            "Ryan Reynolds",
            "Guy",
            "Jodie Comer",
            "Millie Rusk / Molotovgirl",
            "Joe Keery",
            "Walter 'Keys' McKeys",
            "Lil Rel Howery",
            "Buddy",
            "Utkarsh Ambudkar",
            "Mouser",
            "Taika Waititi",
            "Antwan Hovachelik",
            "Channing Tatum",
            "Revenjamin Buttons",
            "Aaron W Reed",
            "Dude",
            "Britne Oldford",
            "Barista"
        ],
        "orig_title": "Free Guy",
        "status": " Released",
        "orig_lang": " English",
        "budget_x": 110000000.0,
        "revenue": 331526598.0,
        "country": "AU"
    },
    {
        "title": "Malvada",
        "date_x": "12/29/2022 ",
        "score": 74.0,
        "genre": [
            "Comedy",
            "Fantasy",
            "Romance"
        ],
        "overview": "A desperate mother contacts his son's ex-girlfriend to tell her that he's about to marry a wicked witch.",
        "actors": [
            "Michelle Renaud",
            "Bruja Laura",
            "Giselle Kuri",
            "Fernanda",
            "Anabel Ferreira",
            "Mamá Maru",
            "Mercedes Hernández",
            "Josefina",
            "Giuseppe Gamba",
            "Daniel",
            "Manuel Calderón",
            "Tato",
            "Alex Fernández",
            "Pato",
            "María Rojo",
            "Doña Claudia"
        ],
        "orig_title": "Malvada",
        "status": " Released",
        "orig_lang": " Spanish, Castilian",
        "budget_x": 88200000.0,
        "revenue": 429165998.8,
        "country": "MX"
    },
    {
        "title": "Diary of a Wimpy Kid: Rodrick Rules",
        "date_x": "12/02/2022 ",
        "score": 71.0,
        "genre": [
            "Animation",
            "Comedy",
            "Family"
        ],
        "overview": "A new school year, his brother Rodrick teases him over and over and over and over again. Will Greg manage to get along with him? Or will a secret ruin everything?",
        "actors": [
            "Brady Noon",
            "Greg Heffley (voice)",
            "Hunter Dillon",
            "Rodrick Heffley (voice)",
            "Ethan William Childress",
            "Rowley Jefferson (voice)",
            "Erica Cerra",
            "Susan Heffley (voice)",
            "Chris Diamantopoulos",
            "Frank Heffley (voice)",
            "Ed Asner",
            "Grandpa Heffley (voice)",
            "Gracen Newton",
            "Manny (voice)",
            "Christian Convery",
            "Fregley (voice)",
            "Veda Maharaj",
            "Chirag Gupta (voice)"
        ],
        "orig_title": "Diary of a Wimpy Kid: Rodrick Rules",
        "status": " Released",
        "orig_lang": " English",
        "budget_x": 18000000.0,
        "revenue": 73695194.0,
        "country": "US"
    },
    {
        "title": "Iron Man 2",
        "date_x": "04/29/2010 ",
        "score": 68.0,
        "genre": [
            "Adventure",
            "Action",
            "Science Fiction"
        ],
        "overview": "With the world now aware of his dual life as the armored superhero Iron Man, billionaire inventor Tony Stark faces pressure from the government, the press and the public to share his technology with the military. Unwilling to let go of his invention, Stark, with Pepper Potts and James 'Rhodey' Rhodes at his side, must forge new alliances – and confront powerful enemies.",
        "actors": [
            "Robert Downey Jr.",
            "Tony Stark / Iron Man",
            "Gwyneth Paltrow",
            "Virginia 'Pepper' Potts",
            "Don Cheadle",
            "James 'Rhodey' Rhodes / War Machine",
            "Scarlett Johansson",
            "Natalie Rushman / Natasha Romanoff / Black Widow",
            "Sam Rockwell",
            "Justin Hammer",
            "Mickey Rourke",
            "Ivan Vanko / Whiplash",
            "Samuel L. Jackson",
            "Nick Fury",
            "Clark Gregg",
            "Phil Coulson",
            "John Slattery",
            "Howard Stark"
        ],
        "orig_title": "Iron Man 2",
        "status": " Released",
        "orig_lang": " English",
        "budget_x": 170000000.0,
        "revenue": 621156389.0,
        "country": "AU"
    },
    {
        "title": "The Conjuring",
        "date_x": "07/18/2013 ",
        "score": 75.0,
        "genre": [
            "Horror",
            "Thriller"
        ],
        "overview": "Paranormal investigators Ed and Lorraine Warren work to help a family terrorized by a dark presence in their farmhouse. Forced to confront a powerful entity, the Warrens find themselves caught in the most terrifying case of their lives.",
        "actors": [
            "Patrick Wilson",
            "Ed Warren",
            "Vera Farmiga",
            "Lorraine Warren",
            "Lili Taylor",
            "Carolyn Perron",
            "Ron Livingston",
            "Roger Perron",
            "Mackenzie Foy",
            "Cindy Perron",
            "Joey King",
            "Christine Perron",
            "Shannon Kook",
            "Drew Thomas",
            "John Brotherton",
            "Brad Hamilton",
            "Hayley McFarland",
            "Nancy Perron"
        ],
        "orig_title": "The Conjuring",
        "status": " Released",
        "orig_lang": " English",
        "budget_x": 20000000.0,
        "revenue": 316849722.0,
        "country": "AU"
    },
    {
        "title": "Fast & Furious Presents: Hobbs & Shaw",
        "date_x": "08/01/2019 ",
        "score": 69.0,
        "genre": [
            "Action",
            "Adventure",
            "Comedy"
        ],
        "overview": "Ever since US Diplomatic Security Service Agent Hobbs and lawless outcast Shaw first faced off, they just have traded smack talk and body blows. But when cyber-genetically enhanced anarchist Brixton's ruthless actions threaten the future of humanity, they join forces to defeat him.",
        "actors": [
            "Dwayne Johnson",
            "Luke Hobbs",
            "Jason Statham",
            "Deckard Shaw",
            "Idris Elba",
            "Brixton",
            "Vanessa Kirby",
            "Hattie Shaw",
            "Helen Mirren",
            "Queenie Shaw",
            "Eiza González",
            "Madame M",
            "Eddie Marsan",
            "Professor Andreiko",
            "Eliana Su'a",
            "Sam Hobbs",
            "Cliff Curtis",
            "Jonah Hobbs"
        ],
        "orig_title": "Fast & Furious Presents: Hobbs & Shaw",
        "status": " Released",
        "orig_lang": " English",
        "budget_x": 200000000.0,
        "revenue": 760732926.0,
        "country": "AU"
    },
    {
        "title": "The Library Boys",
        "date_x": "11/29/2022 ",
        "score": 43.0,
        "genre": [
            "Comedy"
        ],
        "overview": "In the once quiet school library at St Marks College, Zane, James and Mitch are met head-on with the challenges of their final school year. Against-the-grain bad boy Zane becomes obsessed with Becca, the new girl at school. The more laid back James is being leaned on by Beth, his long term girlfriend, who wants him to take a little responsibility over his life. And Mitch is just trying to lose his virginity, but in the process becomes involved with Tilly, the most popular girl in school.",
        "actors": [
            "Paige Joustra",
            "Charlie",
            "Mia Barrett",
            "Beth",
            "John McCullough",
            "Mr. Spinnoli",
            "Ella Crotty",
            "Becca",
            "Joe Kenny",
            "James",
            "Shirley Sydenham",
            "Miss Claire",
            "Uisce Goriss-Dazeley",
            "Mitch",
            "Megan Douglas",
            "Tilly",
            "Jack Kenny",
            "Zane"
        ],
        "orig_title": "The Library Boys",
        "status": " Released",
        "orig_lang": " English",
        "budget_x": 77300000.0,
        "revenue": 564483267.8,
        "country": "AU"
    },
    {
        "title": "The Maze Runner",
        "date_x": "09/12/2014 ",
        "score": 72.0,
        "genre": [
            "Action",
            "Mystery",
            "Science Fiction",
            "Thriller"
        ],
        "overview": "Set in a post-apocalyptic world, young Thomas is deposited in a community of boys after his memory is erased, soon learning they're all trapped in a maze that will require him to join forces with fellow “runners” for a shot at escape.",
        "actors": [
            "Dylan O'Brien",
            "Thomas",
            "Kaya Scodelario",
            "Teresa Agnes",
            "Ki Hong Lee",
            "Minho",
            "Aml Ameen",
            "Alby",
            "Blake Cooper",
            "Chuck",
            "Thomas Brodie-Sangster",
            "Newt",
            "Will Poulter",
            "Gally",
            "Dexter Darden",
            "Frypan",
            "Chris Sheffield",
            "Ben"
        ],
        "orig_title": "The Maze Runner",
        "status": " Released",
        "orig_lang": " English",
        "budget_x": 34000000.0,
        "revenue": 348319861.0,
        "country": "AU"
    },
    {
        "title": "Blueback",
        "date_x": "01/01/2023 ",
        "score": 62.0,
        "genre": [
            "Drama",
            "Adventure",
            "Family"
        ],
        "overview": "Based on the best-selling novel by Tim Winton, Blueback is a timely tale about the ocean, a beautiful marine creature, and a young girl’s power to change the world.",
        "actors": [
            "Mia Wasikowska",
            "Abby",
            "Eric Bana",
            "Mad Macka",
            "Ariel Donoghue",
            "Young Abby",
            "Ilsa Fogg",
            "Teen Abby",
            "Radha Mitchell",
            "Dora",
            "Pedrea Jackson",
            "Teen Briggs",
            "Clarence John Ryan",
            "Briggs",
            "Albert Mwangi",
            "Gitundu",
            "Erik Thomson",
            "Costello"
        ],
        "orig_title": "Blueback",
        "status": " Released",
        "orig_lang": " English",
        "budget_x": 178000000.0,
        "revenue": 528252215.4,
        "country": "AU"
    },
    {
        "title": "The King's Man",
        "date_x": "01/06/2022 ",
        "score": 68.0,
        "genre": [
            "Action",
            "Adventure",
            "Thriller",
            "War",
            "Mystery"
        ],
        "overview": "As a collection of history's worst tyrants and criminal masterminds gather to plot a war to wipe out millions, one man must race against time to stop them.",
        "actors": [
            "Ralph Fiennes",
            "Orlando Oxford",
            "Harris Dickinson",
            "Conrad Oxford",
            "Gemma Arterton",
            "Polly",
            "Rhys Ifans",
            "Grigori Rasputin",
            "Djimon Hounsou",
            "Shola",
            "Matthew Goode",
            "Morton",
            "Tom Hollander",
            "King George / Kaiser Wilhelm / Tsar Nicholas",
            "Daniel Brühl",
            "Erik Jan Hanussen",
            "Charles Dance",
            "Kitchener"
        ],
        "orig_title": "The King's Man",
        "status": " Released",
        "orig_lang": " English",
        "budget_x": 100000000.0,
        "revenue": 125928656.0,
        "country": "AU"
    },
    {
        "title": "The Hobbit: The Battle of the Five Armies",
        "date_x": "12/26/2014 ",
        "score": 73.0,
        "genre": [
            "Action",
            "Adventure",
            "Fantasy"
        ],
        "overview": "Immediately after the events of The Desolation of Smaug, Bilbo and the dwarves try to defend Erebor's mountain of treasure from others who claim it: the men of the ruined Laketown and the elves of Mirkwood. Meanwhile an army of Orcs led by Azog the Defiler is marching on Erebor, fueled by the rise of the dark lord Sauron. Dwarves, elves and men must unite, and the hope for Middle-Earth falls into Bilbo's hands.",
        "actors": [
            "Ian McKellen",
            "Gandalf",
            "Martin Freeman",
            "Bilbo Baggins",
            "Richard Armitage",
            "Thorin Oakenshield",
            "Orlando Bloom",
            "Legolas",
            "Evangeline Lilly",
            "Tauriel",
            "Luke Evans",
            "Bard",
            "Lee Pace",
            "Thranduil",
            "Benedict Cumberbatch",
            "Smaug / Necromancer (voice)",
            "Ken Stott",
            "Balin"
        ],
        "orig_title": "The Hobbit: The Battle of the Five Armies",
        "status": " Released",
        "orig_lang": " English",
        "budget_x": 250000000.0,
        "revenue": 940323039.0,
        "country": "AU"
    },
    {
        "title": "Miraculous World: New York, United HeroeZ",
        "date_x": "09/26/2020 ",
        "score": 82.0,
        "genre": [
            "Animation",
            "TV Movie",
            "Fantasy",
            "Action"
        ],
        "overview": "Teen Parisian superheroes Ladybug and Chat Noir visit New York on a field trip and discover that superheroes exist in the United States too.",
        "actors": [
            "Anouck Hautbois",
            "Marinette / Ladybug (voice)",
            "Benjamin Bollen",
            "Adrien Agreste / Cat Noir (voice)",
            "Antoine Tomé",
            "Gabriel Agreste / Hawk Moth (voice)",
            "Fanny Bloc",
            "Alya Césaire (voice)",
            "Thierry Kazazian",
            "Plagg (voice)",
            "Marie Nonnenmacher",
            "Tikki / Juleka Couffaine (voice)",
            "Martial Le Minoux",
            "Nooroo / Max Kanté (voice)",
            "Jessie Lambotte",
            "Rose Lavillant (voice)",
            "Céline Melloul",
            "Jessica Keynes (voice)"
        ],
        "orig_title": " Miraculous World : New York, les héros unis",
        "status": " Released",
        "orig_lang": " French",
        "budget_x": 134400000.0,
        "revenue": 662530414.0,
        "country": "FR"
    },
    {
        "title": "Mary Magdalene",
        "date_x": "03/22/2018 ",
        "score": 63.0,
        "genre": [
            "Drama",
            "History"
        ],
        "overview": "In the first century, free-spirited Mary Magdalene flees the marriage her family has arranged for her, finding refuge and a sense of purpose in a radical new movement led by the charismatic, rabble-rousing preacher named Jesus.",
        "actors": [
            "Rooney Mara",
            "Mary Magdalene",
            "Joaquin Phoenix",
            "Jesus",
            "Chiwetel Ejiofor",
            "Peter",
            "Ariane Labed",
            "Rachel",
            "Ryan Corr",
            "Joseph",
            "Tahar Rahim",
            "Judas",
            "Hadas Yaron",
            "Sarah",
            "Charles Babalola",
            "Andrew",
            "Shira Haas",
            "Leah"
        ],
        "orig_title": "Mary Magdalene",
        "status": " Released",
        "orig_lang": " English",
        "budget_x": 7855689.0,
        "revenue": 11710110.0,
        "country": "AU"
    },
    {
        "title": "The Pilgrim's Progress",
        "date_x": "04/18/2019 ",
        "score": 78.0,
        "genre": [
            "Animation",
            "Adventure"
        ],
        "overview": "An epic journey, faithfully adapted to modern-day. Christian faces distractions, challenges, and perils at every turn of the way. But ends victorious, with helpful guides, as he stays on the narrow path to the distant Celestial City.",
        "actors": [
            "David Thorpe",
            "Christian Pilgrim (voice)",
            "John Rhys-Davies",
            "Evangelist (voice)",
            "Kristyn Getty",
            "The Interpreter (voice)",
            "Tristan Beint",
            "Pliable (voice)",
            "Justin Butcher",
            "Hopeful (voice)",
            "Stephen Daltry",
            "The Gatekeeper (voice)",
            "Andy Harrison",
            "Obstinate (voice)",
            "Jasmine Jones",
            "Piety (voice)",
            "Jonathan Keeble",
            "Faithful (voice)"
        ],
        "orig_title": "The Pilgrim's Progress",
        "status": " Released",
        "orig_lang": " English",
        "budget_x": 101000000.0,
        "revenue": 893800197.2,
        "country": "US"
    },
    {
        "title": "Red Notice",
        "date_x": "11/04/2021 ",
        "score": 68.0,
        "genre": [
            "Action",
            "Comedy",
            "Crime",
            "Thriller"
        ],
        "overview": "An Interpol-issued Red Notice is a global alert to hunt and capture the world's most wanted. But when a daring heist brings together the FBI's top profiler and two rival criminals, there's no telling what will happen.",
        "actors": [
            "Dwayne Johnson",
            "John Hartley",
            "Ryan Reynolds",
            "Nolan Booth",
            "Gal Gadot",
            "Sarah Black / The Bishop",
            "Ritu Arya",
            "Inspector Urvashi Das",
            "Chris Diamantopoulos",
            "Sotto Voce",
            "Ivan Mbakop",
            "Tambwe",
            "Vincenzo Amato",
            "Director Gallo",
            "Rafael Petardi",
            "Security Chief Ricci",
            "Seth Michaels",
            "Souvenir Stand Owner"
        ],
        "orig_title": "Red Notice",
        "status": " Released",
        "orig_lang": " English",
        "budget_x": 150000000.0,
        "revenue": 173638.0,
        "country": "AU"
    },
    {
        "title": "Solo Somos Carne",
        "date_x": "10/13/2022 ",
        "score": 63.0,
        "genre": [
            "Horror"
        ],
        "overview": "A regular day for Bans and Uzu, little did they know a series of events would bring them face to face with an alternate reality and their chance to confront Dixon, a disturbed psychopath with blood on his hands and demons in his mind.",
        "actors": [
            "Alexis Herrera Alquijay",
            "Santos",
            "Victor Arroyo",
            "Customer 1",
            "Kiara Bennett",
            "Uzu",
            "Andrés Pérez Bravo",
            "Dixon",
            "Gabriela Carías",
            "Customer 3",
            "André Fong",
            "K-oS",
            "Andrea López",
            "F67",
            "Yessica Miranda",
            "NMRE",
            "Oscar Méndez",
            "Customer 2"
        ],
        "orig_title": "Solo Somos Carne",
        "status": " Released",
        "orig_lang": " Spanish, Castilian",
        "budget_x": 87000000.0,
        "revenue": 476680473.8,
        "country": "GT"
    },
    {
        "title": "Groot Takes a Bath",
        "date_x": "08/10/2022 ",
        "score": 71.0,
        "genre": [
            "Animation",
            "Family",
            "Comedy",
            "Science Fiction"
        ],
        "overview": "Everybody needs some alone time to relax and wash up, but things go quite differently when you’re a Flora Colossi toddler.",
        "actors": [
            "Vin Diesel",
            "Baby Groot (voice)",
            "Fred Tatasciore",
            "Additional Voices (voice)",
            "Kaitlyn Robrock",
            "Additional Voices (voice)"
        ],
        "orig_title": "Groot Takes a Bath",
        "status": " Released",
        "orig_lang": " English",
        "budget_x": 131400000.0,
        "revenue": 730150001.2,
        "country": "US"
    },
    {
        "title": "X",
        "date_x": "03/24/2022 ",
        "score": 68.0,
        "genre": [
            "Horror",
            "Mystery",
            "Thriller"
        ],
        "overview": "In 1979, a group of young filmmakers set out to make an adult film in rural Texas, but when their reclusive, elderly hosts catch them in the act, the cast find themselves fighting for their lives. Hilarity ensues.",
        "actors": [
            "Mia Goth",
            "Maxine Minx / Pearl",
            "Jenna Ortega",
            "Lorraine",
            "Brittany Snow",
            "Bobby-Lynne",
            "Kid Cudi",
            "Jackson Hole",
            "Martin Henderson",
            "Wayne",
            "Owen Campbell",
            "RJ",
            "Stephen Ure",
            "Howard",
            "James Gaylyn",
            "Sheriff Dentler",
            "Simon Prast",
            "Televangelist"
        ],
        "orig_title": "X",
        "status": " Released",
        "orig_lang": " English",
        "budget_x": 1000000.0,
        "revenue": 15113105.0,
        "country": "AU"
    },
    {
        "title": "The Croods: A New Age",
        "date_x": "04/07/2021 ",
        "score": 75.0,
        "genre": [
            "Animation",
            "Family",
            "Adventure",
            "Fantasy",
            "Comedy"
        ],
        "overview": "Searching for a safer habitat, the prehistoric Crood family discovers an idyllic, walled-in paradise that meets all of its needs. Unfortunately, they must also learn to live with the Bettermans -- a family that's a couple of steps above the Croods on the evolutionary ladder. As tensions between the new neighbors start to rise, a new threat soon propels both clans on an epic adventure that forces them to embrace their differences, draw strength from one another, and survive together.",
        "actors": [
            "Nicolas Cage",
            "Grug Crood (voice)",
            "Emma Stone",
            "Eep Crood (voice)",
            "Ryan Reynolds",
            "Guy (voice)",
            "Catherine Keener",
            "Ugga Crood (voice)",
            "Cloris Leachman",
            "Gran Crood (voice)",
            "Clark Duke",
            "Thunk Crood (voice)",
            "Leslie Mann",
            "Hope Betterman (voice)",
            "Peter Dinklage",
            "Phil Betterman (voice)",
            "Kelly Marie Tran",
            "Dawn Betterman (voice)"
        ],
        "orig_title": "The Croods: A New Age",
        "status": " Released",
        "orig_lang": " English",
        "budget_x": 65000000.0,
        "revenue": 214790246.0,
        "country": "AU"
    },
    {
        "title": "Boruto: Naruto the Movie",
        "date_x": "08/07/2015 ",
        "score": 76.0,
        "genre": [
            "Animation",
            "Action",
            "Comedy"
        ],
        "overview": "The spirited Boruto Uzumaki, son of Seventh Hokage Naruto, is a skilled ninja who possesses the same brashness and passion his father once had. However, the constant absence of his father, who is busy with his Hokage duties, puts a damper on Boruto's fire. He ends up meeting his father's friend Sasuke, and requests to become... his apprentice!? The curtain on the story of the new generation rises!",
        "actors": [
            "Yuko Sanpei",
            "Boruto Uzumaki (voice)",
            "Kokoro Kikuchi",
            "Sarada Uchiha (voice)",
            "Junko Takeuchi",
            "Naruto Uzumaki (voice)",
            "Noriaki Sugiyama",
            "Sasuke Uchiha (voice)",
            "Daisuke Namikawa",
            "Momoshiki (voice)",
            "Akira Ishida",
            "Gaara (voice)",
            "Chie Nakamura",
            "Sakura Uchiha (voice)",
            "Nana Mizuki",
            "Hinata Uzumaki (voice)",
            "Kazuhiko Inoue",
            "Hatake Kakashi (voice)"
        ],
        "orig_title": " BORUTO -NARUTO THE MOVIE-",
        "status": " Released",
        "orig_lang": " Japanese",
        "budget_x": 24413000.0,
        "revenue": 39500000.0,
        "country": "JP"
    },
    {
        "title": "Thor: Ragnarok",
        "date_x": "10/26/2017 ",
        "score": 76.0,
        "genre": [
            "Action",
            "Adventure",
            "Fantasy",
            "Science Fiction",
            "Comedy"
        ],
        "overview": "Thor is imprisoned on the other side of the universe and finds himself in a race against time to get back to Asgard to stop Ragnarok, the destruction of his home-world and the end of Asgardian civilization, at the hands of a powerful new threat, the ruthless Hela.",
        "actors": [
            "Chris Hemsworth",
            "Thor Odinson",
            "Tom Hiddleston",
            "Loki",
            "Cate Blanchett",
            "Hela",
            "Tessa Thompson",
            "Scrapper 142 / Valkyrie",
            "Jeff Goldblum",
            "En Dwi Gast / Grandmaster",
            "Idris Elba",
            "Heimdall",
            "Karl Urban",
            "Skurge / Executioner",
            "Mark Ruffalo",
            "Bruce Banner / Hulk",
            "Anthony Hopkins",
            "Odin"
        ],
        "orig_title": "Thor: Ragnarok",
        "status": " Released",
        "orig_lang": " English",
        "budget_x": 180000000.0,
        "revenue": 850482778.0,
        "country": "AU"
    },
    {
        "title": "Barbie",
        "date_x": "07/21/2023 ",
        "score": 0.0,
        "genre": [
            "Comedy"
        ],
        "overview": "To live in Barbie Land is to be a perfect being in a perfect place. Unless you have a full-on existential crisis. Or you're a Ken.",
        "actors": [
            "Margot Robbie",
            "Barbie",
            "Ryan Gosling",
            "Ken",
            "America Ferrera",
            "",
            "Will Ferrell",
            "Mattel CEO",
            "Ariana Greenblatt",
            "",
            "Helen Mirren",
            "Narrator",
            "Issa Rae",
            "President Barbie",
            "Alexandra Shipp",
            "Celebrated Author Barbie",
            "Emma Mackey",
            "Nobel Prize Winning Physicist Barbie"
        ],
        "orig_title": "Barbie",
        "status": " Post Production",
        "orig_lang": " English",
        "budget_x": 175000000.0,
        "revenue": 178359863.0,
        "country": "US"
    },
    {
        "title": "Noah",
        "date_x": "03/27/2014 ",
        "score": 56.0,
        "genre": [
            "Drama",
            "Adventure"
        ],
        "overview": "A man who suffers visions of an apocalyptic deluge takes measures to protect his family from the coming flood.",
        "actors": [
            "Russell Crowe",
            "Noah",
            "Jennifer Connelly",
            "Naameh",
            "Emma Watson",
            "Ila",
            "Logan Lerman",
            "Ham",
            "Anthony Hopkins",
            "Methuselah",
            "Ray Winstone",
            "Tubal Cain",
            "Kevin Durand",
            "Og",
            "Ariane Rinehart",
            "Eve",
            "Douglas Booth",
            "Shem"
        ],
        "orig_title": "Noah",
        "status": " Released",
        "orig_lang": " English",
        "budget_x": 130000000.0,
        "revenue": 352831065.0,
        "country": "AU"
    },
    {
        "title": "The Seven Deadly Sins: Cursed by Light",
        "date_x": "07/02/2021 ",
        "score": 78.0,
        "genre": [
            "Animation",
            "Fantasy"
        ],
        "overview": "With the help of the \"Dragon Sin of Wrath\" Meliodas and the worst rebels in history, the Seven Deadly Sins, the \"Holy War\", in which four races, including Humans, Goddesses, Fairies and Giants fought against the Demons, is finally over. At the cost of the \"Lion Sin of Pride\" Escanor's life, the Demon King was defeated and the world regained peace. After that, each of the Sins take their own path.",
        "actors": [
            "Yuki Kaji",
            "Meliodas / Zeldris (voice)",
            "Sora Amamiya",
            "Elizabeth Liones (voice)",
            "Misaki Kuno",
            "Hawk (voice)",
            "Aoi Yuki",
            "Diane (voice)",
            "Tatsuhisa Suzuki",
            "Ban (voice)",
            "Jun Fukuyama",
            "King (voice)",
            "Yuuhei Takagi",
            "Gowther (voice)",
            "Maaya Sakamoto",
            "Merlin (voice)",
            "Tomokazu Sugita",
            "Escanor (voice)"
        ],
        "orig_title": " 劇場版 七つの大罪 光に呪われし者たち",
        "status": " Released",
        "orig_lang": " Japanese",
        "budget_x": 38211149.2,
        "revenue": 1094673.0,
        "country": "JP"
    },
    {
        "title": "The Girl from the Other Side",
        "date_x": "03/10/2022 ",
        "score": 68.0,
        "genre": [
            "Animation",
            "Drama",
            "Mystery",
            "Fantasy"
        ],
        "overview": "Once upon a time, in a far, faraway place, there were two lands. The world was divided into an inner land and an outer land. People feared the outer land, inhabited by eerie beings, the carriers of curse. One day, on the border to the inner land inhabited by humans, one such being finds a girl on heaps of abandoned dead bodies. The girl says her name is Shiva and shows affection to the \"being\" who found her, calling him \"Teacher.\"  This is a story of two people—one human, one inhuman—who linger in the hazy twilight that separates night from day.",
        "actors": [
            "Jun Fukuyama",
            "Teacher (voice)",
            "Rie Takahashi",
            "Shiva (voice)",
            "Hiroki Goto",
            "Outsider (voice)",
            "Tadashi Miyazawa",
            "Hunter (voice)",
            "Kouichi Sakaguchi",
            "Captain (voice)",
            "Daiki Kobayashi",
            "(voice)",
            "Kento Shiraishi",
            "(voice)",
            "Kazuya Saji",
            "(voice)",
            "Tooru Arizumi",
            "(voice)"
        ],
        "orig_title": " とつくにの少女",
        "status": " Released",
        "orig_lang": " Japanese",
        "budget_x": 67654097.6,
        "revenue": 629573144.8,
        "country": "JP"
    },
    {
        "title": "Enola Holmes 2",
        "date_x": "11/04/2022 ",
        "score": 76.0,
        "genre": [
            "Mystery",
            "Adventure",
            "Comedy",
            "Crime"
        ],
        "overview": "Now a detective-for-hire like her infamous brother, Enola Holmes takes on her first official case to find a missing girl, as the sparks of a dangerous conspiracy ignite a mystery that requires the help of friends — and Sherlock himself — to unravel.",
        "actors": [
            "Millie Bobby Brown",
            "Enola Holmes",
            "Henry Cavill",
            "Sherlock Holmes",
            "Louis Partridge",
            "Lord Tewkesbury",
            "Helena Bonham Carter",
            "Eudoria Holmes",
            "David Thewlis",
            "Grail",
            "Susan Wokoma",
            "Edith",
            "Adeel Akhtar",
            "Lestrade",
            "Sharon Duncan-Brewster",
            "Mira Troy",
            "Hannah Dodd",
            "Cicely"
        ],
        "orig_title": "Enola Holmes 2",
        "status": " Released",
        "orig_lang": " English",
        "budget_x": 93000000.0,
        "revenue": 394945972.8,
        "country": "AU"
    },
    {
        "title": "Ant-Man",
        "date_x": "07/16/2015 ",
        "score": 71.0,
        "genre": [
            "Science Fiction",
            "Action",
            "Adventure"
        ],
        "overview": "Armed with the astonishing ability to shrink in scale but increase in strength, master thief Scott Lang must embrace his inner-hero and help his mentor, Doctor Hank Pym, protect the secret behind his spectacular Ant-Man suit from a new generation of towering threats. Against seemingly insurmountable obstacles, Pym and Lang must plan and pull off a heist that will save the world.",
        "actors": [
            "Paul Rudd",
            "Scott Lang / Ant-Man",
            "Michael Douglas",
            "Dr. Hank Pym",
            "Evangeline Lilly",
            "Hope van Dyne",
            "Bobby Cannavale",
            "Paxton",
            "Corey Stoll",
            "Darren Cross / Yellowjacket",
            "Anthony Mackie",
            "Sam Wilson / Falcon",
            "Judy Greer",
            "Maggie",
            "Abby Ryder Fortson",
            "Cassie Lang",
            "Michael Peña",
            "Luis"
        ],
        "orig_title": "Ant-Man",
        "status": " Released",
        "orig_lang": " English",
        "budget_x": 130000000.0,
        "revenue": 518858449.0,
        "country": "AU"
    },
    {
        "title": "Scream",
        "date_x": "02/13/1997 ",
        "score": 74.0,
        "genre": [
            "Crime",
            "Horror",
            "Mystery"
        ],
        "overview": "After a series of mysterious deaths befalls their small town, an offbeat group of friends become the target of a masked killer.",
        "actors": [
            "David Arquette",
            "Dewey Riley",
            "Neve Campbell",
            "Sidney Prescott",
            "Courteney Cox",
            "Gale Weathers",
            "Rose McGowan",
            "Tatum Riley",
            "Matthew Lillard",
            "Stu Macher",
            "Skeet Ulrich",
            "Billy Loomis",
            "Jamie Kennedy",
            "Randy Meeks",
            "W. Earl Brown",
            "Kenny Brown",
            "Liev Schreiber",
            "Cotton Weary"
        ],
        "orig_title": "Scream",
        "status": " Released",
        "orig_lang": " English",
        "budget_x": 24000000.0,
        "revenue": 138874789.0,
        "country": "AU"
    },
    {
        "title": "Scream",
        "date_x": "02/13/1997 ",
        "score": 74.0,
        "genre": [
            "Crime",
            "Horror",
            "Mystery"
        ],
        "overview": "After a series of mysterious deaths befalls their small town, an offbeat group of friends become the target of a masked killer.",
        "actors": [
            "David Arquette",
            "Dewey Riley",
            "Neve Campbell",
            "Sidney Prescott",
            "Courteney Cox",
            "Gale Weathers",
            "Rose McGowan",
            "Tatum Riley",
            "Matthew Lillard",
            "Stu Macher",
            "Skeet Ulrich",
            "Billy Loomis",
            "Jamie Kennedy",
            "Randy Meeks",
            "W. Earl Brown",
            "Kenny Brown",
            "Liev Schreiber",
            "Cotton Weary"
        ],
        "orig_title": "Scream",
        "status": " Released",
        "orig_lang": " English",
        "budget_x": 15000000.0,
        "revenue": 173046640.0,
        "country": "AU"
    },
    {
        "title": "Frozen II",
        "date_x": "12/28/2019 ",
        "score": 73.0,
        "genre": [
            "Family",
            "Animation",
            "Adventure",
            "Comedy",
            "Fantasy"
        ],
        "overview": "Elsa, Anna, Kristoff and Olaf head far into the forest to learn the truth about an ancient mystery of their kingdom.",
        "actors": [
            "Idina Menzel",
            "Elsa (voice)",
            "Kristen Bell",
            "Anna (voice)",
            "Josh Gad",
            "Olaf (voice)",
            "Jonathan Groff",
            "Kristoff (voice)",
            "Sterling K. Brown",
            "Mattias (voice)",
            "Evan Rachel Wood",
            "Iduna (voice)",
            "Alfred Molina",
            "Agnarr (voice)",
            "Martha Plimpton",
            "Yelena (voice)",
            "Jason Ritter",
            "Ryder (voice)"
        ],
        "orig_title": "Frozen II",
        "status": " Released",
        "orig_lang": " English",
        "budget_x": 150000000.0,
        "revenue": 1437862795.0,
        "country": "AU"
    },
    {
        "title": "Shrek the Third",
        "date_x": "06/07/2007 ",
        "score": 63.0,
        "genre": [
            "Fantasy",
            "Adventure",
            "Animation",
            "Comedy",
            "Family"
        ],
        "overview": "The King of Far Far Away has died and Shrek and Fiona are to become King & Queen. However, Shrek wants to return to his cozy swamp and live in peace and quiet, so when he finds out there is another heir to the throne, they set off to bring him back to rule the kingdom.",
        "actors": [
            "Mike Myers",
            "Shrek (voice)",
            "Eddie Murphy",
            "Donkey (voice)",
            "Cameron Diaz",
            "Princess Fiona (voice)",
            "Antonio Banderas",
            "Puss in Boots (voice)",
            "Julie Andrews",
            "Queen Lillian (voice)",
            "John Cleese",
            "King Harold (voice)",
            "Rupert Everett",
            "Prince Charming (voice)",
            "Eric Idle",
            "Merlin (voice)",
            "Justin Timberlake",
            "Prince Artie (voice)"
        ],
        "orig_title": "Shrek the Third",
        "status": " Released",
        "orig_lang": " English",
        "budget_x": 160000000.0,
        "revenue": 807330936.0,
        "country": "AU"
    },
    {
        "title": "Ratatouille",
        "date_x": "09/06/2007 ",
        "score": 78.0,
        "genre": [
            "Animation",
            "Comedy",
            "Family",
            "Fantasy"
        ],
        "overview": "Remy, a resident of Paris, appreciates good food and has quite a sophisticated palate. He would love to become a chef so he can create and enjoy culinary masterpieces to his heart's delight. The only problem is, Remy is a rat. When he winds up in the sewer beneath one of Paris' finest restaurants, the rodent gourmet finds himself ideally placed to realize his dream.",
        "actors": [
            "Patton Oswalt",
            "Remy (voice)",
            "Ian Holm",
            "Skinner (voice)",
            "Lou Romano",
            "Linguini (voice)",
            "Brian Dennehy",
            "Django (voice)",
            "Peter Sohn",
            "Emile (voice)",
            "Peter O'Toole",
            "Anton Ego (voice)",
            "Brad Garrett",
            "Auguste Gusteau (voice)",
            "Janeane Garofalo",
            "Colette (voice)",
            "Will Arnett",
            "Horst (voice)"
        ],
        "orig_title": "Ratatouille",
        "status": " Released",
        "orig_lang": " English",
        "budget_x": 150000000.0,
        "revenue": 626549695.0,
        "country": "AU"
    },
    {
        "title": "Maneater",
        "date_x": "08/26/2022 ",
        "score": 49.0,
        "genre": [
            "Mystery",
            "Thriller",
            "Horror"
        ],
        "overview": "A group of friends on vacation in a seeming island paradise are stalked by an unrelenting great white after an accident leaves them stranded and left for dead.",
        "actors": [
            "Nicky Whelan",
            "Jessie Quilan",
            "Trace Adkins",
            "Harlan Burke",
            "Jeff Fahey",
            "Professor Sam Hoffman",
            "Shane West",
            "Will Coulter",
            "Branscombe Richmond",
            "Sheriff Kua",
            "Porscha Coleman",
            "Sunny",
            "Kim DeLonghi",
            "Beth",
            "Zoe Cipres",
            "Emma",
            "Kelly Lynn Reiter",
            "Brianna"
        ],
        "orig_title": "Maneater",
        "status": " Released",
        "orig_lang": " English",
        "budget_x": 132800000.0,
        "revenue": 660707570.8,
        "country": "US"
    },
    {
        "title": "Raya and the Last Dragon",
        "date_x": "03/04/2021 ",
        "score": 79.0,
        "genre": [
            "Animation",
            "Family",
            "Fantasy",
            "Action",
            "Adventure"
        ],
        "overview": "Long ago, in the fantasy world of Kumandra, humans and dragons lived together in harmony. But when an evil force threatened the land, the dragons sacrificed themselves to save humanity. Now, 500 years later, that same evil has returned and it’s up to a lone warrior, Raya, to track down the legendary last dragon to restore the fractured land and its divided people.",
        "actors": [
            "Kelly Marie Tran",
            "Raya (voice)",
            "Awkwafina",
            "Sisu (voice)",
            "Izaac Wang",
            "Boun (voice)",
            "Gemma Chan",
            "Namaari (voice)",
            "Daniel Dae Kim",
            "Benja (voice)",
            "Benedict Wong",
            "Tong (voice)",
            "Jona Xiao",
            "Young Namaari (voice)",
            "Sandra Oh",
            "Virana (voice)",
            "Thalia Tran",
            "Little Noi (voice)"
        ],
        "orig_title": "Raya and the Last Dragon",
        "status": " Released",
        "orig_lang": " English",
        "budget_x": 100000000.0,
        "revenue": 130423032.0,
        "country": "AU"
    },
    {
        "title": "Slumberland",
        "date_x": "11/18/2022 ",
        "score": 75.0,
        "genre": [
            "Family",
            "Fantasy"
        ],
        "overview": "A young girl discovers a secret map to the dreamworld of Slumberland, and with the help of an eccentric outlaw, she traverses dreams and flees nightmares, with the hope that she will be able to see her late father again.",
        "actors": [
            "Jason Momoa",
            "Flip the Creature",
            "Marlow Barkley",
            "Nemo",
            "Chris O'Dowd",
            "Phillip",
            "Kyle Chandler",
            "Peter",
            "Weruche Opia",
            "Agent Green",
            "India de Beaufort",
            "Ms. Arya",
            "Humberly Gonzalez",
            "Graciela",
            "Cameron Nicoll",
            "Young Philip",
            "Antonio Raine Pastore",
            "Young Peter"
        ],
        "orig_title": "Slumberland",
        "status": " Released",
        "orig_lang": " English",
        "budget_x": 35000000.0,
        "revenue": 374600744.4,
        "country": "AU"
    },
    {
        "title": "PAW Patrol: The Movie",
        "date_x": "08/21/2021 ",
        "score": 75.0,
        "genre": [
            "Animation",
            "Family",
            "Adventure",
            "Comedy"
        ],
        "overview": "Ryder and the pups are called to Adventure City to stop Mayor Humdinger from turning the bustling metropolis into a state of chaos.",
        "actors": [
            "Iain Armitage",
            "Chase (voice)",
            "Lilly Bartlam",
            "Skye (voice)",
            "Will Brisbin",
            "Ryder (voice)",
            "Ron Pardo",
            "Humdinger / Turbot (voice)",
            "Marsai Martin",
            "Liberty (voice)",
            "Yara Shahidi",
            "Kendra Wilson (voice)",
            "Kim Kardashian",
            "Delores (voice)",
            "Randall Park",
            "Butch (voice)",
            "Dax Shepard",
            "Ruben (voice)"
        ],
        "orig_title": "PAW Patrol: The Movie",
        "status": " Released",
        "orig_lang": " English",
        "budget_x": 26000000.0,
        "revenue": 144327371.0,
        "country": "AU"
    },
    {
        "title": "Deadpool",
        "date_x": "02/11/2016 ",
        "score": 76.0,
        "genre": [
            "Action",
            "Adventure",
            "Comedy"
        ],
        "overview": "The origin story of former Special Forces operative turned mercenary Wade Wilson, who, after being subjected to a rogue experiment that leaves him with accelerated healing powers, adopts the alter ego Deadpool. Armed with his new abilities and a dark, twisted sense of humor, Deadpool hunts down the man who nearly destroyed his life.",
        "actors": [
            "Ryan Reynolds",
            "Wade Wilson / Deadpool",
            "Morena Baccarin",
            "Vanessa",
            "Ed Skrein",
            "Ajax",
            "T.J. Miller",
            "Weasel",
            "Gina Carano",
            "Angel Dust",
            "Leslie Uggams",
            "Blind Al",
            "Brianna Hildebrand",
            "Negasonic Teenage Warhead",
            "Karan Soni",
            "Dopinder",
            "Jed Rees",
            "Recruiter"
        ],
        "orig_title": "Deadpool",
        "status": " Released",
        "orig_lang": " English",
        "budget_x": 58000000.0,
        "revenue": 781947691.0,
        "country": "AU"
    },
    {
        "title": "The Good Dinosaur",
        "date_x": "01/01/2016 ",
        "score": 68.0,
        "genre": [
            "Adventure",
            "Animation",
            "Family"
        ],
        "overview": "An epic journey into the world of dinosaurs where an Apatosaurus named Arlo makes an unlikely human friend.",
        "actors": [
            "Frances McDormand",
            "Momma (voice)",
            "Raymond Ochoa",
            "Arlo (voice)",
            "Jeffrey Wright",
            "Poppa (voice)",
            "Steve Zahn",
            "Thunderclap (voice)",
            "Sam Elliott",
            "Butch (voice)",
            "Anna Paquin",
            "Ramsey (voice)",
            "John Ratzenberger",
            "Earl (voice)",
            "A.J. Buckley",
            "Nash (voice)",
            "Marcus Scribner",
            "Buck (voice)"
        ],
        "orig_title": "The Good Dinosaur",
        "status": " Released",
        "orig_lang": " English",
        "budget_x": 187500000.0,
        "revenue": 333771037.0,
        "country": "AU"
    }
]