[
    {
        "title": "The Takeover",
        "date_x": "11/01/2022 ",
        "score": 59.0,
        "genre": [
            "Crime"
        ],
        "overview": "Self-proclaimed ethical hacker Mel Bandison's life is turned upside down when she stops a data breach on a high-tech self-driving bus that also happens to shut down an international criminal network. She then becomes a target and is framed with a deepfake video that “shows” that she murders someone.",
        "actors": [
            "Holly Mae Brood",
            "Mel Bandison",
            "Géza Weisz",
            "Thomas Deen",
            "Susan Radder",
            "Roos",
            "Frank Lammers",
            "Buddy",
            "Noortje Herlaar",
            "Linde van Erp",
            "Walid Benmbarek",
            "Idriss",
            "Lawrence Sheldon",
            "Rogers",
            "Jenny Hsia",
            "Teamlid",
            "Faye Kimmijser",
            "Young Mel"
        ],
        "orig_title": "The Takeover",
        "status": " Released",
        "orig_lang": " Dutch, Flemish",
        "budget_x": 121000000.0,
        "revenue": 466223042.0,
        "country": "NL"
    },
    {
        "title": "Venom",
        "date_x": "09/28/2018 ",
        "score": 68.0,
        "genre": [
            "Science Fiction",
            "Action"
        ],
        "overview": "Investigative journalist Eddie Brock attempts a comeback following a scandal, but accidentally becomes the host of Venom, a violent, super powerful alien symbiote. Soon, he must rely on his newfound powers to protect the world from a shadowy organization looking for a symbiote of their own.",
        "actors": [
            "Tom Hardy",
            "Eddie Brock / Venom",
            "Michelle Williams",
            "Anne Weying",
            "Riz Ahmed",
            "Carlton Drake / Riot",
            "Scott Haze",
            "Security Chief Roland Treece",
            "Reid Scott",
            "Dr. Dan Lewis",
            "Jenny Slate",
            "Dr. Dora Skirth",
            "Melora Walters",
            "Homeless Woman Maria",
            "Woody Harrelson",
            "Cletus Kasady / Carnage",
            "Peggy Lu",
            "Mrs. Chen"
        ],
        "orig_title": "Venom",
        "status": " Released",
        "orig_lang": " English",
        "budget_x": 116000000.0,
        "revenue": 856081053.0,
        "country": "AU"
    },
    {
        "title": "Venom",
        "date_x": "09/28/2018 ",
        "score": 68.0,
        "genre": [
            "Science Fiction",
            "Action"
        ],
        "overview": "Investigative journalist Eddie Brock attempts a comeback following a scandal, but accidentally becomes the host of Venom, a violent, super powerful alien symbiote. Soon, he must rely on his newfound powers to protect the world from a shadowy organization looking for a symbiote of their own.",
        "actors": [
            "Tom Hardy",
            "Eddie Brock / Venom",
            "Michelle Williams",
            "Anne Weying",
            "Riz Ahmed",
            "Carlton Drake / Riot",
            "Scott Haze",
            "Security Chief Roland Treece",
            "Reid Scott",
            "Dr. Dan Lewis",
            "Jenny Slate",
            "Dr. Dora Skirth",
            "Melora Walters",
            "Homeless Woman Maria",
            "Woody Harrelson",
            "Cletus Kasady / Carnage",
            "Peggy Lu",
            "Mrs. Chen"
        ],
        "orig_title": "Venom",
        "status": " Released",
        "orig_lang": " English",
        "budget_x": 25000000.0,
        "revenue": 881745.0,
        "country": "AU"
    },
    {
        "title": "Catch Me If You Can",
        "date_x": "01/09/2003 ",
        "score": 80.0,
        "genre": [
            "Drama",
            "Crime"
        ],
        "overview": "A true story about Frank Abagnale Jr. who, before his 19th birthday, successfully conned millions of dollars worth of checks as a Pan Am pilot, doctor, and legal prosecutor. An FBI agent makes it his mission to put him behind bars. But Frank not only eludes capture, he revels in the pursuit.",
        "actors": [
            "Leonardo DiCaprio",
            "Frank Abagnale Jr.",
            "Tom Hanks",
            "Carl Hanratty",
            "Christopher Walken",
            "Frank Abagnale",
            "Martin Sheen",
            "Roger Strong",
            "Nathalie Baye",
            "Paula Abagnale",
            "Amy Adams",
            "Brenda Strong",
            "James Brolin",
            "Jack Barnes",
            "Jennifer Garner",
            "Cheryl Ann",
            "Chris Ellis",
            "Special Agent Witkins"
        ],
        "orig_title": "Catch Me If You Can",
        "status": " Released",
        "orig_lang": " English",
        "budget_x": 52000000.0,
        "revenue": 352114312.0,
        "country": "AU"
    },
    {
        "title": "The Lord of the Rings: The Two Towers",
        "date_x": "12/26/2002 ",
        "score": 84.0,
        "genre": [
            "Adventure",
            "Fantasy",
            "Action"
        ],
        "overview": "Frodo and Sam are trekking to Mordor to destroy the One Ring of Power while Gimli, Legolas and Aragorn search for the orc-captured Merry and Pippin. All along, nefarious wizard Saruman awaits the Fellowship members at the Orthanc Tower in Isengard.",
        "actors": [
            "Elijah Wood",
            "Frodo",
            "Ian McKellen",
            "Gandalf",
            "Liv Tyler",
            "Arwen",
            "Viggo Mortensen",
            "Aragorn",
            "Sean Astin",
            "Sam",
            "Andy Serkis",
            "Gollum",
            "Cate Blanchett",
            "Galadriel",
            "John Rhys-Davies",
            "Gimli / Treebeard (voice)",
            "Bernard Hill",
            "Théoden"
        ],
        "orig_title": "The Lord of the Rings: The Two Towers",
        "status": " Released",
        "orig_lang": " English",
        "budget_x": 94000000.0,
        "revenue": 919148764.0,
        "country": "AU"
    },
    {
        "title": "Mari(dos)",
        "date_x": "03/10/2023 ",
        "score": 38.0,
        "genre": [
            "Comedy"
        ],
        "overview": "Emilio and Tono both receive phone calls that their wives are in comas after a ski-resort avalanche. At the hospital desk, they make a shocking discovery: their wives are, in fact, the same person … Laura. Forced to wait together until Laura regains consciousness, Emilio and Toni battle to prove who is her one and only true husband.",
        "actors": [
            "Paco León",
            "Toni",
            "Ernesto Alterio",
            "Emilio",
            "Celia Freijeiro",
            "Laura",
            "Raúl Cimas",
            ""
        ],
        "orig_title": "Mari(dos)",
        "status": " Released",
        "orig_lang": " Spanish, Castilian",
        "budget_x": 64500000.0,
        "revenue": 385960548.2,
        "country": "ES"
    },
    {
        "title": "Through My Window",
        "date_x": "02/04/2022 ",
        "score": 74.0,
        "genre": [
            "Drama",
            "Romance"
        ],
        "overview": "Raquel's longtime crush on her next-door neighbor turns into something more when he starts developing feelings for her, despite his family's objections.",
        "actors": [
            "Clara Galle",
            "Raquel",
            "Julio Peña",
            "Ares",
            "Natalia Azahara",
            "Daniela",
            "Eric Masip",
            "Artemis",
            "Guillermo Lasheras",
            "Yoshi",
            "Hugo Arbues",
            "Apolo",
            "Pilar Castro",
            "Rosa María",
            "Rachel Lascar",
            "Sofía Hidalgo",
            "Emilia Lazo",
            "Claudia"
        ],
        "orig_title": " A través de mi ventana",
        "status": " Released",
        "orig_lang": " Spanish, Castilian",
        "budget_x": 85000000.0,
        "revenue": 645835675.2,
        "country": "ES"
    },
    {
        "title": "Decision to Leave",
        "date_x": "10/20/2022 ",
        "score": 74.0,
        "genre": [
            "Crime",
            "Drama",
            "Mystery",
            "Romance"
        ],
        "overview": "From a mountain peak in South Korea, a man plummets to his death. Did he jump, or was he pushed? When detective Hae-joon arrives on the scene, he begins to suspect the dead man’s wife Seo-rae. But as he digs deeper into the investigation, he finds himself trapped in a web of deception and desire.",
        "actors": [
            "Tang Wei",
            "Seo-rae",
            "Park Hae-il",
            "Hae-joon",
            "Lee Jung-hyun",
            "Jung-an",
            "Park Yong-woo",
            "Lim Ho-shin",
            "Go Kyung-pyo",
            "Soo-wan",
            "Kim Shin-young",
            "Yeon-su",
            "Yoo Seung-mok",
            "Ki Do-soo",
            "Jung Yi-seo",
            "Mi-ji",
            "Jung Young-sook",
            "Monday Granny"
        ],
        "orig_title": " 헤어질 결심",
        "status": " Released",
        "orig_lang": " Korean",
        "budget_x": 6993600.0,
        "revenue": 16914773.0,
        "country": "AU"
    },
    {
        "title": "Dead for a Dollar",
        "date_x": "09/30/2022 ",
        "score": 57.0,
        "genre": [
            "Western",
            "Thriller"
        ],
        "overview": "In 1897, veteran bounty hunter Max Borlund is deep into Mexico where he encounters professional gambler and outlaw Joe Cribbens — a sworn enemy he sent to prison years before. Max is on a mission to find and return Rachel Kidd, the wife of a wealthy businessman, who as the story is told to Max, has been abducted by Buffalo Soldier Elijah Jones. Max is ultimately faced with a showdown to save honor.",
        "actors": [
            "Christoph Waltz",
            "Max Borlund",
            "Willem Dafoe",
            "Joe Cribbens",
            "Rachel Brosnahan",
            "Rachel Kidd",
            "Hamish Linklater",
            "Martin Kidd",
            "Benjamin Bratt",
            "Tiberio Vargas",
            "Guy Burnet",
            "English Bill",
            "Brandon Scott",
            "Elijah Jones",
            "Scott Peat",
            "Jack Tyree",
            "Warren Burke",
            "Sergeant Poe"
        ],
        "orig_title": "Dead for a Dollar",
        "status": " Released",
        "orig_lang": " English",
        "budget_x": 134600000.0,
        "revenue": 409636263.0,
        "country": "US"
    },
    {
        "title": "X-Men: Apocalypse",
        "date_x": "05/19/2016 ",
        "score": 65.0,
        "genre": [
            "Action",
            "Adventure",
            "Science Fiction",
            "Fantasy"
        ],
        "overview": "After the re-emergence of the world's first mutant, world-destroyer Apocalypse, the X-Men must unite to defeat his extinction level plan.",
        "actors": [
            "James McAvoy",
            "Charles Xavier / Professor X",
            "Jennifer Lawrence",
            "Raven Darkholme / Mystique",
            "Michael Fassbender",
            "Erik Lehnsherr / Magneto",
            "Oscar Isaac",
            "En Sabah Nur / Apocalypse",
            "Nicholas Hoult",
            "Hank McCoy / Beast",
            "Rose Byrne",
            "Moira MacTaggert",
            "Tye Sheridan",
            "Scott Summers / Cyclops",
            "Sophie Turner",
            "Jean Grey",
            "Evan Peters",
            "Peter Maximoff / Quicksilver"
        ],
        "orig_title": "X-Men: Apocalypse",
        "status": " Released",
        "orig_lang": " English",
        "budget_x": 178000000.0,
        "revenue": 542537546.0,
        "country": "AU"
    },
    {
        "title": "No Time to Die",
        "date_x": "11/11/2021 ",
        "score": 74.0,
        "genre": [
            "Adventure",
            "Action",
            "Thriller"
        ],
        "overview": "Bond has left active service and is enjoying a tranquil life in Jamaica. His peace is short-lived when his old friend Felix Leiter from the CIA turns up asking for help. The mission to rescue a kidnapped scientist turns out to be far more treacherous than expected, leading Bond onto the trail of a mysterious villain armed with dangerous new technology.",
        "actors": [
            "Daniel Craig",
            "James Bond",
            "Rami Malek",
            "Lyutsifer Safin",
            "Léa Seydoux",
            "Dr. Madeleine Swann",
            "Lashana Lynch",
            "Nomi",
            "Ralph Fiennes",
            "M",
            "Ben Whishaw",
            "Q",
            "Naomie Harris",
            "Eve Moneypenny",
            "Rory Kinnear",
            "Bill Tanner",
            "Jeffrey Wright",
            "Felix Leiter"
        ],
        "orig_title": "No Time to Die",
        "status": " Released",
        "orig_lang": " English",
        "budget_x": 250000000.0,
        "revenue": 759959662.0,
        "country": "AU"
    },
    {
        "title": "Extraction",
        "date_x": "04/24/2020 ",
        "score": 73.0,
        "genre": [
            "Drama",
            "Action",
            "Thriller"
        ],
        "overview": "Tyler Rake, a fearless mercenary who offers his services on the black market, embarks on a dangerous mission when he is hired to rescue the kidnapped son of a Mumbai crime lord.",
        "actors": [
            "Chris Hemsworth",
            "Tyler Rake",
            "Rudhraksh Jaiswal",
            "Ovi Mahajan",
            "Randeep Hooda",
            "Saju",
            "Golshifteh Farahani",
            "Nik Khan",
            "Pankaj Tripathi",
            "Ovi Mahajan Sr.",
            "David Harbour",
            "Gaspar",
            "Bryon Lerum",
            "Rake's Son",
            "Ryder Lerum",
            "Rake's Son",
            "Shivam Vichare",
            "Sachin"
        ],
        "orig_title": "Extraction",
        "status": " Released",
        "orig_lang": " English",
        "budget_x": 65000000.0,
        "revenue": 0.0,
        "country": "AU"
    },
    {
        "title": "A Trip to Infinity",
        "date_x": "09/26/2022 ",
        "score": 73.0,
        "genre": [
            "Documentary"
        ],
        "overview": "Does infinity exist? Can we experience the Infinite? In an animated film (created by artists from 10 countries) the world's most cutting-edge scientists and mathematicians go in search of the infinite and its mind-bending implications for the universe.  Eminent mathematicians, particle physicists and cosmologists dive into infinity and its mind-bending implications for the universe.",
        "actors": [
            "Anthony Aguirre",
            "Self",
            "Stephon Alexander",
            "Self",
            "Eugenia Cheng",
            "Self",
            "Moon Duchin",
            "Self",
            "Kenny Easwaran",
            "Self",
            "Delilah Gates",
            "Self",
            "Rebecca Goldstein",
            "Self",
            "Brian Greene",
            "Self",
            "Janna Levin",
            "Self"
        ],
        "orig_title": "A Trip to Infinity",
        "status": " Released",
        "orig_lang": " English",
        "budget_x": 53600000.0,
        "revenue": 682429959.6,
        "country": "US"
    },
    {
        "title": "Alita: Battle Angel",
        "date_x": "02/14/2019 ",
        "score": 72.0,
        "genre": [
            "Action",
            "Science Fiction",
            "Adventure"
        ],
        "overview": "When Alita awakens with no memory of who she is in a future world she does not recognize, she is taken in by Ido, a compassionate doctor who realizes that somewhere in this abandoned cyborg shell is the heart and soul of a young woman with an extraordinary past.",
        "actors": [
            "Rosa Salazar",
            "Alita",
            "Christoph Waltz",
            "Dr. Dyson Ido",
            "Jennifer Connelly",
            "Chiren",
            "Mahershala Ali",
            "Vector",
            "Ed Skrein",
            "Zapan",
            "Jackie Earle Haley",
            "Grewishka",
            "Keean Johnson",
            "Hugo",
            "Lana Condor",
            "Koyomi",
            "Jorge Lendeborg Jr.",
            "Tanji"
        ],
        "orig_title": "Alita: Battle Angel",
        "status": " Released",
        "orig_lang": " English",
        "budget_x": 170000000.0,
        "revenue": 401900040.0,
        "country": "AU"
    },
    {
        "title": "Brave",
        "date_x": "06/21/2012 ",
        "score": 70.0,
        "genre": [
            "Animation",
            "Adventure",
            "Comedy",
            "Family",
            "Action",
            "Fantasy"
        ],
        "overview": "Brave is set in the mystical Scottish Highlands, where Mérida is the princess of a kingdom ruled by King Fergus and Queen Elinor. An unruly daughter and an accomplished archer, Mérida one day defies a sacred custom of the land and inadvertently brings turmoil to the kingdom. In an attempt to set things right, Mérida seeks out an eccentric old Wise Woman and is granted an ill-fated wish. Also figuring into Mérida’s quest — and serving as comic relief — are the kingdom’s three lords: the enormous Lord MacGuffin, the surly Lord Macintosh, and the disagreeable Lord Dingwall.",
        "actors": [
            "Kelly Macdonald",
            "Merida (voice)",
            "Billy Connolly",
            "Fergus (voice)",
            "Emma Thompson",
            "Elinor (voice)",
            "Julie Walters",
            "The Witch (voice)",
            "Robbie Coltrane",
            "Lord Dingwall (voice)",
            "Kevin McKidd",
            "Lord MacGuffin / Young MacGuffin (voice)",
            "Craig Ferguson",
            "Lord MacIntosh (voice)",
            "Sally Kinghorn",
            "Maudie (voice)",
            "Eilidh Fraser",
            "Maudie (voice)"
        ],
        "orig_title": "Brave",
        "status": " Released",
        "orig_lang": " English",
        "budget_x": 185000000.0,
        "revenue": 554606532.0,
        "country": "AU"
    },
    {
        "title": "Monsters University",
        "date_x": "07/11/2013 ",
        "score": 70.0,
        "genre": [
            "Animation",
            "Family"
        ],
        "overview": "A look at the relationship between Mike and Sulley during their days at Monsters University — when they weren't necessarily the best of friends.",
        "actors": [
            "Billy Crystal",
            "Mike Wazowski (voice)",
            "John Goodman",
            "James 'Sulley' Sullivan (voice)",
            "Steve Buscemi",
            "Randall Boggs (voice)",
            "Helen Mirren",
            "Dean Hardscrabble (voice)",
            "Peter Sohn",
            "Scott 'Squishy' Squibbles (voice)",
            "Joel Murray",
            "Don Carlton (voice)",
            "Sean Hayes",
            "Terri Perry (voice)",
            "Dave Foley",
            "Terry Perry (voice)",
            "Charlie Day",
            "Art (voice)"
        ],
        "orig_title": "Monsters University",
        "status": " Released",
        "orig_lang": " English",
        "budget_x": 200000000.0,
        "revenue": 743455810.0,
        "country": "AU"
    },
    {
        "title": "Iron Man",
        "date_x": "05/01/2008 ",
        "score": 76.0,
        "genre": [
            "Action",
            "Science Fiction",
            "Adventure"
        ],
        "overview": "After being held captive in an Afghan cave, billionaire engineer Tony Stark creates a unique weaponized suit of armor to fight evil.",
        "actors": [
            "Robert Downey Jr.",
            "Tony Stark / Iron Man",
            "Terrence Howard",
            "James 'Rhodey' Rhodes",
            "Jeff Bridges",
            "Obadiah Stane / Iron Monger",
            "Gwyneth Paltrow",
            "Virginia 'Pepper' Potts",
            "Leslie Bibb",
            "Christine Everhart",
            "Bill Smitrovich",
            "General Gabriel",
            "Paul Bettany",
            "J.A.R.V.I.S. (voice)",
            "Jon Favreau",
            "Harold 'Happy' Hogan",
            "Shaun Toub",
            "Yinsen"
        ],
        "orig_title": "Iron Man",
        "status": " Released",
        "orig_lang": " English",
        "budget_x": 186000000.0,
        "revenue": 585171547.0,
        "country": "AU"
    },
    {
        "title": "Snow White and the Seven Dwarfs",
        "date_x": "06/02/1938 ",
        "score": 71.0,
        "genre": [
            "Fantasy",
            "Animation",
            "Family"
        ],
        "overview": "A beautiful girl, Snow White, takes refuge in the forest in the house of seven dwarfs to hide from her stepmother, the wicked Queen. The Queen is jealous because she wants to be known as \"the fairest in the land,\" and Snow White's beauty surpasses her own.",
        "actors": [
            "Adriana Caselotti",
            "Snow White (voice) (uncredited)",
            "Lucille La Verne",
            "Queen / Witch (voice) (uncredited)",
            "Harry Stockwell",
            "Prince (voice) (uncredited)",
            "Roy Atwell",
            "Doc (voice) (uncredited)",
            "Pinto Colvig",
            "Sleepy / Grumpy / Dopey (hiccups) (voice) (uncredited)",
            "Otis Harlan",
            "Happy (voice) (uncredited)",
            "Scotty Mattraw",
            "Bashful (voice) (uncredited)",
            "Billy Gilbert",
            "Sneezy (voice) (uncredited)",
            "Eddie Collins",
            "Dopey / Chipmunk and Squirrel Sneezes (voice) (uncredited)"
        ],
        "orig_title": "Snow White and the Seven Dwarfs",
        "status": " Released",
        "orig_lang": " English",
        "budget_x": 1488000.0,
        "revenue": 184925486.0,
        "country": "AU"
    },
    {
        "title": "The Curse of La Llorona",
        "date_x": "04/18/2019 ",
        "score": 57.0,
        "genre": [
            "Horror",
            "Mystery",
            "Thriller"
        ],
        "overview": "A social worker dealing with the disappearance of two children fears for her own family after beginning the investigation.",
        "actors": [
            "Linda Cardellini",
            "Anna Tate-Garcia",
            "Raymond Cruz",
            "Rafael Olvera",
            "Patricia Velásquez",
            "Patricia Alvarez",
            "Roman Christou",
            "Chris Garcia",
            "Jaynee-Lynne Kinchen",
            "Samantha Garcia",
            "Marisol Ramirez",
            "La Llorona",
            "Sean Patrick Thomas",
            "Detective Cooper",
            "Tony Amendola",
            "Father Perez",
            "Oliver Alexander",
            "Carlos"
        ],
        "orig_title": "The Curse of La Llorona",
        "status": " Released",
        "orig_lang": " English",
        "budget_x": 9000000.0,
        "revenue": 123133739.0,
        "country": "AU"
    },
    {
        "title": "Teenage Mutant Ninja Turtles",
        "date_x": "09/11/2014 ",
        "score": 59.0,
        "genre": [
            "Science Fiction",
            "Action",
            "Adventure",
            "Comedy"
        ],
        "overview": "When a kingpin threatens New York City, a group of mutated turtle warriors must emerge from the shadows to protect their home.",
        "actors": [
            "Megan Fox",
            "April O'Neil",
            "Will Arnett",
            "Vernon Fenwick",
            "William Fichtner",
            "Eric Sacks",
            "Johnny Knoxville",
            "Leonardo (voice)",
            "Pete Ploszek",
            "Leonardo",
            "Jeremy Howard",
            "Donatello",
            "Alan Ritchson",
            "Raphael",
            "Noel Fisher",
            "Michelangelo",
            "Tony Shalhoub",
            "Splinter (voice)"
        ],
        "orig_title": "Teenage Mutant Ninja Turtles",
        "status": " Released",
        "orig_lang": " English",
        "budget_x": 125000000.0,
        "revenue": 485004754.0,
        "country": "AU"
    },
    {
        "title": "Teenage Mutant Ninja Turtles",
        "date_x": "09/11/2014 ",
        "score": 59.0,
        "genre": [
            "Science Fiction",
            "Action",
            "Adventure",
            "Comedy"
        ],
        "overview": "When a kingpin threatens New York City, a group of mutated turtle warriors must emerge from the shadows to protect their home.",
        "actors": [
            "Megan Fox",
            "April O'Neil",
            "Will Arnett",
            "Vernon Fenwick",
            "William Fichtner",
            "Eric Sacks",
            "Johnny Knoxville",
            "Leonardo (voice)",
            "Pete Ploszek",
            "Leonardo",
            "Jeremy Howard",
            "Donatello",
            "Alan Ritchson",
            "Raphael",
            "Noel Fisher",
            "Michelangelo",
            "Tony Shalhoub",
            "Splinter (voice)"
        ],
        "orig_title": "Teenage Mutant Ninja Turtles",
        "status": " Released",
        "orig_lang": " English",
        "budget_x": 13500000.0,
        "revenue": 202000000.0,
        "country": "AU"
    },
    {
        "title": "Constantine: The House of Mystery",
        "date_x": "05/03/2022 ",
        "score": 70.0,
        "genre": [
            "Animation",
            "Action",
            "Adventure",
            "Horror"
        ],
        "overview": "John Constantine wakes up in the eerie House of Mystery with no recollection of how he got there. Fortunately, Zatanna and his friends are all there. Unfortunately, they have a bad habit of turning into demons and ripping him to shreds, over and over again!",
        "actors": [
            "Matt Ryan",
            "John Constantine (voice)",
            "Ray Chase",
            "Jason Blood / Etrigan / Ritchie (voice)",
            "Robin Atkin Downes",
            "Gary Lester / Negral (voice)",
            "Camilla Luddington",
            "Zatanna (voice)",
            "Damian O'Hare",
            "Ashox / Chas (voice)",
            "Grey DeLisle",
            "Beelzebub / Little Della / Little Jack (voice)",
            "Lou Diamond Phillips",
            "Spectre (voice)"
        ],
        "orig_title": "Constantine: The House of Mystery",
        "status": " Released",
        "orig_lang": " English",
        "budget_x": 146400000.0,
        "revenue": 638963437.4,
        "country": "US"
    },
    {
        "title": "The Hobbit: An Unexpected Journey",
        "date_x": "12/26/2012 ",
        "score": 73.0,
        "genre": [
            "Adventure",
            "Fantasy",
            "Action"
        ],
        "overview": "Bilbo Baggins, a hobbit enjoying his quiet life, is swept into an epic quest by Gandalf the Grey and thirteen dwarves who seek to reclaim their mountain home from Smaug, the dragon.",
        "actors": [
            "Ian McKellen",
            "Gandalf",
            "Martin Freeman",
            "Bilbo Baggins",
            "Richard Armitage",
            "Thorin",
            "Graham McTavish",
            "Dwalin",
            "Aidan Turner",
            "Kili",
            "Ken Stott",
            "Balin",
            "Dean O'Gorman",
            "Fili",
            "James Nesbitt",
            "Bofur",
            "Mark Hadlow",
            "Dori / Bert Troll"
        ],
        "orig_title": "The Hobbit: An Unexpected Journey",
        "status": " Released",
        "orig_lang": " English",
        "budget_x": 200000000.0,
        "revenue": 1014938545.0,
        "country": "AU"
    },
    {
        "title": "Kimi",
        "date_x": "02/10/2022 ",
        "score": 63.0,
        "genre": [
            "Thriller"
        ],
        "overview": "A tech worker with agoraphobia discovers recorded evidence of a violent crime but is met with resistance when she tries to report it. Seeking justice, she must do the thing she fears the most: leave her apartment.",
        "actors": [
            "Zoë Kravitz",
            "Angela Childs",
            "Byron Bowers",
            "Terry Hughes",
            "Jaime Camil",
            "Antonio Rivas",
            "Erika Christensen",
            "Samantha Gerrity",
            "Derek DelGaudio",
            "Bradley Hasling",
            "Robin Givens",
            "Angela's Mother",
            "Charles Halford",
            "Tall Thug",
            "Devin Ratray",
            "Kevin",
            "Jacob Vargas",
            "Glasses Thug"
        ],
        "orig_title": "Kimi",
        "status": " Released",
        "orig_lang": " English",
        "budget_x": 3500000.0,
        "revenue": 192301839.8,
        "country": "US"
    },
    {
        "title": "Spider-Man: Far From Home",
        "date_x": "07/01/2019 ",
        "score": 75.0,
        "genre": [
            "Action",
            "Adventure",
            "Science Fiction"
        ],
        "overview": "Peter Parker and his friends go on a summer trip to Europe. However, they will hardly be able to rest - Peter will have to agree to help Nick Fury uncover the mystery of creatures that cause natural disasters and destruction throughout the continent.",
        "actors": [
            "Tom Holland",
            "Peter Parker / Spider-Man",
            "Samuel L. Jackson",
            "Nick Fury",
            "Jake Gyllenhaal",
            "Quentin Beck / Mysterio",
            "Marisa Tomei",
            "May Parker",
            "Jon Favreau",
            "Harold 'Happy' Hogan",
            "Zendaya",
            "Michelle 'MJ' Jones",
            "Jacob Batalon",
            "Ned Leeds",
            "Tony Revolori",
            "Eugene 'Flash' Thompson",
            "Angourie Rice",
            "Betty Brant"
        ],
        "orig_title": "Spider-Man: Far From Home",
        "status": " Released",
        "orig_lang": " English",
        "budget_x": 160000000.0,
        "revenue": 1132107522.0,
        "country": "AU"
    },
    {
        "title": "Cuento de Primavera-A Spring Tale",
        "date_x": "12/20/2022 ",
        "score": 81.0,
        "genre": [
            "Drama",
            "Fantasy",
            "Mystery"
        ],
        "overview": "We don't have an overview translated in English. Help us expand our database by adding one.",
        "actors": [
            ""
        ],
        "orig_title": "Cuento de Primavera-A Spring Tale",
        "status": " Released",
        "orig_lang": " Spanish, Castilian",
        "budget_x": 77600000.0,
        "revenue": 827017257.2,
        "country": "US"
    },
    {
        "title": "Finch",
        "date_x": "11/05/2021 ",
        "score": 80.0,
        "genre": [
            "Science Fiction",
            "Drama",
            "Adventure"
        ],
        "overview": "On a post-apocalyptic Earth, a robot, built to protect the life of his dying creator's beloved dog, learns about life, love, friendship, and what it means to be human.",
        "actors": [
            "Tom Hanks",
            "Finch",
            "Caleb Landry Jones",
            "Jeff (voice)",
            "Oscar Avila",
            "Truck Driver (Flashback)",
            "Lora Martinez-Cunningham",
            "Mother (Flashback)",
            "Marie Wagenman",
            "Daughter (Flashback)",
            "Emily Jones",
            "Warning System (voice)"
        ],
        "orig_title": "Finch",
        "status": " Released",
        "orig_lang": " English",
        "budget_x": 2500000.0,
        "revenue": 61416888.0,
        "country": "AU"
    },
    {
        "title": "The Hangover Part II",
        "date_x": "05/25/2011 ",
        "score": 65.0,
        "genre": [
            "Comedy"
        ],
        "overview": "The Hangover crew heads to Thailand for Stu's wedding. After the disaster of a bachelor party in Las Vegas last year, Stu is playing it safe with a mellow pre-wedding brunch. However, nothing goes as planned and Bangkok is the perfect setting for another adventure with the rowdy group.",
        "actors": [
            "Bradley Cooper",
            "Phil Wenneck",
            "Ed Helms",
            "Stu Price",
            "Zach Galifianakis",
            "Alan Garner",
            "Justin Bartha",
            "Doug Billings",
            "Ken Jeong",
            "Mr. Chow",
            "Paul Giamatti",
            "Kingsley",
            "Mike Tyson",
            "Himself",
            "Jeffrey Tambor",
            "Sid Garner",
            "Mason Lee",
            "Teddy"
        ],
        "orig_title": "The Hangover Part II",
        "status": " Released",
        "orig_lang": " English",
        "budget_x": 80000000.0,
        "revenue": 586764305.0,
        "country": "AU"
    },
    {
        "title": "The Stranger",
        "date_x": "10/06/2022 ",
        "score": 62.0,
        "genre": [
            "Thriller"
        ],
        "overview": "Two strangers strike up a conversation on a long journey. One is a suspect in an unsolved missing person’s case and the other an undercover operative on his trail. Their uneasy friendship becomes the core of this tightly wrought thriller, which is based on the true story of one of the largest investigations and undercover operations in Australia.",
        "actors": [
            "Joel Edgerton",
            "Mark",
            "Sean Harris",
            "Henry Teague",
            "Jada Alberts",
            "Detective Rylett",
            "Fletcher Humphrys",
            "Detective Ikin",
            "Mike Foenander",
            "Heavy Man",
            "Steve Mouzakis",
            "Paul",
            "Simon Elrahi",
            "Lieutenant",
            "Alan Dukes",
            "John",
            "Ewen Leslie",
            "Milliken"
        ],
        "orig_title": "The Stranger",
        "status": " Released",
        "orig_lang": " English",
        "budget_x": 73600000.0,
        "revenue": 306445940.4,
        "country": "AU"
    },
    {
        "title": "The Man from Toronto",
        "date_x": "06/24/2022 ",
        "score": 66.0,
        "genre": [
            "Action",
            "Adventure",
            "Comedy"
        ],
        "overview": "In a case of mistaken identity, the world’s deadliest assassin, known as the Man from Toronto, and a New York City screw-up are forced to team up after being confused for each other at a rental cabin.",
        "actors": [
            "Kevin Hart",
            "Teddy",
            "Woody Harrelson",
            "The Man From Toronto",
            "Kaley Cuoco",
            "Anne",
            "Jasmine Mathews",
            "Lori",
            "Lela Loren",
            "Daniela Marin",
            "Pierson Fodé",
            "The Man From Miami",
            "Jencarlos Canela",
            "Agent Santoro",
            "Ellen Barkin",
            "The Handler",
            "Ronnie Rowe",
            "Agent Davis"
        ],
        "orig_title": "The Man from Toronto",
        "status": " Released",
        "orig_lang": " English",
        "budget_x": 75000000.0,
        "revenue": 416154234.2,
        "country": "US"
    },
    {
        "title": "2012",
        "date_x": "10/23/2009 ",
        "score": 58.0,
        "genre": [
            "Action",
            "Adventure",
            "Science Fiction"
        ],
        "overview": "Dr. Adrian Helmsley, part of a worldwide geophysical team investigating the effect on the earth of radiation from unprecedented solar storms, learns that the earth's core is heating up. He warns U.S. President Thomas Wilson that the crust of the earth is becoming unstable and that without proper preparations for saving a fraction of the world's population, the entire race is doomed. Meanwhile, writer Jackson Curtis stumbles on the same information. While the world's leaders race to build \"arks\" to escape the impending cataclysm, Curtis struggles to find a way to save his family. Meanwhile, volcanic eruptions and earthquakes of unprecedented strength wreak havoc around the world.",
        "actors": [
            "John Cusack",
            "Jackson Curtis",
            "Chiwetel Ejiofor",
            "Adrian Helmsley",
            "Amanda Peet",
            "Kate Curtis",
            "Oliver Platt",
            "Carl Anheuser",
            "Thandiwe Newton",
            "Laura Wilson",
            "Tom McCarthy",
            "Gordon Silberman",
            "George Segal",
            "Tony Delgatto",
            "Danny Glover",
            "President Thomas Wilson",
            "Woody Harrelson",
            "Charlie Frost"
        ],
        "orig_title": "2012",
        "status": " Released",
        "orig_lang": " English",
        "budget_x": 200000000.0,
        "revenue": 757677748.0,
        "country": "AU"
    },
    {
        "title": "White Chicks",
        "date_x": "12/30/2004 ",
        "score": 69.0,
        "genre": [
            "Comedy",
            "Crime"
        ],
        "overview": "Two FBI agent brothers, Marcus and Kevin Copeland, accidentally foil a drug bust. To avoid being fired they accept a mission escorting a pair of socialites to the Hamptons--but when the girls are disfigured in a car accident, they refuse to go. Left without options, Marcus and Kevin decide to pose as the sisters, transforming themselves from black men into rich white women.",
        "actors": [
            "Shawn Wayans",
            "Kevin Copeland",
            "Marlon Wayans",
            "Marcus Copeland",
            "Jaime King",
            "Heather Vandergeld",
            "Frankie Faison",
            "Elliott Gordon",
            "Lochlyn Munro",
            "Agent Jake Harper",
            "John Heard",
            "Warren Vandergeld",
            "Busy Philipps",
            "Karen",
            "Terry Crews",
            "Latrell Spencer",
            "Brittany Daniel",
            "Megan Vandergeld"
        ],
        "orig_title": "White Chicks",
        "status": " Released",
        "orig_lang": " English",
        "budget_x": 20000000.0,
        "revenue": 111448997.0,
        "country": "AU"
    },
    {
        "title": "Army of Thieves",
        "date_x": "10/29/2021 ",
        "score": 69.0,
        "genre": [
            "Crime",
            "Comedy"
        ],
        "overview": "A mysterious woman recruits bank teller Ludwig Dieter to lead a group of aspiring thieves on a top-secret heist during the early stages of the zombie apocalypse.",
        "actors": [
            "Matthias Schweighöfer",
            "Ludwig Dieter",
            "Nathalie Emmanuel",
            "Gwendoline",
            "Ruby O. Fee",
            "Korina",
            "Stuart Martin",
            "Brad Cage",
            "Guz Khan",
            "Rolph",
            "Jonathan Cohen",
            "Delacroix",
            "Noémie Nakai",
            "Beatrix",
            "Christian Steyer",
            "Hans Wagner",
            "Dan Bradford",
            "Big Tough Guy"
        ],
        "orig_title": "Army of Thieves",
        "status": " Released",
        "orig_lang": " English",
        "budget_x": 175200000.0,
        "revenue": 393196433.0,
        "country": "AU"
    },
    {
        "title": "Dragon Ball Z: Battle of Gods",
        "date_x": "09/19/2013 ",
        "score": 68.0,
        "genre": [
            "Animation",
            "Action",
            "Science Fiction"
        ],
        "overview": "The events of Battle of Gods take place some years after the battle with Majin Buu, which determined the fate of the entire universe. After awakening from a long slumber, Beerus, the God of Destruction is visited by Whis, his attendant and learns that the galactic overlord Frieza has been defeated by a Super Saiyan from the North Quadrant of the universe named Goku, who is also a former student of the North Kai. Ecstatic over the new challenge, Goku ignores King Kai's advice and battles Beerus, but he is easily overwhelmed and defeated. Beerus leaves, but his eerie remark of \"Is there nobody on Earth more worthy to destroy?\" lingers on. Now it is up to the heroes to stop the God of Destruction before all is lost.",
        "actors": [
            "Masako Nozawa",
            "Son Goku / Son Gohan / Son Goten (voice)",
            "Koichi Yamadera",
            "Bills (voice)",
            "Masakazu Morita",
            "Whis (voice)",
            "Ryou Horikawa",
            "Vegeta (voice)",
            "Hiromi Tsuru",
            "Bulma Briefs (voice)",
            "Joji Yanami",
            "Kaio / Dr. Briefs / Narrator (voice)",
            "Toshio Furukawa",
            "Piccolo (voice)",
            "Shoko Nakagawa",
            "Oracle Fish (voice)",
            "Kenji Utsumi",
            "Shenlong (voice)"
        ],
        "orig_title": " ドラゴンボールZ 神と神",
        "status": " Released",
        "orig_lang": " Japanese",
        "budget_x": 20950000.0,
        "revenue": 50461371.0,
        "country": "AU"
    },
    {
        "title": "Star Wars",
        "date_x": "10/26/1977 ",
        "score": 82.0,
        "genre": [
            "Adventure",
            "Action",
            "Science Fiction"
        ],
        "overview": "Princess Leia is captured and held hostage by the evil Imperial forces in their effort to take over the galactic Empire. Venturesome Luke Skywalker and dashing captain Han Solo team together with the loveable robot duo R2-D2 and C-3PO to rescue the beautiful princess and restore peace and justice in the Empire.",
        "actors": [
            "Mark Hamill",
            "Luke Skywalker",
            "Harrison Ford",
            "Han Solo",
            "Carrie Fisher",
            "Princess Leia Organa",
            "Peter Cushing",
            "Grand Moff Tarkin",
            "Alec Guinness",
            "Obi-Wan \"Ben\" Kenobi",
            "Anthony Daniels",
            "C-3PO",
            "Kenny Baker",
            "R2-D2",
            "Peter Mayhew",
            "Chewbacca",
            "David Prowse",
            "Darth Vader (performer)"
        ],
        "orig_title": "Star Wars",
        "status": " Released",
        "orig_lang": " English",
        "budget_x": 11000000.0,
        "revenue": 775398007.0,
        "country": "AU"
    },
    {
        "title": "Scream 2",
        "date_x": "12/12/1997 ",
        "score": 65.0,
        "genre": [
            "Horror",
            "Mystery"
        ],
        "overview": "Away at college, Sidney thought she'd finally put the shocking murders that shattered her life behind her... until a copycat killer begins acting out a real-life sequel.",
        "actors": [
            "Neve Campbell",
            "Sidney Prescott",
            "Courteney Cox",
            "Gale Weathers",
            "David Arquette",
            "Dewey Riley",
            "Jerry O'Connell",
            "Derek Feldman",
            "Timothy Olyphant",
            "Mickey Altieri",
            "Jamie Kennedy",
            "Randy Meeks",
            "Laurie Metcalf",
            "Debbie Salt",
            "Elise Neal",
            "Hallie McDaniel",
            "Sarah Michelle Gellar",
            "Cici Cooper"
        ],
        "orig_title": "Scream 2",
        "status": " Released",
        "orig_lang": " English",
        "budget_x": 24000000.0,
        "revenue": 172363301.0,
        "country": "US"
    },
    {
        "title": "American Sniper",
        "date_x": "01/22/2015 ",
        "score": 74.0,
        "genre": [
            "War",
            "Action"
        ],
        "overview": "U.S. Navy SEAL Chris Kyle takes his sole mission—protect his comrades—to heart and becomes one of the most lethal snipers in American history. His pinpoint accuracy not only saves countless lives but also makes him a prime target of insurgents. Despite grave danger and his struggle to be a good husband and father to his family back in the States, Kyle serves four tours of duty in Iraq. However, when he finally returns home, he finds that he cannot leave the war behind.",
        "actors": [
            "Bradley Cooper",
            "Chris Kyle",
            "Sienna Miller",
            "Taya Renae Kyle",
            "Kyle Gallner",
            "Goat-Winston",
            "Cole Konis",
            "Young Chris Kyle",
            "Ben Reed",
            "Wayne Kyle",
            "Elise Robertson",
            "Debbie Kyle",
            "Keir O'Donnell",
            "Jeff Kyle",
            "Luke Sunshine",
            "Young Jeff Kyle",
            "Kevin Lacz",
            "Dauber"
        ],
        "orig_title": "American Sniper",
        "status": " Released",
        "orig_lang": " English",
        "budget_x": 58000000.0,
        "revenue": 547326372.0,
        "country": "AU"
    },
    {
        "title": "Last Days in the Desert",
        "date_x": "05/13/2016 ",
        "score": 57.0,
        "genre": [
            "Adventure",
            "Drama",
            "History"
        ],
        "overview": "On his way out of the wilderness, Jesus struggles with the Devil over the fate of a family in crisis, setting himself up for a dramatic test.",
        "actors": [
            "Ewan McGregor",
            "Jesus",
            "Ciarán Hinds",
            "Father",
            "Ayelet Zurer",
            "Mother",
            "Tye Sheridan",
            "Son",
            "Susan Gray",
            "Demonic Woman"
        ],
        "orig_title": "Last Days in the Desert",
        "status": " Released",
        "orig_lang": " English",
        "budget_x": 124600000.0,
        "revenue": 375161639.6,
        "country": "US"
    },
    {
        "title": "Lobo Feroz",
        "date_x": "01/27/2023 ",
        "score": 63.0,
        "genre": [
            "Drama",
            "Thriller"
        ],
        "overview": "A detective on trail of a suspected child killer, was arrested for the crime, but was allowed to walk free after a clerical error. The detective enlists the mother of the murdered child to exact a justice the legal system can't provide.",
        "actors": [
            "Adriana Ugarte",
            "Matilde",
            "Javier Gutiérrez",
            "Alonso",
            "Rubén Ochandiano",
            "Elías",
            "Juana Acosta",
            "Vidal",
            "Manuel Vega",
            "Álex",
            "Antonio Dechent",
            "Romero",
            "Luna Fulgencio",
            "Matilde (Junior)",
            "Fernando Tejero",
            "Hipólito",
            "María Alfonsa Rosso",
            "Madre Alonso"
        ],
        "orig_title": "Lobo Feroz",
        "status": " Released",
        "orig_lang": " Spanish, Castilian",
        "budget_x": 88200000.0,
        "revenue": 783754106.0,
        "country": "ES"
    },
    {
        "title": "The Forever Purge",
        "date_x": "07/23/2021 ",
        "score": 71.0,
        "genre": [
            "Horror",
            "Action",
            "Thriller"
        ],
        "overview": "All the rules are broken as a sect of lawless marauders decides that the annual Purge does not stop at daybreak and instead should never end as they chase a group of immigrants who they want to punish because of their harsh historical past.",
        "actors": [
            "Ana de la Reguera",
            "Adela",
            "Tenoch Huerta Mejía",
            "Juan",
            "Josh Lucas",
            "Dylan Tucker",
            "Leven Rambin",
            "Harper Tucker",
            "Cassidy Freeman",
            "Emma Kate",
            "Alejandro Edda",
            "T.T.",
            "Will Patton",
            "Caleb Tucker",
            "Susie Abromeit",
            "Mrs. Hardin",
            "Anthony Molinari",
            "Merc"
        ],
        "orig_title": "The Forever Purge",
        "status": " Released",
        "orig_lang": " English",
        "budget_x": 18000000.0,
        "revenue": 76950525.0,
        "country": "AU"
    },
    {
        "title": "Scary Movie 5",
        "date_x": "04/11/2013 ",
        "score": 48.0,
        "genre": [
            "Comedy"
        ],
        "overview": "Home with their newly-formed family, happy parents Dan and Jody are haunted by sinister, paranormal activities. Determined to expel the insidious force, they install security cameras and discover their family is being stalked by an evil dead demon.",
        "actors": [
            "Ashley Tisdale",
            "Jody Sanders",
            "Simon Rex",
            "Dan Sanders",
            "Gracie Whitton",
            "Kathy",
            "Ava Kolker",
            "Lily",
            "Heather Locklear",
            "Barbara",
            "Molly Shannon",
            "Heather Darcy",
            "Josh Robert Thompson",
            "Narrator (voice)",
            "Darrell Hammond",
            "Dr. Hall",
            "Marisa Saks",
            "Amy"
        ],
        "orig_title": "Scary Movie 5",
        "status": " Released",
        "orig_lang": " English",
        "budget_x": 20000000.0,
        "revenue": 78378744.0,
        "country": "AU"
    },
    {
        "title": "Annabelle: Creation",
        "date_x": "08/10/2017 ",
        "score": 66.0,
        "genre": [
            "Horror",
            "Mystery",
            "Thriller"
        ],
        "overview": "Several years after the tragic death of their little girl, a doll maker and his wife welcome a nun and several girls from a shuttered orphanage into their home, soon becoming the target of the doll maker's possessed creation—Annabelle.",
        "actors": [
            "Stephanie Sigman",
            "Sister Charlotte",
            "Talitha Bateman",
            "Janice",
            "Lulu Wilson",
            "Linda",
            "Anthony LaPaglia",
            "Samuel Mullins",
            "Miranda Otto",
            "Esther Mullins",
            "Grace Caroline Currey",
            "Carol",
            "Philippa Coulthard",
            "Nancy",
            "Samara Lee",
            "Annabelle \"Bee\" Mullins",
            "Tayler Buck",
            "Kate"
        ],
        "orig_title": "Annabelle: Creation",
        "status": " Released",
        "orig_lang": " English",
        "budget_x": 15000000.0,
        "revenue": 305384865.0,
        "country": "AU"
    },
    {
        "title": "Meet Joe Black",
        "date_x": "03/11/1999 ",
        "score": 73.0,
        "genre": [
            "Fantasy",
            "Drama",
            "Romance"
        ],
        "overview": "When the grim reaper comes to collect the soul of megamogul Bill Parrish, he arrives with a proposition: Host him for a \"vacation\" among the living in trade for a few more days of existence. Parrish agrees, and using the pseudonym Joe Black, Death begins taking part in Parrish's daily agenda and falls in love with the man's daughter. Yet when Black's holiday is over, so is Parrish's life.",
        "actors": [
            "Brad Pitt",
            "Joe Black / Young Man in Coffee Shop",
            "Anthony Hopkins",
            "William Parrish",
            "Claire Forlani",
            "Susan Parrish",
            "Jake Weber",
            "Drew",
            "Marcia Gay Harden",
            "Allison Parrish",
            "Jeffrey Tambor",
            "Quince",
            "June Squibb",
            "Helen",
            "Gene Canfield",
            "Construction Foreman",
            "Suzanne Hevner",
            "Florist"
        ],
        "orig_title": "Meet Joe Black",
        "status": " Released",
        "orig_lang": " English",
        "budget_x": 85000000.0,
        "revenue": 44650003.0,
        "country": "AU"
    },
    {
        "title": "Dawn of the Planet of the Apes",
        "date_x": "07/09/2014 ",
        "score": 73.0,
        "genre": [
            "Science Fiction",
            "Action",
            "Drama",
            "Thriller"
        ],
        "overview": "A group of scientists in San Francisco struggle to stay alive in the aftermath of a plague that is wiping out humanity, while Caesar tries to maintain dominance over his community of intelligent apes.",
        "actors": [
            "Andy Serkis",
            "Caesar",
            "Jason Clarke",
            "Malcolm",
            "Gary Oldman",
            "Dreyfus",
            "Keri Russell",
            "Ellie",
            "Toby Kebbell",
            "Koba",
            "Kodi Smit-McPhee",
            "Alexander",
            "Kirk Acevedo",
            "Carver",
            "Nick Thurston",
            "Blue Eyes",
            "Terry Notary",
            "Rocket"
        ],
        "orig_title": "Dawn of the Planet of the Apes",
        "status": " Released",
        "orig_lang": " English",
        "budget_x": 170000000.0,
        "revenue": 710644566.0,
        "country": "AU"
    },
    {
        "title": "Scarface",
        "date_x": "02/01/1984 ",
        "score": 82.0,
        "genre": [
            "Action",
            "Crime",
            "Drama"
        ],
        "overview": "After getting a green card in exchange for assassinating a Cuban government official, Tony Montana stakes a claim on the drug trade in Miami. Viciously murdering anyone who stands in his way, Tony eventually becomes the biggest drug lord in the state, controlling nearly all the cocaine that comes through Miami. But increased pressure from the police, wars with Colombian drug cartels and his own drug-fueled paranoia serve to fuel the flames of his eventual downfall.",
        "actors": [
            "Al Pacino",
            "Tony Montana",
            "Steven Bauer",
            "Manny Ribera",
            "Michelle Pfeiffer",
            "Elvira",
            "Mary Elizabeth Mastrantonio",
            "Gina",
            "Robert Loggia",
            "Frank Lopez",
            "Miriam Colon",
            "Mama Montana",
            "F. Murray Abraham",
            "Omar",
            "Paul Shenar",
            "Alejandro Sosa",
            "Harris Yulin",
            "Bernstein"
        ],
        "orig_title": "Scarface",
        "status": " Released",
        "orig_lang": " English",
        "budget_x": 25000000.0,
        "revenue": 44942821.0,
        "country": "AU"
    },
    {
        "title": "Train to Busan",
        "date_x": "07/29/2016 ",
        "score": 78.0,
        "genre": [
            "Horror",
            "Thriller",
            "Adventure",
            "Action"
        ],
        "overview": "When a zombie virus pushes Korea into a state of emergency, those trapped on an express train to Busan must fight for their own survival.",
        "actors": [
            "Gong Yoo",
            "Seok-woo",
            "Kim Su-an",
            "Soo-ahn",
            "Jung Yu-mi",
            "Sung-gyeong",
            "Ma Dong-seok",
            "Sang-hwa",
            "Choi Woo-shik",
            "Yeong-gook",
            "An So-hee",
            "Jin-hee",
            "Kim Eui-sung",
            "Yong-suk",
            "Ye Soo-jung",
            "In-gil",
            "Park Myung-shin",
            "Jong-gil"
        ],
        "orig_title": " 부산행",
        "status": " Released",
        "orig_lang": " Korean",
        "budget_x": 8500000.0,
        "revenue": 87547518.0,
        "country": "AU"
    },
    {
        "title": "Scream 4",
        "date_x": "04/13/2011 ",
        "score": 64.0,
        "genre": [
            "Horror",
            "Mystery"
        ],
        "overview": "Sidney returns home to Woodsboro on the last stop of her book tour, which brings about the return of Ghost Face and puts her family, friends, and the whole town in danger.",
        "actors": [
            "David Arquette",
            "Dewey Riley",
            "Neve Campbell",
            "Sidney Prescott",
            "Courteney Cox",
            "Gale Weathers",
            "Emma Roberts",
            "Jill Roberts",
            "Hayden Panettiere",
            "Kirby Reed",
            "Anthony Anderson",
            "Perkins",
            "Adam Brody",
            "Hoss",
            "Rory Culkin",
            "Charlie Walker",
            "Mary McDonnell",
            "Kate Roberts"
        ],
        "orig_title": "Scream 4",
        "status": " Released",
        "orig_lang": " English",
        "budget_x": 40000000.0,
        "revenue": 95989590.0,
        "country": "AU"
    },
    {
        "title": "The Shawshank Redemption",
        "date_x": "02/16/1995 ",
        "score": 87.0,
        "genre": [
            "Drama",
            "Crime"
        ],
        "overview": "Framed in the 1940s for the double murder of his wife and her lover, upstanding banker Andy Dufresne begins a new life at the Shawshank prison, where he puts his accounting skills to work for an amoral warden. During his long stretch in prison, Dufresne comes to be admired by the other inmates -- including an older prisoner named Red -- for his integrity and unquenchable sense of hope.",
        "actors": [
            "Tim Robbins",
            "Andy Dufresne",
            "Morgan Freeman",
            "Ellis Boyd 'Red' Redding",
            "Bob Gunton",
            "Warden Norton",
            "William Sadler",
            "Heywood",
            "Clancy Brown",
            "Captain Byron T. Hadley",
            "Gil Bellows",
            "Tommy",
            "Mark Rolston",
            "Bogs Diamond",
            "James Whitmore",
            "Brooks Hatlen",
            "Jeffrey DeMunn",
            "1946 D.A."
        ],
        "orig_title": "The Shawshank Redemption",
        "status": " Released",
        "orig_lang": " English",
        "budget_x": 25000000.0,
        "revenue": 28419159.0,
        "country": "AU"
    },
    {
        "title": "Beauty and the Beast",
        "date_x": "06/11/1992 ",
        "score": 77.0,
        "genre": [
            "Romance",
            "Family",
            "Animation",
            "Fantasy"
        ],
        "overview": "Follow the adventures of Belle, a bright young woman who finds herself in the castle of a prince who's been turned into a mysterious beast. With the help of the castle's enchanted staff, Belle soon learns the most important lesson of all -- that true beauty comes from within.",
        "actors": [
            "Paige O'Hara",
            "Belle (voice)",
            "Robby Benson",
            "Beast (voice)",
            "Richard White",
            "Gaston (voice)",
            "Jerry Orbach",
            "Lumiere (voice)",
            "David Ogden Stiers",
            "Cogsworth / Narrator (voice)",
            "Angela Lansbury",
            "Mrs. Potts (voice)",
            "Rex Everhart",
            "Maurice (voice)",
            "Jesse Corti",
            "Lefou (voice)",
            "Bradley Pierce",
            "Chip (voice)"
        ],
        "orig_title": "Beauty and the Beast",
        "status": " Released",
        "orig_lang": " English",
        "budget_x": 160000000.0,
        "revenue": 1268697483.0,
        "country": "AU"
    },
    {
        "title": "Beauty and the Beast",
        "date_x": "06/11/1992 ",
        "score": 77.0,
        "genre": [
            "Romance",
            "Family",
            "Animation",
            "Fantasy"
        ],
        "overview": "Follow the adventures of Belle, a bright young woman who finds herself in the castle of a prince who's been turned into a mysterious beast. With the help of the castle's enchanted staff, Belle soon learns the most important lesson of all -- that true beauty comes from within.",
        "actors": [
            "Paige O'Hara",
            "Belle (voice)",
            "Robby Benson",
            "Beast (voice)",
            "Richard White",
            "Gaston (voice)",
            "Jerry Orbach",
            "Lumiere (voice)",
            "David Ogden Stiers",
            "Cogsworth / Narrator (voice)",
            "Angela Lansbury",
            "Mrs. Potts (voice)",
            "Rex Everhart",
            "Maurice (voice)",
            "Jesse Corti",
            "Lefou (voice)",
            "Bradley Pierce",
            "Chip (voice)"
        ],
        "orig_title": "Beauty and the Beast",
        "status": " Released",
        "orig_lang": " English",
        "budget_x": 20000000.0,
        "revenue": 438656843.0,
        "country": "AU"
    },
    {
        "title": "Terminator Genisys",
        "date_x": "07/01/2015 ",
        "score": 59.0,
        "genre": [
            "Science Fiction",
            "Action",
            "Thriller",
            "Adventure"
        ],
        "overview": "The year is 2029. John Connor, leader of the resistance continues the war against the machines. At the Los Angeles offensive, John's fears of the unknown future begin to emerge when TECOM spies reveal a new plot by SkyNet that will attack him from both fronts; past and future, and will ultimately change warfare forever.",
        "actors": [
            "Arnold Schwarzenegger",
            "Guardian",
            "Jason Clarke",
            "John Connor",
            "Emilia Clarke",
            "Sarah Connor",
            "Jai Courtney",
            "Kyle Reese",
            "J.K. Simmons",
            "O'Brien",
            "Lee Byung-hun",
            "Cop / T-1000",
            "Dayo Okeniyi",
            "Danny Dyson",
            "Matt Smith",
            "Alex",
            "Courtney B. Vance",
            "Miles Dyson"
        ],
        "orig_title": "Terminator Genisys",
        "status": " Released",
        "orig_lang": " English",
        "budget_x": 155000000.0,
        "revenue": 440603537.0,
        "country": "AU"
    },
    {
        "title": "Looks Can Kill",
        "date_x": "02/01/2022 ",
        "score": 46.0,
        "genre": [
            "Thriller"
        ],
        "overview": "A group of models is killed off, one by one, and everyone is a suspect.",
        "actors": [
            "Danielle Scott",
            "Rhonda Bettinthal",
            "Sarah Alexandra Marks",
            "Gina",
            "Antonia Whillans",
            "Stacy",
            "Clint Gordon",
            "Hank",
            "Barbara Dabson",
            "Lisa",
            "Ray Whelan",
            "Ian",
            "Abi Casson Thompson",
            "Veronica",
            "Mark Sears",
            "Pete",
            "Matthew Baunsgard",
            "Zack"
        ],
        "orig_title": "Looks Can Kill",
        "status": " Released",
        "orig_lang": " English",
        "budget_x": 96300000.0,
        "revenue": 565191997.0,
        "country": "US"
    },
    {
        "title": "Black Panther",
        "date_x": "02/15/2018 ",
        "score": 74.0,
        "genre": [
            "Action",
            "Adventure",
            "Science Fiction"
        ],
        "overview": "King T'Challa returns home to the reclusive, technologically advanced African nation of Wakanda to serve as his country's new leader. However, T'Challa soon finds that he is challenged for the throne by factions within his own country as well as without. Using powers reserved to Wakandan kings, T'Challa assumes the Black Panther mantle to join with ex-girlfriend Nakia, the queen-mother, his princess-kid sister, members of the Dora Milaje (the Wakandan 'special forces') and an American secret agent, to prevent Wakanda from being dragged into a world war.",
        "actors": [
            "Chadwick Boseman",
            "King T'Challa / Black Panther",
            "Michael B. Jordan",
            "N'Jadaka / Erik 'Killmonger' Stevens",
            "Lupita Nyong'o",
            "Nakia",
            "Danai Gurira",
            "Okoye",
            "Martin Freeman",
            "Everett K. Ross",
            "Daniel Kaluuya",
            "W'Kabi",
            "Letitia Wright",
            "Shuri",
            "Winston Duke",
            "M'Baku",
            "Sterling K. Brown",
            "N'Jobu"
        ],
        "orig_title": "Black Panther",
        "status": " Released",
        "orig_lang": " English",
        "budget_x": 200000000.0,
        "revenue": 1336494320.0,
        "country": "AU"
    },
    {
        "title": "Batman v Superman: Dawn of Justice",
        "date_x": "03/24/2016 ",
        "score": 59.0,
        "genre": [
            "Action",
            "Adventure",
            "Fantasy"
        ],
        "overview": "Fearing the actions of a god-like Super Hero left unchecked, Gotham City’s own formidable, forceful vigilante takes on Metropolis’s most revered, modern-day savior, while the world wrestles with what sort of hero it really needs. And with Batman and Superman at war with one another, a new threat quickly arises, putting mankind in greater danger than it’s ever known before.",
        "actors": [
            "Ben Affleck",
            "Bruce Wayne / Batman",
            "Henry Cavill",
            "Clark Kent / Superman / Kal-El",
            "Jesse Eisenberg",
            "Lex Luthor",
            "Gal Gadot",
            "Diana Prince / Wonder Woman",
            "Amy Adams",
            "Lois Lane",
            "Diane Lane",
            "Martha Kent",
            "Jeremy Irons",
            "Alfred Pennyworth",
            "Holly Hunter",
            "Senator June Finch",
            "Laurence Fishburne",
            "Perry White"
        ],
        "orig_title": "Batman v Superman: Dawn of Justice",
        "status": " Released",
        "orig_lang": " English",
        "budget_x": 263000000.0,
        "revenue": 872395091.0,
        "country": "AU"
    },
    {
        "title": "A Monster Calls",
        "date_x": "05/12/2017 ",
        "score": 73.0,
        "genre": [
            "Drama",
            "Fantasy"
        ],
        "overview": "A boy imagines a monster that helps him deal with his difficult life and see the world in a different way.",
        "actors": [
            "Lewis MacDougall",
            "Conor O'Malley",
            "Sigourney Weaver",
            "Grandma",
            "Felicity Jones",
            "Lizzie O'Malley (Mum)",
            "Toby Kebbell",
            "Dad",
            "Liam Neeson",
            "The Monster (voice)",
            "Ben Moor",
            "Mr. Clark",
            "Frida Palsson",
            "Lily's Mum",
            "Wanda Opalinska",
            "Female Nurse",
            "James Melville",
            "Harry"
        ],
        "orig_title": "A Monster Calls",
        "status": " Released",
        "orig_lang": " English",
        "budget_x": 43000000.0,
        "revenue": 46414530.0,
        "country": "AU"
    },
    {
        "title": "Spider-Man",
        "date_x": "06/06/2002 ",
        "score": 73.0,
        "genre": [
            "Fantasy",
            "Action"
        ],
        "overview": "After being bitten by a genetically altered spider at Oscorp, nerdy but endearing high school student Peter Parker is endowed with amazing powers to become the superhero known as Spider-Man.",
        "actors": [
            "Tobey Maguire",
            "Spider-Man / Peter Parker",
            "Willem Dafoe",
            "Green Goblin / Norman Osborn",
            "Kirsten Dunst",
            "Mary Jane Watson",
            "James Franco",
            "Harry Osborn",
            "Cliff Robertson",
            "Ben Parker",
            "Rosemary Harris",
            "May Parker",
            "J.K. Simmons",
            "J. Jonah Jameson",
            "Joe Manganiello",
            "Flash Thompson",
            "Gerry Becker",
            "Maximilian Fargas"
        ],
        "orig_title": "Spider-Man",
        "status": " Released",
        "orig_lang": " English",
        "budget_x": 139000000.0,
        "revenue": 821706375.0,
        "country": "AU"
    },
    {
        "title": "Vacation Friends",
        "date_x": "08/27/2021 ",
        "score": 71.0,
        "genre": [
            "Comedy"
        ],
        "overview": "When a straight-laced couple that has fun with a rowdy couple on vacation in Mexico return to the States, they discover that the crazy couple they met in Mexico followed them back home and decide to play tricks on them.",
        "actors": [
            "John Cena",
            "Ron",
            "Lil Rel Howery",
            "Marcus",
            "Meredith Hagner",
            "Kyla",
            "Yvonne Orji",
            "Emily",
            "Robert Wisdom",
            "Harold",
            "Lynn Whitfield",
            "Suzanne",
            "Andrew Bachelor",
            "Gabe",
            "Tawny Newsome",
            "Brooke",
            "Kamal Angelo Bolden",
            "Bennet"
        ],
        "orig_title": "Vacation Friends",
        "status": " Released",
        "orig_lang": " English",
        "budget_x": 105200000.0,
        "revenue": 558301701.8,
        "country": "AU"
    },
    {
        "title": "The Simpsons in Plusaversary",
        "date_x": "11/12/2021 ",
        "score": 66.0,
        "genre": [
            "Animation",
            "Comedy",
            "Fantasy"
        ],
        "overview": "The Simpsons host a Disney+ Day party and everyone is on the list… except Homer. With friends from across the service and music fit for a Disney Princess, Plusaversary is Springfield's event of the year.",
        "actors": [
            "Dan Castellaneta",
            "Homer Simpson (voice)",
            "Nancy Cartwright",
            "Bart Simpson (voice)",
            "Yeardley Smith",
            "Lisa Simpson (voice)",
            "Hank Azaria",
            "Moe Szyslak (voice)",
            "Tress MacNeille",
            "Maleficent (voice)"
        ],
        "orig_title": "The Simpsons in Plusaversary",
        "status": " Released",
        "orig_lang": " English",
        "budget_x": 131600000.0,
        "revenue": 318725312.6,
        "country": "US"
    },
    {
        "title": "The Last Manhunt",
        "date_x": "01/01/2023 ",
        "score": 56.0,
        "genre": [
            "Western"
        ],
        "overview": "In 1909, Willie Boy and his love Carlota go on the run after he accidentally shoots her father in a confrontation gone terribly wrong. With President Taft coming to the area, the local sheriff leads two Native American trackers seeking justice for their “murdered” tribal leader.",
        "actors": [
            "Martin Sensmeier",
            "Willie Boy",
            "Mainei Kinimaka",
            "Carlotta",
            "Jason Momoa",
            "Big Jim",
            "Zahn McClarnon",
            "William Johnson",
            "Lily Gladstone",
            "Maria",
            "Raoul Max Trujillo",
            "Hyde",
            "Brandon Oakes",
            "Segundo",
            "Christian Camargo",
            "Sheriff Wilson",
            "Wade Williams",
            "Reche"
        ],
        "orig_title": "The Last Manhunt",
        "status": " Released",
        "orig_lang": " English",
        "budget_x": 80300000.0,
        "revenue": 321306715.6,
        "country": "AU"
    },
    {
        "title": "Scary Movie 2",
        "date_x": "10/18/2001 ",
        "score": 58.0,
        "genre": [
            "Comedy"
        ],
        "overview": "While the original parodied slasher flicks like Scream, Keenen Ivory Wayans's sequel to Scary Movie takes comedic aim at haunted house movies. A group of students visit a mansion called \"Hell House,\" and murderous high jinks ensue.",
        "actors": [
            "Anna Faris",
            "Cindy Campbell",
            "Regina Hall",
            "Brenda Meeks",
            "Shawn Wayans",
            "Ray Wilkins",
            "Marlon Wayans",
            "Shorty Meeks",
            "Christopher Masterson",
            "Buddy",
            "David Cross",
            "Dwight Hartman",
            "Kathleen Robertson",
            "Theo",
            "Tori Spelling",
            "Alex Monday",
            "Tim Curry",
            "Prof. Oldman"
        ],
        "orig_title": "Scary Movie 2",
        "status": " Released",
        "orig_lang": " English",
        "budget_x": 45000000.0,
        "revenue": 141189101.0,
        "country": "AU"
    },
    {
        "title": "Harry Potter 20th Anniversary: Return to Hogwarts",
        "date_x": "01/01/2022 ",
        "score": 73.0,
        "genre": [
            "Documentary"
        ],
        "overview": "An enchanting making-of story told through all-new in-depth interviews and cast conversations, inviting fans on a magical first-person journey through one of the most beloved film franchises of all time.",
        "actors": [
            "Daniel Radcliffe",
            "Self",
            "Rupert Grint",
            "Self",
            "Emma Watson",
            "Self",
            "Bonnie Wright",
            "Self",
            "Matthew Lewis",
            "Self",
            "Tom Felton",
            "Self",
            "James Phelps",
            "Self",
            "Oliver Phelps",
            "Self",
            "Evanna Lynch",
            "Self"
        ],
        "orig_title": "Harry Potter 20th Anniversary: Return to Hogwarts",
        "status": " Released",
        "orig_lang": " English",
        "budget_x": 53600000.0,
        "revenue": 682429959.6,
        "country": "US"
    },
    {
        "title": "Life Is Beautiful",
        "date_x": "05/06/2006 ",
        "score": 85.0,
        "genre": [
            "Comedy",
            "Drama"
        ],
        "overview": "A touching story of an Italian book seller of Jewish ancestry who lives in his own little fairy tale. His creative and happy life would come to an abrupt halt when his entire family is deported to a concentration camp during World War II. While locked up he tries to convince his son that the whole thing is just a game.",
        "actors": [
            "Roberto Benigni",
            "Guido Orefice",
            "Nicoletta Braschi",
            "Dora",
            "Giorgio Cantarini",
            "Giosué Orefice",
            "Giustino Durano",
            "Eliseo Orefice",
            "Sergio Bini Bustric",
            "Ferruccio",
            "Lidia Alfonsi",
            "Signora Guicciardini",
            "Giuliana Lojodice",
            "Direttrice",
            "Amerigo Fontani",
            "Rodolfo",
            "Pietro De Silva",
            "Bartolomeo"
        ],
        "orig_title": " La vita è bella",
        "status": " Released",
        "orig_lang": " Italian",
        "budget_x": 20000000.0,
        "revenue": 230098753.0,
        "country": "AU"
    },
    {
        "title": "The Twin",
        "date_x": "04/06/2022 ",
        "score": 60.0,
        "genre": [
            "Horror",
            "Mystery"
        ],
        "overview": "Every parent's worst nightmare is just the beginning for Rachel's ordeal as in the aftermath of a tragic accident, she and her husband Anthony decide to move to the other side of the world to focus on their surviving twin son Elliot.  What begins as a time of healing and isolation in the Finnish countryside turns into a desperate battle for the very soul of their son as an entity claiming to be his dead twin brother takes over Elliot — setting Rachel on a diabolical journey to unravel the horrible truth about her twin son.",
        "actors": [
            "Teresa Palmer",
            "Rachel",
            "Steven Cree",
            "Anthony",
            "Barbara Marten",
            "Helen",
            "Tristan Ruggeri",
            "Elliot / Nathan",
            "Andres Dvinjaninov",
            "Town Doctor",
            "Nick Connor",
            "Bank Advisor",
            "Tiiu Uibo",
            "Old Woman - Couple",
            "Raivo Trass",
            "Old Man - Couple",
            "Liisi Org",
            "Young Helen"
        ],
        "orig_title": "The Twin",
        "status": " Released",
        "orig_lang": " English",
        "budget_x": 2620000.0,
        "revenue": 492000.0,
        "country": "FI"
    },
    {
        "title": "Wrong Turn 2: Dead End",
        "date_x": "10/16/2007 ",
        "score": 60.0,
        "genre": [
            "Horror",
            "Thriller"
        ],
        "overview": "Retired military commander Colonel Dale Murphy hosts the simulated post-apocalyptic reality show where participants are challenged to survive a remote West Virginia wasteland. But the show turns into a nightmarish showdown when each realizes they are being hunted by an inbred family of cannibals determined to make them all dinner!",
        "actors": [
            "Erica Leerhsen",
            "Nina Papas",
            "Henry Rollins",
            "Dale Murphy",
            "Aleksa Palladino",
            "Mara",
            "Crystal Lowe",
            "Elena",
            "Rorelee Tio",
            "Sister",
            "Kimberly Caldwell",
            "Kimberly",
            "Daniella Alonso",
            "Amber",
            "Texas Battle",
            "Jake Washington",
            "Steve Braun",
            "Jonesy"
        ],
        "orig_title": "Wrong Turn 2: Dead End",
        "status": " Released",
        "orig_lang": " English",
        "budget_x": 4000000.0,
        "revenue": 30361598.0,
        "country": "AU"
    },
    {
        "title": "Knowing",
        "date_x": "03/26/2009 ",
        "score": 62.0,
        "genre": [
            "Action",
            "Mystery",
            "Science Fiction",
            "Thriller"
        ],
        "overview": "A teacher opens a time capsule that has been dug up at his son's elementary school; in it are some chilling predictions -- some that have already occurred and others that are about to -- that lead him to believe his family plays a role in the events that are about to unfold.",
        "actors": [
            "Nicolas Cage",
            "John Koestler",
            "Rose Byrne",
            "Diana Wayland",
            "Chandler Canterbury",
            "Caleb Koestler",
            "Ben Mendelsohn",
            "Phil Bergman",
            "Nadia Townsend",
            "Grace Koestler",
            "Terry Camilleri",
            "Cashier",
            "Lara Robinson",
            "Lucinda Embry / Abby Wayland",
            "Adrienne Pickering",
            "Allison",
            "Danielle Carter",
            "Miss Taylor (1959)"
        ],
        "orig_title": "Knowing",
        "status": " Released",
        "orig_lang": " English",
        "budget_x": 50000000.0,
        "revenue": 186450317.0,
        "country": "AU"
    },
    {
        "title": "Fate/Grand Order Final Singularity – Grand Temple of Time: Solomon",
        "date_x": "07/30/2021 ",
        "score": 68.0,
        "genre": [
            "Animation",
            "Action",
            "Adventure",
            "Fantasy"
        ],
        "overview": "The Chaldea Organization must deal with the Grand Temple of Solomon, the King of Magic, which has come to destroy the world.",
        "actors": [
            "Nobunaga Shimazaki",
            "Ritsuka Fujimaru (voice)",
            "Rie Takahashi",
            "Mash Kyrielight (voice)",
            "Ayako Kawasumi",
            "Fou (voice)",
            "Kenichi Suzumura",
            "Romani Archaman (voice)",
            "Maaya Sakamoto",
            "Leonardo da Vinci (voice)",
            "Tomokazu Sugita",
            "Solomon (voice)"
        ],
        "orig_title": " Fate/Grand Order -終局特異点 冠位時間神殿ソロモン-",
        "status": " Released",
        "orig_lang": " Japanese",
        "budget_x": 167100000.0,
        "revenue": 651465482.4,
        "country": "JP"
    },
    {
        "title": "Annabelle Comes Home",
        "date_x": "06/27/2019 ",
        "score": 64.0,
        "genre": [
            "Horror",
            "Mystery",
            "Thriller"
        ],
        "overview": "Determined to keep Annabelle from wreaking more havoc, demonologists Ed and Lorraine Warren bring the possessed doll to the locked artifacts room in their home, placing her “safely” behind sacred glass and enlisting a priest’s holy blessing. But an unholy night of horror awaits as Annabelle awakens the evil spirits in the room, who all set their sights on a new target—the Warrens' ten-year-old daughter, Judy, and her friends.",
        "actors": [
            "Vera Farmiga",
            "Lorraine Warren",
            "Patrick Wilson",
            "Ed Warren",
            "Mckenna Grace",
            "Judy Warren",
            "Madison Iseman",
            "Mary Ellen",
            "Katie Sarife",
            "Daniela Rios",
            "Michael Cimino",
            "Bob Palmeri",
            "Samara Lee",
            "Annabelle \"Bee\" Mullins",
            "Paul Dean",
            "Mr. Palmeri",
            "Luca Luhan",
            "Anthony Rios"
        ],
        "orig_title": "Annabelle Comes Home",
        "status": " Released",
        "orig_lang": " English",
        "budget_x": 27000000.0,
        "revenue": 230779191.0,
        "country": "AU"
    },
    {
        "title": "Chupa",
        "date_x": "04/07/2023 ",
        "score": 69.0,
        "genre": [
            "Adventure",
            "Fantasy",
            "Family"
        ],
        "overview": "While visiting family in Mexico, a lonely boy befriends a mythical creature hiding on his grandfather's ranch and embarks on the adventure of a lifetime.",
        "actors": [
            "Demián Bichir",
            "Chava",
            "Evan Whitten",
            "Alex",
            "Christian Slater",
            "Richard Quinn",
            "Ashley Ciarra",
            "Luna",
            "Nickolas Verdugo",
            "Memo",
            "Adriana Paz",
            "Julia",
            "Gerardo Taracena",
            "Police Officer",
            "Julio Cedillo",
            "Dr. Juan Carlos Ortega"
        ],
        "orig_title": "Chupa",
        "status": " Released",
        "orig_lang": " English",
        "budget_x": 91940000.0,
        "revenue": 615583976.0,
        "country": "AU"
    },
    {
        "title": "The Matrix",
        "date_x": "04/08/1999 ",
        "score": 82.0,
        "genre": [
            "Action",
            "Science Fiction"
        ],
        "overview": "Set in the 22nd century, The Matrix tells the story of a computer hacker who joins a group of underground insurgents fighting the vast and powerful computers who now rule the earth.",
        "actors": [
            "Keanu Reeves",
            "Thomas A. Anderson / Neo",
            "Laurence Fishburne",
            "Morpheus",
            "Carrie-Anne Moss",
            "Trinity",
            "Hugo Weaving",
            "Agent Smith",
            "Joe Pantoliano",
            "Cypher",
            "Marcus Chong",
            "Tank",
            "Anthony Ray Parker",
            "Dozer",
            "Matt Doran",
            "Mouse",
            "Gloria Foster",
            "Oracle"
        ],
        "orig_title": "The Matrix",
        "status": " Released",
        "orig_lang": " English",
        "budget_x": 65000000.0,
        "revenue": 465974198.0,
        "country": "AU"
    },
    {
        "title": "Sex and Zen II",
        "date_x": "05/09/1996 ",
        "score": 60.0,
        "genre": [
            "Drama",
            "Fantasy",
            "Romance",
            "Comedy"
        ],
        "overview": "Sai Moon-Kin is a rich man who idolizes Lawrence Ng's character in the original Sex and Zen, and works hard to please as many women as he possibly can. When marrying off his retarded son, he finds his son's new wife pretty hot, so he takes her for his own, not knowing that she is the evil Mirage Woman, who knows \"sucking\" magic that's pretty nasty. Tsui's daughter, who dresses like a man and wears chastity belt for the main part of the film, and the righteous Iron Man try to stop Mirage Woman before it's too late, which means that she'll have free rein to \"suck\" anyone she wishes.",
        "actors": [
            "Loletta Lee",
            "Sai Moon-Yau",
            "Shu Qi",
            "Siu Chui",
            "Elvis Tsui",
            "Sai Moon-Gin",
            "Ben Ngai-Cheung Ng",
            "Ironman",
            "Tat-Wah Lok",
            "Dut Diy",
            "Wong Yat-fei",
            "Happy Taoist",
            "Cheung Lau",
            "",
            "Tsang Yin",
            "",
            "Lui Tat",
            "Servant"
        ],
        "orig_title": " 玉蒲團II玉女心經",
        "status": " Released",
        "orig_lang": " Cantonese",
        "budget_x": 60600000.0,
        "revenue": 697062094.4,
        "country": "HK"
    },
    {
        "title": "Despicable Me 2",
        "date_x": "06/26/2013 ",
        "score": 69.0,
        "genre": [
            "Animation",
            "Comedy",
            "Family"
        ],
        "overview": "Gru is recruited by the Anti-Villain League to help deal with a powerful new super criminal.",
        "actors": [
            "Steve Carell",
            "Gru (voice)",
            "Kristen Wiig",
            "Lucy (voice)",
            "Benjamin Bratt",
            "Eduardo 'El Macho' Pérez (voice)",
            "Miranda Cosgrove",
            "Margo (voice)",
            "Russell Brand",
            "Dr. Nefario (voice)",
            "Ken Jeong",
            "Floyd Eagle-san (voice)",
            "Steve Coogan",
            "Silas Ramsbottom (voice)",
            "Elsie Fisher",
            "Agnes (voice)",
            "Dana Gaier",
            "Edith (voice)"
        ],
        "orig_title": "Despicable Me 2",
        "status": " Released",
        "orig_lang": " English",
        "budget_x": 76000000.0,
        "revenue": 975216835.0,
        "country": "AU"
    },
    {
        "title": "Chip 'n Dale: Rescue Rangers",
        "date_x": "05/18/2022 ",
        "score": 70.0,
        "genre": [
            "Animation",
            "Family",
            "Comedy",
            "Adventure",
            "Mystery"
        ],
        "overview": "Decades since their successful television series was canceled, Chip has succumbed to a life of suburban domesticity as an insurance salesman. Dale, meanwhile, has had CGI surgery and works the nostalgia convention circuit, desperate to relive his glory days. When a former cast mate mysteriously disappears, Chip and Dale must repair their broken friendship and take on their Rescue Rangers detective personas once again to save their friend’s life.",
        "actors": [
            "Andy Samberg",
            "Dale (voice)",
            "John Mulaney",
            "Chip (voice)",
            "KiKi Layne",
            "Ellie Steckler",
            "Will Arnett",
            "Sweet Pete (voice)",
            "Eric Bana",
            "Monterey Jack (voice)",
            "Flula Borg",
            "DJ Herzogenaurach (voice)",
            "Dennis Haysbert",
            "Zipper (voice)",
            "Keegan-Michael Key",
            "Frog Co-Worker / Bjornson the Cheesemonger (voice)",
            "Tress MacNeille",
            "High-Pitched Chip / Gadget Hackwrench (voice)"
        ],
        "orig_title": "Chip 'n Dale: Rescue Rangers",
        "status": " Released",
        "orig_lang": " English",
        "budget_x": 116500000.0,
        "revenue": 900250198.6,
        "country": "US"
    },
    {
        "title": "Pacific Rim: Uprising",
        "date_x": "03/22/2018 ",
        "score": 61.0,
        "genre": [
            "Action",
            "Fantasy",
            "Science Fiction",
            "Adventure"
        ],
        "overview": "It has been ten years since The Battle of the Breach and the oceans are still, but restless. Vindicated by the victory at the Breach, the Jaeger program has evolved into the most powerful global defense force in human history. The PPDC now calls upon the best and brightest to rise up and become the next generation of heroes when the Kaiju threat returns.",
        "actors": [
            "John Boyega",
            "Jake Pentecost",
            "Scott Eastwood",
            "Nate Lambert",
            "Cailee Spaeny",
            "Amara Namani",
            "Jing Tian",
            "Liwen Shao",
            "Rinko Kikuchi",
            "Mako Mori",
            "Burn Gorman",
            "Dr. Hermann Gottlieb",
            "Adria Arjona",
            "Jules Reyes",
            "Zhang Jin",
            "Marshal Quan",
            "Charlie Day",
            "Dr. Newton Geiszler"
        ],
        "orig_title": "Pacific Rim: Uprising",
        "status": " Released",
        "orig_lang": " English",
        "budget_x": 155000000.0,
        "revenue": 290930148.0,
        "country": "AU"
    },
    {
        "title": "Spirit Untamed",
        "date_x": "06/12/2021 ",
        "score": 73.0,
        "genre": [
            "Animation",
            "Adventure",
            "Family",
            "Western"
        ],
        "overview": "Lucky Prescott's life is changed forever when she moves from her home in the city to a small frontier town and befriends a wild mustang named Spirit.",
        "actors": [
            "Isabela Merced",
            "Lucky Prescott (voice)",
            "Julianne Moore",
            "Aunt Cora (voice)",
            "Marsai Martin",
            "Prudence Granger (voice)",
            "Mckenna Grace",
            "Abigail Stone (voice)",
            "Walton Goggins",
            "Hendricks (voice)",
            "Jake Gyllenhaal",
            "Jim Prescott (voice)",
            "Gary A. Hecker",
            "Horse Vocals (voice)",
            "Eiza González",
            "Milagro Navarro Prescott (voice)",
            "Andre Braugher",
            "Al Granger (voice)"
        ],
        "orig_title": "Spirit Untamed",
        "status": " Released",
        "orig_lang": " English",
        "budget_x": 30000000.0,
        "revenue": 42235744.0,
        "country": "AU"
    },
    {
        "title": "Samson and Delilah",
        "date_x": "12/21/1949 ",
        "score": 66.0,
        "genre": [
            "Drama",
            "Romance",
            "Adventure"
        ],
        "overview": "When strongman Samson rejects the love of the beautiful Philistine woman Delilah, she seeks vengeance that brings horrible consequences they both regret. The classic story of Samson and Delilah as told by Cecil B. DeMille.",
        "actors": [
            "Hedy Lamarr",
            "Delilah",
            "Victor Mature",
            "Samson",
            "George Sanders",
            "The Saran of Gaza",
            "Angela Lansbury",
            "Semadar",
            "Henry Wilcoxon",
            "Prince Ahtur",
            "Olive Deering",
            "Miriam",
            "Fay Holden",
            "Hazel",
            "Julia Faye",
            "Haisham",
            "Russ Tamblyn",
            "Saul"
        ],
        "orig_title": "Samson and Delilah",
        "status": " Released",
        "orig_lang": " English",
        "budget_x": 3000000.0,
        "revenue": 11500000.0,
        "country": "US"
    },
    {
        "title": "Capturing Avatar",
        "date_x": "11/16/2010 ",
        "score": 78.0,
        "genre": [
            "Documentary"
        ],
        "overview": "Capturing Avatar is a feature length behind-the-scenes documentary about the making of Avatar. It uses footage from the film's development, as well as stock footage from as far back as the production of Titanic in 1995. Also included are numerous interviews with cast, artists, and other crew members. The documentary was released as a bonus feature on the extended collector's edition of Avatar.",
        "actors": [
            "James Cameron",
            "Self",
            "Sam Worthington",
            "Self",
            "Zoe Saldaña",
            "Self",
            "Jon Landau",
            "Self",
            "Stephen Lang",
            "Self",
            "Giovanni Ribisi",
            "Self",
            "Sigourney Weaver",
            "Self",
            "Michelle Rodriguez",
            "Self",
            "Margery Simkin",
            "Self"
        ],
        "orig_title": "Capturing Avatar",
        "status": " Released",
        "orig_lang": " English",
        "budget_x": 101700000.0,
        "revenue": 716719914.2,
        "country": "US"
    },
    {
        "title": "Psychosexual",
        "date_x": "05/12/2022 ",
        "score": 20.0,
        "genre": [
            "Thriller"
        ],
        "overview": "After finding her boyfriend cheating on her, a woman becomes obsessed with a YouTuber to the point that she thinks he's the perfect man for her.",
        "actors": [
            "Estefania Piñeres",
            "Marcela",
            "Jacques Toukhmanian",
            "Daniel",
            "Raúl Ocampo",
            "Javier",
            "Andrea Esquivel",
            "Valentina",
            "Walter Luengas",
            "Pablo",
            "Jenny Gómez",
            "Gloria",
            "Diana Ángel",
            "Ana",
            "Alejandra Villafañe",
            "Sara",
            "Connie Sperakis",
            "Lia"
        ],
        "orig_title": " Sicosexual",
        "status": " Released",
        "orig_lang": " Spanish, Castilian",
        "budget_x": 12001040.0,
        "revenue": 38139010.0,
        "country": "CO"
    },
    {
        "title": "The Mummy",
        "date_x": "06/24/1999 ",
        "score": 69.0,
        "genre": [
            "Adventure",
            "Action",
            "Fantasy"
        ],
        "overview": "Dashing legionnaire Rick O'Connell stumbles upon the hidden ruins of Hamunaptra while in the midst of a battle to claim the area in 1920s Egypt. It has been over three thousand years since former High Priest Imhotep suffered a fate worse than death as a punishment for a forbidden love—along with a curse that guarantees eternal doom upon the world if he is ever awoken.",
        "actors": [
            "Brendan Fraser",
            "Rick O'Connell",
            "Rachel Weisz",
            "Evelyn Carnahan",
            "John Hannah",
            "Jonathan Carnahan",
            "Arnold Vosloo",
            "Imhotep",
            "Patricia Velásquez",
            "Anck-Su-Namun",
            "Kevin J. O'Connor",
            "Beni Gabor",
            "Jonathan Hyde",
            "Allen Chamberlain",
            "Oded Fehr",
            "Ardeth Bay",
            "Erick Avari",
            "Terence Bey"
        ],
        "orig_title": "The Mummy",
        "status": " Released",
        "orig_lang": " English",
        "budget_x": 195000000.0,
        "revenue": 409953905.0,
        "country": "AU"
    }
]