[
    {
        "title": "Fantasy Island",
        "date_x": "02/13/2020 ",
        "score": 59.0,
        "genre": [
            "Horror",
            "Fantasy",
            "Adventure",
            "Mystery",
            "Action"
        ],
        "overview": "A group of contest winners arrive at an island hotel to live out their dreams, only to find themselves trapped in nightmare scenarios.",
        "actors": [
            "Michael Peña",
            "Mr. Roarke",
            "Maggie Q",
            "Gwen Olsen",
            "Lucy Hale",
            "Melanie Cole",
            "Michael Rooker",
            "Damon",
            "Austin Stowell",
            "Patrick Sullivan",
            "Jimmy O. Yang",
            "Brax Weaver",
            "Portia Doubleday",
            "Sloane Maddison",
            "Charlotte McKinney",
            "Chastity",
            "Ryan Hansen",
            "J. D. Weaver"
        ],
        "orig_title": "Fantasy Island",
        "status": " Released",
        "orig_lang": " English",
        "budget_x": 7000000.0,
        "revenue": 48518957.0,
        "country": "AU"
    },
    {
        "title": "Fyre",
        "date_x": "01/18/2019 ",
        "score": 69.0,
        "genre": [
            "Documentary"
        ],
        "overview": "He promised supermodels and yachts, but delivered tents and cheese sandwiches. How one man engineered a music festival disaster.",
        "actors": [
            "Billy McFarland",
            "Self - Fyre Co-Founder (archive footage)",
            "Ja Rule",
            "Self - Fyre Co-Founder (archive footage)",
            "Jason Bell",
            "Self - Former NFL Player (archive footage)",
            "Gabrielle Bluestone",
            "Self - Journalist",
            "Vice News",
            "Shiyuan Deng",
            "Self - Product Designer",
            "Michael Ciccarelli",
            "Self - Software Engineer",
            "Mdavid Low",
            "Self - Fyre Creative Director",
            "Samuel Krost",
            "Self - Fyre Media",
            "Andy King",
            "Self - Event Producer"
        ],
        "orig_title": "Fyre",
        "status": " Released",
        "orig_lang": " English",
        "budget_x": 111600000.0,
        "revenue": 767228967.6,
        "country": "US"
    },
    {
        "title": "Fantomas Unleashed",
        "date_x": "12/08/1965 ",
        "score": 68.0,
        "genre": [
            "Comedy",
            "Crime",
            "Adventure",
            "Fantasy"
        ],
        "overview": "In the second episode of the trilogy Fantômas kidnaps distinguished scientist professor Marchand with the aim to develop a super weapon that will enable him to menace the world. Fantômas is also planning to abduct a second scientist, professor Lefebvre.",
        "actors": [
            "Jean Marais",
            "Fantômas / Fandor / Professeur Lefèvre / Marquis de Rostelli",
            "Louis de Funès",
            "Commissaire Juve",
            "Mylène Demongeot",
            "Hélène",
            "Jacques Dynam",
            "Inspecteur Bertrand",
            "Robert Dalban",
            "Directeur du journal",
            "Albert Dagnant",
            "Professeur Marchard",
            "Christian Toma",
            "Inspecteur Pierre",
            "Michel Duplaix",
            "Inspecteur Léon",
            "Olivier de Funès",
            "Michou"
        ],
        "orig_title": " Fantômas se déchaîne",
        "status": " Released",
        "orig_lang": " French",
        "budget_x": 108000000.0,
        "revenue": 612271907.6,
        "country": "FR"
    },
    {
        "title": "Terminal",
        "date_x": "03/06/2019 ",
        "score": 55.0,
        "genre": [
            "Crime",
            "Drama",
            "Thriller"
        ],
        "overview": "In the dark heart of a sprawling, anonymous city, two assassins carry out a sinister mission, a teacher battles a fatal illness, and an enigmatic janitor and a curious waitress lead dangerous double lives.  Murderous consequences unravel in the dead of night, as their lives intertwine at the hands of a mysterious criminal mastermind who is hell-bent on revenge.",
        "actors": [
            "Margot Robbie",
            "Annie / Bonnie",
            "Simon Pegg",
            "Bill",
            "Dexter Fletcher",
            "Vince",
            "Max Irons",
            "Alf",
            "Mike Myers",
            "Clinton / Mr Franklyn",
            "Katarina Čas",
            "Chloe Merrywheather",
            "Nick Moran",
            "Illing",
            "Les Loveday",
            "Young Clinton",
            "Jourdan Dunn",
            "Conejo"
        ],
        "orig_title": "Terminal",
        "status": " Released",
        "orig_lang": " English",
        "budget_x": 3940000.0,
        "revenue": 843970.0,
        "country": "AU"
    },
    {
        "title": "The Humanity Bureau",
        "date_x": "07/11/2017 ",
        "score": 48.0,
        "genre": [
            "Action",
            "Science Fiction",
            "Adventure"
        ],
        "overview": "In 2030 the world is in a permanent state of economic recession and facing serious environmental problems as a result of global warming.",
        "actors": [
            "Nicolas Cage",
            "Noah Kross",
            "Sarah Lind",
            "Rachel Weller",
            "Jakob Davies",
            "Lucas Weller",
            "Hugh Dillon",
            "Adam Westinghouse",
            "Vicellous Reon Shannon",
            "Agent Porter",
            "Jett Klyne",
            "Little Noah",
            "Lorne Cardinal",
            "Border Ranger",
            "Destee Klyne",
            "Schroder's Daughter",
            "David Lovgren",
            "Irving Ravetch"
        ],
        "orig_title": "The Humanity Bureau",
        "status": " Released",
        "orig_lang": " English",
        "budget_x": 6000000.0,
        "revenue": 17544173.0,
        "country": "US"
    },
    {
        "title": "Ghost in the Shell Arise - Border 4: Ghost Stands Alone",
        "date_x": "09/06/2014 ",
        "score": 70.0,
        "genre": [
            "Action",
            "Animation",
            "Science Fiction",
            "Crime"
        ],
        "overview": "The upcoming installment's story takes place amidst signs of postwar reconstruction in the winter of 2028. Tensions are rising in New Port City as demonstrations are held concerning the interests of foreign cartels. This leads to a shooting incident involving riot police. It all started with a cyberbrain infection released by the terrorist \"Fire Starter.\" An independent offensive unit led by Makoto Kusanagi entrusts the suppression of the situation to their ghosts and aims for their own justice. Below the surface of the incident, lies the \"tin girl\" Emma and the \"scarecrow man\" Burinda Junior. As Kusanagi deals with the incident, she draws near to what those two ghosts were seeking.",
        "actors": [
            "Maaya Sakamoto",
            "Motoko Kusanagi (voice)",
            "Ikkyu Juku",
            "Daisuke Aramaki (voice)",
            "Kenichirou Matsuda",
            "Batou (voice)",
            "Aya Hisakawa",
            "Zhinzhee Bekka Arr Thied (voice)",
            "Kazuya Nakai",
            "Borma (voice)",
            "Shunsuke Sakuya",
            "Ishikawa (voice)",
            "Mayumi Asano",
            "Kurutsu (voice)",
            "Miyuki Sawashiro",
            "Logicoma (voice)",
            "Yoji Ueda",
            "Paz (voice)"
        ],
        "orig_title": " 攻殻機動隊ARISE border: 4 Ghost Stands Alone",
        "status": " Released",
        "orig_lang": " Japanese",
        "budget_x": 117200000.0,
        "revenue": 513422565.0,
        "country": "JP"
    },
    {
        "title": "Animal World",
        "date_x": "06/29/2018 ",
        "score": 72.0,
        "genre": [
            "Drama",
            "Action",
            "Adventure",
            "Thriller",
            "Mystery",
            "Fantasy"
        ],
        "overview": "Drifting aimlessly through life, Kaisi has racked up debts of several million having borrowed money from his friends. Lured with the promise of writing it all off, Kaisi leaves his ailing mother and childhood sweetheart Qing to board the ship Destiny and attend a gambling party controlled by the mysterious Anderson. All players join the game with stars. For each game they lose, their opponent captures a star. Everyone is holding daggers behind their backs plotting dirty means by which to overcome their opponents. The game quickly deteriorates into a slaughter and Kaisi must battle save his own skin.",
        "actors": [
            "Li Yifeng",
            "Zheng Kaisi",
            "Michael Douglas",
            "Anderson",
            "Zhou Dongyu",
            "Liu Qing",
            "Cao Bingkun",
            "Li Jun",
            "Wang Ge",
            "Meng Xiaopang",
            "Su Ke",
            "Zhang Jingkun",
            "Wu Yanshu",
            "Old Lady",
            "Yao Anlian",
            "Old Man",
            "Lei Han",
            "Kaisi's Father"
        ],
        "orig_title": " 动物世界",
        "status": " Released",
        "orig_lang": " Chinese",
        "budget_x": 125000.0,
        "revenue": 73773028.2,
        "country": "CN"
    },
    {
        "title": "The Santa Clause",
        "date_x": "11/24/1994 ",
        "score": 65.0,
        "genre": [
            "Fantasy",
            "Drama",
            "Comedy",
            "Family"
        ],
        "overview": "On Christmas Eve, divorced dad Scott Calvin and his son discover Santa Claus has fallen off their roof. When Scott takes the reins of the magical sleigh, he finds he is now the new Santa, and must convince a world of disbelievers, including himself.",
        "actors": [
            "Tim Allen",
            "Scott Calvin",
            "Judge Reinhold",
            "Neil",
            "Wendy Crewson",
            "Laura",
            "Eric Lloyd",
            "Charlie",
            "David Krumholtz",
            "Bernard",
            "Larry Brandenburg",
            "Detective Nunzio",
            "Mary Gross",
            "Ms. Daniels",
            "Paige Tamada",
            "Judy the Elf",
            "Peter Boyle",
            "Mr. Whittle"
        ],
        "orig_title": "The Santa Clause",
        "status": " Released",
        "orig_lang": " English",
        "budget_x": 22000000.0,
        "revenue": 190506000.0,
        "country": "AU"
    },
    {
        "title": "Shiloh",
        "date_x": "11/30/1996 ",
        "score": 56.0,
        "genre": [
            "Drama",
            "Family"
        ],
        "overview": "An abused beagle runs away from his owner. On the road, he meets young Marty Preston and follows him home. The boy immediately forms a bond with the dog and names him Shiloh. His stern father won't let him keep the dog because it belongs to Judd Travers, a local hunter. After Shiloh is mistreated again, he runs away and returns to Marty. Knowing his father will once again make him bring Shiloh back to Judd, he makes a home for the dog in an old shed up the hill from the Prestons' house and hides him from his family. His secret is soon discovered when a stray attacks the dog one night and he must turn to his father for help.",
        "actors": [
            "Blake Heron",
            "Marty",
            "J. Madison Wright",
            "Sam Wallace",
            "Michael Moriarty",
            "Ray Preston",
            "Scott Wilson",
            "Judd Travers",
            "Rod Steiger",
            "Doc Wallace",
            "Bonnie Bartlett",
            "Mrs. Wallace",
            "Ann Dowd",
            "Louise Preston",
            "Shira Roth",
            "Dara Lynn",
            "Tori Wright",
            "Becky"
        ],
        "orig_title": "Shiloh",
        "status": " Released",
        "orig_lang": " English",
        "budget_x": 44400000.0,
        "revenue": 371501189.4,
        "country": "US"
    },
    {
        "title": "Oliver Twist",
        "date_x": "10/07/2005 ",
        "score": 67.0,
        "genre": [
            "Crime",
            "Drama",
            "Family"
        ],
        "overview": "Oliver Twist the modern filmed version of Charles Dickens bestseller, a Roman Polanski adaptation. The classic Dickens tale, where an orphan meets a pickpocket on the streets of London. From there, he joins a household of boys who are trained to steal for their master.",
        "actors": [
            "Barney Clark",
            "Oliver Twist",
            "Ben Kingsley",
            "Fagin",
            "Jamie Foreman",
            "Bill Sikes",
            "Harry Eden",
            "The Artful Dodger",
            "Edward Hardwicke",
            "Mr. Brownlow",
            "Leanne Rowe",
            "Nancy",
            "Ian McNeice",
            "Mr. Limbkins",
            "Chris Overton",
            "Noah Claypole",
            "Andy Linden",
            "Mr. Gamfield"
        ],
        "orig_title": "Oliver Twist",
        "status": " Released",
        "orig_lang": " English",
        "budget_x": 65000000.0,
        "revenue": 26670920.0,
        "country": "GB"
    },
    {
        "title": "The Last Man",
        "date_x": "01/18/2019 ",
        "score": 57.0,
        "genre": [
            "Science Fiction",
            "Action",
            "Drama",
            "Thriller"
        ],
        "overview": "Tov Matheson is a war veteran with PTSD who perceives that the apocalypse is coming. After starting a relationship with a dubious Messiah, he leaves his normal life and begins the construction of a shelter underground, training himself, in an extreme way, at the cost of losing everything and making people believe he is insane. When he also believes it, something extraordinary happens.",
        "actors": [
            "Hayden Christensen",
            "Kurt Matheson",
            "Harvey Keitel",
            "Noe",
            "Marco Leonardi",
            "Antonio",
            "Justin Kelly",
            "Johnny",
            "Liz Solari",
            "Jessica",
            "Fernán Mirás",
            "Crazy Man",
            "Rafael Spregelburd",
            "Gomez",
            "Raymond E. Lee",
            "Romhess",
            "Loïc Lombard",
            "French"
        ],
        "orig_title": "The Last Man",
        "status": " Released",
        "orig_lang": " English",
        "budget_x": 125000000.0,
        "revenue": 502896889.8,
        "country": "US"
    },
    {
        "title": "The Last Unicorn",
        "date_x": "09/18/1986 ",
        "score": 72.0,
        "genre": [
            "Fantasy",
            "Animation",
            "Family",
            "Adventure"
        ],
        "overview": "From a riddle-speaking butterfly, a unicorn learns that she is supposedly the last of her kind, all the others having been herded away by the Red Bull. The unicorn sets out to discover the truth behind the butterfly's words. She is eventually joined on her quest by Schmendrick, a second-rate magician, and Molly Grue, a now middle-aged woman who dreamed all her life of seeing a unicorn. Their journey leads them far from home, all the way to the castle of King Haggard.",
        "actors": [
            "Alan Arkin",
            "Schmendrick (voice)",
            "Jeff Bridges",
            "Prince Lir (voice)",
            "Mia Farrow",
            "Unicorn / Amalthea (voice)",
            "Tammy Grimes",
            "Molly Grue (voice)",
            "Robert Klein",
            "The Butterfly (voice)",
            "Angela Lansbury",
            "Mommy Fortuna (voice)",
            "Christopher Lee",
            "King Haggard (voice)",
            "Keenan Wynn",
            "Captain Cully / Harpy (voice)",
            "Paul Frees",
            "Mabruk (voice)"
        ],
        "orig_title": "The Last Unicorn",
        "status": " Released",
        "orig_lang": " English",
        "budget_x": 27268000.0,
        "revenue": 6455530.0,
        "country": "AU"
    },
    {
        "title": "Operation Chromite",
        "date_x": "07/27/2016 ",
        "score": 58.0,
        "genre": [
            "History",
            "Drama",
            "War",
            "Action"
        ],
        "overview": "A squad of soldiers fight in the Korean War's crucial Battle of Incheon.",
        "actors": [
            "Lee Jung-jae",
            "Jang Hak-soo",
            "Liam Neeson",
            "Douglas MacArthur",
            "Lee Beom-soo",
            "Lim Gye-jin",
            "Jin Se-yeon",
            "Han Jae-sun",
            "Jung Joon-ho",
            "Seo Jin-chul",
            "Kim Sun-a",
            "Kim Hwa-young",
            "Yoshihiro Akiyama",
            "Baek-san",
            "Park Sung-woong",
            "Park Nam-chul",
            "Kim Young-ae",
            "Na Jung-nim"
        ],
        "orig_title": " 인천상륙작전",
        "status": " Released",
        "orig_lang": " Korean",
        "budget_x": 12700000.0,
        "revenue": 49196532.0,
        "country": "KR"
    },
    {
        "title": "The Entity",
        "date_x": "02/04/1983 ",
        "score": 66.0,
        "genre": [
            "Horror",
            "Mystery",
            "Thriller"
        ],
        "overview": "Carla Moran, a hard-working single mother,  is raped in her bedroom by someone — or something — that she cannot see. Despite skeptical psychiatrists, she is repeatedly attacked by this invisible force. Could this be a case of hysteria or something more horrific?",
        "actors": [
            "Barbara Hershey",
            "Carla Moran",
            "Ron Silver",
            "Phil Sneiderman",
            "David Labiosa",
            "Billy",
            "George Coe",
            "Dr. Weber",
            "Margaret Blye",
            "Cindy Nash",
            "Jacqueline Brookes",
            "Dr. Cooley",
            "Richard Brestoff",
            "Gene Kraft",
            "Michael Alldredge",
            "George Nash",
            "Raymond Singer",
            "Joe Mehan"
        ],
        "orig_title": "The Entity",
        "status": " Released",
        "orig_lang": " English",
        "budget_x": 9000000.0,
        "revenue": 13277558.0,
        "country": "US"
    },
    {
        "title": "16 Blocks",
        "date_x": "08/03/2006 ",
        "score": 64.0,
        "genre": [
            "Action",
            "Adventure",
            "Crime",
            "Thriller"
        ],
        "overview": "An aging cop is assigned the ordinary task of escorting a fast-talking witness from police custody to a courthouse, but they find themselves running the gauntlet as other forces try to prevent them from getting there.",
        "actors": [
            "Bruce Willis",
            "Jack Mosley",
            "Yasiin Bey",
            "Eddie Bunker",
            "David Morse",
            "Frank Nugent",
            "Jenna Stern",
            "Diane Mosley",
            "David Zayas",
            "Robert Torres",
            "Casey Sander",
            "Captain Dan Gruber",
            "Cylk Cozart",
            "Jimmy Mulvey",
            "Robert Racki",
            "Jerry Shue",
            "Patrick Garrow",
            "Touhey"
        ],
        "orig_title": "16 Blocks",
        "status": " Released",
        "orig_lang": " English",
        "budget_x": 45000000.0,
        "revenue": 65595141.0,
        "country": "AU"
    },
    {
        "title": "Stoker",
        "date_x": "09/29/2013 ",
        "score": 67.0,
        "genre": [
            "Drama",
            "Horror",
            "Thriller"
        ],
        "overview": "After India's father dies, her Uncle Charlie, who she never knew existed, comes to live with her and her unstable mother. She comes to suspect this mysterious, charming man has ulterior motives and becomes increasingly infatuated with him.",
        "actors": [
            "Mia Wasikowska",
            "India Stoker",
            "Nicole Kidman",
            "Evelyn 'Evie' Stoker",
            "Matthew Goode",
            "Charlie Stoker",
            "Dermot Mulroney",
            "Richard Stoker",
            "Jacki Weaver",
            "Aunt Gwendolyn 'Gin' Stoker",
            "Lucas Till",
            "Chris Pitts",
            "Alden Ehrenreich",
            "Whip Taylor",
            "Phyllis Somerville",
            "Mrs. McGarrick",
            "Ralph Brown",
            "Sheriff Howard"
        ],
        "orig_title": "Stoker",
        "status": " Released",
        "orig_lang": " English",
        "budget_x": 12000000.0,
        "revenue": 12034913.0,
        "country": "AU"
    },
    {
        "title": "Pi",
        "date_x": "07/15/1999 ",
        "score": 71.0,
        "genre": [
            "Mystery",
            "Drama",
            "Thriller"
        ],
        "overview": "A mathematical genius discovers a link between numbers and reality, and thus believes he can predict the future.",
        "actors": [
            "Sean Gullette",
            "Maximillian Cohen",
            "Mark Margolis",
            "Sol Robeson",
            "Ben Shenkman",
            "Lenny Meyer",
            "Pamela Hart",
            "Marcy Dawson",
            "Stephen Pearlman",
            "Rabbi Cohen",
            "Samia Shoaib",
            "Devi",
            "Ajay Naidu",
            "Farroukh",
            "Kristyn Mae-Anne Lao",
            "Jenna",
            "Espher Lao Nieves",
            "Jenna's Mom"
        ],
        "orig_title": "Pi",
        "status": " Released",
        "orig_lang": " English",
        "budget_x": 68000.0,
        "revenue": 4678513.0,
        "country": "AU"
    },
    {
        "title": "Olaf Jagger",
        "date_x": "04/06/2023 ",
        "score": 40.0,
        "genre": [
            "Comedy"
        ],
        "overview": "We don't have an overview translated in English. Help us expand our database by adding one.",
        "actors": [
            "Olaf Schubert",
            "Self",
            "Christian Lorenz",
            "Flake Lorenz",
            "Mick Jagger",
            "Himself"
        ],
        "orig_title": "Olaf Jagger",
        "status": " Released",
        "orig_lang": " German",
        "budget_x": 101800000.0,
        "revenue": 567601271.2,
        "country": "DE"
    },
    {
        "title": "The Legend of 1900",
        "date_x": "10/28/1998 ",
        "score": 83.0,
        "genre": [
            "Drama",
            "Music",
            "Romance"
        ],
        "overview": "The story of a virtuoso piano player who lives his entire life aboard an ocean liner. Born and raised on the ship, 1900 (Tim Roth) learned about the outside world through interactions with passengers, never setting foot on land, even for the love of his life. Years later, the ship may be destroyed, and a former band member fears that 1900 may still be aboard, willing to go down with the ship.",
        "actors": [
            "Tim Roth",
            "Danny Boodmann T.D. Lemon Nineteen Hundred '1900'",
            "Pruitt Taylor Vince",
            "Max Tooney",
            "Mélanie Thierry",
            "The Girl",
            "Bill Nunn",
            "Danny Boodmann",
            "Gabriele Lavia",
            "Farmer",
            "Clarence Williams III",
            "Jelly Roll Morton",
            "Peter Vaughan",
            "'Pops'",
            "the Shopkeeper",
            "Niall O'Brien",
            "Harbor Master",
            "Alberto Vazquez",
            "Mexican Stoker"
        ],
        "orig_title": " La leggenda del pianista sull'oceano",
        "status": " Released",
        "orig_lang": " Italian",
        "budget_x": 9000000.0,
        "revenue": 21057208.0,
        "country": "IT"
    },
    {
        "title": "Black Water",
        "date_x": "06/01/2007 ",
        "score": 59.0,
        "genre": [
            "Adventure",
            "Drama",
            "Horror"
        ],
        "overview": "A trio of tourists on a fishing trip in the mangrove swamps of Northern Australia are left to fend for themselves when their tour guide is killed by a crocodile.",
        "actors": [
            "Diana Glenn",
            "Grace",
            "Maeve Dermody",
            "Lee",
            "Andy Rodoreda",
            "Adam",
            "Ben Oxenbould",
            "Jim",
            "Fiona Press",
            "Pat"
        ],
        "orig_title": "Black Water",
        "status": " Released",
        "orig_lang": " English",
        "budget_x": 700000.0,
        "revenue": 1271556.0,
        "country": "AU"
    },
    {
        "title": "My Daughter's Lover 3",
        "date_x": "12/05/2019 ",
        "score": 47.0,
        "genre": [
            "Romance"
        ],
        "overview": "Mi-seon loves her family, but she loves having sex with younger men. One day, she hears her sex partner, Jeong-woo, has a brother and she feels more attracted to the younger man.  Mi-seon goes to Jeong-woo's house and tries to seduce his brother when he's alone.  However, her new sex partner is her daughter's boyfriend.",
        "actors": [
            "Han Seo-ah",
            "",
            "Lee Eun-mi",
            "",
            "Sang Woo",
            "",
            "Tae Joo",
            "",
            "서아",
            ""
        ],
        "orig_title": " 딸의 애인 3",
        "status": " Released",
        "orig_lang": " Korean",
        "budget_x": 135200000.0,
        "revenue": 947468745.8,
        "country": "KR"
    },
    {
        "title": "Southern Gospel",
        "date_x": "03/10/2023 ",
        "score": 50.0,
        "genre": [
            "History",
            "Drama",
            "Music"
        ],
        "overview": "Samuel Allen's life collapses, but he wants to pursue his childhood goals and become a preacher. To do this, the rock n roll star has to fight against his past demons.",
        "actors": [
            "Max Ehrich",
            "Samuel Allen",
            "Braxton Bjerken",
            "Jesse",
            "Katelyn Nacon",
            "Julie Ledbetter",
            "Beau Hart",
            "Young Samuel Allen",
            "Liam Pileggi",
            "Little Samuel Allen",
            "Friedman Twinkies",
            "Young Jesse",
            "Burgess Jenkins",
            "Tony Jacks",
            "Alex Sgambati",
            "Edith",
            "Justin Miles",
            "Deputy Skinner"
        ],
        "orig_title": "Southern Gospel",
        "status": " Released",
        "orig_lang": " English",
        "budget_x": 154400000.0,
        "revenue": 345020989.6,
        "country": "US"
    },
    {
        "title": "2-Headed Shark Attack",
        "date_x": "01/17/2012 ",
        "score": 44.0,
        "genre": [
            "Horror",
            "Action",
            "Thriller",
            "Science Fiction"
        ],
        "overview": "A Semester at Sea ship is attacked and sunk by a mutated two-headed shark, and the survivors seek refuge on a deserted atoll. The coeds, however, are no longer safe when the atoll starts flooding.",
        "actors": [
            "Carmen Electra",
            "Anne Babish",
            "Charlie O'Connell",
            "Professor Babish",
            "Brooke Hogan",
            "Kate",
            "Gerald Webb",
            "Han",
            "David Gallegos",
            "Paul",
            "Christina Bach",
            "Dana",
            "Ashley Bissing",
            "Kristen",
            "Marckenson Charles",
            "Ryan",
            "Chase Conner",
            "Kirk"
        ],
        "orig_title": "2-Headed Shark Attack",
        "status": " Released",
        "orig_lang": " English",
        "budget_x": 134300000.0,
        "revenue": 884382967.0,
        "country": "US"
    },
    {
        "title": "High School Fleet Movie",
        "date_x": "01/18/2020 ",
        "score": 50.0,
        "genre": [
            "Animation",
            "Action",
            "Drama",
            "Science Fiction"
        ],
        "overview": "Living by the sea, protecting the sea, and journeying across the sea…They’re the BLUE MERMAIDS! Because of a shift in tectonic plates around 100 years ago, Japan lost much of its area to submergence. To preserve Japan’s territories, Coastal Cities sprung up, one after the other. Eventually, they became Marine Cities, and along with the expansion of sea-lanes to connect them, the need arose for a sizable staff to protect the seas. At the same time, maritime jobs were becoming more popular among women. Hence, the BLUE MERMAIDS had become every female student’s dream job.",
        "actors": [
            "Shiina Natsukawa",
            "Misaki Akeno (voice)",
            "Lynn",
            "Mashiro Munetani (voice)",
            "Ayuru Ohashi",
            "Momo Aoki (voice)",
            "Sora Amamiya",
            "Moeka China (voice)",
            "Ayaka Shimizu",
            "Yui Fujita (voice)",
            "Minami Tanaka",
            "Junko Heki (voice)",
            "Rui Tanabe",
            "Kayoko Himeji (voice)",
            "Sayaka Kaneko",
            "Hirota Sora (voice)",
            "Momo Asakura",
            "Mikan Irako (voice)"
        ],
        "orig_title": " 劇場版 ハイスクール・フリート",
        "status": " Released",
        "orig_lang": " Japanese",
        "budget_x": 161400000.0,
        "revenue": 613028432.6,
        "country": "JP"
    },
    {
        "title": "God of War",
        "date_x": "05/27/2017 ",
        "score": 59.0,
        "genre": [
            "Action",
            "History"
        ],
        "overview": "During the 16th century, pirates rule the Chinese coastline, pillaging the small villages and terrorizing the citizens. When maverick leader Commander Yu enlists the help of a sharp young general, they devise a plan to defeat the pirates. A violent clash of wit and weapons will decide who will rule the land.",
        "actors": [
            "Vincent Zhao",
            "General Qi",
            "Sammo Hung",
            "Commander Yu",
            "Wan Qian",
            "Madam Qi",
            "Yasuaki Kurata",
            "Kumasawa",
            "Wu Yue",
            "Yang Chao",
            "Keisuke Koide",
            "Yamagawa",
            "Timmy Hung",
            "Chen Dacheng",
            "Ryu Kohata",
            "Kohata",
            "Liu Junxiao",
            "Qi Jimei"
        ],
        "orig_title": " 荡寇风云",
        "status": " Released",
        "orig_lang": " Chinese",
        "budget_x": 25000000.0,
        "revenue": 192580540.8,
        "country": "CN"
    },
    {
        "title": "Finding Neverland",
        "date_x": "11/11/2004 ",
        "score": 73.0,
        "genre": [
            "Drama"
        ],
        "overview": "During a writing slump, playwright J.M. Barrie meets a widow and her four children, all young boys—who soon become an important part of Barrie’s life and the inspiration that lead him to create his masterpiece. Peter Pan'.",
        "actors": [
            "Johnny Depp",
            "Sir James Matthew Barrie",
            "Kate Winslet",
            "Sylvia Llewelyn Davies",
            "Julie Christie",
            "Mrs. Emma du Maurier",
            "Dustin Hoffman",
            "Charles Frohman",
            "Freddie Highmore",
            "Peter Llewelyn Davies",
            "Radha Mitchell",
            "Mary Ansell Barrie",
            "Kate Maberly",
            "Wendy",
            "Joe Prospero",
            "Jack Llewelyn Davies",
            "Nick Roud",
            "George Llewelyn Davies"
        ],
        "orig_title": "Finding Neverland",
        "status": " Released",
        "orig_lang": " English",
        "budget_x": 25000000.0,
        "revenue": 115036108.0,
        "country": "US"
    },
    {
        "title": "Automata",
        "date_x": "11/14/2014 ",
        "score": 58.0,
        "genre": [
            "Thriller",
            "Science Fiction"
        ],
        "overview": "Jacq Vaucan, an insurance agent of ROC robotics corporation, routinely investigates the case of manipulating a robot. What he discovers will have profound consequences for the future of humanity.",
        "actors": [
            "Antonio Banderas",
            "Jacq Vaucan",
            "Melanie Griffith",
            "Dr. Susan Dupré / Cleo (voice)",
            "Birgitte Hjort Sørensen",
            "Rachel Vaucan",
            "Dylan McDermott",
            "Wallace",
            "Robert Forster",
            "Robert Bold",
            "Tim McInnerny",
            "Vernon Conway",
            "Andy Nyman",
            "Ellis",
            "David Ryall",
            "Dominic Hawk",
            "Geraldine Somerville",
            "Samantha"
        ],
        "orig_title": " Autómata",
        "status": " Released",
        "orig_lang": " English",
        "budget_x": 7000000.0,
        "revenue": 58096837.4,
        "country": "AU"
    },
    {
        "title": "Hitman: Agent Jun",
        "date_x": "01/22/2020 ",
        "score": 74.0,
        "genre": [
            "Action",
            "Comedy"
        ],
        "overview": "A top secret agent fakes his death to start a new life as a comic artist. When his new career goes poorly and he's unable to provide for his family, he drunk draws a comic about his exciting past. But when it gets posted online and becomes a massive hit, trouble from that past comes looking for him.",
        "actors": [
            "Kwon Sang-woo",
            "Jun",
            "Jung Joon-ho",
            "Deok-gyu",
            "Hwang Woo-seul-hye",
            "Mi-na",
            "Lee Yi-kyung",
            "Cheol",
            "Lee Ji-won",
            "Ga-yeong",
            "Heo Sung-tae",
            "Hyeong-do",
            "Jo Woon",
            "Jason",
            "Heo Dong-won",
            "Jerome",
            "Lee Jun-hyeok",
            "Gyu-man"
        ],
        "orig_title": " 히트맨",
        "status": " Released",
        "orig_lang": " Korean",
        "budget_x": 88240000.0,
        "revenue": 335240483.0,
        "country": "KR"
    },
    {
        "title": "Ruby Sparks",
        "date_x": "09/20/2012 ",
        "score": 71.0,
        "genre": [
            "Comedy",
            "Romance",
            "Fantasy",
            "Drama"
        ],
        "overview": "Calvin is a young novelist who achieved phenomenal success early in his career but is now struggling with his writing – as well as his romantic life. Finally, he makes a breakthrough and creates a character named Ruby who inspires him. When Calvin finds Ruby, in the flesh, sitting on his couch about a week later, he is completely flabbergasted that his words have turned into a living, breathing person.",
        "actors": [
            "Paul Dano",
            "Calvin",
            "Zoe Kazan",
            "Ruby",
            "Chris Messina",
            "Harry",
            "Annette Bening",
            "Gertrude",
            "Antonio Banderas",
            "Mort",
            "Alia Shawkat",
            "Mabel",
            "Deborah Ann Woll",
            "Lila",
            "Steve Coogan",
            "Langdon Tharp",
            "Elliott Gould",
            "Dr. Rosenthal"
        ],
        "orig_title": "Ruby Sparks",
        "status": " Released",
        "orig_lang": " English",
        "budget_x": 8000000.0,
        "revenue": 9128263.0,
        "country": "AU"
    },
    {
        "title": "20,000 Leagues Under the Sea",
        "date_x": "12/29/1955 ",
        "score": 71.0,
        "genre": [
            "Adventure",
            "Drama",
            "Family",
            "Fantasy",
            "Science Fiction",
            "Action"
        ],
        "overview": "A ship sent to investigate a wave of mysterious sinkings encounters the advanced submarine, the Nautilus, commanded by Captain Nemo.",
        "actors": [
            "Kirk Douglas",
            "Ned Land",
            "James Mason",
            "Captain Nemo",
            "Paul Lukas",
            "Prof. Pierre Arronax",
            "Peter Lorre",
            "Conseil",
            "Robert J. Wilke",
            "First Mate of the Nautilus",
            "Ted de Corsia",
            "Capt. Farragut",
            "Carleton Young",
            "John Howard",
            "J. M. Kerrigan",
            "Billy",
            "Percy Helton",
            "Coach Driver"
        ],
        "orig_title": "20,000 Leagues Under the Sea",
        "status": " Released",
        "orig_lang": " English",
        "budget_x": 5000000.0,
        "revenue": 28200000.0,
        "country": "AU"
    },
    {
        "title": "20,000 Leagues Under the Sea",
        "date_x": "12/29/1955 ",
        "score": 71.0,
        "genre": [
            "Adventure",
            "Drama",
            "Family",
            "Fantasy",
            "Science Fiction",
            "Action"
        ],
        "overview": "A ship sent to investigate a wave of mysterious sinkings encounters the advanced submarine, the Nautilus, commanded by Captain Nemo.",
        "actors": [
            "Kirk Douglas",
            "Ned Land",
            "James Mason",
            "Captain Nemo",
            "Paul Lukas",
            "Prof. Pierre Arronax",
            "Peter Lorre",
            "Conseil",
            "Robert J. Wilke",
            "First Mate of the Nautilus",
            "Ted de Corsia",
            "Capt. Farragut",
            "Carleton Young",
            "John Howard",
            "J. M. Kerrigan",
            "Billy",
            "Percy Helton",
            "Coach Driver"
        ],
        "orig_title": "20,000 Leagues Under the Sea",
        "status": " Released",
        "orig_lang": " English",
        "budget_x": 200000.0,
        "revenue": 8000000.0,
        "country": "AU"
    },
    {
        "title": "The Descendants",
        "date_x": "01/12/2012 ",
        "score": 68.0,
        "genre": [
            "Comedy",
            "Drama"
        ],
        "overview": "With his wife Elizabeth on life support after a boating accident, Hawaiian land baron Matt King takes his daughters on a trip from Oahu to Kauai to confront a young real estate broker, who was having an affair with Elizabeth before her misfortune.",
        "actors": [
            "George Clooney",
            "Matt King",
            "Shailene Woodley",
            "Alexandra King",
            "Beau Bridges",
            "Cousin Hugh",
            "Robert Forster",
            "Scott Thorson",
            "Judy Greer",
            "Julie Speer",
            "Matthew Lillard",
            "Brian Speer",
            "Nick Krause",
            "Sid",
            "Amara Miller",
            "Scottie King",
            "Mary Birdsong",
            "Kai Mitchell"
        ],
        "orig_title": "The Descendants",
        "status": " Released",
        "orig_lang": " English",
        "budget_x": 20000000.0,
        "revenue": 175507800.0,
        "country": "AU"
    },
    {
        "title": "Pokémon: Destiny Deoxys",
        "date_x": "07/22/2004 ",
        "score": 66.0,
        "genre": [
            "Family",
            "Adventure",
            "Animation",
            "Fantasy"
        ],
        "overview": "Deoxys, a Pokémon from outer space, terrorizes the high-tech city Ash Ketchum and his friends are visiting.",
        "actors": [
            "Rica Matsumoto",
            "Satoshi (voice)",
            "Ikue Otani",
            "Pikachu (voice)",
            "KAORI",
            "Haruka (voice)",
            "Yuji Ueda",
            "Takeshi (voice)",
            "Fushigi Yamada",
            "Masato (voice)",
            "Megumi Hayashibara",
            "Musashi (voice)",
            "Shin-ichiro Miki",
            "Kojiro (voice)",
            "Inuko Inuyama",
            "Nyarth (voice)",
            "Chinami Nishimura",
            "Junsar (voice)"
        ],
        "orig_title": " 劇場版ポケットモンスター アドバンスジェネレーション 裂空の訪問者 デオキシス",
        "status": " Released",
        "orig_lang": " Japanese",
        "budget_x": 66160000.0,
        "revenue": 34300000.0,
        "country": "JP"
    },
    {
        "title": "Two Mothers",
        "date_x": "08/01/2017 ",
        "score": 50.0,
        "genre": [
            "Drama",
            "Romance"
        ],
        "overview": "Two best friends. And their lust for each one's opponent mothers. Junhyeong and Daejin are best friends. One day Daejin’s mom visits Junhyeong who is heartbroken when he was disappointed in love. She suggests that she will teach him sex and make him a real man. Unlike Junhyeong, Daejin is popular guy to women. But he long since has fallen in love with Junhyeong’s mom. When Daejin hears Junhyeong’s parents seems to divorce, he decides to start expressing his affection to her.",
        "actors": [
            "Baek Se-ri",
            "Yeon-hee",
            "Song In-ho",
            "",
            "Lee Yoo-chan",
            "",
            "Yoo Jin",
            ""
        ],
        "orig_title": " 두 엄마",
        "status": " Released",
        "orig_lang": " Korean",
        "budget_x": 175600000.0,
        "revenue": 288568132.4,
        "country": "KR"
    },
    {
        "title": "Chris Rock: Selective Outrage",
        "date_x": "03/04/2023 ",
        "score": 62.0,
        "genre": [
            "Comedy"
        ],
        "overview": "Chris Rock makes comedy history as he performs stand-up in real time for Netflix’s first global live-streaming event.",
        "actors": [
            "Chris Rock",
            "Self"
        ],
        "orig_title": "Chris Rock: Selective Outrage",
        "status": " Released",
        "orig_lang": " English",
        "budget_x": 161400000.0,
        "revenue": 287419513.4,
        "country": "US"
    },
    {
        "title": "The Florida Project",
        "date_x": "12/21/2017 ",
        "score": 74.0,
        "genre": [
            "Drama"
        ],
        "overview": "The story of a precocious six year-old and her ragtag group of friends whose summer break is filled with childhood wonder, possibility and a sense of adventure while the adults around them struggle with hard times.",
        "actors": [
            "Brooklynn Prince",
            "Moonee",
            "Willem Dafoe",
            "Bobby Hicks",
            "Bria Vinaite",
            "Halley",
            "Valeria Cotto",
            "Jancey",
            "Christopher Rivera",
            "Scooty",
            "Caleb Landry Jones",
            "Jack Hicks",
            "Aiden Malik",
            "Dicky",
            "Josie Olivo",
            "Grandma Stacy",
            "Edward Pagan",
            "Dicky's Dad"
        ],
        "orig_title": "The Florida Project",
        "status": " Released",
        "orig_lang": " English",
        "budget_x": 2000000.0,
        "revenue": 11275645.0,
        "country": "AU"
    },
    {
        "title": "Until the End of the World",
        "date_x": "09/12/1991 ",
        "score": 68.0,
        "genre": [
            "Drama",
            "Science Fiction",
            "Adventure"
        ],
        "overview": "In 1999, a woman's life is forever changed after she survives a car crash with two bank robbers, who enlist her help to take the money to a drop in Paris. On the way, she runs into another fugitive from the law — an American doctor on the run from the CIA. They want to confiscate his father's invention – a device which allows anyone to record their dreams and visions.",
        "actors": [
            "William Hurt",
            "Sam Farber",
            "alias Trevor McPhee",
            "Solveig Dommartin",
            "Claire Tourneur",
            "Sam Neill",
            "Eugene Fitzpatrick",
            "Max von Sydow",
            "Henry Farber",
            "Rüdiger Vogler",
            "Phillip Winter",
            "Ernie Dingo",
            "Burt",
            "Jeanne Moreau",
            "Edith Farber",
            "Chick Ortega",
            "Chico Remy",
            "Elena Prudnikova",
            "Krasikova"
        ],
        "orig_title": " Bis ans Ende der Welt",
        "status": " Released",
        "orig_lang": " German",
        "budget_x": 23000000.0,
        "revenue": 213407413.4,
        "country": "DE"
    },
    {
        "title": "Dumplings",
        "date_x": "08/19/2004 ",
        "score": 67.0,
        "genre": [
            "Horror"
        ],
        "overview": "A rich woman is losing her attractiveness and longs for passion with her husband, who is having an affair with his younger and more attractive masseuse. In order to boost her image, she seeks out the help of a local chef, who cooks some special dumplings which she are claimed to be effective for rejuvenation, but these dumplings hide a terrible secret.",
        "actors": [
            "Miriam Yeung",
            "Mrs. Lee",
            "Bai Ling",
            "Mei",
            "Tony Leung Ka-fai",
            "Mr. Lee",
            "Pauline Lau",
            "Masseuse",
            "Meme Tian Pu-Jun",
            "Connie",
            "Miki Yeung",
            "Kate",
            "So-Fun Wong",
            "Kate's Mother"
        ],
        "orig_title": " 餃子",
        "status": " Released",
        "orig_lang": " Cantonese",
        "budget_x": 60800000.0,
        "revenue": 470197771.4,
        "country": "HK"
    },
    {
        "title": "Kutukan Cakar Monyet",
        "date_x": "04/06/2023 ",
        "score": 0.0,
        "genre": [
            "Horror"
        ],
        "overview": "A greedy husband and wife use a monkey claw amulet given by a shaman so they can get rich quickly. But apparently, they had crossed the line that made so many victims around them.",
        "actors": [
            "Oka Antara",
            "",
            "Aurélie Moeremans",
            "",
            "Unique Priscilla",
            "",
            "Arswendi Nasution",
            "",
            "Fergie Brittany",
            "",
            "Johan Yanuar",
            "",
            "Angel Pieters",
            "",
            "Niniek Arum",
            "",
            "Troosti Wartanti",
            ""
        ],
        "orig_title": "Kutukan Cakar Monyet",
        "status": " Released",
        "orig_lang": " English",
        "budget_x": 195000000.0,
        "revenue": 175269998.8,
        "country": "ID"
    },
    {
        "title": "Batman: Mask of the Phantasm",
        "date_x": "04/28/1994 ",
        "score": 75.0,
        "genre": [
            "Action",
            "Animation",
            "Crime",
            "Mystery"
        ],
        "overview": "When a powerful criminal, who is connected to Bruce Wayne's ex-girlfriend, blames the Dark Knight for killing a crime lord, Batman decides to fight against him.",
        "actors": [
            "Kevin Conroy",
            "Batman / Bruce Wayne (voice)",
            "Dana Delany",
            "Andrea Beaumont (voice)",
            "Hart Bochner",
            "Arthur Reeves (voice)",
            "Stacy Keach",
            "Phantasm / Carl Beaumont (voice)",
            "Abe Vigoda",
            "Salvatore Valestra (voice)",
            "Dick Miller",
            "Chuckie Sol (voice)",
            "John P. Ryan",
            "Buzz Bronski (voice)",
            "Efrem Zimbalist Jr.",
            "Alfred Pennyworth (voice)",
            "Bob Hastings",
            "Commissioner Jim Gordon (voice)"
        ],
        "orig_title": "Batman: Mask of the Phantasm",
        "status": " Released",
        "orig_lang": " English",
        "budget_x": 6000000.0,
        "revenue": 5617391.0,
        "country": "AU"
    },
    {
        "title": "Invisible Sister",
        "date_x": "10/09/2015 ",
        "score": 68.0,
        "genre": [
            "Fantasy",
            "Adventure",
            "Comedy",
            "TV Movie"
        ],
        "overview": "Teenager Cleo's school science project goes quite awry, causing her popular older sister Molly to go invisible.",
        "actors": [
            "Rowan Blanchard",
            "Cloe",
            "Paris Berelc",
            "Molly",
            "Francesca Capaldi",
            "Karen",
            "Ashton Smiley",
            "Molly's Best Friend",
            "Karan Brar",
            "George",
            "Devin Posey",
            "Molly's Friend",
            "Alex Désert",
            "Mr. Perkins",
            "Rachel Crow",
            "Nikki",
            "Scott Reeves",
            "Dad"
        ],
        "orig_title": "Invisible Sister",
        "status": " Released",
        "orig_lang": " English",
        "budget_x": 122000000.0,
        "revenue": 798902641.4,
        "country": "US"
    },
    {
        "title": "The Remains of the Day",
        "date_x": "11/19/1993 ",
        "score": 74.0,
        "genre": [
            "Drama",
            "Romance"
        ],
        "overview": "A rule bound head butler's world of manners and decorum in the household he maintains is tested by the arrival of a housekeeper who falls in love with him in post-WWI Britain. The possibility of romance and his master's cultivation of ties with the Nazi cause challenge his carefully maintained veneer of servitude.",
        "actors": [
            "Anthony Hopkins",
            "James Stevens",
            "Emma Thompson",
            "Miss Kenton",
            "James Fox",
            "Lord Darlington",
            "Christopher Reeve",
            "Jack Lewis",
            "Hugh Grant",
            "Reginald Cardinal",
            "Peter Vaughan",
            "William Stevens",
            "Ben Chaplin",
            "Charlie",
            "Head Footman",
            "Paula Jacobs",
            "Mrs. Mortimer",
            "the cook",
            "Patrick Godfrey",
            "Spencer"
        ],
        "orig_title": "The Remains of the Day",
        "status": " Released",
        "orig_lang": " English",
        "budget_x": 15000000.0,
        "revenue": 63954968.0,
        "country": "US"
    },
    {
        "title": "The World's Fastest Indian",
        "date_x": "12/12/2005 ",
        "score": 76.0,
        "genre": [
            "Drama",
            "Adventure",
            "History"
        ],
        "overview": "The life story of New Zealander Burt Munro, who spent years building a 1920 Indian motorcycle—a bike which helped him set the land-speed world record at Utah's Bonneville Salt Flats in 1967.",
        "actors": [
            "Anthony Hopkins",
            "Burt Munro",
            "Walton Goggins",
            "Marty Dickerson",
            "Diane Ladd",
            "Ada",
            "Bruce Greenwood",
            "Jerry",
            "Iain Rea",
            "George",
            "Tessa Mitchell",
            "Sarah",
            "Aaron Murphy",
            "Tom",
            "Tim Shadbolt",
            "Frank",
            "Annie Whittle",
            "Fran"
        ],
        "orig_title": "The World's Fastest Indian",
        "status": " Released",
        "orig_lang": " English",
        "budget_x": 25000000.0,
        "revenue": 18991288.0,
        "country": "AU"
    },
    {
        "title": "Women: Sexual Satisfaction",
        "date_x": "10/12/2017 ",
        "score": 20.0,
        "genre": [
            "Romance"
        ],
        "overview": "New employee Ho-seok is warned by the shooter to watch out for Lee Ji-sun. It turns out that Ji Sun was a new killer male employee! Moreover, as Hoseok's co-worker and Dae-cheol's sex partner, Joohee, began to look over Hoseok, Hoseok's corporate life is getting more and more dangerous.",
        "actors": [
            "Jin Seo-yeon",
            "",
            "Jeong Hee",
            "",
            "조아라",
            "",
            "대철",
            ""
        ],
        "orig_title": " 여자들 : 섹스의 만족도",
        "status": " Released",
        "orig_lang": " Korean",
        "budget_x": 12001040.0,
        "revenue": 38139010.0,
        "country": "KR"
    },
    {
        "title": "Blood Ties",
        "date_x": "03/20/2014 ",
        "score": 61.0,
        "genre": [
            "Thriller",
            "Crime",
            "Drama"
        ],
        "overview": "Two brothers, on either side of the law, face off over organized crime in Brooklyn during the 1970s.",
        "actors": [
            "Clive Owen",
            "Chris Pierzynski",
            "Billy Crudup",
            "Frank",
            "Marion Cotillard",
            "Monica",
            "Mila Kunis",
            "Natalie",
            "Zoe Saldaña",
            "Vanessa",
            "Matthias Schoenaerts",
            "Anthony Scarfo",
            "James Caan",
            "Leon",
            "Noah Emmerich",
            "Lt. Colon",
            "Lili Taylor",
            "Marie"
        ],
        "orig_title": "Blood Ties",
        "status": " Released",
        "orig_lang": " English",
        "budget_x": 26000000.0,
        "revenue": 2923959.0,
        "country": "AU"
    },
    {
        "title": "Godzilla",
        "date_x": "11/03/1954 ",
        "score": 76.0,
        "genre": [
            "Thriller",
            "Horror",
            "Science Fiction"
        ],
        "overview": "Japan is thrown into a panic after several ships are sunk near Odo Island. An expedition to the island led by Dr. Yemani soon discover something far more devastating than imagined in the form of a 50 meter tall monster whom the natives call Gojira. Now the monster begins a rampage that threatens to destroy not only Japan, but the rest of the world as well.",
        "actors": [
            "Akira Takarada",
            "Hideto Ogata",
            "Momoko Kôchi",
            "Emiko Yamane",
            "Akihiko Hirata",
            "Daisuke Serizawa",
            "Takashi Shimura",
            "Kyohei Yamane",
            "Fuyuki Murakami",
            "Professor Tanabe",
            "Sachio Sakai",
            "Newspaper Reporter Hagiwara",
            "Ren Yamamoto",
            "Masaji Yamada",
            "Toyoaki Suzuki",
            "Shinkichi Yamada",
            "Toranosuke Ogawa",
            "President of Company"
        ],
        "orig_title": " ゴジラ",
        "status": " Released",
        "orig_lang": " Japanese",
        "budget_x": 160000000.0,
        "revenue": 529076069.0,
        "country": "JP"
    },
    {
        "title": "Godzilla",
        "date_x": "11/03/1954 ",
        "score": 76.0,
        "genre": [
            "Thriller",
            "Horror",
            "Science Fiction"
        ],
        "overview": "Japan is thrown into a panic after several ships are sunk near Odo Island. An expedition to the island led by Dr. Yemani soon discover something far more devastating than imagined in the form of a 50 meter tall monster whom the natives call Gojira. Now the monster begins a rampage that threatens to destroy not only Japan, but the rest of the world as well.",
        "actors": [
            "Akira Takarada",
            "Hideto Ogata",
            "Momoko Kôchi",
            "Emiko Yamane",
            "Akihiko Hirata",
            "Daisuke Serizawa",
            "Takashi Shimura",
            "Kyohei Yamane",
            "Fuyuki Murakami",
            "Professor Tanabe",
            "Sachio Sakai",
            "Newspaper Reporter Hagiwara",
            "Ren Yamamoto",
            "Masaji Yamada",
            "Toyoaki Suzuki",
            "Shinkichi Yamada",
            "Toranosuke Ogawa",
            "President of Company"
        ],
        "orig_title": " ゴジラ",
        "status": " Released",
        "orig_lang": " Japanese",
        "budget_x": 125000000.0,
        "revenue": 376000000.0,
        "country": "JP"
    },
    {
        "title": "Land",
        "date_x": "04/29/2021 ",
        "score": 68.0,
        "genre": [
            "Drama"
        ],
        "overview": "Edee, in the aftermath of an unfathomable event, finds herself unable to stay connected to the world she once knew and in the face of that uncertainty, retreats to the magnificent, but unforgiving, wilds of the Rockies. After a local hunter brings her back from the brink of death, she must find a way to live again.",
        "actors": [
            "Robin Wright",
            "Edee Holzer",
            "Demián Bichir",
            "Miguel",
            "Sarah Dawn Pledge",
            "Alawa",
            "Kim Dickens",
            "Emma",
            "Warren Christie",
            "Adam",
            "Finlay Wojtak-Hissong",
            "Drew",
            "Brad Leland",
            "Colt",
            "Jordan Bullchild",
            "Store Employee",
            "David Trimble",
            "Store Clerk"
        ],
        "orig_title": "Land",
        "status": " Released",
        "orig_lang": " English",
        "budget_x": 54200004.0,
        "revenue": 2375190.0,
        "country": "AU"
    },
    {
        "title": "Enemy Mine",
        "date_x": "03/26/1986 ",
        "score": 69.0,
        "genre": [
            "Drama",
            "Science Fiction"
        ],
        "overview": "A soldier from Earth crashlands on an alien world after sustaining battle damage. Eventually he encounters another survivor, but from the enemy species he was fighting; they band together to survive on this hostile world. In the end the human finds himself caring for his enemy in a completely unexpected way.",
        "actors": [
            "Dennis Quaid",
            "Willis Davidge",
            "Louis Gossett Jr.",
            "Jeriba 'Jerry' Shigan",
            "Brion James",
            "Stubbs",
            "Richard Marcus",
            "Arnold",
            "Carolyn McCormick",
            "Morse",
            "Lance Kerwin",
            "Joey Wooster",
            "Bumper Robinson",
            "Zammis",
            "Jim Mapp",
            "Old Drac",
            "Scott Kraft",
            "Jonathan"
        ],
        "orig_title": "Enemy Mine",
        "status": " Released",
        "orig_lang": " English",
        "budget_x": 40000000.0,
        "revenue": 12303411.0,
        "country": "AU"
    },
    {
        "title": "Everyone's Hero",
        "date_x": "09/15/2006 ",
        "score": 58.0,
        "genre": [
            "Adventure",
            "Animation",
            "Comedy",
            "Family"
        ],
        "overview": "A boy begins a grand journey to return Babe Ruth's baseball bat before the deciding game of the 1932 World Series comes to a close.",
        "actors": [
            "William H. Macy",
            "Lefty Maginnis (voice)",
            "Rob Reiner",
            "Screwie (voice)",
            "Brian Dennehy",
            "Babe Ruth (voice)",
            "Ritchie Allen",
            "Officer Bryant (voice)",
            "Jake T. Austin",
            "Yankee Irving (voice)",
            "Cherise Boothe",
            "Rosetta Brewster (voice)",
            "Jesse Bronstein",
            "Sandlot Kid #1 (voice)",
            "Ralph Coppola",
            "Sandlot Kid #2 (voice)",
            "Whoopi Goldberg",
            "Darlin' (voice)"
        ],
        "orig_title": "Everyone's Hero",
        "status": " Released",
        "orig_lang": " English",
        "budget_x": 35000000.0,
        "revenue": 16627188.0,
        "country": "US"
    },
    {
        "title": "Rocco",
        "date_x": "11/30/2016 ",
        "score": 56.0,
        "genre": [
            "Documentary"
        ],
        "overview": "Rocco Siffredi is to pornography what Mike Tyson is to boxing or Mick Jagger is to rock’n’roll: a living legend. His mother wanted him to be a priest; with her blessing he became a hardcore performer, devoting his life to one God only: Desire. Rocco Siffredi reveals all, even if it sometimes means busting his own myth: his true story, beginnings, career, wife and children… and the ultimate revelation that will change his life forever.",
        "actors": [
            "Rocco Siffredi",
            "Self",
            "Kelly Stafford",
            "Self",
            "Rosa Caracciolo",
            "Self",
            "Gabriele Galetta",
            "Self",
            "Mark Spiegler",
            "Self",
            "John Stagliano",
            "Self",
            "Abella Danger",
            "Self",
            "James Deen",
            "Self",
            "Jenny Smart",
            "Self"
        ],
        "orig_title": "Rocco",
        "status": " Released",
        "orig_lang": " French",
        "budget_x": 80300000.0,
        "revenue": 321306715.6,
        "country": "FR"
    },
    {
        "title": "The Bounty",
        "date_x": "05/04/1984 ",
        "score": 67.0,
        "genre": [
            "Action",
            "Drama",
            "History"
        ],
        "overview": "The familiar story of Lieutenant Bligh, whose cruelty leads to a mutiny on his ship. This version follows both the efforts of Fletcher Christian to get his men beyond the reach of British retribution, and the epic voyage of Lieutenant Bligh to get his loyalists safely to East Timor in a tiny lifeboat.",
        "actors": [
            "Mel Gibson",
            "Fletcher Christian",
            "Anthony Hopkins",
            "Lieutenant William Bligh",
            "Laurence Olivier",
            "Admiral Hood",
            "Edward Fox",
            "Captain Greetham",
            "Daniel Day-Lewis",
            "John Fryer",
            "Bernard Hill",
            "William Cole",
            "Phil Davis",
            "Edward Young",
            "Liam Neeson",
            "Charles Churchill",
            "Wi Kuki Kaa",
            "König Tynah"
        ],
        "orig_title": "The Bounty",
        "status": " Released",
        "orig_lang": " English",
        "budget_x": 25000000.0,
        "revenue": 8613462.0,
        "country": "US"
    },
    {
        "title": "Fire in the Sky",
        "date_x": "05/13/1993 ",
        "score": 66.0,
        "genre": [
            "Science Fiction",
            "Drama",
            "Mystery"
        ],
        "overview": "A group of men who were clearing brush for the government arrive back in town, claiming that their friend was abducted by aliens. Nobody believes them, and despite a lack of motive and no evidence of foul play, their friends' disappearance is treated as murder.",
        "actors": [
            "D.B. Sweeney",
            "Travis Walton",
            "Robert Patrick",
            "Mike Rodgers",
            "Craig Sheffer",
            "Allan Dallis",
            "Peter Berg",
            "David Whitlock",
            "Henry Thomas",
            "Greg Hayes",
            "Bradley Gregg",
            "Bobby Cogdill",
            "Noble Willingham",
            "Blake Davies",
            "Kathleen Wilhoite",
            "Katie Rogers",
            "James Garner",
            "Frank Watters"
        ],
        "orig_title": "Fire in the Sky",
        "status": " Released",
        "orig_lang": " English",
        "budget_x": 15000000.0,
        "revenue": 19885552.0,
        "country": "AU"
    },
    {
        "title": "Scooby-Doo! Abracadabra-Doo",
        "date_x": "03/02/2010 ",
        "score": 78.0,
        "genre": [
            "Animation",
            "Comedy",
            "Family",
            "Mystery",
            "Fantasy"
        ],
        "overview": "The gang goes on a trip to check on Velma's younger sister, Madelyn. She's been studying stage magic at the Whirlen Merlin Magic Academy, where apparently there have been sightings of a giant griffin. The gang decides to investigate.",
        "actors": [
            "Frank Welker",
            "Scooby-Doo / Fred Jones (voice)",
            "Matthew Lillard",
            "Shaggy Rogers (voice)",
            "Mindy Cohn",
            "Velma Dinkley (voice)",
            "Grey DeLisle",
            "Daphne Blake (voice)",
            "Danica McKellar",
            "Madelyn Dinkley (voice)",
            "James Patrick Stuart",
            "Whirlen Merlin (voice)",
            "Crystal Scales",
            "Crystal (voice)",
            "Brian Posehn",
            "Marlon Whirlen (voice)",
            "Jeffrey Tambor",
            "Mr. Calvin Curdles (voice)"
        ],
        "orig_title": "Scooby-Doo! Abracadabra-Doo",
        "status": " Released",
        "orig_lang": " English",
        "budget_x": 145800000.0,
        "revenue": 1060714737.4,
        "country": "AU"
    },
    {
        "title": "I Am a Sex Addict",
        "date_x": "10/14/2005 ",
        "score": 57.0,
        "genre": [
            "Comedy",
            "Romance"
        ],
        "overview": "Just moments before his third wedding, Zahedi relates with utter sincerity and astonishing candor his obsession with prostitutes. He retraces his romantic and sexual history, including his ideological commitment to open relationships, that led to two disastrous marriages and several very pissed off ex-girlfriends.",
        "actors": [
            "Caveh Zahedi",
            "Caveh",
            "Rebecca Lord",
            "Prostitute / Caroline",
            "Valentine Fillol-Cordier",
            "French Woman in Subway",
            "Alexandra Guerineaud",
            "French Prostitute",
            "Anastasia Gershman",
            "Oscar presenter",
            "Lindsey Tjian",
            "Anna",
            "Bruna Matsin",
            "French prostitute",
            "Thomas Logoreci",
            "Ana's Husband",
            "Tiffany Mynx",
            "First L.A. Prostitute"
        ],
        "orig_title": "I Am a Sex Addict",
        "status": " Released",
        "orig_lang": " English",
        "budget_x": 128000000.0,
        "revenue": 419965614.6,
        "country": "US"
    },
    {
        "title": "In for a Murder",
        "date_x": "06/18/2021 ",
        "score": 63.0,
        "genre": [
            "Crime",
            "Comedy",
            "Science Fiction"
        ],
        "overview": "A stay-at-home mom and avid reader of crime stories discovers the deepest secrets of a small town's residents while investigating a woman's murder.",
        "actors": [
            "Paweł Domagała",
            "Komisarz Jacek Sikora",
            "Piotr Adamczyk",
            "",
            "Przemysław Bluszcz",
            "",
            "Rafał Królikowski",
            "",
            "Dorota Segda",
            "",
            "Olga Sarzyńska",
            "",
            "Anna Smołowik",
            "Magda",
            "Jowita Budnik",
            "",
            "Jacek Knap",
            ""
        ],
        "orig_title": " W jak morderstwo",
        "status": " Released",
        "orig_lang": " Polish",
        "budget_x": 112000000.0,
        "revenue": 298125647.4,
        "country": "PL"
    },
    {
        "title": "Burn the Stage: The Movie",
        "date_x": "11/15/2018 ",
        "score": 84.0,
        "genre": [
            "Music"
        ],
        "overview": "A documentary following the worldwide famous music group BTS, as they tour the world and share their experience along with their beloved band friends and fans.",
        "actors": [
            "Kim Nam-joon",
            "Himself",
            "Kim Seok-jin",
            "Himself",
            "Min Yoon-gi",
            "Himself",
            "Jung Ho-seok",
            "Himself",
            "Park Ji-min",
            "Himself",
            "Kim Tae-hyung",
            "Himself",
            "Jeon Jung-kook",
            "Himself"
        ],
        "orig_title": " 번 더 스테이지: 더 무비",
        "status": " Released",
        "orig_lang": " Korean",
        "budget_x": 140460000.0,
        "revenue": 807925864.6,
        "country": "KR"
    },
    {
        "title": "A Dangerous Method",
        "date_x": "01/13/2012 ",
        "score": 63.0,
        "genre": [
            "Drama",
            "Thriller"
        ],
        "overview": "Seduced by the challenge of an impossible case, the driven Dr. Carl Jung takes the unbalanced yet beautiful Sabina Spielrein as his patient. Jung’s weapon is the method of his master, the renowned Sigmund Freud. Both men fall under Sabina’s spell.",
        "actors": [
            "Keira Knightley",
            "Sabina Spielrein",
            "Viggo Mortensen",
            "Sigmund Freud",
            "Michael Fassbender",
            "Carl Jung",
            "Sarah Gadon",
            "Emma Jung",
            "Vincent Cassel",
            "Otto Gross",
            "André Hennicke",
            "Professor Eugen Bleuler",
            "Arndt Schwering-Sohnrey",
            "Sándor Ferenczi",
            "Mignon Remé",
            "Jung's Secretary",
            "Mareike Carrière",
            "Food Nurse"
        ],
        "orig_title": "A Dangerous Method",
        "status": " Released",
        "orig_lang": " English",
        "budget_x": 20000000.0,
        "revenue": 14807531.0,
        "country": "CA"
    },
    {
        "title": "A Good Man",
        "date_x": "08/19/2014 ",
        "score": 51.0,
        "genre": [
            "Action"
        ],
        "overview": "After an illustrious special ops career ends in disaster, Alexander goes off the grid and attempts to lead a quiet life as a handyman at an apartment complex. But when one of his tenants and her family fall under the thumb of a Russian gangster, Alexander is dragged into an all-out war between rival Chinese and Russian gangs; forcing him to not only defend the family, but bringing him face to face with an old foe, and giving him one more chance to reconcile his past.",
        "actors": [
            "Steven Seagal",
            "Alexander",
            "Victor Webster",
            "Sasha",
            "Tzi Ma",
            "Mr. Chen",
            "Iulia Verdes",
            "Lena",
            "Massimo Dobrović",
            "Roberto",
            "Elias Ferkin",
            "Li Wey",
            "Bogdan Farcaș",
            "Alexey",
            "Ron Balicki",
            "Polanski",
            "Claudiu Bleonţ",
            "Vladimir"
        ],
        "orig_title": "A Good Man",
        "status": " Released",
        "orig_lang": " English",
        "budget_x": 7000000.0,
        "revenue": 3297830.6,
        "country": "US"
    },
    {
        "title": "Yummy",
        "date_x": "06/25/2020 ",
        "score": 63.0,
        "genre": [
            "Horror",
            "Comedy",
            "Action"
        ],
        "overview": "A young couple travels to a shabby Eastern European hospital for plastic surgery. The young woman wants a breast reduction. Her mother comes along for yet another face-lift. Wandering through an abandoned ward the boyfriend stumbles upon a young woman, gagged and strapped to an operating table; she is the result of an experimental rejuvenation treatment. He frees her, but does not realize he just caused the outbreak of a virus that will change doctors, patients and his mother-in-law into bloodthirsty zombies.",
        "actors": [
            "Maaike Neuville",
            "Alison",
            "Bart Hollanders",
            "Michael",
            "Benjamin Ramon",
            "Daniel",
            "Clara Cleymans",
            "Janja",
            "Annick Christiaens",
            "Sylvia",
            "Eric Godon",
            "Dr. K",
            "Joshua Rubin",
            "Yonah",
            "Taeke Nicolai",
            "Oksana",
            "Tom Audenaert",
            "William"
        ],
        "orig_title": "Yummy",
        "status": " Released",
        "orig_lang": " Dutch, Flemish",
        "budget_x": 75000000.0,
        "revenue": 485503283.4,
        "country": "US"
    },
    {
        "title": "Private Valentine: Blonde & Dangerous",
        "date_x": "02/03/2009 ",
        "score": 64.0,
        "genre": [
            "Comedy"
        ],
        "overview": "When fluffy, bubble gum movie star Megan Valentine suddenly finds herself broke and humiliated in the public eye, she wanders from the wreckage of a car accident and witlessly enlists in the U.S. Army hoping in vain that it will change her life.",
        "actors": [
            "Jessica Simpson",
            "Private Megan Valentine",
            "Vivica A. Fox",
            "Sergeant Louisa Morely",
            "Steve Guttenberg",
            "Sidney Green",
            "Aimee Garcia",
            "Private Vicky Castillo",
            "Olesya Rulin",
            "Private Petrovich",
            "Keiko Agena",
            "Private Hailey Hamamori",
            "Jill Marie Jones",
            "Private Connie Johnson",
            "Ryan Sypek",
            "Sergeant Mills Evans",
            "Cheri Oteri",
            "Private Jeter"
        ],
        "orig_title": "Private Valentine: Blonde & Dangerous",
        "status": " Released",
        "orig_lang": " English",
        "budget_x": 30000000.0,
        "revenue": 103971.0,
        "country": "US"
    },
    {
        "title": "Project A: Part II",
        "date_x": "08/19/1987 ",
        "score": 71.0,
        "genre": [
            "Action",
            "Comedy"
        ],
        "overview": "Dragon is now transferred to be the police head of Sai Wan district, and has to contend with a gangster kingpin, anti-Manchu revolutionaries, some runaway pirates, Manchu Loyalists and a corrupt police superintendent.",
        "actors": [
            "Jackie Chan",
            "Sgt. Dragon Ma Yue-Lung",
            "Maggie Cheung",
            "Yesan",
            "Michael Chan",
            "Tiger Au",
            "Rosamund Kwan",
            "Ms. Pak",
            "Bill Tung",
            "Chief Inspector Tung",
            "David Lam Wai",
            "Superintendent Chun",
            "Ricky Hui",
            "Policeman #268",
            "Kenny Bee",
            "Policeman #279",
            "Carina Lau",
            "Beattie"
        ],
        "orig_title": " A計劃續集",
        "status": " Released",
        "orig_lang": " Cantonese",
        "budget_x": 173000000.0,
        "revenue": 387631576.4,
        "country": "HK"
    },
    {
        "title": "Cocktail",
        "date_x": "12/01/1988 ",
        "score": 61.0,
        "genre": [
            "Romance",
            "Drama",
            "Comedy"
        ],
        "overview": "After being discharged from the Army, Brian Flanagan moves back to Queens and takes a job in a bar run by Doug Coughlin, who teaches Brian the fine art of bar-tending. Brian quickly becomes a patron favorite with his flashy drink-mixing style, and Brian adopts his mentor's cynical philosophy on life and goes for the money.",
        "actors": [
            "Tom Cruise",
            "Brian Flanagan",
            "Bryan Brown",
            "Douglas \"Doug\" Coughlin",
            "Elisabeth Shue",
            "Jordan Mooney",
            "Lisa Banes",
            "Bonnie",
            "Kelly Lynch",
            "Kerry Coughlin",
            "Gina Gershon",
            "Coral",
            "Ron Dean",
            "Uncle Pat",
            "Ellen Foley",
            "Eleanor",
            "Chris Owens",
            "Soldier"
        ],
        "orig_title": "Cocktail",
        "status": " Released",
        "orig_lang": " English",
        "budget_x": 20000000.0,
        "revenue": 78222753.0,
        "country": "AU"
    },
    {
        "title": "The Mermaid: Lake of the Dead",
        "date_x": "07/12/2018 ",
        "score": 62.0,
        "genre": [
            "Horror",
            "Fantasy",
            "Romance"
        ],
        "overview": "An evil Mermaid falls in love with Marina's fiancé Roman and aims to keep him away from Marina in her Kingdom of Death under water. The Mermaid is a young woman who drowned a few centuries ago. Marina only has one week to overcome her fear of the dark water, to remain human in the deathly fight with the monsters and not to become one herself.",
        "actors": [
            "Victoria Agalakova",
            "Marina",
            "Efim Petrunin",
            "Roma Kitaev",
            "Nikita Elenev",
            "Ilya",
            "Sesil Plezhe",
            "Olga",
            "Sofya Shidlovskaya",
            "Lisa Grigorieva",
            "Igor Khripunov",
            "",
            "Dariya Yartseva",
            "Bride",
            "Dmitry Yartsev",
            "Bride's Father",
            "Alla Artamonova",
            "Victim"
        ],
        "orig_title": " Русалка. Озеро мертвых",
        "status": " Released",
        "orig_lang": " Russian",
        "budget_x": 140800000.0,
        "revenue": 309118887.2,
        "country": "RU"
    },
    {
        "title": "Role Models",
        "date_x": "01/15/2009 ",
        "score": 65.0,
        "genre": [
            "Comedy"
        ],
        "overview": "Two salesmen trash a company truck on an energy drink-fueled bender. Upon their arrest, the court gives them a choice: do hard time or spend 150 service hours with a mentorship program. After one day with the kids, however, jail doesn't look half bad.",
        "actors": [
            "Seann William Scott",
            "Wheeler",
            "Paul Rudd",
            "Danny Donahue",
            "Elizabeth Banks",
            "Beth",
            "Christopher Mintz-Plasse",
            "Augie Farks",
            "Bobb'e J. Thompson",
            "Ronnie Shields",
            "Jane Lynch",
            "Gayle Sweeny",
            "Ken Jeong",
            "King Argotron",
            "Ken Marino",
            "Jim Stansel",
            "Kerri Kenney",
            "Lynette"
        ],
        "orig_title": "Role Models",
        "status": " Released",
        "orig_lang": " English",
        "budget_x": 28000000.0,
        "revenue": 94500826.0,
        "country": "AU"
    },
    {
        "title": "Colorful",
        "date_x": "08/21/2010 ",
        "score": 73.0,
        "genre": [
            "Animation",
            "Drama",
            "Family"
        ],
        "overview": "Upon reaching the train station to death, a dejected soul is informed that he is lucky and will have another chance at life. He is placed in the body of a 14-year-old boy named Kobayashi Makoto, who has just committed suicide. Watched over by a neutral spirit named Purapura, the soul must figure out what his greatest sin and mistake in his former life was, before his time limit in Makoto's body runs out. He also has a number of other lesser duties he must complete, such as understanding what led Makoto to commit suicide in the first place and learning how to enjoy his second chance at life.",
        "actors": [
            "Kazato Tomizawa",
            "Makoto Kobayashi (voice)",
            "Akina Minami",
            "Hiroka Kuwabara (voice)",
            "Aoi Miyazaki",
            "Shoko Sano (voice)",
            "Jingi Irie",
            "Saotome (voice)",
            "Akiyoshi Nakao",
            "Mitsuru Kobayashi (voice)",
            "Kumiko Aso",
            "Makoto's Mother (voice)",
            "Katsumi Takahashi",
            "Makoto's Father (voice)",
            "Michael",
            "Purapura (voice)",
            "Manatsu Hayashi",
            "Mao (voice)"
        ],
        "orig_title": " カラフル",
        "status": " Released",
        "orig_lang": " Japanese",
        "budget_x": 124000000.0,
        "revenue": 417412529.2,
        "country": "JP"
    },
    {
        "title": "Your Son",
        "date_x": "11/09/2018 ",
        "score": 57.0,
        "genre": [
            "Drama",
            "Thriller"
        ],
        "overview": "Jaime, a doctor who lives in Seville, finds his life radicallychanged when his son is left fighting for his life after beingbeaten up during a robbery. The feelings of pain andhelplessness soon change to feelings of hate and anger,converting a good dad into a dehumanised man.",
        "actors": [
            "Jose Coronado",
            "Jaime Jiménez",
            "Pol Monen",
            "Marcos",
            "Ana Wagener",
            "Carmen",
            "Ester Expósito",
            "Andrea",
            "Asia Ortega",
            "Sara",
            "Sauce Ena",
            "Inspectora Moreno",
            "Marco H. Medina",
            "Pedro",
            "Gonzalo Hermoso",
            "Albino",
            "Sergio Castellanos",
            "Raúl"
        ],
        "orig_title": " Tu hijo",
        "status": " Released",
        "orig_lang": " Spanish, Castilian",
        "budget_x": 2128009.2,
        "revenue": 414202.0,
        "country": "ES"
    },
    {
        "title": "Killing Season",
        "date_x": "07/12/2013 ",
        "score": 55.0,
        "genre": [
            "Action",
            "Thriller"
        ],
        "overview": "Two veterans of the Bosnian War, one American, one Serbian, clash in the remote Smoky Mountain wilderness.",
        "actors": [
            "Robert De Niro",
            "Benjamin Ford",
            "John Travolta",
            "Emil Kovac",
            "Milo Ventimiglia",
            "Chris Ford",
            "Elizabeth Olin",
            "Sarah Ford",
            "Diana Lyubenova",
            "Elena",
            "Kalin Sarmenov",
            "Serbian",
            "Stefan Shterev",
            "Bar Customer",
            "Joseph Oliveira",
            "Serbian Soldier"
        ],
        "orig_title": "Killing Season",
        "status": " Released",
        "orig_lang": " English",
        "budget_x": 4760000.0,
        "revenue": 39881.0,
        "country": "US"
    },
    {
        "title": "Twin Peaks: Fire Walk with Me",
        "date_x": "11/18/1992 ",
        "score": 73.0,
        "genre": [
            "Drama",
            "Mystery",
            "Horror"
        ],
        "overview": "In the questionable town of Deer Meadow, Washington, FBI Agent Desmond inexplicably disappears while hunting for the man who murdered a teen girl. The killer is never apprehended, and, after experiencing dark visions and supernatural encounters, Agent Dale Cooper chillingly predicts that the culprit will claim another life. Meanwhile, in the more cozy town of Twin Peaks, hedonistic beauty Laura Palmer hangs with lowlifes and seems destined for a grisly fate.",
        "actors": [
            "Sheryl Lee",
            "Laura Palmer",
            "Ray Wise",
            "Leland Palmer",
            "Mädchen Amick",
            "Shelly Johnson",
            "Dana Ashbrook",
            "Bobby Briggs",
            "Phoebe Augustine",
            "Ronette Pulaski",
            "David Bowie",
            "Phillip Jeffries",
            "Eric DaRe",
            "Leo Johnson",
            "Miguel Ferrer",
            "Albert Rosenfeld",
            "Pamela Gidley",
            "Teresa Banks"
        ],
        "orig_title": "Twin Peaks: Fire Walk with Me",
        "status": " Released",
        "orig_lang": " English",
        "budget_x": 10000000.0,
        "revenue": 4184990.0,
        "country": "AU"
    },
    {
        "title": "Fred Claus",
        "date_x": "11/15/2007 ",
        "score": 58.0,
        "genre": [
            "Action",
            "Comedy",
            "Drama"
        ],
        "overview": "Fred Claus and Santa Claus have been estranged brothers for many years. Now Fred must reconcile his differences with his brother whom he believes overshadows him. When an efficiency expert assesses the workings at the North Pole and threatens to shut Santa down, Fred must help his brother to save Christmas.",
        "actors": [
            "Vince Vaughn",
            "Fred Claus",
            "Paul Giamatti",
            "Nick (Santa) Claus",
            "John Michael Higgins",
            "Willie",
            "Miranda Richardson",
            "Annette Claus",
            "Rachel Weisz",
            "Wanda Blinkowski",
            "Kathy Bates",
            "Mother Claus",
            "Elizabeth Banks",
            "Charlene",
            "Jeremy Swift",
            "Bob Elf",
            "Elizabeth Berrington",
            "Linda Elf"
        ],
        "orig_title": "Fred Claus",
        "status": " Released",
        "orig_lang": " English",
        "budget_x": 100000000.0,
        "revenue": 97838349.0,
        "country": "AU"
    },
    {
        "title": "Under the Sea: A Descendants Story",
        "date_x": "09/28/2018 ",
        "score": 76.0,
        "genre": [
            "Music",
            "TV Movie",
            "Fantasy"
        ],
        "overview": "Mal emerges from the shadows of a mystical forest onto a dark coastline where she crosses paths with Dizzy.",
        "actors": [
            "Dove Cameron",
            "Mal",
            "Anna Cathcart",
            "Dizzy",
            "Thomas Doherty",
            "Harry",
            "Dylan Playfair",
            "Gil",
            "China Anne McClain",
            "Uma"
        ],
        "orig_title": "Under the Sea: A Descendants Story",
        "status": " Released",
        "orig_lang": " English",
        "budget_x": 106000000.0,
        "revenue": 364944575.0,
        "country": "US"
    },
    {
        "title": "La Dolce Vita",
        "date_x": "08/24/1960 ",
        "score": 82.0,
        "genre": [
            "Comedy",
            "Drama"
        ],
        "overview": "Journalist and man-about-town Marcello struggles to find his place in the world, torn between the allure of Rome's elite social scene and the stifling domesticity offered by his girlfriend, all the while searching for a way to become a serious writer.",
        "actors": [
            "Marcello Mastroianni",
            "Marcello Rubini",
            "Anita Ekberg",
            "Sylvia",
            "Anouk Aimée",
            "Maddalena",
            "Yvonne Furneaux",
            "Emma",
            "Magali Noël",
            "Fanny",
            "Alain Cuny",
            "Steiner",
            "Annibale Ninchi",
            "Marcello's father",
            "Walter Santesso",
            "Paparazzo",
            "Valeria Ciangottini",
            "Paola"
        ],
        "orig_title": " La dolce vita",
        "status": " Released",
        "orig_lang": " Italian",
        "budget_x": 961023.8,
        "revenue": 19647000.0,
        "country": "AU"
    },
    {
        "title": "Cottage Country",
        "date_x": "11/01/2013 ",
        "score": 53.0,
        "genre": [
            "Action",
            "Comedy",
            "Crime",
            "Romance",
            "Thriller",
            "Horror"
        ],
        "overview": "When Todd takes his girlfriend Cammie up to the family cottage for a reclusive proposal, the last thing he expected to be doing was dealing with was his slacker brother and his hippie girlfriend.  But in this comedy of errors, Todd and Cammie, have to deal with his accidentally murdered brother in order to live happily ever after.",
        "actors": [
            "Malin Åkerman",
            "Cammie Ryan",
            "Tyler Labine",
            "Todd Chipowski",
            "Dan Petronijevic",
            "Salinger Chipowski",
            "Lucy Punch",
            "Masha",
            "Benjamin Ayres",
            "Don Rosenberg",
            "Kenneth Welsh",
            "Earl",
            "Nancy Beatty",
            "Mary",
            "Sabrina Grdevich",
            "Sergeant Mackenzie",
            "Jim Annan",
            "Constable Grant"
        ],
        "orig_title": "Cottage Country",
        "status": " Released",
        "orig_lang": " English",
        "budget_x": 63200000.0,
        "revenue": 442527846.4,
        "country": "CA"
    },
    {
        "title": "Stalingrad",
        "date_x": "06/08/1995 ",
        "score": 73.0,
        "genre": [
            "Drama",
            "History",
            "War"
        ],
        "overview": "\"Stalingrad\" follows the progress of a German Platoon through the brutal fighting of the Battle of Stalingrad. After having half their number wiped out and after being placed under the command of a sadistic Captain, the Lieutenant of the platoon leads his men to desert. The men of the platoon attempt to escape from the city which is now surrounded by the Soviet Army.",
        "actors": [
            "Dominique Horwitz",
            "Obergefreiter Fritz Reiser",
            "Thomas Kretschmann",
            "Leutnant Hans von Witzland",
            "Jochen Nickel",
            "Unteroffizier Manfred 'Rollo' Rohleder",
            "Sebastian Rudolph",
            "GeGe Müller",
            "Dana Vávrová",
            "Irina",
            "Martin Benrath",
            "General Hentz",
            "Sylvester Groth",
            "Otto",
            "Karel Heřmánek",
            "Hauptmann Hermann Musk",
            "Heinz Emigholz",
            "Edgar Emigholz"
        ],
        "orig_title": "Stalingrad",
        "status": " Released",
        "orig_lang": " German",
        "budget_x": 5714523.8,
        "revenue": 152972.0,
        "country": "AU"
    },
    {
        "title": "Absolutely Anything",
        "date_x": "09/28/2015 ",
        "score": 59.0,
        "genre": [
            "Comedy",
            "Science Fiction"
        ],
        "overview": "Eccentric aliens give a man the power to do anything he wants to determine if Earth is worth saving.",
        "actors": [
            "Simon Pegg",
            "Neil Clarke",
            "Kate Beckinsale",
            "Catherine",
            "Rob Riggle",
            "Grant",
            "Sanjeev Bhaskar",
            "Ray",
            "Joanna Lumley",
            "Fenella",
            "Marianne Oldham",
            "Rosie",
            "Eddie Izzard",
            "Headmaster",
            "Robert Bathurst",
            "James Cleverill",
            "Judy Loe",
            "Canteen Lady"
        ],
        "orig_title": "Absolutely Anything",
        "status": " Released",
        "orig_lang": " English",
        "budget_x": 22403300.6,
        "revenue": 6303792.0,
        "country": "AU"
    },
    {
        "title": "The Princess Switch: Switched Again",
        "date_x": "11/19/2020 ",
        "score": 69.0,
        "genre": [
            "Family",
            "Romance",
            "Comedy"
        ],
        "overview": "When Duchess Margaret unexpectedly inherits the throne & hits a rough patch with Kevin, it’s up to Stacy to save the day before a new lookalike — party girl Fiona — foils their plans.",
        "actors": [
            "Vanessa Hudgens",
            "Stacy De Novo / Lady Margaret Delacourt / Fiona Pembroke",
            "Sam Palladio",
            "Prince Edward",
            "Nick Sagar",
            "Kevin Richards",
            "Suanne Braun",
            "Mrs. Donatelli",
            "Mark Fleischmann",
            "Frank",
            "Lachlan Nieboer",
            "Antonio Rossi",
            "Rose McIver",
            "Queen Amber",
            "Ben Lamb",
            "King Richard",
            "Robin Soans",
            "Elf Man"
        ],
        "orig_title": "The Princess Switch: Switched Again",
        "status": " Released",
        "orig_lang": " English",
        "budget_x": 10000000.0,
        "revenue": 217848369.2,
        "country": "AU"
    },
    {
        "title": "Red Cliff Part II",
        "date_x": "07/09/2009 ",
        "score": 73.0,
        "genre": [
            "Action",
            "Adventure",
            "Drama",
            "History",
            "War"
        ],
        "overview": "The battle of Red Cliff continues and the alliance between Xu and East Wu is fracturing.  With Cao Cao's massive forces on their doorstep, will the kingdoms of Xu and East Wu survive?",
        "actors": [
            "Tony Leung Chiu-wai",
            "Zhou Yu",
            "Takeshi Kaneshiro",
            "Zhuge Liang",
            "Zhang Feng Yi",
            "Cao Cao",
            "Chang Chen",
            "Sun Quan",
            "Zhao Wei",
            "Sun Shangxiang",
            "Hu Jun",
            "General Zhao Yun",
            "Song Jia",
            "Li Ji",
            "Shidô Nakamura",
            "General Gan Xing",
            "Chi-Ling Lin",
            "Xiao Qiao"
        ],
        "orig_title": " 赤壁2：決戰天下",
        "status": " Released",
        "orig_lang": " Chinese",
        "budget_x": 80000000.0,
        "revenue": 121059225.0,
        "country": "AU"
    },
    {
        "title": "Maximum Overdrive",
        "date_x": "07/25/1986 ",
        "score": 58.0,
        "genre": [
            "Horror",
            "Action",
            "Science Fiction"
        ],
        "overview": "When a comet passes close to the earth, machines all over the world come alive and go on homicidal rampages. A group of people at a desolate truck stop are held hostage by a gang of homicidal 18-wheelers. The frightened people set out to defeat the killer machines ... or be killed by them.",
        "actors": [
            "Emilio Estevez",
            "William \"Bill\" Robinson",
            "Pat Hingle",
            "Bubba Hendershot",
            "Laura Harrington",
            "Brett",
            "Yeardley Smith",
            "Connie",
            "John Short",
            "Curtis",
            "Frankie Faison",
            "Handy",
            "Ellen McElduff",
            "Wanda June",
            "J. C. Quinn",
            "Duncan Keller",
            "Giancarlo Esposito",
            "Videoplayer"
        ],
        "orig_title": "Maximum Overdrive",
        "status": " Released",
        "orig_lang": " English",
        "budget_x": 10000000.0,
        "revenue": 7433663.0,
        "country": "US"
    }
]