[
    {
        "title": "Pleasure Guide",
        "date_x": "12/07/2017 ",
        "score": 10.0,
        "genre": [
            "Romance"
        ],
        "overview": "A young man prepping to take the exam to become a police officer is dumped by his lover and takes to a late night bar to drown his woes in drink. There the bar owner and her ladies the stunned and heartbroken young man away.",
        "actors": [
            "Lee Chae-dam",
            "",
            "Jo Wan-jin",
            "",
            "Han Se-hee",
            "",
            "Jo Yong-bok",
            ""
        ],
        "orig_title": " 쾌락도우미",
        "status": " Released",
        "orig_lang": " Korean",
        "budget_x": 201940000.0,
        "revenue": 38157314.0,
        "country": "KR"
    },
    {
        "title": "Tod@s Caen",
        "date_x": "09/20/2019 ",
        "score": 78.0,
        "genre": [
            "Comedy"
        ],
        "overview": "A pair of seducers try to prove who has the best techniques while trying not to fall in love with each other.",
        "actors": [
            "Martha Higareda",
            "Mia",
            "Omar Chaparro",
            "Adán",
            "Claudia Álvarez",
            "Margo",
            "Mauricio Barrientos",
            "Toby",
            "Consuelo Duval",
            "Graciela",
            "Miriam Higareda",
            "Sam",
            "Alejandro Cuétara",
            "Mike",
            "Tiaré Scanda",
            "Vera",
            "Eugenio Siller",
            "Esteban"
        ],
        "orig_title": "Tod@s Caen",
        "status": " Released",
        "orig_lang": " Spanish, Castilian",
        "budget_x": 116600000.0,
        "revenue": 586907459.0,
        "country": "MX"
    },
    {
        "title": "Hackers",
        "date_x": "07/11/1996 ",
        "score": 63.0,
        "genre": [
            "Action",
            "Crime",
            "Thriller",
            "Drama"
        ],
        "overview": "Along with his new friends, a teenager who was arrested by the US Secret Service and banned from using a computer for writing a computer virus discovers a plot by a nefarious hacker, but they must use their computer skills to find the evidence while being pursued by the Secret Service and the evil computer genius behind the virus.",
        "actors": [
            "Jonny Lee Miller",
            "Dade Murphy / 'Crash Override' / 'Zero Cool'",
            "Angelina Jolie",
            "Kate Libby / 'Acid Burn'",
            "Jesse Bradford",
            "Joey Pardella",
            "Matthew Lillard",
            "Emmanuel Goldstein / 'Cereal Killer'",
            "Renoly Santiago",
            "Ramon Sanchez / 'Phantom Phreak'",
            "Fisher Stevens",
            "Eugene Belford / 'The Plague' / Mr. Babbage",
            "Alberta Watson",
            "Lauren Murphy",
            "Lorraine Bracco",
            "Margo",
            "Laurence Mason",
            "Paul Cook / 'Lord Nikon'"
        ],
        "orig_title": "Hackers",
        "status": " Released",
        "orig_lang": " English",
        "budget_x": 20000000.0,
        "revenue": 7563728.0,
        "country": "AU"
    },
    {
        "title": "The Legend of Hei",
        "date_x": "08/27/2019 ",
        "score": 84.0,
        "genre": [
            "Animation",
            "Fantasy",
            "Action"
        ],
        "overview": "In the bustling human world, spirits live peacefully with mankind. Luo Xiaohei, a young cat spirit, becomes a nomad after his forest home is destroyed. His natural talent soon attracts spirits and humans alike, but all of them have their own motivations.",
        "actors": [
            "Shan Xin",
            "Luo Xiaohei / Nezha (voice)",
            "Mingyue Liu",
            "Wuxian (voice)",
            "Xianghai Hao",
            "Fengxi (voice)",
            "Sheng Zhang",
            "Luozhu (voice)",
            "Yuntu Cao",
            "Xuhuai (voice)",
            "Sheng Feng",
            "Tianhu (voice)",
            "Yang Ning",
            "Ruoshui (voice)",
            "Yeqiao Yan",
            "Flower Spirit (voice)",
            "Li Lu",
            "Guild Master (voice)"
        ],
        "orig_title": " 罗小黑战记",
        "status": " Released",
        "orig_lang": " Chinese",
        "budget_x": 9237023.8,
        "revenue": 48045728.0,
        "country": "CN"
    },
    {
        "title": "Derailed",
        "date_x": "02/23/2006 ",
        "score": 63.0,
        "genre": [
            "Drama",
            "Thriller"
        ],
        "overview": "When two married business executives having an affair are blackmailed by a violent criminal, they are forced to turn the tables on him to save their families.",
        "actors": [
            "Jennifer Aniston",
            "Lucinda Harris",
            "Clive Owen",
            "Charles Schine",
            "Vincent Cassel",
            "LaRoche",
            "Melissa George",
            "Deanna Schine",
            "Giancarlo Esposito",
            "Detective Church",
            "RZA",
            "Winston Boyko",
            "Xzibit",
            "Dexter",
            "David Morrissey",
            "Sam Griffin",
            "Addison Timlin",
            "Amy Schine"
        ],
        "orig_title": "Derailed",
        "status": " Released",
        "orig_lang": " English",
        "budget_x": 22000000.0,
        "revenue": 57520063.0,
        "country": "AU"
    },
    {
        "title": "Minions: Home Makeover",
        "date_x": "12/13/2010 ",
        "score": 68.0,
        "genre": [
            "Animation",
            "Family",
            "Comedy"
        ],
        "overview": "A social worker is coming to Gru's house to check if it's suitable for children. Margo, Edith, Agnes and the Minions must take care of the situation.",
        "actors": [
            "Miranda Cosgrove",
            "Margo (voice)",
            "Dana Gaier",
            "Edith (voice)",
            "Elsie Fisher",
            "Agnes (voice)",
            "Pierre Coffin",
            "Minions / Social Worker (voice)"
        ],
        "orig_title": "Minions: Home Makeover",
        "status": " Released",
        "orig_lang": " English",
        "budget_x": 112200000.0,
        "revenue": 663675216.8,
        "country": "US"
    },
    {
        "title": "Superior Firepower: Making 'Aliens'",
        "date_x": "12/02/2003 ",
        "score": 76.0,
        "genre": [
            "Documentary"
        ],
        "overview": "This feature-length documentary, made especially for the 2003 Aliens (1986) DVD release, is incredibly informative with all its interviews with both the cast and crew, as well as behind the scenes footage filmed during the making of the film. Every possible element towards what went into making the movie is included here and gives fans an overload of information to fill their brains with.",
        "actors": [
            "James Cameron",
            "Self",
            "David Giler",
            "Self",
            "Gale Anne Hurd",
            "Self",
            "Sigourney Weaver",
            "Self",
            "Syd Mead",
            "Self",
            "Ron Cobb",
            "Self",
            "Peter Lamont",
            "Self",
            "Mary Selway",
            "Self",
            "Jenette Goldstein",
            "Self"
        ],
        "orig_title": "Superior Firepower: Making 'Aliens'",
        "status": " Released",
        "orig_lang": " English",
        "budget_x": 62400000.0,
        "revenue": 804760468.6,
        "country": "US"
    },
    {
        "title": "The Covenant",
        "date_x": "09/08/2006 ",
        "score": 55.0,
        "genre": [
            "Fantasy",
            "Horror",
            "Adventure",
            "Action"
        ],
        "overview": "Four young men who belong to a supernatural legacy are forced to battle a fifth power long thought to have died out. Another great force they must contend with is the jealousy and suspicion that threatens to tear them apart.",
        "actors": [
            "Steven Strait",
            "Caleb Danvers",
            "Sebastian Stan",
            "Chase Collins",
            "Laura Ramsey",
            "Sarah Wenham",
            "Taylor Kitsch",
            "Pogue Parry",
            "Toby Hemingway",
            "Reid Garwin",
            "Jessica Lucas",
            "Kate Tunney",
            "Chace Crawford",
            "Tyler Simms",
            "Kyle Schmid",
            "Aaron Abbot",
            "Kenneth Welsh",
            "Provost Higgins"
        ],
        "orig_title": "The Covenant",
        "status": " Released",
        "orig_lang": " English",
        "budget_x": 20000000.0,
        "revenue": 38164784.0,
        "country": "US"
    },
    {
        "title": "Christmas Full of Grace",
        "date_x": "11/30/2022 ",
        "score": 58.0,
        "genre": [
            "Romance",
            "Comedy"
        ],
        "overview": "After discovering a betrayal, Carlinhos takes a fun stranger to accompany him on Christmas. But Graça proves to be a madwoman capable of bringing the traditional family home down.",
        "actors": [
            "Sergio Malheiros",
            "Carlinhos",
            "Gessica Kayane",
            "Graça",
            "Vera Fischer",
            "Lady Sofia",
            "Monique Alfradique",
            "Bebela",
            "Letícia Isnard",
            "",
            "Nando Cunha",
            "Eneas",
            "Cézar Maracujá",
            "Bento Leão",
            "Flávia Reis",
            "",
            "Valentina Vieira",
            ""
        ],
        "orig_title": " Um Natal Cheio de Graça",
        "status": " Released",
        "orig_lang": " Portuguese",
        "budget_x": 157600000.0,
        "revenue": 277948016.0,
        "country": "BR"
    },
    {
        "title": "Agent Cody Banks",
        "date_x": "03/08/2004 ",
        "score": 54.0,
        "genre": [
            "Action",
            "Adventure",
            "Comedy",
            "Crime",
            "Family",
            "Romance"
        ],
        "overview": "Recruited by the U.S. government to be a special agent, nerdy teenager Cody Banks must get closer to cute classmate Natalie in order to learn about an evil plan hatched by her father. But despite the agent persona, Cody struggles with teen angst.",
        "actors": [
            "Frankie Muniz",
            "Cody Banks",
            "Hilary Duff",
            "Natalie Connors",
            "Angie Harmon",
            "Ronica Miles",
            "Keith David",
            "CIA Director",
            "Cynthia Stevenson",
            "Mrs. Banks",
            "Darrell Hammond",
            "Earl",
            "Martin Donovan",
            "Dr. Connors",
            "Arnold Vosloo",
            "Molay",
            "Daniel Roebuck",
            "Mr. Banks"
        ],
        "orig_title": "Agent Cody Banks",
        "status": " Released",
        "orig_lang": " English",
        "budget_x": 25000000.0,
        "revenue": 58240458.0,
        "country": "AU"
    },
    {
        "title": "Scooby-Doo and the Ghoul School",
        "date_x": "10/16/1988 ",
        "score": 74.0,
        "genre": [
            "Adventure",
            "Animation",
            "Mystery",
            "Family",
            "TV Movie",
            "Comedy",
            "Fantasy"
        ],
        "overview": "Scooby, Shaggy and Scrappy Doo are on their way to a Miss Grimwood's Finishing School for Girls, where they have been hired as gym teachers. Once there, however, they find that it is actually a school for girl ghouls.",
        "actors": [
            "Casey Kasem",
            "Shaggy / Mirror Monster (voice)",
            "Ruta Lee",
            "Revolta (voice)",
            "Remy Auberjonois",
            "Baxter (voice)",
            "Marilyn Schreffler",
            "Winnie Werewolf (voice)",
            "Glynis Johns",
            "Ms. Grimwood (voice)",
            "Don Messick",
            "Scooby-Doo / Scrappy-Doo (voice)",
            "Jeff Cohen",
            "Grunt (voice)",
            "Patty Maloney",
            "Tanis the Mummy (voice)",
            "Andre Stojka",
            "The Grim Creeper / Mummy Daddy (voice)"
        ],
        "orig_title": "Scooby-Doo and the Ghoul School",
        "status": " Released",
        "orig_lang": " English",
        "budget_x": 102800000.0,
        "revenue": 525922995.2,
        "country": "US"
    },
    {
        "title": "Miss Bala",
        "date_x": "02/01/2019 ",
        "score": 64.0,
        "genre": [
            "Action"
        ],
        "overview": "Gloria finds a power she never knew she had when she is drawn into a dangerous world of cross-border crime. Surviving will require all of her cunning, inventiveness, and strength.",
        "actors": [
            "Gina Rodriguez",
            "Gloria",
            "Ismael Cruz Córdova",
            "Lino",
            "Aislinn Derbez",
            "Isabel",
            "Matt Lauria",
            "Brian",
            "Damián Alcázar",
            "Chief Saucedo",
            "Ricardo Abarca",
            "Pollo",
            "Cristina Rodlo",
            "Suzu",
            "Anthony Mackie",
            "Jimmy",
            "Thomas Dekker",
            "Makeup Supervisor"
        ],
        "orig_title": "Miss Bala",
        "status": " Released",
        "orig_lang": " English",
        "budget_x": 15000000.0,
        "revenue": 15364632.0,
        "country": "US"
    },
    {
        "title": "The Jurassic Games",
        "date_x": "05/21/2018 ",
        "score": 47.0,
        "genre": [
            "Science Fiction",
            "Action",
            "Horror"
        ],
        "overview": "In the near future, 10 death row convicts are forced to compete in a virtual reality game that pits them against dinosaurs and each other.",
        "actors": [
            "Ryan Merriman",
            "The Host",
            "Perrey Reeves",
            "Savannah",
            "Adam Hampton",
            "Tucker",
            "Katie Burgess",
            "Joy",
            "Daniel Barton",
            "Assistant",
            "Ron Clemons",
            "Console Worker #2",
            "Dylan Cox",
            "The Wasp",
            "Erika Daly",
            "Laura",
            "Cate Jones",
            "Stephanie"
        ],
        "orig_title": "The Jurassic Games",
        "status": " Released",
        "orig_lang": " English",
        "budget_x": 28000000.0,
        "revenue": 1174698.8,
        "country": "US"
    },
    {
        "title": "Rudolph the Red-Nosed Reindeer",
        "date_x": "11/23/1968 ",
        "score": 74.0,
        "genre": [
            "Animation",
            "Family",
            "TV Movie"
        ],
        "overview": "Sam the snowman tells us the story of a young red-nosed reindeer who, after being ousted from the reindeer games because of his glowing nose, teams up with Hermey, an elf who wants to be a dentist, and Yukon Cornelius, the prospector. They run into the Abominable Snowman and find a whole island of misfit toys. Rudoph vows to see if he can get Santa to help the toys, and he goes back to the North Pole on Christmas Eve. But Santa's sleigh is fogged in. But when Santa looks over Rudolph, he gets a very bright idea...",
        "actors": [
            "Burl Ives",
            "Sam the Snowman (voice)",
            "Billie Mae Richards",
            "Rudolph (voice)",
            "Larry D. Mann",
            "Yukon Cornelius (voice)",
            "Stan Francis",
            "Santa Claus / King Moonracer (voice)",
            "Paul Kligman",
            "Donner / Clarice's Father / Comet the Coach (voice)",
            "Janis Orenstein",
            "Clarice (voice)",
            "Alfie Scopp",
            "Charlie-in-the-Box / Other Reindeer (voice)",
            "Carl Banas",
            "Head Elf / Spotted Elephant / Other Toys (voice)",
            "Peg Dixon",
            "Mrs. Donner / Others (voice)"
        ],
        "orig_title": "Rudolph the Red-Nosed Reindeer",
        "status": " Released",
        "orig_lang": " English",
        "budget_x": 157000000.0,
        "revenue": 334738382.6,
        "country": "AU"
    },
    {
        "title": "The Hunchback of Notre Dame",
        "date_x": "12/19/1956 ",
        "score": 66.0,
        "genre": [
            "Drama",
            "History"
        ],
        "overview": "Paris, 1482. Today is the festival of the fools, taking place like each year in the square outside Cathedral Notre Dame. Among jugglers and other entertainers, Esmeralda, a sensuous gypsy, performs a bewitching dance in front of delighted spectators. From up in a tower of the cathedral, Frollo, an alchemist, gazes at her lustfully. Later in the night, Frollo orders Quasimodo, the deformed bell ringer and his faithful servant, to kidnap Esmeralda. But when the ugly freak comes close to her is touched by the young woman's beauty...",
        "actors": [
            "Gina Lollobrigida",
            "Esmeralda",
            "Anthony Quinn",
            "Quasimodo",
            "Jean Danet",
            "Phoebus de Chateaupers",
            "Damia",
            "The Beggar",
            "Marianne Oswald",
            "La Falourdel",
            "Danielle Dumont",
            "Fleur de Lys",
            "Valentine Tessier",
            "Aloyse de Gondelaurier",
            "Alain Cuny",
            "Claude Frollo",
            "Robert Hirsch",
            "Pierre Gringoire"
        ],
        "orig_title": " Notre-Dame de Paris",
        "status": " Released",
        "orig_lang": " French",
        "budget_x": 100000000.0,
        "revenue": 325500000.0,
        "country": "FR"
    },
    {
        "title": "Team America: World Police",
        "date_x": "12/02/2004 ",
        "score": 67.0,
        "genre": [
            "Adventure",
            "Action",
            "Comedy"
        ],
        "overview": "Team America World Police follows an international police force dedicated to maintaining global stability. Learning that dictator Kim Jong il is out to destroy the world, the team recruits Broadway star Gary Johnston to go undercover. With the help of Team America, Gary manages to uncover the plan to destroy the world. Will Team America be able to save it in time? It stars… Samuel L Jackson, Tim Robbins, Sean Penn, Michael Moore, Helen Hunt, Matt Damon, Susan Sarandon, George Clooney, Danny Glover, Ethan Hawke, Alec Baldwin… or does it?",
        "actors": [
            "Kristen Miller",
            "Lisa (voice)",
            "Chelsea Marguerite",
            "Police Officer / French Mother / French Police (voice)",
            "Masasa Moyo",
            "Sarah (voice)",
            "Daran Norris",
            "Spottswoode (voice)",
            "Fred Tatasciore",
            "Samuel L. Jackson (voice)",
            "Phil Hendrie",
            "I.N.T.E.L.L.I.G.E.N.C.E. / Chechnyan Terrorist (voice)",
            "Jeremy Shada",
            "Jean Francois (voice)",
            "Matt Stone",
            "Chris / George Clooney / Danny Glover / Ethan Hawke (voice)",
            "Maurice LaMarche",
            "Alec Baldwin (voice)"
        ],
        "orig_title": "Team America: World Police",
        "status": " Released",
        "orig_lang": " English",
        "budget_x": 20000000.0,
        "revenue": 50948811.0,
        "country": "AU"
    },
    {
        "title": "Nancy Drew and the Hidden Staircase",
        "date_x": "03/15/2019 ",
        "score": 66.0,
        "genre": [
            "Crime",
            "Family",
            "Comedy",
            "Mystery"
        ],
        "overview": "Nancy Drew, a smart high schooler with a penchant for keen observation and deduction, stumbles upon the haunting of a local home. A bit of an outsider struggling to fit into her new surroundings, Nancy and her pals set out to solve the mystery, make new friends, and establish their place in the community",
        "actors": [
            "Sophia Lillis",
            "Nancy Drew",
            "Sam Trammell",
            "Carson Drew",
            "Linda Lavin",
            "Flora",
            "Zoe Renee",
            "George Fayne",
            "Mackenzie Graham",
            "Bess Marvin",
            "Laura Slade Wiggins",
            "Helen Corning",
            "Andrea Anders",
            "Hannah Gruen",
            "Jesse C. Boyd",
            "Willie Wharton",
            "Jay DeVon Johnson",
            "Sheriff Marchbanks"
        ],
        "orig_title": "Nancy Drew and the Hidden Staircase",
        "status": " Released",
        "orig_lang": " English",
        "budget_x": 17000000.0,
        "revenue": 624549.0,
        "country": "US"
    },
    {
        "title": "My Brother's Wife 3: The Woman Downstairs",
        "date_x": "01/14/2017 ",
        "score": 60.0,
        "genre": [
            "Drama"
        ],
        "overview": "My sister and I moved into a new house. We didn't do much but the woman downstairs came up to ask us to keep it down.  She said she was sensitive so we decided to keep it down.  Her gangster husband would beat her when he came home drunk.  Every time I heard her suffer from the beatings, I couldn't stand it and would stomp the floor to create a distraction.  She would come up telling us to be quiet.  I told her I did it intentionally. I also decided to do something about the woman who showed interest in me by memorizing my number.",
        "actors": [
            "Ahn So-hee",
            "",
            "Lee Eun-mi",
            "",
            "Sang Woo",
            "",
            "Wi Ji-Woong",
            "Jae-hyeok",
            "Hayashi Risa",
            ""
        ],
        "orig_title": " 형님아내3 - 아랫집 부인",
        "status": " Released",
        "orig_lang": " Korean",
        "budget_x": 73800000.0,
        "revenue": 346352260.6,
        "country": "KR"
    },
    {
        "title": "Temptation: Confessions of a Marriage Counselor",
        "date_x": "03/29/2013 ",
        "score": 65.0,
        "genre": [
            "Drama"
        ],
        "overview": "A marriage counselor's personal and professional life becomes complicated after she enters into a relationship with one of her clients.",
        "actors": [
            "Kim Kardashian",
            "Ava",
            "Vanessa Williams",
            "Janice",
            "Brandy Norwood",
            "Melinda",
            "Jurnee Smollett",
            "Judith",
            "Lance Gross",
            "Brice",
            "Andrea Moore",
            "Lisa",
            "Robbie Jones",
            "",
            "Ella Joyce",
            "Sarah",
            "Candice Coke",
            ""
        ],
        "orig_title": "Temptation: Confessions of a Marriage Counselor",
        "status": " Released",
        "orig_lang": " English",
        "budget_x": 95600000.0,
        "revenue": 305560367.8,
        "country": "US"
    },
    {
        "title": "Our House",
        "date_x": "07/27/2018 ",
        "score": 56.0,
        "genre": [
            "Horror",
            "Drama",
            "Thriller"
        ],
        "overview": "Ethan is suffering enormous guilt after his parents are killed in a car accident. He quits a promising future at MIT and work on a revolutionary experiment in order to care for his younger siblings.",
        "actors": [
            "Thomas Mann",
            "Ethan",
            "Nicola Peltz Beckham",
            "Hannah",
            "Kate Moyer",
            "Becca",
            "Percy Hynes White",
            "Matt",
            "Christine Horne",
            "Jess",
            "John Ralston",
            "Richard",
            "Lucius Hoyos",
            "Dag",
            "Allison Hossack",
            "Lila",
            "Robert B. Kennedy",
            "Tom"
        ],
        "orig_title": "Our House",
        "status": " Released",
        "orig_lang": " English",
        "budget_x": 78000000.0,
        "revenue": 716266600.8,
        "country": "CA"
    },
    {
        "title": "Sounds Like Love",
        "date_x": "09/29/2021 ",
        "score": 65.0,
        "genre": [
            "Comedy",
            "Romance"
        ],
        "overview": "Fashion assistant Maca has just about got her life together after a devastating breakup, when Leo, the man who broke her heart returns. Seeking support from best friends, Adriana and Jime, all three will learn love can be complicated.",
        "actors": [
            "María Valverde",
            "Maca",
            "Elisabet Casanovas",
            "Jimena",
            "Susana Abaitua",
            "Adrina",
            "Álex González",
            "Leo",
            "Eva Ugarte",
            "Raquel",
            "Miri Pérez-Cabrero",
            "Pipa",
            "Roger Berruezo",
            "Julián",
            "Ignacio Montes",
            "",
            "Artur Busquets",
            ""
        ],
        "orig_title": " Fuimos canciones",
        "status": " Released",
        "orig_lang": " Spanish, Castilian",
        "budget_x": 131500000.0,
        "revenue": 146729703.6,
        "country": "ES"
    },
    {
        "title": "Air Bud",
        "date_x": "08/01/1997 ",
        "score": 55.0,
        "genre": [
            "Comedy",
            "Family"
        ],
        "overview": "A lonely boy befriends a stray dog who has a natural talent for basketball and together they experience the highs and lows of life as their friendship remains solid through a series of escapades.",
        "actors": [
            "Kevin Zegers",
            "Josh Framm",
            "Wendy Makkena",
            "Jackie Framm",
            "Michael Jeter",
            "Norm Snively",
            "Bill Cobbs",
            "Arthur Chaney",
            "Eric Christmas",
            "Judge Cranfield",
            "Brendan Fletcher",
            "Larry Willingham",
            "Norman Browning",
            "Buck Willingham",
            "Jay Brazeau",
            "Referee 1",
            "Nicola Cavendish",
            "Principal Pepper"
        ],
        "orig_title": "Air Bud",
        "status": " Released",
        "orig_lang": " English",
        "budget_x": 3000000.0,
        "revenue": 27788649.0,
        "country": "US"
    },
    {
        "title": "Black Sheep",
        "date_x": "08/16/2007 ",
        "score": 57.0,
        "genre": [
            "Horror",
            "Comedy"
        ],
        "overview": "A genetic engineering experiment gone horribly awry turns a large flock of docile sheep into unrelenting killing machines.",
        "actors": [
            "Nathan Meister",
            "Henry Oldfield",
            "Peter Feeney",
            "Angus Oldfield",
            "Danielle Mason",
            "Experience",
            "Tammy Davis",
            "Tucker",
            "Glenis Levestam",
            "Mrs. Mac",
            "Oliver Driver",
            "Grant",
            "Tandi Wright",
            "Dr. Rush",
            "James Ashcroft",
            "Prebble",
            "Ian Harcourt",
            "Brash"
        ],
        "orig_title": "Black Sheep",
        "status": " Released",
        "orig_lang": " English",
        "budget_x": 5580000.0,
        "revenue": 4947717.0,
        "country": "AU"
    },
    {
        "title": "Final Score",
        "date_x": "09/14/2018 ",
        "score": 61.0,
        "genre": [
            "Action",
            "Thriller"
        ],
        "overview": "When a stadium is seized by a group of heavily armed criminals during a major sporting event, an ex-soldier must use all his military skills to save both the daughter of a fallen comrade and the huge crowd unaware of the danger.",
        "actors": [
            "Dave Bautista",
            "Michael Knox",
            "Pierce Brosnan",
            "Dimitri",
            "Ray Stevenson",
            "Arkady",
            "Amit Shah",
            "Faisal",
            "Lara Peake",
            "Danni",
            "Alexandra Dinu",
            "Tatiana",
            "Lucy Gaskell",
            "Rachel",
            "Martyn Ford",
            "Vlad",
            "Gordon Alexander",
            "Emil"
        ],
        "orig_title": "Final Score",
        "status": " Released",
        "orig_lang": " English",
        "budget_x": 20000000.0,
        "revenue": 239332447.0,
        "country": "US"
    },
    {
        "title": "Magic in the Moonlight",
        "date_x": "08/28/2014 ",
        "score": 65.0,
        "genre": [
            "Comedy",
            "Drama",
            "Romance"
        ],
        "overview": "Set in the 1920s French Riviera, a master magician is commissioned to try and expose a psychic as a fraud.",
        "actors": [
            "Colin Firth",
            "Stanley Crawford",
            "Emma Stone",
            "Sophie Baker",
            "Hamish Linklater",
            "Brice",
            "Marcia Gay Harden",
            "Mrs. Baker",
            "Jacki Weaver",
            "Grace",
            "Erica Leerhsen",
            "Caroline",
            "Eileen Atkins",
            "Aunt Vanessa",
            "Simon McBurney",
            "Howard Burkan",
            "Catherine McCormack",
            "Olivia"
        ],
        "orig_title": "Magic in the Moonlight",
        "status": " Released",
        "orig_lang": " English",
        "budget_x": 16800000.0,
        "revenue": 51029361.0,
        "country": "AU"
    },
    {
        "title": "Father Christmas Is Back",
        "date_x": "11/07/2021 ",
        "score": 47.0,
        "genre": [
            "Comedy",
            "Family"
        ],
        "overview": "Four sisters – Caroline, Joanna, Paulina, and Vicky – reunite for the Christmas Holiday in a Yorkshire mansion. However, their estranged father, James, joins in for the first time since he left the family behind decades prior. The group attempts to get through the holiday despite comedic misunderstandings, while also uncovering the long-buried secret that tore their family apart, so many years ago.",
        "actors": [
            "Nathalie Cox",
            "Caroline Christmas",
            "Talulah Riley",
            "Vicky Christmas",
            "Elizabeth Hurley",
            "Joanna Christmas",
            "Kelsey Grammer",
            "James Christmas",
            "John Cleese",
            "John Christmas",
            "Caroline Quentin",
            "Elizabeth Christmas",
            "April Bowlby",
            "Jackie",
            "Kris Marshall",
            "Peter Hope",
            "Ray Fearon",
            "Felix"
        ],
        "orig_title": "Father Christmas Is Back",
        "status": " Released",
        "orig_lang": " English",
        "budget_x": 147200000.0,
        "revenue": 862005430.0,
        "country": "GB"
    },
    {
        "title": "Out of Death",
        "date_x": "09/20/2021 ",
        "score": 59.0,
        "genre": [
            "Action",
            "Thriller"
        ],
        "overview": "As Shannon, a woman who wants to put her father's ashes away in the woods witnesses a corrupt cop dealing drugs with a junkie, she has to try and run away after she gets rampaged by two discreditable cops after they see her taking secret photographs of their crime maneuver. They then do a cat-and-mouse game around the woods as Shannon teams up with a retired sheriff along the way for more reinforcement. It's just a diversion of survival and egalitarianism.",
        "actors": [
            "Jaime King",
            "Shannon Mathers",
            "Bruce Willis",
            "Jack Harris",
            "Lala Kent",
            "Billie Stanhope",
            "Tyler Jon Olson",
            "Tom Rivers",
            "Kelly Greyson",
            "Pam",
            "Michael Sirow",
            "Hank Rivers",
            "Megan Leonard",
            "Joanne Kern",
            "Kayla Eva",
            "News Reporter (uncredited)",
            "Oliver Trevena",
            "Jimmy"
        ],
        "orig_title": "Out of Death",
        "status": " Released",
        "orig_lang": " English",
        "budget_x": 10330000.0,
        "revenue": 95813.0,
        "country": "AU"
    },
    {
        "title": "No Reservations",
        "date_x": "08/23/2007 ",
        "score": 65.0,
        "genre": [
            "Comedy",
            "Romance",
            "Drama"
        ],
        "overview": "Master chef Kate Armstrong runs her life and her kitchen with intimidating intensity. However, a recipe for disaster may be in the works when she becomes the guardian of her young niece while crossing forks with the brash sous-chef who just joined her staff. Though romance blooms in the face of rivalry, Kate needs to look outside the kitchen to find true happiness.",
        "actors": [
            "Catherine Zeta-Jones",
            "Kate",
            "Aaron Eckhart",
            "Nick",
            "Abigail Breslin",
            "Zoe",
            "Patricia Clarkson",
            "Paula",
            "Jenny Wade",
            "Leah",
            "Bob Balaban",
            "Therapist",
            "Brían F. O'Byrne",
            "Sean",
            "Lily Rabe",
            "Bernadette",
            "Eric Silver",
            "John"
        ],
        "orig_title": "No Reservations",
        "status": " Released",
        "orig_lang": " English",
        "budget_x": 28000000.0,
        "revenue": 91943956.0,
        "country": "AU"
    },
    {
        "title": "Upside Down",
        "date_x": "07/17/2013 ",
        "score": 63.0,
        "genre": [
            "Romance",
            "Science Fiction",
            "Drama",
            "Fantasy"
        ],
        "overview": "In an alternate universe where twinned worlds have opposite gravities, a young man battles interplanetary prejudice and the laws of physics in his quest to reunite with the long-lost girl of his dreams in this visually stunning romantic adventure that poses the question: what if love was stronger than gravity?",
        "actors": [
            "Kirsten Dunst",
            "Eden Moore",
            "Jim Sturgess",
            "Adam Kirk",
            "Timothy Spall",
            "Bob Boruchowitz",
            "James Kidnie",
            "Lagavullan",
            "Holly Uloth",
            "Paula",
            "Blu Mankuma",
            "Albert",
            "Nicholas Rose",
            "Pablo",
            "Vlasta Vrana",
            "Mr. Hunt",
            "Kate Trotter",
            "Becky"
        ],
        "orig_title": "Upside Down",
        "status": " Released",
        "orig_lang": " English",
        "budget_x": 50000000.0,
        "revenue": 26387039.0,
        "country": "AU"
    },
    {
        "title": "Wild Flowers",
        "date_x": "10/21/2022 ",
        "score": 65.0,
        "genre": [
            "Drama"
        ],
        "overview": "Julia, a 22-year-old mother of two, falls in love with Óscar, a troubled boy with whom she embarks on a love affair. The more time they spend together, the more Julia asks herself if Óscar is the person she really needs by her side, prompting her to set out on a personal journey to find happiness for herself and for her family.",
        "actors": [
            "Anna Castillo",
            "Julia",
            "Oriol Pla",
            "Oscar",
            "Carolina Yuste",
            "Maite",
            "Manolo Solo",
            "Roberto",
            "Neus Pàmies",
            "Muriel",
            "Lluís Marquès",
            "Àlex",
            "Quim Àvila Conde",
            "Marcos"
        ],
        "orig_title": " Girasoles silvestres",
        "status": " Released",
        "orig_lang": " Spanish, Castilian",
        "budget_x": 95600000.0,
        "revenue": 305560367.8,
        "country": "ES"
    },
    {
        "title": "The Little Vampire 3D",
        "date_x": "10/01/2021 ",
        "score": 61.0,
        "genre": [
            "Comedy",
            "Animation",
            "Family",
            "Fantasy"
        ],
        "overview": "Tony, a thirteen-year-old boy on vacation in rural Germany, is fascinated by the idea of vampires. Meanwhile Rudolph, a vampire of \"similar\" age (313!), encounters trouble when his clan is threatened by a dangerously obsessed hunter. Fate brings these two boys together, as Tony & Rudolph set off an action-packed battle to stop the villain, save Rudolph's family and learn the power of friendship.",
        "actors": [
            "Rasmus Hardiker",
            "Rudolph Sackville-Bagg / Gregory Sackville-Bagg (voice)",
            "Amy Saville",
            "Tony Thompson (voice)",
            "Jim Carter",
            "Rookery (voice)",
            "Joseph Kloska",
            "Maney (voice)",
            "Phoebe Givron-Taylor",
            "Anna Sackville-Bagg (voice)",
            "Tim Pigott-Smith",
            "Frederick Sackville-Bagg (voice)",
            "Alice Krige",
            "Freda Sackville-Bagg (voice)",
            "Julia Rhodes",
            "Dottie Thomson (voice)",
            "Kevin Otto",
            "Bob Thompson (voice)"
        ],
        "orig_title": "The Little Vampire 3D",
        "status": " Released",
        "orig_lang": " English",
        "budget_x": 10000000.0,
        "revenue": 182327208.0,
        "country": "AU"
    },
    {
        "title": "Bliss",
        "date_x": "02/05/2021 ",
        "score": 56.0,
        "genre": [
            "Science Fiction",
            "Romance",
            "Drama"
        ],
        "overview": "A mind-bending love story following Greg who, after recently being divorced and then fired, meets the mysterious Isabel, a woman living on the streets and convinced that the polluted, broken world around them is just a computer simulation. Doubtful at first, Greg eventually discovers there may be some truth to Isabel’s wild conspiracy.",
        "actors": [
            "Owen Wilson",
            "Greg",
            "Salma Hayek",
            "Isabel",
            "Nesta Cooper",
            "Emily",
            "Jorge Lendeborg Jr.",
            "Arthur",
            "Ronny Chieng",
            "Kendo",
            "Joshua Leonard",
            "Cameron",
            "Steve Zissis",
            "Bjorn",
            "Madeline Zima",
            "Doris",
            "Bill Nye",
            "Chris"
        ],
        "orig_title": "Bliss",
        "status": " Released",
        "orig_lang": " English",
        "budget_x": 47600000.0,
        "revenue": 671705693.4,
        "country": "US"
    },
    {
        "title": "Mulan: Rise of a Warrior",
        "date_x": "11/27/2009 ",
        "score": 75.0,
        "genre": [
            "Adventure",
            "Drama",
            "Action"
        ],
        "overview": "When barbarian hordes threaten her homeland, the brave and cunning Mulan disguises herself as a male soldier to swell the ranks in her aging father's stead. The warrior's remarkable courage drives her through powerful battle scenes and brutal wartime strategy. Mulan loses dear friends to the enemy's blade as she rises to become one of her country's most valuable leaders — but can she win the war before her secret is exposed?",
        "actors": [
            "Zhao Wei",
            "Hua Mulan",
            "Chen Kun",
            "Wentai / Prince Toba Hong",
            "Hu Jun",
            "Rouran Prince Mendu",
            "Jaycee Chan",
            "Fei XiaoHu",
            "Nicky Lee",
            "Hu Guei / Turtle",
            "Vitas",
            "Gude",
            "Xu Jiao",
            "Young Hua Mulan",
            "Liu Yuxin",
            "Rouran Princess",
            "Yu Rongguang",
            "Hua Hu"
        ],
        "orig_title": " 花木兰",
        "status": " Released",
        "orig_lang": " Chinese",
        "budget_x": 12000000.0,
        "revenue": 13380561.0,
        "country": "AU"
    },
    {
        "title": "Cat People",
        "date_x": "07/09/1982 ",
        "score": 60.0,
        "genre": [
            "Horror"
        ],
        "overview": "After years of separation, Irena and her minister brother, Paul, reunite in New Orleans in this erotic tale of the supernatural. When zoologists capture a wild panther, Irena is drawn to the cat -- and the zoo curator is drawn to her. Soon, Irena's brother will have to reveal the family secret: that when sexually aroused, they turn into predatory jungle cats.",
        "actors": [
            "Nastassja Kinski",
            "Irena Gallier",
            "Malcolm McDowell",
            "Paul Gallier",
            "John Heard",
            "Oliver Yates",
            "Ruby Dee",
            "Female",
            "Ed Begley Jr.",
            "Joe Creigh",
            "Scott Paulin",
            "Bill Searle",
            "Frankie Faison",
            "Det. Brandt",
            "Annette O'Toole",
            "Alice Perrin",
            "Lynn Lowry",
            "Ruthie"
        ],
        "orig_title": "Cat People",
        "status": " Released",
        "orig_lang": " English",
        "budget_x": 12500000.0,
        "revenue": 21000000.0,
        "country": "AU"
    },
    {
        "title": "Cat People",
        "date_x": "07/09/1982 ",
        "score": 60.0,
        "genre": [
            "Horror"
        ],
        "overview": "After years of separation, Irena and her minister brother, Paul, reunite in New Orleans in this erotic tale of the supernatural. When zoologists capture a wild panther, Irena is drawn to the cat -- and the zoo curator is drawn to her. Soon, Irena's brother will have to reveal the family secret: that when sexually aroused, they turn into predatory jungle cats.",
        "actors": [
            "Nastassja Kinski",
            "Irena Gallier",
            "Malcolm McDowell",
            "Paul Gallier",
            "John Heard",
            "Oliver Yates",
            "Ruby Dee",
            "Female",
            "Ed Begley Jr.",
            "Joe Creigh",
            "Scott Paulin",
            "Bill Searle",
            "Frankie Faison",
            "Det. Brandt",
            "Annette O'Toole",
            "Alice Perrin",
            "Lynn Lowry",
            "Ruthie"
        ],
        "orig_title": "Cat People",
        "status": " Released",
        "orig_lang": " English",
        "budget_x": 134000.0,
        "revenue": 8000000.0,
        "country": "AU"
    },
    {
        "title": "Broken Idol: The Undoing of Diomedes Díaz",
        "date_x": "03/30/2022 ",
        "score": 73.0,
        "genre": [
            "Documentary"
        ],
        "overview": "This documentary chronicles Diomedes Díaz's rise as one of Colombia's most iconic singers, and his downfall after being accused of killing a fan.",
        "actors": [
            "Diomedes Díaz",
            "Self (archive footage)"
        ],
        "orig_title": " Diomedes: el ídolo, el misterio y la tragedia",
        "status": " Released",
        "orig_lang": " Spanish, Castilian",
        "budget_x": 53600000.0,
        "revenue": 682429959.6,
        "country": "CO"
    },
    {
        "title": "Max Payne",
        "date_x": "10/16/2008 ",
        "score": 54.0,
        "genre": [
            "Crime",
            "Action",
            "Drama",
            "Thriller"
        ],
        "overview": "A DEA agent whose family was slain as part of a conspiracy, and an assassin out to avenge her sister's death, join forces to solve a series of murders in New York City.",
        "actors": [
            "Mark Wahlberg",
            "Max Payne",
            "Mila Kunis",
            "Mona Sax",
            "Beau Bridges",
            "BB Hensley",
            "Ludacris",
            "Jim Bravura",
            "Chris O'Donnell",
            "Jason Colvin",
            "Donal Logue",
            "Alex Balder",
            "Amaury Nolasco",
            "Jack Lupino",
            "Kate Burton",
            "Nicole Horne",
            "Olga Kurylenko",
            "Natasha"
        ],
        "orig_title": "Max Payne",
        "status": " Released",
        "orig_lang": " English",
        "budget_x": 35000000.0,
        "revenue": 87775050.0,
        "country": "AU"
    },
    {
        "title": "Field of Dreams",
        "date_x": "04/21/1989 ",
        "score": 71.0,
        "genre": [
            "Drama",
            "Fantasy",
            "Comedy"
        ],
        "overview": "Ray Kinsella is an Iowa farmer who hears a mysterious voice telling him to turn his cornfield into a baseball diamond. He does, but the voice's directions don't stop -- even after the spirits of deceased ballplayers turn up to play.",
        "actors": [
            "Kevin Costner",
            "Ray Kinsella",
            "Amy Madigan",
            "Annie Kinsella",
            "Gaby Hoffmann",
            "Karin Kinsella",
            "Ray Liotta",
            "\"Shoeless\" Joe Jackson",
            "Timothy Busfield",
            "Mark",
            "James Earl Jones",
            "Terrence Mann",
            "Burt Lancaster",
            "Doc \"Moonlight\" Graham",
            "Frank Whaley",
            "Archie Graham",
            "Dwier Brown",
            "John Kinsella"
        ],
        "orig_title": "Field of Dreams",
        "status": " Released",
        "orig_lang": " English",
        "budget_x": 15000000.0,
        "revenue": 84431625.0,
        "country": "US"
    },
    {
        "title": "Memories",
        "date_x": "12/23/1995 ",
        "score": 74.0,
        "genre": [
            "Fantasy",
            "Animation",
            "Science Fiction"
        ],
        "overview": "In this anime anthology, a salvage ship crew happens upon a haunted vessel in \"Magnetic Rose\"; a cold tablet turns a lab worker into a biological weapon in \"Stink Bomb\"; and an urban populace carries on an endless war with an unseen foe in \"Cannon Fodder.\"",
        "actors": [
            "Tsutomu Isobe",
            "Heinz Beckner (voice)",
            "Koichi Yamadera",
            "Miguel Costrela (voice)",
            "Shozo Iizuka",
            "Ivanov (voice)",
            "Shigeru Chiba",
            "Aoshima (voice)",
            "Gara Takashima",
            "Eva Friedel (voice)",
            "Ami Hasegawa",
            "Emily (voice)",
            "Hideyuki Hori",
            "Nobuo Tanaka (voice)",
            "Kenichi Ogata",
            "Oomaeda (voice)",
            "Osamu Saka",
            "Kamata (voice)"
        ],
        "orig_title": " MEMORIES",
        "status": " Released",
        "orig_lang": " Japanese",
        "budget_x": 136400000.0,
        "revenue": 606426125.2,
        "country": "JP"
    },
    {
        "title": "Girl",
        "date_x": "09/17/2020 ",
        "score": 62.0,
        "genre": [
            "Thriller"
        ],
        "overview": "A young woman returns to her small hometown intent on killing her abusive father only to discover someone murdered him the day before. As the girl searches for answers, she uncovers a family legacy more dangerous than she'd imagined.",
        "actors": [
            "Bella Thorne",
            "Girl",
            "Mickey Rourke",
            "Sheriff",
            "Glen Gould",
            "Barkeep",
            "Chad Faust",
            "Charmer",
            "Elizabeth Saunders",
            "Mama",
            "Lanette Ware",
            "Betty",
            "Michael Lipka",
            "Town Fuckup",
            "John Clifford Talbot",
            "Daddy",
            "Paolo Mancini",
            "Mechanic"
        ],
        "orig_title": "Girl",
        "status": " Released",
        "orig_lang": " English",
        "budget_x": 1750000.0,
        "revenue": 8719182.0,
        "country": "CA"
    },
    {
        "title": "The Grandmaster",
        "date_x": "09/04/2014 ",
        "score": 66.0,
        "genre": [
            "Action",
            "Drama",
            "History"
        ],
        "overview": "Ip Man's peaceful life in Foshan changes after Gong Yutian seeks an heir for his family in Southern China. Ip Man then meets Gong Er who challenges him for the sake of regaining her family's honor. After the Second Sino-Japanese War, Ip Man moves to Hong Kong and struggles to provide for his family. In the mean time, Gong Er chooses the path of vengeance after her father was killed by Ma San.",
        "actors": [
            "Tony Leung Chiu-wai",
            "Ip Man",
            "Zhang Ziyi",
            "Gong Er",
            "Chang Chen",
            "Razor",
            "Zhao Benshan",
            "Ding Lianshan",
            "Xiao Shenyang",
            "San Jiang Shui",
            "Song Hye-kyo",
            "Zhang Yongcheng",
            "Wang Qingxiang",
            "Master Gong Yutian",
            "Zhang Jin",
            "Ma San",
            "Shang Tielong",
            "Jiang"
        ],
        "orig_title": " 一代宗師",
        "status": " Released",
        "orig_lang": " Cantonese",
        "budget_x": 3860000.0,
        "revenue": 64076736.0,
        "country": "AU"
    },
    {
        "title": "King of New York",
        "date_x": "07/18/1990 ",
        "score": 67.0,
        "genre": [
            "Thriller",
            "Crime"
        ],
        "overview": "A former drug lord returns from prison determined to wipe out all his competition and distribute the profits of his operations to New York's poor and lower classes in this stylish and ultra violent modern twist on Robin Hood.",
        "actors": [
            "Christopher Walken",
            "Frank White",
            "David Caruso",
            "Dennis Gilley",
            "Laurence Fishburne",
            "Jimmy Jump",
            "Victor Argo",
            "Roy Bishop",
            "Wesley Snipes",
            "Thomas Flanigan",
            "Janet Julian",
            "Jennifer",
            "Joey Chin",
            "Larry Wong",
            "Giancarlo Esposito",
            "Lance",
            "Paul Calderon",
            "Joey Dalesio"
        ],
        "orig_title": "King of New York",
        "status": " Released",
        "orig_lang": " English",
        "budget_x": 119200000.0,
        "revenue": 217489781.0,
        "country": "US"
    },
    {
        "title": "Lakeview Terrace",
        "date_x": "09/19/2008 ",
        "score": 59.0,
        "genre": [
            "Drama",
            "Crime",
            "Thriller"
        ],
        "overview": "A young interracial couple has just moved into their California dream home when they become the target of their next-door neighbor, who disapproves of their relationship. A tightly wound LAPD officer has appointed himself the watchdog of the neighborhood. His nightly foot patrols and overly watchful eyes bring comfort to some, but he becomes increasingly aggressive to the newlyweds. These persistent intrusions into their lives cause the couple to fight back.",
        "actors": [
            "Samuel L. Jackson",
            "Abel Turner",
            "Patrick Wilson",
            "Chris Mattson",
            "Kerry Washington",
            "Lisa Mattson",
            "Ron Glass",
            "Harold Perreau",
            "Justin Chambers",
            "Donnie Eaton",
            "Jay Hernandez",
            "Javier Villareal",
            "Regine Nehy",
            "Celia Turner",
            "Jaishon Fisher",
            "Marcus Turner",
            "Robert Pine",
            "Captain Wentworth"
        ],
        "orig_title": "Lakeview Terrace",
        "status": " Released",
        "orig_lang": " English",
        "budget_x": 20000000.0,
        "revenue": 44821299.0,
        "country": "AU"
    },
    {
        "title": "Sudden Death",
        "date_x": "01/11/1996 ",
        "score": 59.0,
        "genre": [
            "Action"
        ],
        "overview": "When a man's daughter is suddenly taken during a championship hockey game – with the captors demanding a billion dollars by game's end – he frantically sets a plan in motion to rescue her and abort an impending explosion before the final buzzer.",
        "actors": [
            "Jean-Claude Van Damme",
            "Darren Francis Thomas McCord",
            "Powers Boothe",
            "Joshua Foss",
            "Raymond J. Barry",
            "Vice President Daniel Bender",
            "Whittni Wright",
            "Emily McCord",
            "Ross Malinger",
            "Tyler McCord",
            "Dorian Harewood",
            "Matthew Hallmark",
            "Kate McNeil",
            "Kathi",
            "Michael Gaston",
            "Hickey",
            "Audra Lindley",
            "Mrs. Ferrara"
        ],
        "orig_title": "Sudden Death",
        "status": " Released",
        "orig_lang": " English",
        "budget_x": 35000000.0,
        "revenue": 64350171.0,
        "country": "AU"
    },
    {
        "title": "Assimilate",
        "date_x": "05/24/2019 ",
        "score": 65.0,
        "genre": [
            "Horror",
            "Thriller",
            "Science Fiction"
        ],
        "overview": "Three friends making a web series about their town discover that their neighbors are being killed and replaced by creatures who are perfect copies of their victims.",
        "actors": [
            "Andi Matichak",
            "Kayla Shepard",
            "Cam Gigandet",
            "Josh Haywood",
            "Calum Worthy",
            "Randy Foster",
            "Jessica Medina",
            "Replicate",
            "Joel Courtney",
            "Zach Henderson",
            "Katherine McNamara",
            "Hannah",
            "Mason McNulty",
            "Joey Shepard",
            "John Murlowski",
            "Mr. Fritts",
            "Terry Dale Parks",
            "Pastor Greg"
        ],
        "orig_title": "Assimilate",
        "status": " Released",
        "orig_lang": " English",
        "budget_x": 91400000.0,
        "revenue": 433532498.2,
        "country": "US"
    },
    {
        "title": "Splash",
        "date_x": "08/16/1984 ",
        "score": 63.0,
        "genre": [
            "Comedy",
            "Fantasy",
            "Romance"
        ],
        "overview": "A successful businessman falls in love with the girl of his dreams. There's one big complication though; he's fallen hook, line and sinker for a mermaid.",
        "actors": [
            "Tom Hanks",
            "Allen Bauer",
            "Daryl Hannah",
            "Madison",
            "Eugene Levy",
            "Walter Kornbluth",
            "John Candy",
            "Freddie Bauer",
            "Dody Goodman",
            "Mrs. Stimler",
            "Shecky Greene",
            "Mr. Buyrite",
            "Richard B. Shull",
            "Dr. Ross",
            "Bobby Di Cicco",
            "Jerry",
            "Howard Morris",
            "Dr. Zidell"
        ],
        "orig_title": "Splash",
        "status": " Released",
        "orig_lang": " English",
        "budget_x": 8000000.0,
        "revenue": 62599495.0,
        "country": "AU"
    },
    {
        "title": "Snow Buddies",
        "date_x": "06/23/2008 ",
        "score": 61.0,
        "genre": [
            "Family",
            "Adventure"
        ],
        "overview": "Dylan Sprouse, Jim Belushi and Kris Kristofferson lend their voices to this family-friendly tale about a feisty pack of golden retriever puppies that embarks on an Alaskan adventure. When they find themselves stranded in the northern wilderness, the canine offspring of famed sports star Air Bud team up with an experienced sled dog and a husky pup, who teach them the importance of working together.",
        "actors": [
            "Skyler Gisondo",
            "B-Dawg (voice)",
            "Josh Flitter",
            "Budderball (voice)",
            "Liliana Mumy",
            "Rosebud (voice)",
            "Henry Hodges",
            "Mudbud (voice)",
            "Jimmy Bennett",
            "Buddha (voice)",
            "Dylan Sprouse",
            "Shasta (voice)",
            "Cainan Wiebe",
            "Pete",
            "Lise Simms",
            "Meg",
            "Kris Kristofferson",
            "Talon (voice)"
        ],
        "orig_title": "Snow Buddies",
        "status": " Released",
        "orig_lang": " English",
        "budget_x": 4000000.0,
        "revenue": 50802372.0,
        "country": "AU"
    },
    {
        "title": "The Lost Daughter",
        "date_x": "12/17/2021 ",
        "score": 66.0,
        "genre": [
            "Drama"
        ],
        "overview": "A woman's seaside vacation takes a dark turn when her obsession with a young mother forces her to confront secrets from her past.",
        "actors": [
            "Olivia Colman",
            "Leda Caruso",
            "Jessie Buckley",
            "Young Leda Caruso",
            "Dakota Johnson",
            "Nina",
            "Ed Harris",
            "Lyle",
            "Paul Mescal",
            "Will",
            "Peter Sarsgaard",
            "Professor Hardy",
            "Dagmara Domińczyk",
            "Callie",
            "Jack Farthing",
            "Joe",
            "Alba Rohrwacher",
            "Female Hiker"
        ],
        "orig_title": "The Lost Daughter",
        "status": " Released",
        "orig_lang": " English",
        "budget_x": 45310000.0,
        "revenue": 14521.0,
        "country": "GB"
    },
    {
        "title": "Red Sonja",
        "date_x": "04/09/1985 ",
        "score": 53.0,
        "genre": [
            "Adventure",
            "Fantasy",
            "Action"
        ],
        "overview": "The tyrant Gedren seeks the total power in a world of barbarism. She raids the city Hablac and kills the keeper of a talisman that gives her great power. Red Sonja, sister of the keeper, sets out with her magic sword to overthrow Gedren.",
        "actors": [
            "Arnold Schwarzenegger",
            "Kalidor",
            "Brigitte Nielsen",
            "Red Sonja",
            "Sandahl Bergman",
            "Queen Gedren",
            "Paul L. Smith",
            "Falkon",
            "Ernie Reyes Jr.",
            "Prince Tarn",
            "Ronald Lacey",
            "Ikol",
            "Pat Roach",
            "Brytag",
            "Terry Richards",
            "Djart",
            "Janet Ågren",
            "Varna"
        ],
        "orig_title": "Red Sonja",
        "status": " Released",
        "orig_lang": " English",
        "budget_x": 17900000.0,
        "revenue": 6908640.0,
        "country": "AU"
    },
    {
        "title": "Cell",
        "date_x": "07/14/2016 ",
        "score": 47.0,
        "genre": [
            "Horror",
            "Science Fiction",
            "Thriller"
        ],
        "overview": "When a strange signal pulsates through all cell phone networks worldwide, it starts a murderous epidemic of epic proportions when users become bloodthirsty creatures, and a group of people in New England are among the survivors to deal with the ensuing chaos after.",
        "actors": [
            "John Cusack",
            "Clayton 'Clay' Riddell",
            "Samuel L. Jackson",
            "Thomas 'Tom' McCourt",
            "Isabelle Fuhrman",
            "Alice Maxwell",
            "Owen Teague",
            "Jordan",
            "Clark Sarullo",
            "Sharon Riddell",
            "Anthony Reynolds",
            "Ray",
            "Erin Elizabeth Burns",
            "Denise",
            "Stacy Keach",
            "Charles Ardai",
            "Alex ter Avest",
            "Chloe"
        ],
        "orig_title": "Cell",
        "status": " Released",
        "orig_lang": " English",
        "budget_x": 4385000.0,
        "revenue": 1133031.0,
        "country": "AU"
    },
    {
        "title": "Disney Princess Enchanted Tales: Follow Your Dreams",
        "date_x": "09/04/2007 ",
        "score": 66.0,
        "genre": [
            "Animation",
            "Family",
            "Fantasy"
        ],
        "overview": "Princess Aurora and Princess Jasmine learn valuable life lessons in two short stories.",
        "actors": [
            "Susanne Blakeslee",
            "Narrator (voice)",
            "Erin Torpey",
            "Princess Aurora (voice)",
            "Corey Burton",
            "King Stefan (voice)",
            "Barbara Dirickson",
            "Queen Leah / Flora (voice)",
            "Frank Welker",
            "Rajah / Abu (voice)",
            "Lea Salonga",
            "Jasmine (singing voice)",
            "Linda Larkin",
            "Jasmine (voice)",
            "Tara Strong",
            "Sharma (voice)",
            "Jeff Bennett",
            "The Duke / King Hubert / Arguing Neighbor #1 / Farmer / Painter / Sultan (voice)"
        ],
        "orig_title": "Disney Princess Enchanted Tales: Follow Your Dreams",
        "status": " Released",
        "orig_lang": " English",
        "budget_x": 118800000.0,
        "revenue": 439832736.4,
        "country": "US"
    },
    {
        "title": "50/50",
        "date_x": "03/08/2012 ",
        "score": 72.0,
        "genre": [
            "Comedy",
            "Drama"
        ],
        "overview": "Inspired by a true story, a comedy centered on a 27-year-old guy who learns of his cancer diagnosis and his subsequent struggle to beat the disease.",
        "actors": [
            "Joseph Gordon-Levitt",
            "Adam Lerner",
            "Seth Rogen",
            "Kyle Hirons",
            "Anna Kendrick",
            "Katherine McKay",
            "Bryce Dallas Howard",
            "Rachael",
            "Philip Baker Hall",
            "Alan",
            "Serge Houde",
            "Richard Lerner",
            "Andrew Airlie",
            "Dr. Ross",
            "Matt Frewer",
            "Mitch",
            "Peter Kelamis",
            "Phil"
        ],
        "orig_title": "50/50",
        "status": " Released",
        "orig_lang": " English",
        "budget_x": 8000000.0,
        "revenue": 41334735.0,
        "country": "AU"
    },
    {
        "title": "Om Shanti Om",
        "date_x": "11/09/2007 ",
        "score": 70.0,
        "genre": [
            "Comedy",
            "Thriller",
            "Drama"
        ],
        "overview": "Reincarnated 30 years after being killed in a suspicious on-set fire, a small-time actor is determined to punish the person who ignited the blaze.",
        "actors": [
            "Shah Rukh Khan",
            "Om Prakash Makhija / Om Kapoor",
            "Deepika Padukone",
            "Shantipriya / Sandy",
            "Arjun Rampal",
            "Mukesh “Mike” Mehra",
            "Shreyas Talpade",
            "Pappu Master",
            "Kirron Kher",
            "Bela Makhija",
            "Nitesh Pandey",
            "Anwar",
            "Shawar Ali",
            "Shahwar",
            "Yuvika Chaudhary",
            "Dolly",
            "Satish Shah",
            "Partho Roy"
        ],
        "orig_title": " ओम शांति ओम",
        "status": " Released",
        "orig_lang": " Hindi",
        "budget_x": 9100000.0,
        "revenue": 37707444.0,
        "country": "IN"
    },
    {
        "title": "The 9th Life of Louis Drax",
        "date_x": "02/06/2017 ",
        "score": 64.0,
        "genre": [
            "Fantasy",
            "Mystery",
            "Thriller",
            "Drama"
        ],
        "overview": "A psychologist who begins working with a young boy who has suffered a near-fatal fall finds himself drawn into a mystery that tests the boundaries of fantasy and reality.",
        "actors": [
            "Jamie Dornan",
            "Dr. Allan Pascal",
            "Sarah Gadon",
            "Natalie Drax",
            "Aaron Paul",
            "Peter Drax",
            "Molly Parker",
            "Dalton",
            "Aiden Longworth",
            "Louis Drax",
            "Oliver Platt",
            "Dr. Perez",
            "Barbara Hershey",
            "Violet Drax",
            "Julian Wadham",
            "Dr. Janek",
            "Jane McGregor",
            "Sophie"
        ],
        "orig_title": "The 9th Life of Louis Drax",
        "status": " Released",
        "orig_lang": " English",
        "budget_x": 108000000.0,
        "revenue": 413080320.2,
        "country": "GB"
    },
    {
        "title": "The Midnight Meat Train",
        "date_x": "08/07/2008 ",
        "score": 61.0,
        "genre": [
            "Horror",
            "Mystery",
            "Fantasy"
        ],
        "overview": "A photographer's obsessive pursuit of dark subject matter leads him into the path of a serial killer who stalks late night commuters, ultimately butchering them in the most gruesome ways.",
        "actors": [
            "Bradley Cooper",
            "Leon Kaufman",
            "Vinnie Jones",
            "Mahogany",
            "Brooke Shields",
            "Susan Hoff",
            "Leslie Bibb",
            "Maya",
            "Roger Bart",
            "Jurgis",
            "Ted Raimi",
            "Randle Cooper",
            "Peter Jacobson",
            "Otto",
            "Barbara Eve Harris",
            "Detective Lynn Hadley",
            "Stephanie Mace",
            "Leigh Cooper"
        ],
        "orig_title": "The Midnight Meat Train",
        "status": " Released",
        "orig_lang": " English",
        "budget_x": 15000000.0,
        "revenue": 3533227.0,
        "country": "US"
    },
    {
        "title": "Tokyo Train Girls 3: The Sensuous Nurse",
        "date_x": "04/25/2008 ",
        "score": 46.0,
        "genre": [
            "Drama"
        ],
        "overview": "Super conservative beautiful maiden Asuka Io in her first original video appearance! A new nurse is stripped of her white uniform and is made to experience sexual indignities. Chinatsu Izawa, the gorgeous actress with the beautiful legs, plays the older supervising nurse. The molestation and white uniformed nurse play by the finest actresses will challenge and stimulate the minds of men all over!",
        "actors": [
            "Tomomi Aizu",
            "Yoko Masaki",
            "Io Asuka",
            "Asuka Kunihara",
            "Chinatsu Izawa",
            "Yayoi Motoki",
            "Seiji Karasawa",
            "Dr. Koji Chigusa",
            "Shinjo Yamaguchi",
            "Dr. Kazuhiro Kato"
        ],
        "orig_title": " 揺れる電車の中で　破られたナースパンスト",
        "status": " Released",
        "orig_lang": " Japanese",
        "budget_x": 89200000.0,
        "revenue": 450005002.8,
        "country": "JP"
    },
    {
        "title": "Lego DC Batman: Family Matters",
        "date_x": "10/24/2019 ",
        "score": 71.0,
        "genre": [
            "Animation",
            "Family",
            "Action",
            "Comedy"
        ],
        "overview": "Suspicion is on high after Batman, Batgirl, Robin and other DC superheroes receive mysterious invitations. However, family values must remain strong when Batman and his team encounter the villainous Red Hood, who is obsessed with destroying the Bat-family and all of Gotham City.",
        "actors": [
            "Troy Baker",
            "Bruce Wayne / Batman (voice)",
            "Jason Spisak",
            "Jason Todd / Red Hood (voice)",
            "Will Friedle",
            "Dick Grayson / Nightwing (voice)",
            "Tara Strong",
            "Katherine Kane / Batwoman (voice)",
            "Alyson Stoner",
            "Barbara Gordon / Batgirl (voice)",
            "Scott Menville",
            "Damian Wayne / Robin (voice)",
            "Nolan North",
            "Alfred (voice) / Killer Croc (voice)",
            "Christian Lanz",
            "Harvey Dent / Two-Face (voice)",
            "Zach Callison",
            "Billy Batson (voice)"
        ],
        "orig_title": "Lego DC Batman: Family Matters",
        "status": " Released",
        "orig_lang": " English",
        "budget_x": 96800000.0,
        "revenue": 762961688.8,
        "country": "DK"
    },
    {
        "title": "Miss Americana",
        "date_x": "01/31/2020 ",
        "score": 79.0,
        "genre": [
            "Documentary",
            "Music"
        ],
        "overview": "A raw and emotionally revealing look at one of the most iconic artists of our time during a transformational period in her life as she learns to embrace her role not only as a songwriter and performer, but as a woman harnessing the full power of her voice.",
        "actors": [
            "Taylor Swift",
            "Self",
            "Joe Alwyn",
            "Self",
            "Todrick Hall",
            "Self",
            "Brendon Urie",
            "Self",
            "Jack Antonoff",
            "Self",
            "Bobby Berk",
            "Self",
            "Jonathan van Ness",
            "Self",
            "Karamo Brown",
            "Self",
            "Antoni Porowski",
            "Self"
        ],
        "orig_title": "Miss Americana",
        "status": " Released",
        "orig_lang": " English",
        "budget_x": 173000000.0,
        "revenue": 558338403.8,
        "country": "US"
    },
    {
        "title": "Case Closed: Countdown to Heaven",
        "date_x": "04/21/2001 ",
        "score": 72.0,
        "genre": [
            "Crime",
            "Animation",
            "Action",
            "Mystery",
            "Drama"
        ],
        "overview": "As a pair of towers in Tokyo are being prepared for their grand opening, there is a series of murders of people connected to the towers. Conan suspects that the mysterious Syndicate may also be involved.",
        "actors": [
            "Minami Takayama",
            "Conan Edogawa (voice)",
            "Wakana Yamazaki",
            "Ran Mori (voice)",
            "Akira Kamiya",
            "Kogoro Mori (voice)",
            "Kappei Yamaguchi",
            "Shinichi Kudo (voice)",
            "Ikue Otani",
            "Mitsuhiko Tsuburaya (voice)",
            "Yukiko Iwai",
            "Ayumi Yoshida (voice)",
            "Kenichi Ogata",
            "Doctor Agatha (voice)",
            "Naoko Matsui",
            "Sonoko Suzuki (voice)",
            "Chafurin",
            "Inspector Megure (voice)"
        ],
        "orig_title": " 名探偵コナン 天国へのカウントダウン",
        "status": " Released",
        "orig_lang": " Japanese",
        "budget_x": 117600000.0,
        "revenue": 399292267.0,
        "country": "JP"
    },
    {
        "title": "Escape to Victory",
        "date_x": "07/30/1981 ",
        "score": 69.0,
        "genre": [
            "Drama",
            "War"
        ],
        "overview": "A group of POWs in a German prison camp during World War II play the German National Soccer Team in this powerful film depicting the role of prisoners during wartime.",
        "actors": [
            "Sylvester Stallone",
            "Captain Robert Hatch",
            "Michael Caine",
            "Captain John Colby",
            "Max von Sydow",
            "Major Karl von Steiner",
            "Pelé",
            "Cpl. Luis Fernandez",
            "Brazil",
            "Carole Laure",
            "Renée",
            "Bobby Moore",
            "Terry Brady",
            "England",
            "Osvaldo Ardiles",
            "Carlos Rey",
            "Argentina",
            "Paul Van Himst",
            "Michel Fileu",
            "Belgium",
            "Kazimierz Deyna",
            "Paul Wolchek",
            "Poland"
        ],
        "orig_title": "Escape to Victory",
        "status": " Released",
        "orig_lang": " English",
        "budget_x": 10000000.0,
        "revenue": 27453418.0,
        "country": "US"
    },
    {
        "title": "No Bears",
        "date_x": "12/23/2022 ",
        "score": 71.0,
        "genre": [
            "Drama"
        ],
        "overview": "Follows two parallel love stories in which the partners are thwarted by hidden, inevitable obstacles, the force of superstition, and the mechanics of power.",
        "actors": [
            "Naser Hashemi",
            "The Sheriff",
            "Bakhtiyar Panjeei",
            "Bakhtiyar",
            "Vahid Mobaser",
            "Ghanbar",
            "Jafar Panahi",
            "Self",
            "Mina Kavani",
            "Zara",
            "Reza Heydari",
            "Reza",
            "Sinan Yusufoglu",
            "Sinan",
            "Darya Alei",
            "Gozal",
            "Amir Davar",
            "Solduz"
        ],
        "orig_title": " خرس نیست",
        "status": " Released",
        "orig_lang": " Persian",
        "budget_x": 26730400.0,
        "revenue": 1067495.0,
        "country": "US"
    },
    {
        "title": "Jamon Jamon",
        "date_x": "09/03/1992 ",
        "score": 63.0,
        "genre": [
            "Comedy",
            "Drama",
            "Romance"
        ],
        "overview": "Jose Luis is an executive at his parents underwear factory where his girlfriend Sylvia works on the shop floor. When Sylvia becomes pregnant, Jose Luis promises her that he will marry her, most likely against the wishes of his parents. Jose Luis' mother is determined to break her son's engagement to a girl from a lower-class family, and hires Raul, a potential underwear model and would-be bullfighter to seduce Sylvia.",
        "actors": [
            "Javier Bardem",
            "Raúl",
            "Penélope Cruz",
            "Silvia",
            "Jordi Mollà",
            "José Luis",
            "Stefania Sandrelli",
            "Mère de José Luis",
            "Tomás Martín",
            "Tomas",
            "Anna Galiena",
            "Mère de Silvia",
            "Juan Diego",
            "Père de José Luis",
            "Armando del Río",
            "José Luis",
            "Diana Sassen",
            "Amiga Silvia"
        ],
        "orig_title": " Jamón, jamón",
        "status": " Released",
        "orig_lang": " Spanish, Castilian",
        "budget_x": 100760000.0,
        "revenue": 558095583.4,
        "country": "ES"
    },
    {
        "title": "Hellraiser: Judgment",
        "date_x": "02/13/2018 ",
        "score": 51.0,
        "genre": [
            "Horror"
        ],
        "overview": "Detectives Sean and David Carter are on the case to find a gruesome serial killer terrorizing the city. Joining forces with Detective Christine Egerton, they dig deeper into a spiraling maze of horror that may not be of this world.",
        "actors": [
            "Damon Carney",
            "Detective Sean Carter",
            "Randy Wayne",
            "Detective David Carter",
            "Paul T. Taylor",
            "Pinhead",
            "Alexandra Harris",
            "Detective Christine Egerton",
            "Gary J. Tunnicliffe",
            "The Auditor",
            "Rheagan Wallace",
            "Alison Carter",
            "John Gulager",
            "The Assessor",
            "Helena Grace Donald",
            "Jophiel",
            "Heather Langenkamp",
            "Landlady"
        ],
        "orig_title": "Hellraiser: Judgment",
        "status": " Released",
        "orig_lang": " English",
        "budget_x": 350000.0,
        "revenue": 426290.0,
        "country": "US"
    },
    {
        "title": "Vegas Vacation",
        "date_x": "04/27/1997 ",
        "score": 61.0,
        "genre": [
            "Comedy"
        ],
        "overview": "The Griswold family hits the road again for a typically ill-fated vacation, this time to the glitzy mecca of slots and showgirls—Las Vegas.",
        "actors": [
            "Chevy Chase",
            "Clark Griswold",
            "Beverly D'Angelo",
            "Ellen Griswold",
            "Randy Quaid",
            "Cousin Eddie",
            "Ethan Embry",
            "Russell 'Rusty' Griswold",
            "Marisol Nichols",
            "Audrey Griswold",
            "Miriam Flynn",
            "Cousin Catherine",
            "Shae D'Lyn",
            "Cousin Vicki",
            "Wayne Newton",
            "Himself",
            "Wallace Shawn",
            "Marty"
        ],
        "orig_title": "Vegas Vacation",
        "status": " Released",
        "orig_lang": " English",
        "budget_x": 25000000.0,
        "revenue": 36400360.0,
        "country": "AU"
    },
    {
        "title": "The Kid",
        "date_x": "09/28/2000 ",
        "score": 65.0,
        "genre": [
            "Fantasy",
            "Comedy",
            "Family"
        ],
        "overview": "Powerful businessman Russ Duritz is self-absorbed and immersed in his work. But by the magic of the moon, he meets Rusty, a chubby, charming 8-year-old version of himself who can't believe he could turn out so badly – with no life and no dog. With Rusty's help, Russ is able to reconcile the person he used to dream of being with the man he's actually become.",
        "actors": [
            "Bruce Willis",
            "Russell Duritz",
            "Spencer Breslin",
            "Rusty Duritz",
            "Emily Mortimer",
            "Amy",
            "Lily Tomlin",
            "Janet",
            "Chi McBride",
            "Kenny",
            "Jean Smart",
            "Deirdre Lefever",
            "Dana Ivey",
            "Dr. Suzanne Alexander",
            "Daniel von Bargen",
            "Sam Duritz",
            "Stanley Anderson",
            "Bob Riley"
        ],
        "orig_title": "The Kid",
        "status": " Released",
        "orig_lang": " English",
        "budget_x": 65000000.0,
        "revenue": 69688384.0,
        "country": "AU"
    },
    {
        "title": "The Kid",
        "date_x": "09/28/2000 ",
        "score": 65.0,
        "genre": [
            "Fantasy",
            "Comedy",
            "Family"
        ],
        "overview": "Powerful businessman Russ Duritz is self-absorbed and immersed in his work. But by the magic of the moon, he meets Rusty, a chubby, charming 8-year-old version of himself who can't believe he could turn out so badly – with no life and no dog. With Rusty's help, Russ is able to reconcile the person he used to dream of being with the man he's actually become.",
        "actors": [
            "Bruce Willis",
            "Russell Duritz",
            "Spencer Breslin",
            "Rusty Duritz",
            "Emily Mortimer",
            "Amy",
            "Lily Tomlin",
            "Janet",
            "Chi McBride",
            "Kenny",
            "Jean Smart",
            "Deirdre Lefever",
            "Dana Ivey",
            "Dr. Suzanne Alexander",
            "Daniel von Bargen",
            "Sam Duritz",
            "Stanley Anderson",
            "Bob Riley"
        ],
        "orig_title": "The Kid",
        "status": " Released",
        "orig_lang": " English",
        "budget_x": 7000000.0,
        "revenue": 1593173.0,
        "country": "AU"
    },
    {
        "title": "Step Up: Year of the Dance",
        "date_x": "07/25/2019 ",
        "score": 60.0,
        "genre": [
            "Music",
            "Drama"
        ],
        "overview": "Youth from different social classes in Beijing come together to form China's best dance crew and learn what it really means to be family.",
        "actors": [
            "Meng Meiqi",
            "Xiao Fe",
            "Jade Chynoweth",
            "USA Phantom Dancer",
            "Owodog Chuang",
            "Te She",
            "Dany Lee",
            "Ni Si",
            "Zack Roberts",
            "52 Killer",
            "Lil Swagg",
            "USA Phantom Dancer",
            "Janelle Ginestra",
            "USA Phantom Dancer",
            "Jingxing Huang",
            "Iron Monkey"
        ],
        "orig_title": " 舞出我人生之舞所不能",
        "status": " Released",
        "orig_lang": " Chinese",
        "budget_x": 93600000.0,
        "revenue": 186333762.2,
        "country": "UA"
    },
    {
        "title": "Fear",
        "date_x": "08/01/1996 ",
        "score": 64.0,
        "genre": [
            "Thriller"
        ],
        "overview": "Nicole Walker always dreamed of being swept away by someone special — someone strong, sexy and sensitive who would care for her more than anything else in the world. David is all that and more: a modern-day knight who charms and seduces her, body and soul. But her perfect boyfriend is not all he seems to be. His sweet facade masks a savage, dark side that will soon transform Nicole's dream into a nightmare.",
        "actors": [
            "Mark Wahlberg",
            "David McCall",
            "Reese Witherspoon",
            "Nicole Walker",
            "William Petersen",
            "Steve Walker",
            "Amy Brenneman",
            "Laura Walker",
            "Alyssa Milano",
            "Margo Masse",
            "Christopher Gray",
            "Toby",
            "Tracy Fraim",
            "Logan",
            "Gary Riley",
            "Hacker",
            "Jason Kristofer",
            "Terry"
        ],
        "orig_title": "Fear",
        "status": " Released",
        "orig_lang": " English",
        "budget_x": 87400000.0,
        "revenue": 431611098.0,
        "country": "AU"
    },
    {
        "title": "Pornography in Denmark",
        "date_x": "04/17/1970 ",
        "score": 48.0,
        "genre": [
            ""
        ],
        "overview": "German sex comedy",
        "actors": [
            "Hans-Werner Bussinger",
            "",
            "Gerd Duwner",
            "",
            "Miriam  Liv",
            "",
            "Ute Marin",
            "",
            "Günter Vaessen",
            "",
            "Siegfried Zügel",
            ""
        ],
        "orig_title": " Pornografie in Dänemark",
        "status": " Released",
        "orig_lang": " German",
        "budget_x": 148800000.0,
        "revenue": 665830147.0,
        "country": "DE"
    },
    {
        "title": "Breakdown",
        "date_x": "10/09/1997 ",
        "score": 68.0,
        "genre": [
            "Crime",
            "Drama",
            "Mystery",
            "Thriller"
        ],
        "overview": "When his SUV breaks down on a remote Southwestern road, Jeff Taylor lets his wife, Amy, hitch a ride with a trucker to get help. When she doesn't return, Jeff fixes his SUV and tracks down the trucker -- who tells the police he's never seen Amy. Johnathan Mostow's tense thriller then follows Jeff's desperate search for his wife, which eventually uncovers a small town's murderous secret.",
        "actors": [
            "Kurt Russell",
            "Jeffrey 'Jeff' Taylor",
            "J.T. Walsh",
            "Warren 'Red' Barr",
            "Kathleen Quinlan",
            "Amy Taylor",
            "M.C. Gainey",
            "Earl",
            "Jack Noseworthy",
            "Billy",
            "Rex Linn",
            "Sheriff Boyd",
            "Ritch Brinkley",
            "Al",
            "Moira Sinise",
            "Arleen Barr",
            "Kim Robillard",
            "Deputy Len Carver"
        ],
        "orig_title": "Breakdown",
        "status": " Released",
        "orig_lang": " English",
        "budget_x": 36000000.0,
        "revenue": 50159144.0,
        "country": "AU"
    },
    {
        "title": "Acts of Vengeance",
        "date_x": "10/27/2017 ",
        "score": 59.0,
        "genre": [
            "Thriller",
            "Action",
            "Drama"
        ],
        "overview": "A fast-talking lawyer transforms his body and takes a vow of silence, not to be broken until he finds out who killed his wife and daughter and has his revenge.",
        "actors": [
            "Antonio Banderas",
            "Frank Valera",
            "Karl Urban",
            "Strode",
            "Paz Vega",
            "Alma",
            "Robert Forster",
            "Chuck",
            "Cristina Serafini",
            "Sue Valera",
            "Lillian Blankenship",
            "Olivia Valera",
            "Clint Dyer",
            "Shivers",
            "Isaac Florentine",
            "Karate Sensei",
            "Tim Man",
            "Jiu-Jitsu Sensei"
        ],
        "orig_title": "Acts of Vengeance",
        "status": " Released",
        "orig_lang": " English",
        "budget_x": 10000000.0,
        "revenue": 320705.0,
        "country": "US"
    },
    {
        "title": "Quills",
        "date_x": "11/22/2000 ",
        "score": 71.0,
        "genre": [
            "Drama"
        ],
        "overview": "A nobleman with a literary flair, the Marquis de Sade lives in a madhouse where a beautiful laundry maid smuggles his erotic stories to a printer, defying orders from the asylum's resident priest. The titillating passages whip all of France into a sexual frenzy, until a fiercely conservative doctor tries to put an end to the fun.",
        "actors": [
            "Geoffrey Rush",
            "Marquis de Sade",
            "Kate Winslet",
            "Madeleine LeClerc",
            "Joaquin Phoenix",
            "Abbe du Coulmier",
            "Michael Caine",
            "Dr. Royer-Collard",
            "Billie Whitelaw",
            "Madame LeClerc",
            "Patrick Malahide",
            "Delbené",
            "Amelia Warner",
            "Simone",
            "Jane Menelaus",
            "Renee Pelagie",
            "Stephen Moyer",
            "Prouix"
        ],
        "orig_title": "Quills",
        "status": " Released",
        "orig_lang": " English",
        "budget_x": 13500000.0,
        "revenue": 11732088.0,
        "country": "US"
    },
    {
        "title": "Reprisal",
        "date_x": "08/31/2018 ",
        "score": 53.0,
        "genre": [
            "Action",
            "Thriller",
            "Crime"
        ],
        "overview": "Jacob, a bank manager haunted by a violent heist that took the life of a coworker, teams up with his ex-cop neighbor, James, to bring down the assailant. While the two men work together to figure out the thief’s next move, Gabriel, the highly-trained criminal, is one step ahead. When Gabriel kidnaps Jacob’s wife and daughter, Jacob barrels down a path of bloodshed that initiates an explosive counterattack and brings all three men to the breaking point.",
        "actors": [
            "Frank Grillo",
            "Jacob",
            "Bruce Willis",
            "James",
            "Johnathon Schaech",
            "Gabriel",
            "Olivia Culpo",
            "Christina",
            "Natali Yura",
            "Maribel",
            "Tyler Jon Olson",
            "Casey",
            "Wass Stevens",
            "Fredericks",
            "Colin Egglesfield",
            "FBI Agent Fields",
            "Shea Buckner",
            "Mitchell"
        ],
        "orig_title": "Reprisal",
        "status": " Released",
        "orig_lang": " English",
        "budget_x": 123800000.0,
        "revenue": 697811060.8,
        "country": "US"
    },
    {
        "title": "The Postman Always Rings Twice",
        "date_x": "03/20/1981 ",
        "score": 65.0,
        "genre": [
            "Romance",
            "Crime",
            "Drama"
        ],
        "overview": "The sensuous wife of a lunch wagon proprietor and a rootless drifter begin a sordidly steamy affair and conspire to murder her Greek husband.",
        "actors": [
            "Jack Nicholson",
            "Frank Chambers",
            "Jessica Lange",
            "Cora Papadakis",
            "John Colicos",
            "Nick Papadakis",
            "Michael Lerner",
            "Mr. Katz",
            "John P. Ryan",
            "Kennedy",
            "Anjelica Huston",
            "Madge",
            "William Traylor",
            "Sackett",
            "Thomas Hill",
            "Barlow",
            "Jon Van Ness",
            "Motorcycle Cop"
        ],
        "orig_title": "The Postman Always Rings Twice",
        "status": " Released",
        "orig_lang": " English",
        "budget_x": 12000000.0,
        "revenue": 44200000.0,
        "country": "US"
    },
    {
        "title": "The Intern - A Summer of Lust",
        "date_x": "12/01/2019 ",
        "score": 52.0,
        "genre": [
            "Drama"
        ],
        "overview": "The story of Maddie who leaves her hometown in the United States for the sensual streets of Barcelona to seize the opportunity to do an internship for erotic filmmaker Erika Lust. At first, she is overwhelmed by her new life and her new job, the new experiences and people she's being confronted with. But soon, sparked by her dreamy roommate Michael and her new friends, the shy All-American girl experiences a sexual awakening she could have never imagined in her wildest dreams. Meanwhile, her sister Paisely is worried about her disappearance and makes it her mission to find her. Will Paisley succeed or will she be lured into the heat of a European summer? This is a tale of sexual awakenings, erotic desire, curiosity and pleasure; this is a summer of Lust.",
        "actors": [
            "Lena Anderson",
            "Maddie",
            "Casey Calvert",
            "Paisely",
            "Michael Vegas",
            "Michael",
            "Kali Sudhra",
            "Kali",
            "Bishop Black",
            "",
            "Paulita Pappel",
            "Julia"
        ],
        "orig_title": "The Intern - A Summer of Lust",
        "status": " Released",
        "orig_lang": " English",
        "budget_x": 111940000.0,
        "revenue": 638332462.6,
        "country": "DE"
    },
    {
        "title": "Hole in One",
        "date_x": "09/12/2009 ",
        "score": 41.0,
        "genre": [
            "Comedy"
        ],
        "overview": "Eric, a highly-gifted golfer but radically-undisciplined college undergrad, finds his world drastically altered after losing a golf bet to a pair of sadistic plastic surgeons. Eric's bad-boy attitude lifestyle comes to a screeching halt as he loses his money, his girlfriend, his dignity and his golf swing. Eric and his best friend Tyler decide to take on the doctors, in a final golf match of \"Best-Ball\" to get his life back and become the man he should have been all along.",
        "actors": [
            "Steve Talley",
            "Eric P. Keller",
            "David Ellison",
            "Tyler Hayden",
            "Dean Cameron",
            "Dr. Carlton Piedmont",
            "Christopher Showerman",
            "Dr. Hamilton Manning",
            "Sandy Modic",
            "Mandy Hayden",
            "K.T. Tatara",
            "Mark Zbeitnefsky",
            "Jerad Anderson",
            "Jason Jones",
            "Jossara Jinaro",
            "Joslyn Whitmore",
            "Dean Cain",
            "Repo Man"
        ],
        "orig_title": "Hole in One",
        "status": " Released",
        "orig_lang": " English",
        "budget_x": 69200000.0,
        "revenue": 160644775.4,
        "country": "US"
    },
    {
        "title": "Obscene House: Slave Wife",
        "date_x": "02/06/2020 ",
        "score": 10.0,
        "genre": [
            "Romance"
        ],
        "overview": "Hyun-jung, who moved to a local mansion, was delighted with unexpected luck. She hated the noise between the floors so she wanted a quiet place with soundproofing. Since the tenants were mostly working couples, the mansion is quiet like a haunted city.",
        "actors": [
            "Sae Bom",
            "",
            "Min Jung",
            "",
            "Min Do-yoon",
            "",
            "James",
            "",
            "Joo Hyang-yoon",
            "",
            "Si Hoo",
            ""
        ],
        "orig_title": " 음란 주택: 노예가 된 아내",
        "status": " Released",
        "orig_lang": " Korean",
        "budget_x": 201940000.0,
        "revenue": 38157314.0,
        "country": "KR"
    },
    {
        "title": "Monster High: Great Scarrier Reef",
        "date_x": "02/12/2016 ",
        "score": 77.0,
        "genre": [
            "Family",
            "Animation"
        ],
        "overview": "Join your favourite ghoulfriends in an all-new aquatic adventure! When the ghouls get pulled into the school pool, they're transported to the gore-geous underwater world of the Great Scarrier Reef. Lagoon realizes she's come home and, in a fintastic mission of the heart, decides to come to terms with her own freaky flaws. Of course she'll need help from the most creeperific firends ever as she confronts a frenemy from her past, competes in a scaretastic dance extravaganze, and fights a terrible beast from the deep!",
        "actors": [
            "Larissa Gallagher",
            "Lagoona Blue / Kelpie Blue (voice)",
            "Kate Higgins",
            "Frankie Stein (voice)",
            "Debi Derryberry",
            "Draculaura (voice)",
            "Salli Saffioti",
            "Clawdeen Wolf / Cleo de Nile (voice)",
            "America Young",
            "Toralei Stripe (voice)",
            "Evan Smith",
            "Gillington Webber / Deuce Gorgon / Announcer #1 (voice)",
            "Lyndsy Kail",
            "Kala Mer'ri (voice)",
            "Rachel Staman",
            "Peri Serpentine (voice)",
            "Cherami Leigh",
            "Pearl Serpentine (voice)"
        ],
        "orig_title": "Monster High: Great Scarrier Reef",
        "status": " Released",
        "orig_lang": " English",
        "budget_x": 105640000.0,
        "revenue": 909434313.0,
        "country": "US"
    }
]