[
    {
        "title": "Everest",
        "date_x": "09/16/2015 ",
        "score": 68.0,
        "genre": [
            "Adventure",
            "Drama",
            "History"
        ],
        "overview": "Inspired by the incredible events surrounding a treacherous attempt to reach the summit of the world's highest mountain, \"Everest\" documents the awe-inspiring journey of two different expeditions challenged beyond their limits by one of the fiercest snowstorms ever encountered by mankind. Their mettle tested by the harshest of elements found on the planet, the climbers will face nearly impossible obstacles as a lifelong obsession becomes a breathtaking struggle for survival.",
        "actors": [
            "Jason Clarke",
            "Rob Hall",
            "Josh Brolin",
            "Beck Weathers",
            "John Hawkes",
            "Doug Hansen",
            "Sam Worthington",
            "Guy Cotter",
            "Emily Watson",
            "Helen Wilton",
            "Martin Henderson",
            "Andy 'Harold' Harris",
            "Michael Kelly",
            "Jon Krakauer",
            "Keira Knightley",
            "Jan Arnold",
            "Jake Gyllenhaal",
            "Scott Fischer"
        ],
        "orig_title": "Everest",
        "status": " Released",
        "orig_lang": " English",
        "budget_x": 65000000.0,
        "revenue": 221297061.0,
        "country": "AU"
    },
    {
        "title": "Star Trek Beyond",
        "date_x": "07/21/2016 ",
        "score": 68.0,
        "genre": [
            "Action",
            "Adventure",
            "Science Fiction"
        ],
        "overview": "The USS Enterprise crew explores the furthest reaches of uncharted space, where they encounter a mysterious new enemy who puts them and everything the Federation stands for to the test.",
        "actors": [
            "Chris Pine",
            "James T. Kirk",
            "Zachary Quinto",
            "Spock",
            "Karl Urban",
            "Leonard 'Bones' McCoy",
            "Zoe Saldaña",
            "Nyota Uhura",
            "Simon Pegg",
            "Montgomery 'Scotty' Scott",
            "John Cho",
            "Hikaru Sulu",
            "Anton Yelchin",
            "Pavel Chekov",
            "Idris Elba",
            "Krall",
            "Sofia Boutella",
            "Jaylah"
        ],
        "orig_title": "Star Trek Beyond",
        "status": " Released",
        "orig_lang": " English",
        "budget_x": 185000000.0,
        "revenue": 335673708.0,
        "country": "AU"
    },
    {
        "title": "Love to Kill",
        "date_x": "11/18/1993 ",
        "score": 48.0,
        "genre": [
            "Drama",
            "Horror"
        ],
        "overview": "A woman looks to a cop for help against her abusive husband, who constantly rapes, beats, and belittles her and her son, but the husband catches wind of the cop's plan.",
        "actors": [
            "Anthony Wong",
            "Sam Wai Wong",
            "Danny Lee Sau-Yin",
            "Fireball Hung",
            "Elizabeth Lee Mei-Fung",
            "",
            "Eric Kei",
            "",
            "Teresa Ha Ping",
            "",
            "Julie Lee",
            ""
        ],
        "orig_title": " 虐之戀",
        "status": " Released",
        "orig_lang": " Cantonese",
        "budget_x": 87.0,
        "revenue": 1442918.2,
        "country": "HK"
    },
    {
        "title": "Live Free or Die Hard",
        "date_x": "08/09/2007 ",
        "score": 66.0,
        "genre": [
            "Action",
            "Thriller"
        ],
        "overview": "John McClane is back and badder than ever, and this time he's working for Homeland Security. He calls on the services of a young hacker in his bid to stop a ring of Internet terrorists intent on taking control of America's computer infrastructure.",
        "actors": [
            "Bruce Willis",
            "John McClane",
            "Justin Long",
            "Matthew 'Matt' Farrell",
            "Timothy Olyphant",
            "Thomas Gabriel",
            "Cliff Curtis",
            "Bowman",
            "Maggie Q",
            "Mai Linh",
            "Mary Elizabeth Winstead",
            "Lucy McClane",
            "Kevin Smith",
            "The Warlock",
            "Christina Chang",
            "Taylor",
            "Sung Kang",
            "Raj"
        ],
        "orig_title": "Live Free or Die Hard",
        "status": " Released",
        "orig_lang": " English",
        "budget_x": 110000000.0,
        "revenue": 382288147.0,
        "country": "AU"
    },
    {
        "title": "Tekken",
        "date_x": "07/19/2011 ",
        "score": 54.0,
        "genre": [
            "Crime",
            "Drama",
            "Action",
            "Thriller",
            "Science Fiction"
        ],
        "overview": "In the year of 2039, after World Wars destroy much of the civilization as we know it, territories are no longer run by governments, but by corporations; the mightiest of which is the Mishima Zaibatsu. In order to placate the seething masses of this dystopia, Mishima sponsors Tekken, a tournament in which fighters battle until only one is left standing.",
        "actors": [
            "Jonathan Patrick Foo",
            "Jin Kazama",
            "Kelly Overton",
            "Christie Monteiro",
            "Cary-Hiroyuki Tagawa",
            "Heihachi Mishima",
            "Ian Anthony Dale",
            "Kazuya",
            "Luke Goss",
            "Steve Fox",
            "Lateef Crowder",
            "Eddy Gordo",
            "Mircea Monroe",
            "Kara",
            "Tamlyn Tomita",
            "Jun Kazama",
            "Cung Le",
            "Marschall Law"
        ],
        "orig_title": "Tekken",
        "status": " Released",
        "orig_lang": " English",
        "budget_x": 30000000.0,
        "revenue": 967000.0,
        "country": "US"
    },
    {
        "title": "The Doorman",
        "date_x": "02/17/2021 ",
        "score": 59.0,
        "genre": [
            "Action",
            "Thriller"
        ],
        "overview": "A former Marine turned doorman at a luxury New York City high-rise must outsmart and battle a group of art thieves and their ruthless leader — while struggling to protect her sister's family. As the thieves become increasingly desperate and violent, the doorman calls upon her deadly fighting skills to end the showdown.",
        "actors": [
            "Ruby Rose",
            "Ali",
            "Jean Reno",
            "Victor Dubois",
            "Aksel Hennie",
            "Borz",
            "Rupert Evans",
            "Jon Stanton",
            "Julian Feder",
            "Max",
            "David Sakurai",
            "Andre",
            "Hideaki Ito",
            "Leo",
            "Philip Whitchurch",
            "Uncle Pat",
            "Andreea Vasile",
            "Ambassador"
        ],
        "orig_title": "The Doorman",
        "status": " Released",
        "orig_lang": " English",
        "budget_x": 10330000.0,
        "revenue": 307873.0,
        "country": "AU"
    },
    {
        "title": "Catch the Bullet",
        "date_x": "09/10/2021 ",
        "score": 57.0,
        "genre": [
            "Western",
            "Action"
        ],
        "overview": "U.S. marshal Britt MacMasters returns from a mission to find his father wounded and his son kidnapped by the outlaw Jed Blake. Hot on their trail, Britt forms a posse with a gunslinging deputy and a stoic Pawnee tracker. But Jed and Britt tread dangerously close to the Red Desert’s Sioux territory.",
        "actors": [
            "Jay Pickett",
            "Britt MacMasters",
            "Peter Facinelli",
            "Sheriff Wilkins",
            "Tom Skerritt",
            "Dex",
            "Mason McNulty",
            "Chad",
            "Gattlin Griffith",
            "Jed Blake",
            "Cody Jones",
            "Chaska",
            "Callder Griffith",
            "Tucker",
            "Tucson Vernon Walker",
            "Willie",
            "Rick Moffatt",
            "Silas"
        ],
        "orig_title": "Catch the Bullet",
        "status": " Released",
        "orig_lang": " English",
        "budget_x": 97000000.0,
        "revenue": 504173113.4,
        "country": "US"
    },
    {
        "title": "Antz",
        "date_x": "10/29/1998 ",
        "score": 61.0,
        "genre": [
            "Adventure",
            "Animation",
            "Comedy",
            "Family"
        ],
        "overview": "A neurotic worker ant in love with a rebellious princess rises to unlikely stardom when he switches places with a soldier. Signing up to march in a parade, he ends up under the command of a bloodthirsty general. But he's actually been enlisted to fight against a termite army.",
        "actors": [
            "Woody Allen",
            "Z-4195 aka Z (voice)",
            "Sharon Stone",
            "Princess Bala (voice)",
            "Dan Aykroyd",
            "Chip (voice)",
            "Anne Bancroft",
            "Queen (voice)",
            "Danny Glover",
            "Barbatus (voice)",
            "Gene Hackman",
            "General Mandible (voice)",
            "Jane Curtin",
            "Muffy (voice)",
            "Sylvester Stallone",
            "Weaver (voice)",
            "Jennifer Lopez",
            "Azteca (voice)"
        ],
        "orig_title": "Antz",
        "status": " Released",
        "orig_lang": " English",
        "budget_x": 60000000.0,
        "revenue": 152457863.0,
        "country": "AU"
    },
    {
        "title": "The Stronghold",
        "date_x": "08/18/2021 ",
        "score": 74.0,
        "genre": [
            "Thriller",
            "Action",
            "Crime"
        ],
        "overview": "A police brigade working in the dangerous northern neighborhoods of Marseille, where the level of crime is higher than anywhere else in France.",
        "actors": [
            "Gilles Lellouche",
            "Greg Cerva",
            "François Civil",
            "Antoine",
            "Karim Leklou",
            "Yass",
            "Adèle Exarchopoulos",
            "Nora",
            "Cyril Lecomte",
            "Jérôme",
            "Kenza Fortas",
            "Amel",
            "Michaël Abiteboul",
            "Jacques",
            "Idir Azougli",
            "Kevin",
            "Vincent Darmuzey",
            "Stéphane"
        ],
        "orig_title": " BAC Nord",
        "status": " Released",
        "orig_lang": " French",
        "budget_x": 14479740.0,
        "revenue": 64335529.2,
        "country": "FR"
    },
    {
        "title": "Japanese Mom 2",
        "date_x": "10/31/2017 ",
        "score": 50.0,
        "genre": [
            "Romance"
        ],
        "overview": "Young-suk's father, Dae-sung, is the one who will soon become your stepmother and introduces Hitomi to Young-suk. Hitomi is a young lady of twenty-five who is two years younger than Youngsuk. Young-seok's younger and sexy stepmother Hitomi keeps beating more and more. Then one night, Hitomi comes into Youngsuk's room and takes off his pants...?! Dad begins a breathtaking double life with a Japanese mother you should never know.",
        "actors": [
            "Hayashi Risa",
            "Hitomi/Satomi",
            "Si Woo",
            "",
            "Kang Soo-cheol",
            "",
            "Bum-suk",
            "",
            "Min-ji",
            ""
        ],
        "orig_title": " 일본 엄마 2",
        "status": " Released",
        "orig_lang": " Korean",
        "budget_x": 174200000.0,
        "revenue": 509646047.6,
        "country": "KR"
    },
    {
        "title": "Manchester by the Sea",
        "date_x": "02/02/2017 ",
        "score": 75.0,
        "genre": [
            "Drama"
        ],
        "overview": "After his older brother passes away, Lee Chandler is forced to return home to care for his 16-year-old nephew. There he is compelled to deal with a tragic past that separated him from his family and the community where he was born and raised.",
        "actors": [
            "Casey Affleck",
            "Lee Chandler",
            "Lucas Hedges",
            "Patrick Chandler",
            "Michelle Williams",
            "Randi Chandler",
            "Kyle Chandler",
            "Joe Chandler",
            "C.J. Wilson",
            "George",
            "Gretchen Mol",
            "Elise Chandler",
            "Heather Burns",
            "Jill",
            "Ivy O'Brien",
            "Young Patrick Chandler",
            "Josh Hamilton",
            "Wes (Joe's Lawyer)"
        ],
        "orig_title": "Manchester by the Sea",
        "status": " Released",
        "orig_lang": " English",
        "budget_x": 8500000.0,
        "revenue": 77733867.0,
        "country": "AU"
    },
    {
        "title": "Offseason",
        "date_x": "03/11/2022 ",
        "score": 57.0,
        "genre": [
            "Horror",
            "Mystery"
        ],
        "overview": "Upon receiving a mysterious letter that her mother's grave has been vandalized, Marie travels to the desolate island town where she's buried. Just as she arrives, the island closes for the season, leaving Marie trapped in a nightmare.",
        "actors": [
            "Jocelin Donahue",
            "Marie Aldrich",
            "Joe Swanberg",
            "George Darrow",
            "Richard Brake",
            "The Bridge Man",
            "Melora Walters",
            "Ava Aldrich",
            "Jeremy Gardner",
            "The Fisherman",
            "Jonathan Medina",
            "Mr. Clayton",
            "Esq",
            "Eliza Shin",
            "Ms. Gardner",
            "Esq",
            "Jess Varley",
            "Young Woman",
            "Andrew Vilar",
            "Young Man"
        ],
        "orig_title": "Offseason",
        "status": " Released",
        "orig_lang": " English",
        "budget_x": 100000000.0,
        "revenue": 379967948.4,
        "country": "US"
    },
    {
        "title": "V for Vengeance",
        "date_x": "06/07/2022 ",
        "score": 61.0,
        "genre": [
            "Horror",
            "Action"
        ],
        "overview": "After learning that their younger sibling escaped an earlier kidnapping attempt that also killed their parents, two estranged sisters must join forces to rescue her from a group of bloodthirsty vampires. Out for revenge and control of a vampirism vaccine, Thorn and his band of the undead soon learn that they messed with the wrong family.",
        "actors": [
            "Jocelyn Hudon",
            "Emma",
            "Grace Van Dien",
            "Scarlett",
            "Sean Maguire",
            "Thorn",
            "Pauline Dyer",
            "Kate",
            "Graham Greene",
            "Bullseye",
            "Alix Villaret",
            "Tatiana",
            "Michael P. Northey",
            "Frank",
            "Julie Lynn-Mortensen",
            "Brenda",
            "Trevor Lerner",
            "Carl"
        ],
        "orig_title": "V for Vengeance",
        "status": " Released",
        "orig_lang": " English",
        "budget_x": 88800000.0,
        "revenue": 476923503.0,
        "country": "US"
    },
    {
        "title": "Barbie",
        "date_x": "01/01/1977 ",
        "score": 20.0,
        "genre": [
            ""
        ],
        "overview": "Barbie comes home from shopping. She takes her groceries out of the bag and unwraps a little Barbie doll. She fries up the Barbie doll and eats it.",
        "actors": [
            ""
        ],
        "orig_title": "Barbie",
        "status": " Released",
        "orig_lang": " No Language",
        "budget_x": 12001040.0,
        "revenue": 38139010.0,
        "country": "US"
    },
    {
        "title": "Living",
        "date_x": "03/16/2023 ",
        "score": 71.0,
        "genre": [
            "Drama"
        ],
        "overview": "London, 1953. Mr. Williams, a veteran civil servant, is an important cog within the city's bureaucracy as it struggles to rebuild in the aftermath of World War II. Buried under paperwork at the office and lonely at home, his life has long felt empty and meaningless. Then a devastating medical diagnosis forces him to take stock, and to try and grasp some fulfilment before it passes permanently beyond reach.",
        "actors": [
            "Bill Nighy",
            "Williams",
            "Aimee Lou Wood",
            "Margaret Harris",
            "Alex Sharp",
            "Peter Wakeling",
            "Tom Burke",
            "Sutherland",
            "Adrian Rawlins",
            "Middleton",
            "Oliver Chris",
            "Hart",
            "Hubert Burton",
            "Rusbridger",
            "Zoe Boyle",
            "Mrs. McMasters",
            "Barney Fishwick",
            "Michael"
        ],
        "orig_title": "Living",
        "status": " Released",
        "orig_lang": " English",
        "budget_x": 26730400.0,
        "revenue": 6999027.0,
        "country": "AU"
    },
    {
        "title": "Why Women Cheat",
        "date_x": "07/06/2021 ",
        "score": 28.0,
        "genre": [
            "Romance"
        ],
        "overview": "The male lead is the king of a small island nation. He was previously badly hurt by the female lead. The female lead has a canine tooth that makes her look extremely captivating when she smiles. When the female lead vanished, the male lead became extremely fond of sleeping because he did not want to miss her. As fate would have it, the male lead married the female lead in the end. He decided to properly torment that adorable yet horrible woman for a while",
        "actors": [
            "Shag Deng",
            "",
            "Xiong Su Yi",
            ""
        ],
        "orig_title": " 粉色樱与大眠王",
        "status": " Released",
        "orig_lang": " English",
        "budget_x": 15541000.0,
        "revenue": 38139010.0,
        "country": "CN"
    },
    {
        "title": "Night Teeth",
        "date_x": "10/20/2021 ",
        "score": 65.0,
        "genre": [
            "Horror",
            "Thriller",
            "Action"
        ],
        "overview": "A college student moonlighting as a chauffeur picks up two mysterious women for a night of party-hopping across LA. But when he uncovers their bloodthirsty intentions—and their dangerous, shadowy underworld—he must fight to stay alive.",
        "actors": [
            "Jorge Lendeborg Jr.",
            "Benny",
            "Debby Ryan",
            "Blaire",
            "Lucy Fry",
            "Zoe",
            "Raúl Castillo",
            "Jay Perez",
            "Alfie Allen",
            "Victor",
            "Sydney Sweeney",
            "Eva",
            "Megan Fox",
            "Grace",
            "Alexander Ludwig",
            "Rocko",
            "Bryan Batt",
            "Gio"
        ],
        "orig_title": "Night Teeth",
        "status": " Released",
        "orig_lang": " English",
        "budget_x": 21700000.0,
        "revenue": 181090228.8,
        "country": "AU"
    },
    {
        "title": "Night at the Museum",
        "date_x": "12/26/2006 ",
        "score": 66.0,
        "genre": [
            "Action",
            "Adventure",
            "Comedy",
            "Family",
            "Fantasy"
        ],
        "overview": "Chaos reigns at the natural history museum when night watchman Larry Daley accidentally stirs up an ancient curse, awakening Attila the Hun, an army of gladiators, a Tyrannosaurus rex and other exhibits.",
        "actors": [
            "Ben Stiller",
            "Larry Daley",
            "Carla Gugino",
            "Rebecca",
            "Dick Van Dyke",
            "Cecil",
            "Mickey Rooney",
            "Gus",
            "Bill Cobbs",
            "Reginald",
            "Jake Cherry",
            "Nick Daley",
            "Ricky Gervais",
            "Dr. McPhee",
            "Robin Williams",
            "Teddy Roosevelt",
            "Kim Raver",
            "Erica Daley"
        ],
        "orig_title": "Night at the Museum",
        "status": " Released",
        "orig_lang": " English",
        "budget_x": 110000000.0,
        "revenue": 579446407.0,
        "country": "AU"
    },
    {
        "title": "Men in Black: International",
        "date_x": "06/13/2019 ",
        "score": 60.0,
        "genre": [
            "Comedy",
            "Science Fiction",
            "Action"
        ],
        "overview": "The Men in Black have always protected the Earth from the scum of the universe. In this new adventure, they tackle their biggest, most global threat to date: a mole in the Men in Black organization.",
        "actors": [
            "Chris Hemsworth",
            "Henry / Agent H",
            "Tessa Thompson",
            "Molly Wright / Agent M",
            "Rebecca Ferguson",
            "Riza Stavros",
            "Kumail Nanjiani",
            "Pawny (voice)",
            "Rafe Spall",
            "Agent C",
            "Laurent Bourgeois",
            "Alien Twin #1",
            "Larry Bourgeois",
            "Alien Twin #2",
            "Emma Thompson",
            "Agent O",
            "Liam Neeson",
            "Agent High T"
        ],
        "orig_title": "Men in Black: International",
        "status": " Released",
        "orig_lang": " English",
        "budget_x": 110000000.0,
        "revenue": 253015298.0,
        "country": "AU"
    },
    {
        "title": "The Temptation of Kimono",
        "date_x": "03/27/2009 ",
        "score": 57.0,
        "genre": [
            "Drama",
            "Romance"
        ],
        "overview": "Mikage will get married to Youiti next year, she agrees to live with Youiti's parents. One day, Youiti's father disrobed Mikage's Kimono and raped her. To her astonishment, her fiancé Youiti whom Mikage considers true love has an affair with his young stepmother. Shocked and devastated, what will Mikage do?",
        "actors": [
            "Elly Akira",
            "Mikage",
            "Risa Sakamoto",
            "",
            "Mika Muroi",
            "",
            "Taro Kai",
            "",
            "Yoshihiro Tanbara",
            ""
        ],
        "orig_title": " Ｍ家の新妻　変態洗礼",
        "status": " Released",
        "orig_lang": " Japanese",
        "budget_x": 118008009.2,
        "revenue": 452180857.4,
        "country": "JP"
    },
    {
        "title": "The Mitchells vs. the Machines",
        "date_x": "04/30/2021 ",
        "score": 80.0,
        "genre": [
            "Animation",
            "Adventure",
            "Comedy"
        ],
        "overview": "A quirky, dysfunctional family's road trip is upended when they find themselves in the middle of the robot apocalypse and suddenly become humanity's unlikeliest last hope.",
        "actors": [
            "Abbi Jacobson",
            "Katie Mitchell / Dog Cop (voice)",
            "Danny McBride",
            "Rick Mitchell (voice)",
            "Maya Rudolph",
            "Linda Mitchell (voice)",
            "Michael Rianda",
            "Aaron Mitchell / Furbies / Talking Dog / Wifi Enthusiast (voice)",
            "Eric André",
            "Mark Bowman (voice)",
            "Olivia Colman",
            "PAL (voice)",
            "Fred Armisen",
            "Deborahbot 5000 (voice)",
            "Beck Bennett",
            "Eric / PAL Max Robots (voice)",
            "Chrissy Teigen",
            "Hailey Posey (voice)"
        ],
        "orig_title": "The Mitchells vs. the Machines",
        "status": " Released",
        "orig_lang": " English",
        "budget_x": 75000000.0,
        "revenue": 61375836.8,
        "country": "AU"
    },
    {
        "title": "Seal Team",
        "date_x": "12/31/2021 ",
        "score": 71.0,
        "genre": [
            "Animation",
            "Family"
        ],
        "overview": "After his best friend is killed in a shark attack, Quinn, a lovable yet tenacious seal assembles a SEAL TEAM to fight back against a gang of sharks overtaking the neighborhood. But this merry band of international seals are not at all trained for such a mission. They seek the help of a much more skillful combatant, Claggart, but even his tricks and flips can’t whip these guys into shape. However, with a little bit of ingenuity, intelligence and a lot of heart, our SEAL TEAM may actually be able to bring peace back to their undersea community.",
        "actors": [
            "Jessie T. Usher",
            "Quinn (voice)",
            "J.K. Simmons",
            "Claggart (voice)",
            "Matthew Rhys",
            "Grimes (voice)",
            "Kristen Schaal",
            "Beth (voice)",
            "Patrick Warburton",
            "Geraldo (voice)",
            "Sharlto Copley",
            "Switch (voice)",
            "Camille Mana",
            "Jing (voice)",
            "John Kani",
            "Brick (voice)",
            "Dolph Lundgren",
            "Dolph (voice)"
        ],
        "orig_title": "Seal Team",
        "status": " Released",
        "orig_lang": " English",
        "budget_x": 81300000.0,
        "revenue": 409447432.8,
        "country": "US"
    },
    {
        "title": "Nanny McPhee and the Big Bang",
        "date_x": "04/01/2010 ",
        "score": 63.0,
        "genre": [
            "Comedy",
            "Fantasy",
            "Family"
        ],
        "overview": "Nanny McPhee appears at the door of a harried young mother who is trying to run the family farm while her husband is away at war. But once she’s arrived, Nanny discovers that the children are fighting a war of their own against two spoiled city cousins who have just moved in. Relying on everything from a flying motorcycle and a statue that comes to life to a tree-climbing piglet and a baby elephant, Nanny uses her magic to teach her mischievous charges five new lessons.",
        "actors": [
            "Emma Thompson",
            "Nanny McPhee",
            "Asa Butterfield",
            "Norman Green",
            "Ralph Fiennes",
            "Lord Gray",
            "Maggie Gyllenhaal",
            "Isabel Green",
            "Maggie Smith",
            "Agatha Rose Doherty",
            "Rhys Ifans",
            "Phil Green",
            "Daniel Mays",
            "Blenkinsop",
            "Bill Bailey",
            "Farmer MacReadie",
            "Ewan McGregor",
            "Rory Green"
        ],
        "orig_title": "Nanny McPhee and the Big Bang",
        "status": " Released",
        "orig_lang": " English",
        "budget_x": 35000000.0,
        "revenue": 97799865.0,
        "country": "AU"
    },
    {
        "title": "Never Back Down: Revolt",
        "date_x": "11/16/2021 ",
        "score": 66.0,
        "genre": [
            "Action"
        ],
        "overview": "An amateur fighter is lured by a trafficking syndicate specializing in elite underground fighting where her brutal captor forces her to fight or face certain death.",
        "actors": [
            "Olivia Popica",
            "Anya",
            "Michael Bisping",
            "Janek",
            "Brooke Johnston",
            "Mariah",
            "Diana Hoyos",
            "Valentina",
            "Neetu Chandra",
            "Jaya",
            "James Faulkner",
            "Julian",
            "Lee Charles",
            "Vanko",
            "Raffaello Degruttola",
            "Marco Olek",
            "Hannah Al Rashid",
            "Lori"
        ],
        "orig_title": "Never Back Down: Revolt",
        "status": " Released",
        "orig_lang": " English",
        "budget_x": 99400000.0,
        "revenue": 341205403.4,
        "country": "US"
    },
    {
        "title": "After Porn Ends",
        "date_x": "05/21/2012 ",
        "score": 57.0,
        "genre": [
            "Documentary"
        ],
        "overview": "Documentary examining what happens to some of the biggest names in the history of the adult entertainment industry after they leave the business and try and live \"normal\" lives.",
        "actors": [
            "Amber Lynn",
            "Self",
            "Asia Carrera",
            "Self",
            "Mary Carey",
            "Self",
            "Crissy Moran",
            "Self",
            "Raylene",
            "Self",
            "Nina Hartley",
            "Self",
            "Houston",
            "Self",
            "Shelley Lubben",
            "Self",
            "Tiffany Million",
            "Self"
        ],
        "orig_title": "After Porn Ends",
        "status": " Released",
        "orig_lang": " English",
        "budget_x": 400000.0,
        "revenue": 30398770.4,
        "country": "US"
    },
    {
        "title": "Elysium",
        "date_x": "08/15/2013 ",
        "score": 65.0,
        "genre": [
            "Science Fiction",
            "Action",
            "Drama",
            "Thriller"
        ],
        "overview": "In the year 2159, two classes of people exist: the very wealthy who live on a pristine man-made space station called Elysium, and the rest, who live on an overpopulated, ruined Earth. Secretary Rhodes, a hard line government ofﬁcial, will stop at nothing to enforce anti-immigration laws and preserve the luxurious lifestyle of the citizens of Elysium. That doesn’t stop the people of Earth from trying to get in, by any means they can. When unlucky Max is backed into a corner, he agrees to take on a daunting mission that, if successful, will not only save his life, but could bring equality to these polarized worlds.",
        "actors": [
            "Matt Damon",
            "Max",
            "Jodie Foster",
            "Delacourt",
            "Sharlto Copley",
            "Kruger",
            "Diego Luna",
            "Julio",
            "Wagner Moura",
            "Spider",
            "Alice Braga",
            "Frey",
            "William Fichtner",
            "John Carlyle",
            "Jose Pablo Cantillo",
            "Sandro",
            "Faran Tahir",
            "President Patel"
        ],
        "orig_title": "Elysium",
        "status": " Released",
        "orig_lang": " English",
        "budget_x": 120000000.0,
        "revenue": 286192091.0,
        "country": "AU"
    },
    {
        "title": "Fireworks",
        "date_x": "08/18/2017 ",
        "score": 65.0,
        "genre": [
            "Animation",
            "Drama",
            "Fantasy"
        ],
        "overview": "Moshimo, Japan. The annual fireworks festival is about to take place and a group of schoolboys, arguing over whether they are round or flat when viewed from different angles, set out to find it out.",
        "actors": [
            "Suzu Hirose",
            "Nazuna Oikawa (voice)",
            "Masaki Suda",
            "Norimichi Shimada (voice)",
            "Mamoru Miyano",
            "Yūsuke Azumi (voice)",
            "Shintaro Asanuma",
            "Jun'ichi (voice)",
            "Toshiyuki Toyonaga",
            "Kazuhiro (voice)",
            "Yuki Kaji",
            "Minoru (voice)",
            "Shin-ichiro Miki",
            "Nazuna's Mother Fiancé (voice)",
            "Kana Hanazawa",
            "Teacher Miura (voice)",
            "Takahiro Sakurai",
            "Teacher Mitsuishi (voice)"
        ],
        "orig_title": " 打ち上げ花火、下から見るか？横から見るか？",
        "status": " Released",
        "orig_lang": " Japanese",
        "budget_x": 39180000.0,
        "revenue": 26617621.0,
        "country": "JP"
    },
    {
        "title": "Apocalypse Now",
        "date_x": "11/15/1979 ",
        "score": 83.0,
        "genre": [
            "Drama",
            "War"
        ],
        "overview": "At the height of the Vietnam war, Captain Benjamin Willard is sent on a dangerous mission that, officially, \"does not exist, nor will it ever exist.\" His goal is to locate - and eliminate - a mysterious Green Beret Colonel named Walter Kurtz, who has been leading his personal army on illegal guerrilla missions into enemy territory.",
        "actors": [
            "Marlon Brando",
            "Colonel Walter Kurtz",
            "Robert Duvall",
            "Lieutenant Colonel Bill Kilgore",
            "Martin Sheen",
            "Captain Benjamin Willard",
            "Frederic Forrest",
            "Jay 'Chef' Hicks",
            "Laurence Fishburne",
            "Tyrone 'Clean' Miller",
            "Albert Hall",
            "Chief Phillips",
            "Sam Bottoms",
            "Lance B. Johnson",
            "Dennis Hopper",
            "Photojournalist",
            "G. D. Spradlin",
            "General Corman"
        ],
        "orig_title": "Apocalypse Now",
        "status": " Released",
        "orig_lang": " English",
        "budget_x": 31500000.0,
        "revenue": 85960957.0,
        "country": "AU"
    },
    {
        "title": "Ghost Mansion",
        "date_x": "06/30/2021 ",
        "score": 74.0,
        "genre": [
            "Horror"
        ],
        "overview": "A horror webtoon writer journeys to a shabby apartment building in search of ideas. The building's caretaker tells him about multiple strange events that happened throughout the building's history.",
        "actors": [
            "Sung Joon",
            "Ji-woo",
            "Kim Hong-pa",
            "Keeper",
            "Kim Bo-ra",
            "Da-hye",
            "Lee Chang-hoon",
            "Writer",
            "Park So-jin",
            "Pharmacist",
            "Kim Jae-hwa",
            "High School Girl's Mother",
            "Seo Hyun-woo",
            "Broker",
            "Kang Yoo-seok",
            "International Student",
            "Lee Suk-hyeong",
            "Mold Youth"
        ],
        "orig_title": " 괴기맨숀",
        "status": " Released",
        "orig_lang": " Korean",
        "budget_x": 83162000.0,
        "revenue": 631090763.2,
        "country": "KR"
    },
    {
        "title": "Dangerous",
        "date_x": "01/01/2022 ",
        "score": 62.0,
        "genre": [
            "Action",
            "Thriller"
        ],
        "overview": "A reformed sociopath heads to a remote island after the death of his brother. Soon after his arrival, the island falls under siege from a deadly gang of mercenaries, and when he discovers their role in his brother’s demise, he sets out on a relentless quest for vengeance.",
        "actors": [
            "Scott Eastwood",
            "Dylan \"D\" Forrester",
            "Mel Gibson",
            "Dr. Alderwood",
            "Tyrese Gibson",
            "Sheriff McCoy",
            "Kevin Durand",
            "Cole",
            "Famke Janssen",
            "Agent Shaughnessy",
            "Brenda Bazinet",
            "Linda Forrester",
            "Ryan Robbins",
            "Felix",
            "Brendan Fletcher",
            "Massey",
            "Leanne Lapp",
            "Susan Forrester"
        ],
        "orig_title": "Dangerous",
        "status": " Released",
        "orig_lang": " English",
        "budget_x": 38200000.0,
        "revenue": 319040588.8,
        "country": "AU"
    },
    {
        "title": "Kill Bill: Vol. 2",
        "date_x": "04/22/2004 ",
        "score": 79.0,
        "genre": [
            "Action",
            "Crime",
            "Thriller"
        ],
        "overview": "The Bride unwaveringly continues on her roaring rampage of revenge against the band of assassins who had tried to kill her and her unborn child. She visits each of her former associates one-by-one, checking off the victims on her Death List Five until there's nothing left to do … but kill Bill.",
        "actors": [
            "Uma Thurman",
            "Beatrix \"The Bride\" Kiddo",
            "David Carradine",
            "Bill",
            "Daryl Hannah",
            "Elle Driver",
            "Michael Madsen",
            "Budd",
            "Gordon Liu Chia-hui",
            "Pai Mei",
            "Michael Parks",
            "Esteban Vihaio",
            "Perla Haney-Jardine",
            "B.B. Kiddo",
            "Larry Bishop",
            "Larry Gomez",
            "Samuel L. Jackson",
            "Rufus"
        ],
        "orig_title": "Kill Bill: Vol. 2",
        "status": " Released",
        "orig_lang": " English",
        "budget_x": 30000000.0,
        "revenue": 152159461.0,
        "country": "AU"
    },
    {
        "title": "Total Recall",
        "date_x": "12/06/1990 ",
        "score": 73.0,
        "genre": [
            "Action",
            "Adventure",
            "Science Fiction"
        ],
        "overview": "Construction worker Douglas Quaid's obsession with the planet Mars leads him to visit Recall, a company who manufacture memories. Something goes wrong during his memory implant turning Doug's life upside down and even to question what is reality and what isn't.",
        "actors": [
            "Arnold Schwarzenegger",
            "Douglas Quaid / Hauser",
            "Rachel Ticotin",
            "Melina",
            "Sharon Stone",
            "Lori",
            "Ronny Cox",
            "Vilos Cohaagen",
            "Michael Ironside",
            "Richter",
            "Marshall Bell",
            "George / Kuato",
            "Mel Johnson Jr.",
            "Benny",
            "Michael Champion",
            "Helm",
            "Roy Brocksmith",
            "Dr. Edgemar"
        ],
        "orig_title": "Total Recall",
        "status": " Released",
        "orig_lang": " English",
        "budget_x": 125000000.0,
        "revenue": 211856088.0,
        "country": "AU"
    },
    {
        "title": "Total Recall",
        "date_x": "12/06/1990 ",
        "score": 73.0,
        "genre": [
            "Action",
            "Adventure",
            "Science Fiction"
        ],
        "overview": "Construction worker Douglas Quaid's obsession with the planet Mars leads him to visit Recall, a company who manufacture memories. Something goes wrong during his memory implant turning Doug's life upside down and even to question what is reality and what isn't.",
        "actors": [
            "Arnold Schwarzenegger",
            "Douglas Quaid / Hauser",
            "Rachel Ticotin",
            "Melina",
            "Sharon Stone",
            "Lori",
            "Ronny Cox",
            "Vilos Cohaagen",
            "Michael Ironside",
            "Richter",
            "Marshall Bell",
            "George / Kuato",
            "Mel Johnson Jr.",
            "Benny",
            "Michael Champion",
            "Helm",
            "Roy Brocksmith",
            "Dr. Edgemar"
        ],
        "orig_title": "Total Recall",
        "status": " Released",
        "orig_lang": " English",
        "budget_x": 65000000.0,
        "revenue": 261399830.0,
        "country": "AU"
    },
    {
        "title": "The Ritual",
        "date_x": "02/09/2018 ",
        "score": 62.0,
        "genre": [
            "Horror",
            "Thriller",
            "Mystery"
        ],
        "overview": "A group of college friends reunite for a trip to the forest, but encounter a menacing presence in the woods that's stalking them.",
        "actors": [
            "Rafe Spall",
            "Luke",
            "Arsher Ali",
            "Phil",
            "Robert James-Collier",
            "Hutch",
            "Sam Troughton",
            "Dom",
            "Paul Reid",
            "Robert",
            "Matthew Needham",
            "Junkie",
            "Jacob James Beswick",
            "Fiend",
            "Maria Erwolter",
            "The Host",
            "Hilary Reeves",
            "The Curate"
        ],
        "orig_title": "The Ritual",
        "status": " Released",
        "orig_lang": " English",
        "budget_x": 1000000.0,
        "revenue": 1786396.0,
        "country": "AU"
    },
    {
        "title": "Motherhood",
        "date_x": "11/18/2022 ",
        "score": 78.0,
        "genre": [
            "Drama"
        ],
        "overview": "At the age of 14, Carla is a wild and rebellious teenager. Living in a modest restaurant on the outskirts of a town with her young single mother, she skips school and passes the time with her friend Efraín. When a social worker realizes that Carla is five months pregnant, she is taken to ‘La Maternal’, a center for teenage mothers, to live with other young women like herself. Together with their babies, they will learn to cope with this new adult life for which they had no time to prepare.",
        "actors": [
            "Carla Quílez",
            "Carla",
            "Ángela Cervantes",
            "Penélope",
            "Jordan Cornejo",
            "Efraín",
            "Clàudia Dalmau",
            "Raki",
            "Estel Collado",
            "Estel",
            "Claudia Medina",
            "Claudia",
            "Sheila Baños",
            "Sheila",
            "Jamila Bengharda",
            "Jamila",
            "Karol Ruiz-Tagle",
            "Karol"
        ],
        "orig_title": " La maternal",
        "status": " Released",
        "orig_lang": " Spanish, Castilian",
        "budget_x": 10000000.0,
        "revenue": 723388.0,
        "country": "ES"
    },
    {
        "title": "Monster Family 2",
        "date_x": "03/03/2022 ",
        "score": 67.0,
        "genre": [
            "Animation",
            "Family"
        ],
        "overview": "To free Baba Yaga and Renfield from the clutches of Monster Hunter Mila Starr, the Wishbone Family once more transforms into a Vampire, Frankenstein's Monster, a Mummy and a Werewolf but when aided by their three pet bats, the Monster Family zooms around the world again to save their friends, make new monstrous acquaintances.",
        "actors": [
            "Emily Watson",
            "Emma Wishbone (voice)",
            "Nick Frost",
            "Frank Wishbone (voice)",
            "Jessica Brown Findlay",
            "Fay Wishbone (voice)",
            "Catherine Tate",
            "Baba Yaga (voice)",
            "Emily Carey",
            "Mila Starr (voice)",
            "Ethan Rouse",
            "Max Wishbone (voice)",
            "Jason Isaacs",
            "Dracula (voice)",
            "Emma Tate",
            "Marlene Starr / Girl #2 / Newscaster (voice)",
            "Daniel Ben Zenou",
            "Maddox Starr (voice)"
        ],
        "orig_title": "Monster Family 2",
        "status": " Released",
        "orig_lang": " English",
        "budget_x": 112800000.0,
        "revenue": 356126924.8,
        "country": "AU"
    },
    {
        "title": "5 Centimeters per Second",
        "date_x": "03/03/2007 ",
        "score": 73.0,
        "genre": [
            "Animation",
            "Drama",
            "Family",
            "Romance"
        ],
        "overview": "Three moments in Takaki's life: his relationship with Akari and their forced separation; his friendship with Kanae, who is secretly in love with him; the demands and disappointments of adulthood, an unhappy life in a cold city.",
        "actors": [
            "Kenji Mizuhashi",
            "Takaki Tohno (voice)",
            "Yoshimi Kondou",
            "Young Akari Shinohara (voice)",
            "Satomi Hanamura",
            "Kanae Sumida (voice)",
            "Risa Mizuno",
            "Kanae's Sister (voice)",
            "Ayaka Onoue",
            "Akari Shinohara (voice)",
            "Yuka Terasaki",
            "(voice)",
            "Yuko Nakamura",
            "(voice)",
            "Masami Iwasaki",
            "(voice)",
            "Ryou Naitou",
            "(voice)"
        ],
        "orig_title": " 秒速5センチメートル",
        "status": " Released",
        "orig_lang": " Japanese",
        "budget_x": 5000000.0,
        "revenue": 64812285.8,
        "country": "JP"
    },
    {
        "title": "Cats & Dogs 3: Paws Unite",
        "date_x": "11/01/2020 ",
        "score": 63.0,
        "genre": [
            "Family",
            "Comedy",
            "Action"
        ],
        "overview": "It's been ten years since the creation of the Great Truce, an elaborate joint-species surveillance system designed and monitored by cats and dogs to keep the peace when conflicts arise. But when a tech-savvy villain hacks into wireless networks to use frequencies only heard by cats and dogs, he manipulates them into conflict and the worldwide battle between cats and dogs is BACK ON. Now, a team of inexperienced and untested agents will have to use their old-school animal instincts to restore order and peace between cats and dogs everywhere.",
        "actors": [
            "Melissa Rauch",
            "Gwen the Cat (voice)",
            "Max Greenfield",
            "Roger the Dog (voice)",
            "George Lopez",
            "Pablo the Parrot (voice)",
            "Callum Seagram Airlie",
            "Max",
            "Sarah Giles",
            "Zoe",
            "Kirsten Robek",
            "Susan",
            "John Murphy",
            "Ollie",
            "Paul Dobson",
            "Zeke (voice)",
            "Garry Chalk",
            "Old Ed (voice)"
        ],
        "orig_title": "Cats & Dogs 3: Paws Unite",
        "status": " Released",
        "orig_lang": " English",
        "budget_x": 105600000.0,
        "revenue": 262901615.4,
        "country": "AU"
    },
    {
        "title": "The Transporter",
        "date_x": "02/18/2003 ",
        "score": 67.0,
        "genre": [
            "Action",
            "Crime",
            "Thriller"
        ],
        "overview": "Former Special Forces officer, Frank Martin will deliver anything to anyone for the right price, and his no-questions-asked policy puts him in high demand. But when he realizes his latest cargo is alive, it sets in motion a dangerous chain of events. The bound and gagged Lai is being smuggled to France by a shady American businessman, and Frank works to save her as his own illegal activities are uncovered by a French detective.",
        "actors": [
            "Jason Statham",
            "Frank Martin",
            "Shu Qi",
            "Lai",
            "François Berléand",
            "Inspector Tarconi",
            "Matt Schulze",
            "Wall Street",
            "Ric Young",
            "Mr. Kwai",
            "Doug Rand",
            "Leader",
            "Didier Saint Melin",
            "Boss",
            "Tonio Descanvelle",
            "Thug 1",
            "Laurent Desponds",
            "Thug 2"
        ],
        "orig_title": "The Transporter",
        "status": " Released",
        "orig_lang": " English",
        "budget_x": 21000000.0,
        "revenue": 43928932.0,
        "country": "AU"
    },
    {
        "title": "Spider-Man: All Roads Lead to No Way Home",
        "date_x": "05/03/2022 ",
        "score": 71.0,
        "genre": [
            "Documentary"
        ],
        "overview": "Join our hosts JB Smoove and Martin Starr for a celebration of 20 years of Spider-Man™ movies!  From the original Sam Raimi trilogy to Marc Webb’s “amazing” movies to the latest trio from Director Jon Watts, we will take viewers through the stars, the stunts and action, the villains and heroes and an homage to Stan Lee, along with a few surprises. Find your favourite Spider-Man pajamas and prepare to swing through the past two decades of Spider-Man at the movies!",
        "actors": [
            "Tom Holland",
            "Self",
            "Andrew Garfield",
            "Self",
            "Tobey Maguire",
            "Self",
            "Benedict Cumberbatch",
            "Self (archive footage)",
            "Willem Dafoe",
            "Self",
            "Alfred Molina",
            "Self",
            "Jamie Foxx",
            "Self",
            "Martin Starr",
            "Self",
            "J.B. Smoove",
            "Self"
        ],
        "orig_title": "Spider-Man: All Roads Lead to No Way Home",
        "status": " Released",
        "orig_lang": " English",
        "budget_x": 90100000.0,
        "revenue": 414551647.4,
        "country": "US"
    },
    {
        "title": "Dolittle",
        "date_x": "01/16/2020 ",
        "score": 67.0,
        "genre": [
            "Family",
            "Fantasy",
            "Adventure"
        ],
        "overview": "After losing his wife seven years earlier, the eccentric Dr. John Dolittle, famed doctor and veterinarian of Queen Victoria’s England, hermits himself away behind the high walls of Dolittle Manor with only his menagerie of exotic animals for company. But when the young queen falls gravely ill, a reluctant Dolittle is forced to set sail on an epic adventure to a mythical island in search of a cure, regaining his wit and courage as he crosses old adversaries and discovers wondrous creatures.",
        "actors": [
            "Robert Downey Jr.",
            "Dr. John Dolittle",
            "Antonio Banderas",
            "King Rassouli",
            "Michael Sheen",
            "Dr. Blair Müdfly",
            "Jim Broadbent",
            "Lord Thomas Badgley",
            "Jessie Buckley",
            "Queen Victoria",
            "Harry Collett",
            "Tommy Stubbins",
            "Emma Thompson",
            "Poly (voice)",
            "Rami Malek",
            "Chee-Chee (voice)",
            "John Cena",
            "Yoshi (voice)"
        ],
        "orig_title": "Dolittle",
        "status": " Released",
        "orig_lang": " English",
        "budget_x": 175000000.0,
        "revenue": 251509166.0,
        "country": "AU"
    },
    {
        "title": "South Park: Post COVID",
        "date_x": "11/26/2021 ",
        "score": 72.0,
        "genre": [
            "Animation",
            "Comedy",
            "TV Movie"
        ],
        "overview": "What happened to the children who lived through the Pandemic? Stan, Kyle, Cartman and Kenny survived but will never be the same Post Covid.",
        "actors": [
            "Trey Parker",
            "Various Characters (voice)",
            "Matt Stone",
            "Various Characters (voice)",
            "April Stewart",
            "Wendy Testaburger / Sharon Marsh / Shelley Marsh (voice)",
            "Mona Marshall",
            "Yentl Cartman (voice)",
            "Kimberly Brooks",
            "Interviewer (voice)",
            "Adrien Beard",
            "Token Black (voice)",
            "Delilah Kujala",
            "Amazon Alexa (voice)",
            "Betty Boogie Parker",
            "Menorah Cartman (voice)",
            "Nanami Iwasaki",
            "Geisha Billboard Model"
        ],
        "orig_title": "South Park: Post COVID",
        "status": " Released",
        "orig_lang": " English",
        "budget_x": 135000000.0,
        "revenue": 540375760.8,
        "country": "AU"
    },
    {
        "title": "Wai's Romance",
        "date_x": "01/01/1994 ",
        "score": 0.0,
        "genre": [
            "Comedy"
        ],
        "overview": "Once a wealthy gentleman, Wai was flocked by many single and available women. Now penniless, his \"romantic\" touch has suddenly disappeared. Follow the adventures of Wai and his renewed quest for wealth, romance, and love.",
        "actors": [
            "Lily Lee",
            "",
            "Man Wah Tsui",
            "",
            "Hung Yue",
            "",
            "Charlie Cho",
            "",
            "Alan Ng Siu-Hung",
            ""
        ],
        "orig_title": " 性愛韋小寶之玩女大王",
        "status": " Released",
        "orig_lang": " Cantonese",
        "budget_x": 264940000.0,
        "revenue": 175269998.8,
        "country": "HK"
    },
    {
        "title": "Die Hard 2",
        "date_x": "08/30/1990 ",
        "score": 69.0,
        "genre": [
            "Action",
            "Thriller"
        ],
        "overview": "Off-duty cop John McClane is gripped with a feeling of déjà vu when, on a snowy Christmas Eve in the nation’s capital, terrorists seize a major international airport, holding thousands of holiday travelers hostage. Renegade military commandos led by a murderous rogue officer plot to rescue a drug lord from justice and are prepared for every contingency except one: McClane’s smart-mouthed heroics.",
        "actors": [
            "Bruce Willis",
            "John McClane",
            "Bonnie Bedelia",
            "Holly McClane",
            "William Sadler",
            "Stuart",
            "Art Evans",
            "Leslie Barnes",
            "Dennis Franz",
            "Capt. Carmine Lorenzo",
            "William Atherton",
            "Richard Thornburg",
            "John Amos",
            "Major Grant",
            "Fred Dalton Thompson",
            "Trudeau",
            "Tom Bower",
            "Marvin"
        ],
        "orig_title": "Die Hard 2",
        "status": " Released",
        "orig_lang": " English",
        "budget_x": 70000000.0,
        "revenue": 239813888.0,
        "country": "AU"
    },
    {
        "title": "Oblivion",
        "date_x": "04/10/2013 ",
        "score": 66.0,
        "genre": [
            "Action",
            "Science Fiction",
            "Adventure",
            "Mystery"
        ],
        "overview": "Jack Harper is one of the last few drone repairmen stationed on Earth. Part of a massive operation to extract vital resources after decades of war with a terrifying threat known as the Scavs, Jack’s mission is nearly complete. His existence is brought crashing down when he rescues a beautiful  stranger from a downed spacecraft. Her arrival triggers a chain of events that  forces him to question everything he knows and puts the fate of humanity in his hands.",
        "actors": [
            "Tom Cruise",
            "Jack",
            "Morgan Freeman",
            "Beech",
            "Olga Kurylenko",
            "Julia",
            "Andrea Riseborough",
            "Victoria",
            "Nikolaj Coster-Waldau",
            "Sykes",
            "Melissa Leo",
            "Sally",
            "Zoë Bell",
            "Kara",
            "Abigail Lowe",
            "Julia's Child",
            "Isabelle Lowe",
            "Julia's Child"
        ],
        "orig_title": "Oblivion",
        "status": " Released",
        "orig_lang": " English",
        "budget_x": 120000000.0,
        "revenue": 287916633.0,
        "country": "AU"
    },
    {
        "title": "The Upside",
        "date_x": "05/01/2019 ",
        "score": 71.0,
        "genre": [
            "Comedy",
            "Drama"
        ],
        "overview": "Phillip is a wealthy quadriplegic who needs a caretaker to help him with his day-to-day routine in his New York penthouse. He decides to hire Dell, a struggling parolee who's trying to reconnect with his ex and his young son. Despite coming from two different worlds, an unlikely friendship starts to blossom.",
        "actors": [
            "Kevin Hart",
            "Dell Scott",
            "Bryan Cranston",
            "Phillip Lacasse",
            "Nicole Kidman",
            "Yvonne Pendleton",
            "Golshifteh Farahani",
            "Maggie",
            "Aja Naomi King",
            "Latrice",
            "Tate Donovan",
            "Carter Locke",
            "Jahi Di'Allo Winston",
            "Anthony Scott",
            "Genevieve Angelson",
            "Jenny Lacasse",
            "Suzanne Savoy",
            "Charlotte"
        ],
        "orig_title": "The Upside",
        "status": " Released",
        "orig_lang": " English",
        "budget_x": 37500000.0,
        "revenue": 125818440.0,
        "country": "AU"
    },
    {
        "title": "Escape Room",
        "date_x": "02/07/2019 ",
        "score": 65.0,
        "genre": [
            "Horror",
            "Thriller",
            "Mystery"
        ],
        "overview": "Six strangers find themselves in circumstances beyond their control, and must use their wits to survive.",
        "actors": [
            "Taylor Russell",
            "Zoey Davis",
            "Logan Miller",
            "Ben Miller",
            "Jay Ellis",
            "Jason Walker",
            "Deborah Ann Woll",
            "Amanda Harper",
            "Nik Dodani",
            "Danny Khan",
            "Tyler Labine",
            "Mike Nolan",
            "Yorick van Wageningen",
            "Games Master WooTan Yu",
            "Cornelius Geaney Jr.",
            "College Professor",
            "Russell Crous",
            "Charlie - Jason's Assistant"
        ],
        "orig_title": "Escape Room",
        "status": " Released",
        "orig_lang": " English",
        "budget_x": 9000000.0,
        "revenue": 155615727.0,
        "country": "AU"
    },
    {
        "title": "Mortal Engines",
        "date_x": "12/06/2018 ",
        "score": 62.0,
        "genre": [
            "Adventure",
            "Science Fiction"
        ],
        "overview": "Many thousands of years in the future, Earth’s cities roam the globe on huge wheels, devouring each other in a struggle for ever diminishing resources. On one of these massive traction cities, the old London, Tom Natsworthy has an unexpected encounter with a mysterious young woman from the wastelands who will change the course of his life forever.",
        "actors": [
            "Hera Hilmar",
            "Hester Shaw",
            "Robert Sheehan",
            "Tom Natsworthy",
            "Hugo Weaving",
            "Thaddeus Valentine",
            "Jihae",
            "Anna Fang",
            "Ronan Raftery",
            "Bevis Pod",
            "Leila George",
            "Katherine Valentine",
            "Patrick Malahide",
            "Magnus Crome",
            "Stephen Lang",
            "Shrike",
            "Colin Salmon",
            "Chudleigh Pomeroy"
        ],
        "orig_title": "Mortal Engines",
        "status": " Released",
        "orig_lang": " English",
        "budget_x": 100000000.0,
        "revenue": 85481904.0,
        "country": "AU"
    },
    {
        "title": "Prison Break: The Final Break",
        "date_x": "07/21/2009 ",
        "score": 75.0,
        "genre": [
            "Action",
            "Drama",
            "Thriller"
        ],
        "overview": "The movie covers the events which occurred in between the downfall of The Company and the finale of the TV series (SEASON 4). It details the arrest and incarceration of Sara Tancredi, the final escape plan which Michael devises for Sara, and reveals the ultimate fate of Gretchen Morgan.",
        "actors": [
            "Wentworth Miller",
            "Michael Scofield",
            "Sarah Wayne Callies",
            "Sara Tancredi",
            "Dominic Purcell",
            "Lincoln Burrows",
            "Jodi Lyn O'Keefe",
            "Gretchen Morgan",
            "Amaury Nolasco",
            "Fernando Sucre",
            "Robert Knepper",
            "Theodore 'T-Bag' Bagwell",
            "William Fichtner",
            "Alex Mahone",
            "Amy Aquino",
            "Warden Alice Simms",
            "Lori Petty",
            "Daddy"
        ],
        "orig_title": "Prison Break: The Final Break",
        "status": " Released",
        "orig_lang": " English",
        "budget_x": 86600000.0,
        "revenue": 745424433.8,
        "country": "US"
    },
    {
        "title": "Astro Boy",
        "date_x": "10/15/2009 ",
        "score": 63.0,
        "genre": [
            "Animation",
            "Action",
            "Family",
            "Science Fiction"
        ],
        "overview": "Set in the futuristic Metro City, Astro Boy (Atom) is a young robot with incredible powers created by a brilliant scientist in the image of the son he had lost. Unable to fulfill his creator's expectations, Astro embarks on a journey in search of acceptance, experiencing betrayal and a netherworld of robot gladiators, before returning to save Metro City and reconcile with the father who rejected him.",
        "actors": [
            "Nicolas Cage",
            "Dr. Tenma (voice)",
            "Madeline Carroll",
            "Widget (voice)",
            "Freddie Highmore",
            "Astro Boy (voice)",
            "Kristen Bell",
            "Cora (voice)",
            "Donald Sutherland",
            "General Stone (voice)",
            "Bill Nighy",
            "Dr. Elefun (voice)",
            "Eugene Levy",
            "Orrin (voice)",
            "Sterling Beaumon",
            "Sludge (voice)",
            "Nathan Lane",
            "Ham Egg (voice)"
        ],
        "orig_title": "Astro Boy",
        "status": " Released",
        "orig_lang": " English",
        "budget_x": 65000000.0,
        "revenue": 41636243.0,
        "country": "AU"
    },
    {
        "title": "The Flintstones",
        "date_x": "07/24/1994 ",
        "score": 53.0,
        "genre": [
            "Fantasy",
            "Comedy",
            "Family"
        ],
        "overview": "Modern Stone Age family the Flintstones hit the big screen in this live-action version of the classic cartoon. Fred helps Barney adopt a child. Barney sees an opportunity to repay him when Slate Mining tests its employees to find a new executive. But no good deed goes unpunished.",
        "actors": [
            "John Goodman",
            "Fred Flintstone",
            "Elizabeth Perkins",
            "Wilma Flintstone",
            "Rick Moranis",
            "Barney Rubble",
            "Rosie O'Donnell",
            "Betty Rubble",
            "Kyle MacLachlan",
            "Cliff Vandercave",
            "Halle Berry",
            "Sharron Stone",
            "Elizabeth Taylor",
            "Pearl Slaghoople",
            "Dann Florek",
            "Mr. Slate",
            "Richard Moll",
            "Hoagie"
        ],
        "orig_title": "The Flintstones",
        "status": " Released",
        "orig_lang": " English",
        "budget_x": 45000000.0,
        "revenue": 358500000.0,
        "country": "AU"
    },
    {
        "title": "Silent Hill: Revelation 3D",
        "date_x": "10/26/2012 ",
        "score": 55.0,
        "genre": [
            "Thriller",
            "Horror",
            "Mystery"
        ],
        "overview": "Heather Mason and her father have been on the run, always one step ahead of dangerous forces that she doesn't fully understand, Now on the eve of her 18th birthday, plagued by horrific nightmares and the disappearance of her father, Heather discovers she's not who she thinks she is. The revelation leads her deeper into a demonic world that threatens to trap her forever.",
        "actors": [
            "Adelaide Clemens",
            "Heather Mason / Sharon Da Silva / Alessa",
            "Radha Mitchell",
            "Rose Da Silva",
            "Carrie-Anne Moss",
            "Claudia Wolf",
            "Sean Bean",
            "Harry Mason / Christopher Da Silva",
            "Malcolm McDowell",
            "Leonard Wolf",
            "Kit Harington",
            "Vincent Carter",
            "Deborah Kara Unger",
            "Dahlia Gillespie",
            "Martin Donovan",
            "Douglas Cartland",
            "Erin Pitt",
            "Young Alessa Gillespie"
        ],
        "orig_title": "Silent Hill: Revelation 3D",
        "status": " Released",
        "orig_lang": " English",
        "budget_x": 20000000.0,
        "revenue": 55975672.0,
        "country": "US"
    },
    {
        "title": "Training Day",
        "date_x": "11/15/2001 ",
        "score": 75.0,
        "genre": [
            "Action",
            "Crime",
            "Drama"
        ],
        "overview": "On his first day on the job as a narcotics officer, a rookie cop works with a rogue detective who isn't what he appears.",
        "actors": [
            "Denzel Washington",
            "Alonzo Harris",
            "Ethan Hawke",
            "Jake Hoyt",
            "Scott Glenn",
            "Roger",
            "Tom Berenger",
            "Stan Gursky",
            "Harris Yulin",
            "Doug Rosselli",
            "Raymond J. Barry",
            "Lou Jacobs",
            "Cliff Curtis",
            "Smiley",
            "Dr. Dre",
            "Paul",
            "Snoop Dogg",
            "Blue"
        ],
        "orig_title": "Training Day",
        "status": " Released",
        "orig_lang": " English",
        "budget_x": 45000000.0,
        "revenue": 104505352.0,
        "country": "AU"
    },
    {
        "title": "Ivy + Bean: The Ghost That Had to Go",
        "date_x": "09/02/2022 ",
        "score": 69.0,
        "genre": [
            "Family",
            "Comedy"
        ],
        "overview": "Cold, white mist. Clanking pipes. And an eerie voice that's coming from the drain. Is the school bathroom... haunted? Ivy and Bean are on the case!",
        "actors": [
            "Keslee Blalock",
            "Ivy",
            "Madison Skye Validum",
            "Bean",
            "Lidya Jewett",
            "",
            "Nia Vardalos",
            "",
            "Garfield Wilson",
            "",
            "Marci T. House",
            "",
            "Jaycie Dotin",
            "",
            "Innocent Ekakitie",
            "",
            "Mia SwamiNathan",
            ""
        ],
        "orig_title": "Ivy + Bean: The Ghost That Had to Go",
        "status": " Released",
        "orig_lang": " English",
        "budget_x": 66600000.0,
        "revenue": 579116472.2,
        "country": "US"
    },
    {
        "title": "RED",
        "date_x": "10/28/2010 ",
        "score": 67.0,
        "genre": [
            "Action",
            "Adventure",
            "Comedy",
            "Crime",
            "Thriller"
        ],
        "overview": "After surviving an assault from a squad of hit men, retired CIA black ops agent Frank Moses reassembles his old team for an all-out war. Frank reunites with old Joe, crazy Marvin and wily Victoria to uncover a massive conspiracy that threatens their lives. Only their expert training will allow them to survive a near-impossible mission -- breaking into CIA headquarters.",
        "actors": [
            "Bruce Willis",
            "Frank Moses",
            "John Malkovich",
            "Marvin Boggs",
            "Morgan Freeman",
            "Joe Matheson",
            "Helen Mirren",
            "Victoria",
            "Mary-Louise Parker",
            "Sarah Ross",
            "Karl Urban",
            "William Cooper",
            "Richard Dreyfuss",
            "Alexander Dunning",
            "Brian Cox",
            "Ivan Simanov",
            "Rebecca Pidgeon",
            "Cynthia Wilkes"
        ],
        "orig_title": "RED",
        "status": " Released",
        "orig_lang": " English",
        "budget_x": 58000000.0,
        "revenue": 199000000.0,
        "country": "AU"
    },
    {
        "title": "Igor",
        "date_x": "01/08/2009 ",
        "score": 60.0,
        "genre": [
            "Animation",
            "Comedy",
            "Family",
            "Fantasy",
            "Horror"
        ],
        "overview": "A cliché hunchbacked evil scientist's assistant aspires to become a scientist himself, much to the displeasure of the rest of the evil science community.",
        "actors": [
            "John Cusack",
            "Igor (voice)",
            "Myleene Klass",
            "Dr. Holzwurm (voice)",
            "Robin Walsh",
            "Dr. Holzwurm's Igor (voice)",
            "Matt McKenna",
            "Dr. Herzschlag (voice)",
            "John Cleese",
            "Dr. Glickenstein (voice)",
            "Steve Buscemi",
            "Scamper (voice)",
            "Sean Hayes",
            "Brain (voice)",
            "Eddie Izzard",
            "Dr. Schadenfreude (voice)",
            "Jay Leno",
            "King Malbert (voice)"
        ],
        "orig_title": "Igor",
        "status": " Released",
        "orig_lang": " English",
        "budget_x": 22000000.0,
        "revenue": 31013349.0,
        "country": "AU"
    },
    {
        "title": "Mama",
        "date_x": "03/14/2013 ",
        "score": 62.0,
        "genre": [
            "Horror"
        ],
        "overview": "Guillermo del Toro presents Mama, a supernatural thriller that tells the haunting tale of two little girls who disappeared into the woods the day that their parents were killed. When they are rescued years later and begin a new life, they find that someone or something still wants to come tuck them in at night.",
        "actors": [
            "Jessica Chastain",
            "Annabel",
            "Nikolaj Coster-Waldau",
            "Lucas Desange",
            "Megan Charpentier",
            "Victoria Desange",
            "Isabelle Nélisse",
            "Lilly Desange",
            "Daniel Kash",
            "Dr. Dreyfuss",
            "Melina Matthews",
            "Mama (voice)",
            "Morgan McGarry",
            "Young Victoria",
            "Javier Botet",
            "Mama (body)",
            "Jane Moffat",
            "Jean Podolski / Mama (Voice)"
        ],
        "orig_title": "Mama",
        "status": " Released",
        "orig_lang": " English",
        "budget_x": 15000000.0,
        "revenue": 148095566.0,
        "country": "AU"
    },
    {
        "title": "Crazy, Stupid, Love.",
        "date_x": "09/12/2011 ",
        "score": 73.0,
        "genre": [
            "Comedy",
            "Drama",
            "Romance"
        ],
        "overview": "Cal Weaver is living the American dream. He has a good job, a beautiful house, great children and a beautiful wife, named Emily. Cal's seemingly perfect life unravels, however, when he learns that Emily has been unfaithful and wants a divorce. Over 40 and suddenly single, Cal is adrift in the fickle world of dating. Enter, Jacob Palmer, a self-styled player who takes Cal under his wing and teaches him how to be a hit with the ladies.",
        "actors": [
            "Steve Carell",
            "Cal Weaver",
            "Ryan Gosling",
            "Jacob Palmer",
            "Julianne Moore",
            "Emily Weaver",
            "Emma Stone",
            "Hannah Weaver",
            "Lio Tipton",
            "Jessica Riley",
            "Jonah Bobo",
            "Robbie Weaver",
            "Joey King",
            "Molly Weaver",
            "Marisa Tomei",
            "Kate Tafferty",
            "Beth Littleford",
            "Claire Riley"
        ],
        "orig_title": "Crazy, Stupid, Love.",
        "status": " Released",
        "orig_lang": " English",
        "budget_x": 50000000.0,
        "revenue": 142851197.0,
        "country": "AU"
    },
    {
        "title": "The Bourne Legacy",
        "date_x": "08/16/2012 ",
        "score": 62.0,
        "genre": [
            "Action",
            "Thriller"
        ],
        "overview": "New CIA operative Aaron Cross experiences life-or-death stakes that have been triggered by the previous actions of Jason Bourne.",
        "actors": [
            "Jeremy Renner",
            "Aaron Cross",
            "Rachel Weisz",
            "Dr. Marta Shearing",
            "Edward Norton",
            "Byer",
            "Scott Glenn",
            "Ezra Kramer",
            "Donna Murphy",
            "Dita Mandy",
            "Joan Allen",
            "Pamela Landy",
            "Nilaja Sun",
            "Blue Lab Doctor",
            "Albert Finney",
            "Dr. Albert Hirsch",
            "Michael Chernus",
            "Arthur Ingram"
        ],
        "orig_title": "The Bourne Legacy",
        "status": " Released",
        "orig_lang": " English",
        "budget_x": 125000000.0,
        "revenue": 280355920.0,
        "country": "AU"
    },
    {
        "title": "The Losers",
        "date_x": "10/24/2010 ",
        "score": 63.0,
        "genre": [
            "Action",
            "Adventure",
            "Crime",
            "Mystery",
            "Thriller"
        ],
        "overview": "On a mission deep in the Bolivian jungle, a team of elite commandos finds itself on the receiving end of a lethal betrayal. Now presumed dead, the men join forces with a mysterious operative named Aisha to hunt down their enemy and even the score.",
        "actors": [
            "Jeffrey Dean Morgan",
            "Clay",
            "Zoe Saldaña",
            "Aisha",
            "Chris Evans",
            "Jensen",
            "Idris Elba",
            "Roque",
            "Columbus Short",
            "Pooch",
            "Óscar Jaenada",
            "Cougar",
            "Jason Patric",
            "Max",
            "Holt McCallany",
            "Wade",
            "Peter Macdissi",
            "Vikram"
        ],
        "orig_title": "The Losers",
        "status": " Released",
        "orig_lang": " English",
        "budget_x": 25000000.0,
        "revenue": 29863840.0,
        "country": "AU"
    },
    {
        "title": "Extinct",
        "date_x": "10/03/2021 ",
        "score": 65.0,
        "genre": [
            "Animation",
            "Comedy",
            "Family",
            "Adventure"
        ],
        "overview": "Op and Ed, two adorable donut-shaped animals - flummels - accidentally time-travel from 1835 to modern-day Shanghai.  There they discover traffic, trans fats, and worst of all, that flummels are now extinct. It's up to this bumbling pair to save themselves and their species...and, just maybe, change the course of history.",
        "actors": [
            "Adam DeVine",
            "Ed (voice)",
            "Rachel Bloom",
            "Op (voice)",
            "Zazie Beetz",
            "Dottie (voice)",
            "Ken Jeong",
            "Clarance (voice)",
            "Jim Jefferies",
            "Burnie (voice)",
            "Catherine O'Hara",
            "Alma (voice)",
            "Reggie Watts",
            "Hoss / Ernest Shackleton (voice)",
            "Henry Winkler",
            "Jepson (voice)",
            "Alex Borstein",
            "Mali (voice)"
        ],
        "orig_title": "Extinct",
        "status": " Released",
        "orig_lang": " English",
        "budget_x": 93000000.0,
        "revenue": 366655140.2,
        "country": "CN"
    },
    {
        "title": "Empire of Lust",
        "date_x": "03/05/2015 ",
        "score": 70.0,
        "genre": [
            "Romance",
            "Drama",
            "History"
        ],
        "overview": "Set in 1398. Kim Min-Jae is the supreme commander of the Joseon Dynasty. He falls in love for the first time and for that woman he takes risks. Yi Bang-Won is the King's son. He helped his father setup the Joseon Dynasty era, but he was not picked as the Crown Prince. He still holds ambitions of becoming the King one day. Jin is Kim Min-Jae’s son and the King's son-in-law. Due to his position as the King's son-in-law, he is unable to take part in politics and only seeks out pleasure.",
        "actors": [
            "Jang Hyuk",
            "Prince Yi Bang-won",
            "Kang Han-na",
            "Ka-hee",
            "Shin Ha-kyun",
            "Kim Min-jae",
            "Kang Ha-neul",
            "Jin",
            "Son Byung-ho",
            "Taejo",
            "Lee Jae-yong",
            "Jung Do-jeon",
            "Choi Moo-sung",
            "Jo Yeong-gyoo",
            "Kang Kyung-hun",
            "Mr. Jeong's wife",
            "Kim Da-ye",
            "Princess Gyeongsun"
        ],
        "orig_title": " 순수의 시대",
        "status": " Released",
        "orig_lang": " Korean",
        "budget_x": 125800000.0,
        "revenue": 384071903.8,
        "country": "KR"
    },
    {
        "title": "The Curse of Bridge Hollow",
        "date_x": "10/14/2022 ",
        "score": 67.0,
        "genre": [
            "Adventure",
            "Comedy",
            "Horror",
            "Family"
        ],
        "overview": "A Halloween-hating dad reluctantly teams up with his teenage daughter when an evil spirit wreaks havoc by making their town's decorations come to life.",
        "actors": [
            "Marlon Wayans",
            "Howard Gordon",
            "Priah Ferguson",
            "Sydney Gordon",
            "Kelly Rowland",
            "Emily Gordon",
            "John Michael Higgins",
            "Principal Floyd",
            "Lauren Lapkus",
            "Mayor Tammy",
            "Rob Riggle",
            "Sully",
            "Nia Vardalos",
            "Madam Hawthorne",
            "Abi Monterey",
            "Ramona",
            "Holly J. Barrett",
            "Jamie"
        ],
        "orig_title": "The Curse of Bridge Hollow",
        "status": " Released",
        "orig_lang": " English",
        "budget_x": 95300000.0,
        "revenue": 429485729.8,
        "country": "US"
    },
    {
        "title": "Splice",
        "date_x": "10/06/2009 ",
        "score": 58.0,
        "genre": [
            "Horror",
            "Science Fiction",
            "Thriller"
        ],
        "overview": "Elsa and Clive, two young rebellious scientists, defy legal and ethical boundaries and forge ahead with a dangerous experiment: splicing together human and animal DNA to create a new organism. Named \"Dren\", the creature rapidly develops from a deformed female infant into a beautiful but dangerous winged human-chimera, who forges a bond with both of her creators - only to have that bond turn deadly.",
        "actors": [
            "Adrien Brody",
            "Clive",
            "Sarah Polley",
            "Elsa",
            "Delphine Chanéac",
            "Dren",
            "David Hewlett",
            "Barlow",
            "Abigail Chu",
            "Yang Dren",
            "Stephanie Baird",
            "Elsa / PD",
            "Brandon McGibbon",
            "Gavin",
            "Amanda Brugel",
            "Melinda Finch",
            "Simona Măicănescu",
            "Joan Chorot"
        ],
        "orig_title": "Splice",
        "status": " Released",
        "orig_lang": " English",
        "budget_x": 30000000.0,
        "revenue": 28542494.0,
        "country": "US"
    },
    {
        "title": "Alien Resurrection",
        "date_x": "01/01/1998 ",
        "score": 61.0,
        "genre": [
            "Science Fiction",
            "Horror",
            "Action"
        ],
        "overview": "Two hundred years after Lt. Ripley died, a group of scientists clone her, hoping to breed the ultimate weapon. But the new Ripley is full of surprises … as are the new aliens. Ripley must team with a band of smugglers to keep the creatures from reaching Earth.",
        "actors": [
            "Sigourney Weaver",
            "Ripley 8",
            "Winona Ryder",
            "Annalee Call",
            "Dominique Pinon",
            "Dom Vriess",
            "Ron Perlman",
            "Ron Johner",
            "Gary Dourdan",
            "Gary Christie",
            "Michael Wincott",
            "Frank Elgyn",
            "Kim Flowers",
            "Sabra Hillard",
            "Dan Hedaya",
            "Gen. Martin Allahandro Carlos Perez",
            "J.E. Freeman",
            "Dr. Mason Wren"
        ],
        "orig_title": "Alien Resurrection",
        "status": " Released",
        "orig_lang": " English",
        "budget_x": 70000000.0,
        "revenue": 162000000.0,
        "country": "AU"
    },
    {
        "title": "The Blue Lagoon",
        "date_x": "11/27/1980 ",
        "score": 62.0,
        "genre": [
            "Romance",
            "Adventure"
        ],
        "overview": "Two small children and a ship's cook survive a shipwreck and find safety on an idyllic tropical island. Soon, however, the cook dies and the young boy and girl are left on their own. Days become years and Emmeline and Richard make a home for themselves surrounded by exotic creatures and nature's beauty. But will they ever see civilization again?",
        "actors": [
            "Brooke Shields",
            "Emmeline",
            "Christopher Atkins",
            "Richard",
            "Leo McKern",
            "Paddy Button",
            "William Daniels",
            "Arthur Lestrange",
            "Jeffrey Kleiser",
            "Lookout",
            "Gus Mercurio",
            "Officer",
            "Elva Josephson",
            "Young Emmeline",
            "Glenn Kohan",
            "Young Richard",
            "Bradley Pryce",
            "Little Paddy"
        ],
        "orig_title": "The Blue Lagoon",
        "status": " Released",
        "orig_lang": " English",
        "budget_x": 4500000.0,
        "revenue": 47923795.0,
        "country": "AU"
    },
    {
        "title": "Jurassic Park",
        "date_x": "09/02/1993 ",
        "score": 79.0,
        "genre": [
            "Adventure",
            "Science Fiction"
        ],
        "overview": "A wealthy entrepreneur secretly creates a theme park featuring living dinosaurs drawn from prehistoric DNA. Before opening day, he invites a team of experts and his two eager grandchildren to experience the park and help calm anxious investors. However, the park is anything but amusing as the security systems go off-line and the dinosaurs escape.",
        "actors": [
            "Sam Neill",
            "Dr. Alan Grant",
            "Laura Dern",
            "Dr. Ellie Sattler",
            "Jeff Goldblum",
            "Dr. Ian Malcolm",
            "Richard Attenborough",
            "John Hammond",
            "Bob Peck",
            "Robert Muldoon",
            "Martin Ferrero",
            "Donald Gennaro",
            "Joseph Mazzello",
            "Tim Murphy",
            "Ariana Richards",
            "Lex Murphy",
            "Wayne Knight",
            "Dennis Nedry"
        ],
        "orig_title": "Jurassic Park",
        "status": " Released",
        "orig_lang": " English",
        "budget_x": 63000000.0,
        "revenue": 1045573035.0,
        "country": "AU"
    },
    {
        "title": "Halo Legends",
        "date_x": "02/20/2010 ",
        "score": 74.0,
        "genre": [
            "Animation",
            "War",
            "Action",
            "Science Fiction"
        ],
        "overview": "The universe of the Halo video game series is expanded in seven short animated films from Japan's greatest anime directors and studios.",
        "actors": [
            "Luci Christian",
            "Femme soldat (\"Prototype\") / Kelly (\"The Package\")",
            "David Wald",
            "Master Chief",
            "Emily Neves",
            "Spartan (\"The Babysitter\")",
            "Shelley Calene-Black",
            "Cortana / Dr. Halsey",
            "Josh Grelle",
            "Haka (segment \"The Duel\")",
            "Brittney Karbowski",
            "Sister (segment \"Odd One Out\")",
            "Greg Ayres",
            "Kid A (segment \"Odd One Out\")",
            "David Anthony Matranga",
            "Sarge (segment \"Prototype\") / Joseph (segment \"Homecoming\")",
            "Akio Otsuka",
            "ONI Commander (segment \"Prototype\")"
        ],
        "orig_title": "Halo Legends",
        "status": " Released",
        "orig_lang": " English",
        "budget_x": 2062000.0,
        "revenue": 11000000.0,
        "country": "AU"
    },
    {
        "title": "The Count of Monte Cristo",
        "date_x": "01/23/2002 ",
        "score": 77.0,
        "genre": [
            "Adventure",
            "Drama",
            "History"
        ],
        "overview": "Edmond Dantés's life and plans to marry the beautiful Mercedes are shattered when his best friend, Fernand, deceives him. After spending 13 miserable years in prison, Dantés escapes with the help of a fellow inmate and plots his revenge, cleverly insinuating himself into the French nobility.",
        "actors": [
            "Jim Caviezel",
            "Edmond Dantes",
            "Guy Pearce",
            "Fernand Mondego",
            "Richard Harris",
            "Abbé Faria",
            "James Frain",
            "J.F. Villefort",
            "Dagmara Domińczyk",
            "Mercedès Iguanada",
            "Michael Wincott",
            "Armand Dorleac",
            "Luis Guzmán",
            "Jacopo",
            "Christopher Adamson",
            "Maurice",
            "JB Blanc",
            "Luigi Vampa"
        ],
        "orig_title": "The Count of Monte Cristo",
        "status": " Released",
        "orig_lang": " English",
        "budget_x": 40000000.0,
        "revenue": 75389090.0,
        "country": "US"
    },
    {
        "title": "Taste 2",
        "date_x": "09/02/2015 ",
        "score": 56.0,
        "genre": [
            "Romance"
        ],
        "overview": "Heon-sub is in his third year of cooking major at the Samjin University.  He gets a job at the cooking school run by Jeong-min, who lectures at his school department.  From a great looking professor to sexy students who have their eyes on young men, a married woman who tries hard to make things right in bed with her husband and the girl who dumped him right away at the blind date! Heon-sub is the only guy at the cooking club and his adult-rated eating fantasy begins.",
        "actors": [
            "Go Eun-seong",
            "",
            "Kim Soo-jeong",
            "",
            "Zhen Yin",
            "",
            "Lee Eun-mi",
            "",
            "Choi Hye-ri",
            "Middle aged woman 1"
        ],
        "orig_title": " 맛 2",
        "status": " Released",
        "orig_lang": " Korean",
        "budget_x": 80300000.0,
        "revenue": 176682291.4,
        "country": "KR"
    },
    {
        "title": "All the Bright Places",
        "date_x": "02/28/2020 ",
        "score": 77.0,
        "genre": [
            "Romance",
            "Drama"
        ],
        "overview": "Two teens facing personal struggles form a powerful bond as they embark on a cathartic journey chronicling the wonders of Indiana.",
        "actors": [
            "Elle Fanning",
            "Violet Markey",
            "Justice Smith",
            "Theodore Finch",
            "Alexandra Shipp",
            "Kate Finch",
            "Kelli O'Hara",
            "Sheryl Markey",
            "Lamar Johnson",
            "Charlie Donahue",
            "Virginia Gardner",
            "Amanda Monk",
            "Felix Mallard",
            "Gabe \"Roamer\" Romero",
            "Sofia Hasmik",
            "Brenda Shank-Kravitz",
            "Keegan-Michael Key",
            "Mr. Embry"
        ],
        "orig_title": "All the Bright Places",
        "status": " Released",
        "orig_lang": " English",
        "budget_x": 68580000.0,
        "revenue": 469250552.0,
        "country": "US"
    },
    {
        "title": "Siren XXX: Magical Pleasure",
        "date_x": "08/13/2010 ",
        "score": 43.0,
        "genre": [
            "Thriller",
            "Drama"
        ],
        "overview": "In a rural port town, Kenji Ishikawa runs a barber shop together with his new wife, who speaks very little and has mysterious eyes to match her amorous presence. Running the shop isn’t easy as hardly any customers come…  One evening, a man comes to the shop, as if lured by the faint hum of the wife. As the man takes a seat, Kenji exits his shop. The wife then gently fingers the man’s neck…",
        "actors": [
            "Marica Hase",
            "Siren",
            "Yuko Sakurai",
            "Kazumi Nishijima",
            "Ryuki Nishimoto",
            "Kenji Ishikawa",
            "Nao Okabe",
            "Takuya Nishijima"
        ],
        "orig_title": " 妖女伝説セイレーンXXX～魔性の悦楽～",
        "status": " Released",
        "orig_lang": " Japanese",
        "budget_x": 119800000.0,
        "revenue": 864400677.8,
        "country": "JP"
    },
    {
        "title": "Neon Genesis Evangelion: The End of Evangelion",
        "date_x": "09/02/2004 ",
        "score": 84.0,
        "genre": [
            "Animation",
            "Science Fiction",
            "Action"
        ],
        "overview": "The second of two theatrically released follow-ups to the Neon Genesis Evangelion series. Comprising of two alternate episodes which were first intended to take the place of episodes 25 and 26, this finale answers many of the questions surrounding the series, while also opening up some new possibilities.",
        "actors": [
            "Megumi Ogata",
            "Shinji Ikari (voice)",
            "Megumi Hayashibara",
            "Rei Ayanami / Yui Ikari (voice)",
            "Kotono Mitsuishi",
            "Misato Katsuragi (voice)",
            "Yuko Miyamura",
            "Asuka Langley Soryu (voice)",
            "Fumihiko Tachiki",
            "Gendo Ikari (voice)",
            "Miki Nagasawa",
            "Maya Ibuki (voice)",
            "Takehito Koyasu",
            "Shigeru Aoba (voice)",
            "Hiro Yuuki",
            "Makoto Hyouga (voice)",
            "Yuriko Yamaguchi",
            "Ritsuko Akagi (voice)"
        ],
        "orig_title": " 新世紀エヴァンゲリオン劇場版 Air／まごころを、君に",
        "status": " Released",
        "orig_lang": " Japanese",
        "budget_x": 2937023.8,
        "revenue": 20000000.0,
        "country": "AU"
    },
    {
        "title": "Toy Story That Time Forgot",
        "date_x": "09/21/2015 ",
        "score": 70.0,
        "genre": [
            "Animation",
            "Family",
            "Adventure",
            "Comedy"
        ],
        "overview": "During a post-Christmas play date, the gang find themselves in uncharted territory when the coolest set of action figures ever turn out to be dangerously delusional. It's all up to Trixie, the triceratops, if the gang hopes to return to Bonnie's room in this Toy Story That Time Forgot.",
        "actors": [
            "Kristen Schaal",
            "Trixie (voice)",
            "Kevin McKidd",
            "Reptillus Maximus (voice)",
            "Tom Hanks",
            "Woody (voice)",
            "Tim Allen",
            "Buzz Lightyear (voice)",
            "Emily Hahn",
            "Bonnie (voice)",
            "Steve Purcell",
            "The Cleric (voice)",
            "R.C. Cope",
            "Mason (voice)",
            "Emma Hudak",
            "Angel Kitty (voice)",
            "Wallace Shawn",
            "Rex (voice)"
        ],
        "orig_title": "Toy Story That Time Forgot",
        "status": " Released",
        "orig_lang": " English",
        "budget_x": 82500000.0,
        "revenue": 626345086.0,
        "country": "AU"
    },
    {
        "title": "House of Gucci",
        "date_x": "01/01/2022 ",
        "score": 66.0,
        "genre": [
            "Drama",
            "Crime",
            "History"
        ],
        "overview": "When Patrizia Reggiani, an outsider from humble beginnings, marries into the Gucci family, her unbridled ambition begins to unravel the family legacy and triggers a reckless spiral of betrayal, decadence, revenge, and ultimately… murder.",
        "actors": [
            "Lady Gaga",
            "Patrizia Reggiani",
            "Adam Driver",
            "Maurizio Gucci",
            "Jared Leto",
            "Paolo Gucci",
            "Al Pacino",
            "Aldo Gucci",
            "Jeremy Irons",
            "Rodolfo Gucci",
            "Salma Hayek",
            "Giuseppina \"Pina\" Auriemma",
            "Jack Huston",
            "Domenico De Sole",
            "Camille Cottin",
            "Paola Franchi",
            "Reeve Carney",
            "Tom Ford"
        ],
        "orig_title": "House of Gucci",
        "status": " Released",
        "orig_lang": " English",
        "budget_x": 75000000.0,
        "revenue": 147474138.0,
        "country": "AU"
    },
    {
        "title": "Pretty Baby",
        "date_x": "04/05/1978 ",
        "score": 69.0,
        "genre": [
            "Drama"
        ],
        "overview": "Hattie, a New Orleans prostitute, meets a photographer named Bellocq at her brothel one night and, after he photographs her, he befriends her 12-year-old daughter, Violet. When Violet is brought on as a working girl by her mother's madam and Hattie skips town to get married, Violet quickly loses her innocence and focuses on reuniting with Bellocq. But a life with Bellocq is compromised for Violet after her mother returns to town.",
        "actors": [
            "Brooke Shields",
            "Violet",
            "Keith Carradine",
            "Bellocq",
            "Susan Sarandon",
            "Hattie",
            "Frances Faye",
            "Nell",
            "Antonio Fargas",
            "Professor",
            "Matthew Anton",
            "Red Top",
            "Diana Scarwid",
            "Frieda",
            "Barbara Steele",
            "Josephine",
            "Gerrit Graham",
            "Highpockets"
        ],
        "orig_title": "Pretty Baby",
        "status": " Released",
        "orig_lang": " English",
        "budget_x": 56000004.0,
        "revenue": 5786368.0,
        "country": "US"
    },
    {
        "title": "One Flew Over the Cuckoo's Nest",
        "date_x": "04/01/1976 ",
        "score": 84.0,
        "genre": [
            "Drama"
        ],
        "overview": "A petty criminal fakes insanity to serve his sentence in a mental ward rather than prison. He soon finds himself as a leader to the other patients—and an enemy to the cruel, domineering nurse who runs the ward.",
        "actors": [
            "Jack Nicholson",
            "Randle Patrick McMurphy",
            "Louise Fletcher",
            "Nurse Mildred Ratched",
            "Danny DeVito",
            "Martini",
            "William Redfield",
            "Dale Harding",
            "Scatman Crothers",
            "Orderly Turkle",
            "Brad Dourif",
            "Billy Bibbit",
            "Christopher Lloyd",
            "Max Taber",
            "Will Sampson",
            "Chief Bromden",
            "Dean R. Brooks",
            "Dr. John Spivey"
        ],
        "orig_title": "One Flew Over the Cuckoo's Nest",
        "status": " Released",
        "orig_lang": " English",
        "budget_x": 4400000.0,
        "revenue": 163274115.0,
        "country": "AU"
    },
    {
        "title": "The Seventh Day",
        "date_x": "03/26/2021 ",
        "score": 54.0,
        "genre": [
            "Horror"
        ],
        "overview": "A renowned exorcist teams up with a rookie priest for his first day of training. As they plunge deeper into hell on earth, the lines between good and evil blur, and their own demons emerge.",
        "actors": [
            "Guy Pearce",
            "Father Peter",
            "Vadhir Derbez",
            "Father Daniel",
            "Brady Jenness",
            "Charlie Giroux",
            "Stephen Lang",
            "Archbishop",
            "Keith David",
            "Father Louis",
            "Robin Bartlett",
            "Helen",
            "Tristan Riggs",
            "Nicholas Miller",
            "Hannah Alline",
            "Mrs. Miller",
            "Heath Freeman",
            "Mr. Miller"
        ],
        "orig_title": "The Seventh Day",
        "status": " Released",
        "orig_lang": " English",
        "budget_x": 130800000.0,
        "revenue": 249577615.2,
        "country": "US"
    }
]