[
    {
        "title": "Paradise Highway",
        "date_x": "09/29/2022 ",
        "score": 59.0,
        "genre": [
            "Thriller",
            "Crime",
            "Drama"
        ],
        "overview": "A truck driver has been forced to smuggle illicit cargo to save her brother from a deadly prison gang. With FBI operatives hot on her trail, Sally's conscience is challenged when the final package turns out to be a teenage girl.",
        "actors": [
            "Juliette Binoche",
            "Sally",
            "Frank Grillo",
            "Dennis",
            "Morgan Freeman",
            "Gerick",
            "Hala Finley",
            "Leila",
            "Cameron Monaghan",
            "Special Agent Finley Sterling",
            "Veronica Ferres",
            "Rose",
            "Christiane Seidel",
            "Claire",
            "Jackie Dallas",
            "Deborah",
            "Tommie Earl Jenkins",
            "Bob"
        ],
        "orig_title": "Paradise Highway",
        "status": " Released",
        "orig_lang": " English",
        "budget_x": 147200000.0,
        "revenue": 572346763.4,
        "country": "DE"
    },
    {
        "title": "Drive",
        "date_x": "10/26/2011 ",
        "score": 76.0,
        "genre": [
            "Drama",
            "Thriller",
            "Crime"
        ],
        "overview": "Driver is a skilled Hollywood stuntman who moonlights as a getaway driver for criminals. Though he projects an icy exterior, lately he's been warming up to a pretty neighbor named Irene and her young son, Benicio. When Irene's husband gets out of jail, he enlists Driver's help in a million-dollar heist. The job goes horribly wrong, and Driver must risk his life to protect Irene and Benicio from the vengeful masterminds behind the robbery.",
        "actors": [
            "Ryan Gosling",
            "Driver",
            "Carey Mulligan",
            "Irene",
            "Bryan Cranston",
            "Shannon",
            "Albert Brooks",
            "Bernie Rose",
            "Oscar Isaac",
            "Standard Gabriel",
            "Christina Hendricks",
            "Blanche",
            "Ron Perlman",
            "Nino",
            "Kaden Leos",
            "Benicio",
            "Jeff Wolfe",
            "Tan Suit"
        ],
        "orig_title": "Drive",
        "status": " Released",
        "orig_lang": " English",
        "budget_x": 15000000.0,
        "revenue": 81357930.0,
        "country": "AU"
    },
    {
        "title": "Oscar and the Lady in Pink",
        "date_x": "12/09/2009 ",
        "score": 65.0,
        "genre": [
            "Drama"
        ],
        "overview": "Listening in to a conversation between his doctor and parents, 10-year-old Oscar learns what nobody has the courage to tell him. He only has a few weeks to live. Furious, he refuses to speak to anyone except straight-talking Rose, the lady in pink he meets on the hospital stairs. As Christmas approaches, Rose uses her fantastical experiences as a professional wrestler, her imagination, wit and charm to allow Oscar to live life and love to the full, in the company of his friends Pop Corn, Einstein, Bacon and childhood sweetheart Peggy Blue. Written by American Film Market",
        "actors": [
            "Amir Ben Abdelmoumen",
            "Oscar",
            "Michèle Laroque",
            "Rose",
            "Max von Sydow",
            "Le docteur Dusseldorf",
            "Mylène Demongeot",
            "Lily",
            "la mère de Rose",
            "Jérôme Kircher",
            "Le père d'Oscar",
            "Amira Casar",
            "Madame Gommette",
            "Constance Dollé",
            "La mère d'Oscar",
            "Benoît Brière",
            "L'annonceur",
            "Mathilde Goffart",
            "Peggy Blue"
        ],
        "orig_title": " Oscar et la dame rose",
        "status": " Released",
        "orig_lang": " French",
        "budget_x": 95600000.0,
        "revenue": 305560367.8,
        "country": "FR"
    },
    {
        "title": "Die Hard",
        "date_x": "10/06/1988 ",
        "score": 78.0,
        "genre": [
            "Action",
            "Thriller"
        ],
        "overview": "NYPD cop John McClane's plan to reconcile with his estranged wife is thrown for a serious loop when, minutes after he arrives at her office, the entire building is overtaken by a group of terrorists. With little help from the LAPD, wisecracking McClane sets out to single-handedly rescue the hostages and bring the bad guys down.",
        "actors": [
            "Bruce Willis",
            "John McClane",
            "Alan Rickman",
            "Hans Gruber",
            "Alexander Godunov",
            "Karl",
            "Bonnie Bedelia",
            "Holly Gennaro McClane",
            "Reginald VelJohnson",
            "Al Powell",
            "Paul Gleason",
            "Dwayne Robinson",
            "De'voreaux White",
            "Argyle",
            "William Atherton",
            "Richard Thornburg",
            "Hart Bochner",
            "Harry Ellis"
        ],
        "orig_title": "Die Hard",
        "status": " Released",
        "orig_lang": " English",
        "budget_x": 28000000.0,
        "revenue": 139434346.0,
        "country": "AU"
    },
    {
        "title": "Insidious: The Last Key",
        "date_x": "01/05/2018 ",
        "score": 62.0,
        "genre": [
            "Horror",
            "Mystery",
            "Thriller"
        ],
        "overview": "Parapsychologist Elise Rainier and her team travel to Five Keys, NM, to investigate a man’s claim of a haunting. Terror soon strikes when Rainier realizes that the house he lives in was her family’s old home.",
        "actors": [
            "Lin Shaye",
            "Elise Rainier",
            "Angus Sampson",
            "Tucker",
            "Leigh Whannell",
            "Specs",
            "Josh Stewart",
            "Gerald Rainier",
            "Caitlin Gerard",
            "Imogen Rainier",
            "Spencer Locke",
            "Melissa Rainier",
            "Hana Hayes",
            "Teenage Elise Rainier",
            "Tessa Ferrer",
            "Audrey Rainier",
            "Kirk Acevedo",
            "Ted Garza"
        ],
        "orig_title": "Insidious: The Last Key",
        "status": " Released",
        "orig_lang": " English",
        "budget_x": 10000000.0,
        "revenue": 172811971.0,
        "country": "US"
    },
    {
        "title": "Onward",
        "date_x": "03/20/2020 ",
        "score": 77.0,
        "genre": [
            "Family",
            "Animation",
            "Adventure",
            "Comedy",
            "Fantasy",
            "Action"
        ],
        "overview": "In a suburban fantasy world, two teenage elf brothers embark on an extraordinary quest to discover if there is still a little magic left out there.",
        "actors": [
            "Tom Holland",
            "Ian Lightfoot (voice)",
            "Chris Pratt",
            "Barley Lightfoot (voice)",
            "Julia Louis-Dreyfus",
            "Laurel Lightfoot (voice)",
            "Octavia Spencer",
            "The Manticore (voice)",
            "Mel Rodriguez",
            "Officer Colt Bronco (voice)",
            "Kyle Bornheimer",
            "Wilden Lightfoot (voice)",
            "Lena Waithe",
            "Officer Spector (voice)",
            "Ali Wong",
            "Officer Gore (voice)",
            "Grey DeLisle",
            "Dewdrop (voice)"
        ],
        "orig_title": "Onward",
        "status": " Released",
        "orig_lang": " English",
        "budget_x": 200000000.0,
        "revenue": 133357601.0,
        "country": "AU"
    },
    {
        "title": "Pathaan",
        "date_x": "01/25/2023 ",
        "score": 67.0,
        "genre": [
            "Action",
            "Adventure",
            "Thriller"
        ],
        "overview": "A soldier caught by enemies and presumed dead comes back to complete his mission, accompanied by old companions and foes.",
        "actors": [
            "Shah Rukh Khan",
            "Pathaan",
            "Deepika Padukone",
            "Rubina Mohsin",
            "John Abraham",
            "Jim",
            "Dimple Kapadia",
            "Nandini",
            "Ashutosh Rana",
            "Colonel Sunil Luthra",
            "Salman Khan",
            "Tiger",
            "Akash Bhatija",
            "Amol",
            "Prakash Belawadi",
            "Dr. Sahani",
            "Viraf Patel",
            "Rishi"
        ],
        "orig_title": " पठान",
        "status": " Released",
        "orig_lang": " Hindi",
        "budget_x": 63000000.0,
        "revenue": 112000000.0,
        "country": "IN"
    },
    {
        "title": "The Host",
        "date_x": "03/28/2013 ",
        "score": 63.0,
        "genre": [
            "Action",
            "Adventure",
            "Romance",
            "Science Fiction",
            "Thriller"
        ],
        "overview": "A parasitic alien soul is injected into the body of Melanie Stryder. Instead of carrying out her race's mission of taking over the Earth, \"Wanda\" (as she comes to be called) forms a bond with her host and sets out to aid other free humans.",
        "actors": [
            "Saoirse Ronan",
            "Melanie Stryder / Wanda",
            "Diane Kruger",
            "The Seeker / Lacey",
            "Max Irons",
            "Jared Howe",
            "Jake Abel",
            "Ian O'Shea",
            "William Hurt",
            "Jeb Stryder",
            "Frances Fisher",
            "Maggie Stryder",
            "Chandler Canterbury",
            "Jamie Stryder",
            "Boyd Holbrook",
            "Kyle O'Shea",
            "Stephen Rider",
            "Seeker Reed"
        ],
        "orig_title": "The Host",
        "status": " Released",
        "orig_lang": " English",
        "budget_x": 50000000.0,
        "revenue": 64477051.0,
        "country": "AU"
    },
    {
        "title": "Monkey King: Hero Is Back",
        "date_x": "07/10/2015 ",
        "score": 69.0,
        "genre": [
            "Fantasy",
            "Animation",
            "Comedy"
        ],
        "overview": "The all-powerful Monkey King once roamed freely between Heaven and Earth, but after angering the Gods, he was imprisoned within an ice cage deep within the mountains. 500 years later, monsters attack a small village and a child flees to the mountains. Unknowingly, the child releases the Monkey King from his curse. With the help and encouragement from this special child, Monkey King saves the village from the evil monsters.",
        "actors": [
            "Zhang Lei",
            "sun wukong",
            "Lin Zijie",
            "Jiang Liuer",
            "Tong Zirong",
            "Hun Dun",
            "刘北辰",
            "",
            "Zhou Shuai",
            "",
            "Liu Jiurong",
            "Pigsy",
            "Zhao Qian Jing",
            "",
            "James Hong",
            "Old Monk",
            "Jackie Chan",
            "Sun Wukong (English Dub)"
        ],
        "orig_title": " 西游记之大圣归来",
        "status": " Released",
        "orig_lang": " Chinese",
        "budget_x": 10000000.0,
        "revenue": 150000000.0,
        "country": "CN"
    },
    {
        "title": "Van Helsing",
        "date_x": "05/05/2004 ",
        "score": 63.0,
        "genre": [
            "Horror",
            "Adventure",
            "Action"
        ],
        "overview": "Famed monster slayer Gabriel Van Helsing is dispatched to Transylvania to assist the last of the Valerious bloodline in defeating Count Dracula. Anna Valerious reveals that Dracula has formed an unholy alliance with Dr. Frankenstein's monster and is hell-bent on exacting a centuries-old curse on her family.",
        "actors": [
            "Hugh Jackman",
            "Van Helsing",
            "Kate Beckinsale",
            "Anna Valerious",
            "Richard Roxburgh",
            "Count Vladislaus Dracula",
            "David Wenham",
            "Carl",
            "Shuler Hensley",
            "Frankenstein's Monster",
            "Elena Anaya",
            "Aleera",
            "Will Kemp",
            "Velkan",
            "Kevin J. O'Connor",
            "Igor",
            "Alun Armstrong",
            "Cardinal Jinette"
        ],
        "orig_title": "Van Helsing",
        "status": " Released",
        "orig_lang": " English",
        "budget_x": 170000000.0,
        "revenue": 300150546.0,
        "country": "AU"
    },
    {
        "title": "Puss in Book: Trapped in an Epic Tale",
        "date_x": "06/20/2017 ",
        "score": 66.0,
        "genre": [
            "Family",
            "Fantasy",
            "Animation",
            "Comedy",
            "Adventure"
        ],
        "overview": "After tumbling into a magic storybook, Puss in Boots must fight, dance and romance his way through wild adventures as he searches for an escape.",
        "actors": [
            "Eric Bauza",
            "Puss In Boots / Eames / Princess Monster (voice)",
            "Jayma Mays",
            "Dulcinea (voice)",
            "Maria Bamford",
            "The Duchess (voice)",
            "Jeff Bennett",
            "Storyteller / Baby Bear (voice)",
            "Ron Funches",
            "Fartholomew Fishflinger (voice)",
            "Jim Cummings",
            "Vina / Alessandra / Fonvil (voice)",
            "Carla Jimenez",
            "Señora Zapata (voice)",
            "Ariebella Makana",
            "Esme (voice)",
            "Candi Milo",
            "Kid Pickles / Cleevil / Mama Bear (voice)"
        ],
        "orig_title": "Puss in Book: Trapped in an Epic Tale",
        "status": " Released",
        "orig_lang": " English",
        "budget_x": 111000000.0,
        "revenue": 347509904.0,
        "country": "US"
    },
    {
        "title": "That's My Boy",
        "date_x": "06/14/2012 ",
        "score": 58.0,
        "genre": [
            "Comedy",
            "Drama"
        ],
        "overview": "While in his teens, Donny fathered a son, Todd, and raised him as a single parent up until Todd's 18th birthday. Now, after not seeing each other for years, Todd's world comes crashing down when Donny resurfaces just before Todd's wedding.",
        "actors": [
            "Adam Sandler",
            "Donny Berger",
            "Andy Samberg",
            "Todd Peterson",
            "Susan Sarandon",
            "Mary McGarricle (Present Day)",
            "Eva Amurri Martino",
            "Ms. McGarricle",
            "Leighton Meester",
            "Jamie Martin",
            "James Caan",
            "Father McNally",
            "Vanilla Ice",
            "Vanilla Ice",
            "Dan Patrick",
            "Randall Morgan",
            "Todd Bridges",
            "Todd Bridges"
        ],
        "orig_title": "That's My Boy",
        "status": " Released",
        "orig_lang": " English",
        "budget_x": 70000000.0,
        "revenue": 58058367.0,
        "country": "AU"
    },
    {
        "title": "The Imitation Game",
        "date_x": "12/19/2014 ",
        "score": 80.0,
        "genre": [
            "History",
            "Drama",
            "Thriller",
            "War"
        ],
        "overview": "Based on the real life story of legendary cryptanalyst Alan Turing, the film portrays the nail-biting race against time by Turing and his brilliant team of code-breakers at Britain's top-secret Government Code and Cypher School at Bletchley Park, during the darkest days of World War II.",
        "actors": [
            "Benedict Cumberbatch",
            "Alan Turing",
            "Keira Knightley",
            "Joan Clarke",
            "Matthew Goode",
            "Hugh Alexander",
            "Rory Kinnear",
            "Detective Robert Nock",
            "Allen Leech",
            "John Cairncross",
            "Matthew Beard",
            "Peter Hilton",
            "Charles Dance",
            "Commander Denniston",
            "Mark Strong",
            "Stewart Menzies",
            "James Northcote",
            "Jack Good"
        ],
        "orig_title": "The Imitation Game",
        "status": " Released",
        "orig_lang": " English",
        "budget_x": 15000000.0,
        "revenue": 227328585.0,
        "country": "AU"
    },
    {
        "title": "The Wandering Earth",
        "date_x": "02/08/2019 ",
        "score": 65.0,
        "genre": [
            "Science Fiction",
            "Action",
            "Drama"
        ],
        "overview": "When the Sun begins to expand in such a way that it will inevitably engulf and destroy the Earth in a hundred years, united mankind finds a way to avoid extinction by propelling the planet out of the Solar System using gigantic engines, moving it to a new home located four light years away, an epic journey that will last thousands of years.",
        "actors": [
            "Qu Chuxiao",
            "Liu Qi (刘启)",
            "Li Guangjie",
            "Wang Lei (王磊)",
            "Zhao Jinmai",
            "Han Duoduo (韩朵朵)",
            "Wu Jing",
            "Liu Peiqiang (刘培强)",
            "Ng Man-tat",
            "Han Ziang (韩子昴)",
            "Michael Kai Sui",
            "Tim",
            "Qu Jingjing",
            "Zhou Qian (周倩)",
            "Zhang Yichi",
            "Li Yiyi (李一一)",
            "Haoyu Yang",
            "He Lianke"
        ],
        "orig_title": " 流浪地球",
        "status": " Released",
        "orig_lang": " Chinese",
        "budget_x": 48000000.0,
        "revenue": 287716494.2,
        "country": "AU"
    },
    {
        "title": "Barabbas",
        "date_x": "10/10/1962 ",
        "score": 70.0,
        "genre": [
            "Adventure",
            "Drama",
            "History"
        ],
        "overview": "Epic account of the thief Barabbas, who was pardoned for his crimes and spared crucifixion when Pilate offered the Israelites a choice to pardon Barabbas or Jesus. Struggling with his spirituality, Barabbas goes through many ordeals leading him to the gladiatorial arena, where he tries to win his freedom and confront his inner demons, ultimately becoming a follower of the man who was crucified in his place.",
        "actors": [
            "Anthony Quinn",
            "Barabbas",
            "Silvana Mangano",
            "Rachel",
            "Arthur Kennedy",
            "Pontius Pilate",
            "Katy Jurado",
            "Sara",
            "Harry Andrews",
            "Peter",
            "Vittorio Gassman",
            "Sahak",
            "Norman Wooland",
            "Rufio",
            "Valentina Cortese",
            "Julia",
            "Jack Palance",
            "Torvald"
        ],
        "orig_title": "Barabbas",
        "status": " Released",
        "orig_lang": " English",
        "budget_x": 98400000.0,
        "revenue": 376377287.0,
        "country": "US"
    },
    {
        "title": "Paranormal Activity",
        "date_x": "12/03/2009 ",
        "score": 60.0,
        "genre": [
            "Horror",
            "Mystery"
        ],
        "overview": "After a young, middle-class couple moves into what seems like a typical suburban house, they become increasingly disturbed by a presence that may or may not be demonic but is certainly the most active in the middle of the night.  Followed by five terrifying installments in the franchise, this is the original found-footage shocker that started it all.",
        "actors": [
            "Katie Featherston",
            "Katie",
            "Micah Sloat",
            "Micah",
            "Mark Fredrichs",
            "The Psychic",
            "Amber Armstrong",
            "Amber",
            "Ashley Palmer",
            "Diane",
            "Crystal Cartwright",
            "Exorcism Nanny (uncredited)",
            "Spencer Marks",
            "Dr. Johann Averies (uncredited)",
            "Randy McDowell",
            "Lt. Randy Hudson (uncredited)",
            "James Piper",
            "Richard (uncredited)"
        ],
        "orig_title": "Paranormal Activity",
        "status": " Released",
        "orig_lang": " English",
        "budget_x": 450000.0,
        "revenue": 194183034.0,
        "country": "AU"
    },
    {
        "title": "True Spirit",
        "date_x": "01/26/2023 ",
        "score": 71.0,
        "genre": [
            "Adventure",
            "Drama",
            "Family"
        ],
        "overview": "When the tenacious young sailor Jessica Watson sets out to be the youngest person to sail solo, nonstop and unassisted around the world, many expect her to fail. With the support of her sailing coach and mentor Ben Bryant and her parents, Jessica is determined to accomplish what was thought to be impossible, navigating some of the world’s most challenging stretches of ocean over the course of 210 days.",
        "actors": [
            "Teagan Croft",
            "Jessica Watson",
            "Cliff Curtis",
            "Ben Bryant",
            "Alyla Browne",
            "Young Jessica",
            "Josh Lawson",
            "Roger Watson",
            "Anna Paquin",
            "Julie Watson",
            "Bridget Webb",
            "Emily Watson",
            "Vivien Turner",
            "Hannah Watson",
            "Stacy Clausen",
            "Tom Watson",
            "Freya Callaghan",
            "Young Emily"
        ],
        "orig_title": "True Spirit",
        "status": " Released",
        "orig_lang": " English",
        "budget_x": 63700000.0,
        "revenue": 763439177.6,
        "country": "AU"
    },
    {
        "title": "Sexo",
        "date_x": "08/21/2001 ",
        "score": 52.0,
        "genre": [
            "Comedy"
        ],
        "overview": "This film skewers the audience's prejudices when the subtitles abandon their usual chore of translating what is said and start talking directly to the audience.",
        "actors": [
            "Rob Finne",
            "",
            "Elisha Burkhart",
            "",
            "Uriyoan Carlos Ramos",
            "",
            "Jacobo Bibliowicz",
            "",
            "Nick Seeley",
            "",
            "Taj Martin",
            "",
            "Richard Scott Callison",
            "",
            "Rachel Lewitt",
            "",
            "Camilla B. Fuller",
            ""
        ],
        "orig_title": "Sexo",
        "status": " Released",
        "orig_lang": " English",
        "budget_x": 77140000.0,
        "revenue": 202866374.4,
        "country": "US"
    },
    {
        "title": "The Nativity Story",
        "date_x": "11/30/2006 ",
        "score": 70.0,
        "genre": [
            "Drama",
            "History"
        ],
        "overview": "Mary and Joseph make the hard journey to Bethlehem for a blessed event in this retelling of the Nativity story. This meticulously researched and visually lush adaptation of the biblical tale follows the pair on their arduous path to their arrival in a small village, where they find shelter in a quiet manger and Jesus is born.",
        "actors": [
            "Keisha Castle-Hughes",
            "Mary",
            "Oscar Isaac",
            "Joseph",
            "Hiam Abbass",
            "Anna",
            "Shaun Toub",
            "Joachim",
            "Ciarán Hinds",
            "Herod",
            "Shohreh Aghdashloo",
            "Elisabeth",
            "Stanley Townsend",
            "Zechariah",
            "Alexander Siddig",
            "The Angel Gabriel",
            "Nadim Sawalha",
            "Melchior"
        ],
        "orig_title": "The Nativity Story",
        "status": " Released",
        "orig_lang": " English",
        "budget_x": 35000000.0,
        "revenue": 46309644.0,
        "country": "AU"
    },
    {
        "title": "Independence Day: Resurgence",
        "date_x": "06/23/2016 ",
        "score": 53.0,
        "genre": [
            "Action",
            "Adventure",
            "Science Fiction"
        ],
        "overview": "We always knew they were coming back. Using recovered alien technology, the nations of Earth have collaborated on an immense defense program to protect the planet. But nothing can prepare us for the aliens’ advanced and unprecedented force. Only the ingenuity of a few brave men and women can bring our world back from the brink of extinction.",
        "actors": [
            "Liam Hemsworth",
            "Jake Morrison",
            "Jeff Goldblum",
            "David Levinson",
            "Jessie T. Usher",
            "Dylan Hiller",
            "Bill Pullman",
            "President Whitmore",
            "Maika Monroe",
            "Patricia Whitmore",
            "Sela Ward",
            "President Lanford",
            "Judd Hirsch",
            "Julius Levinson",
            "William Fichtner",
            "General Adams",
            "Brent Spiner",
            "Dr. Brakish Okun"
        ],
        "orig_title": "Independence Day: Resurgence",
        "status": " Released",
        "orig_lang": " English",
        "budget_x": 165000000.0,
        "revenue": 384169424.0,
        "country": "AU"
    },
    {
        "title": "A Delicious Flight",
        "date_x": "11/01/2015 ",
        "score": 40.0,
        "genre": [
            "Romance"
        ],
        "overview": "An innocent actress runs away from the scandal with an idol, the impudent idol that ruined her career, a passionate manager who is devoted to her and his ex-girlfriend who is now a sexy stewardess. These four that should never be together run into each other in an airplane. No one can run away and the most cheeky and erotic things happen here.",
        "actors": [
            "Son Deok-Gi",
            "Cheol-i",
            "Jeong Yoo-jin",
            "Ae-ri",
            "Shin Yu-ju",
            "Sin-yeong",
            "Jeon Hyeon-soo",
            "Tae-seong",
            "Kim Hong-je",
            "Assistant director",
            "Yeong Ah",
            "",
            "Kim Soo-ji",
            ""
        ],
        "orig_title": " 맛있는 비행",
        "status": " Released",
        "orig_lang": " Korean",
        "budget_x": 76800000.0,
        "revenue": 858637629.0,
        "country": "KR"
    },
    {
        "title": "Zack and Miri Make a Porno",
        "date_x": "02/19/2009 ",
        "score": 63.0,
        "genre": [
            "Comedy"
        ],
        "overview": "Lifelong platonic friends Zack and Miri look to solve their respective cash-flow problems by making an adult film together. As the cameras roll, however, the duo begin to sense that they may have more feelings for each other than they previously thought.",
        "actors": [
            "Seth Rogen",
            "Zack",
            "Elizabeth Banks",
            "Miri",
            "Craig Robinson",
            "Delaney",
            "Jennifer Schwalbach Smith",
            "Betsy",
            "Jason Mewes",
            "Lester",
            "Gerry Bednob",
            "Mr. Surya",
            "Traci Lords",
            "Bubbles",
            "Brandon Routh",
            "Bobby Long",
            "Justin Long",
            "Brandon St. Randy"
        ],
        "orig_title": "Zack and Miri Make a Porno",
        "status": " Released",
        "orig_lang": " English",
        "budget_x": 24000000.0,
        "revenue": 36856306.0,
        "country": "AU"
    },
    {
        "title": "Tinker Bell",
        "date_x": "10/27/2008 ",
        "score": 68.0,
        "genre": [
            "Animation",
            "Family",
            "Adventure",
            "Fantasy"
        ],
        "overview": "Journey into the secret world of Pixie Hollow and hear Tinker Bell speak for the very first time as the astonishing story of Disney's most famous fairy is finally revealed in the all-new motion picture \"Tinker Bell.\"",
        "actors": [
            "Mae Whitman",
            "Tinker Bell (voice)",
            "Kristin Chenoweth",
            "Rosetta (voice)",
            "Raven-Symoné",
            "Iridessa (voice)",
            "Lucy Liu",
            "Silvermist (voice)",
            "America Ferrera",
            "Fawn (voice)",
            "Jane Horrocks",
            "Fairy Mary (voice)",
            "Jesse McCartney",
            "Terence (voice)",
            "Rob Paulsen",
            "Bobble (voice)",
            "Jeff Bennett",
            "Clank (voice)"
        ],
        "orig_title": "Tinker Bell",
        "status": " Released",
        "orig_lang": " English",
        "budget_x": 48000000.0,
        "revenue": 214714340.0,
        "country": "AU"
    },
    {
        "title": "Antlers",
        "date_x": "10/28/2021 ",
        "score": 63.0,
        "genre": [
            "Drama",
            "Horror",
            "Mystery"
        ],
        "overview": "A small-town Oregon teacher and her brother, the local sheriff, discover a young student is harbouring a dangerous secret that could have frightening consequences.",
        "actors": [
            "Keri Russell",
            "Julia Meadows",
            "Jesse Plemons",
            "Paul Meadows",
            "Jeremy Thomas",
            "Lucas Weaver",
            "Graham Greene",
            "Warren Stokes",
            "Scott Haze",
            "Frank Weaver",
            "Sawyer Jones",
            "Aiden Weaver",
            "Rory Cochrane",
            "Dan Lecroy",
            "Amy Madigan",
            "Principal Booth",
            "Cody Davis",
            "Clint Owens"
        ],
        "orig_title": "Antlers",
        "status": " Released",
        "orig_lang": " English",
        "budget_x": 17000000.0,
        "revenue": 18867659.0,
        "country": "AU"
    },
    {
        "title": "28 Days Later",
        "date_x": "10/31/2002 ",
        "score": 72.0,
        "genre": [
            "Horror",
            "Thriller",
            "Science Fiction"
        ],
        "overview": "Twenty-eight days after a killer virus was accidentally unleashed from a British research facility, a small group of London survivors are caught in a desperate struggle to protect themselves from the infected. Carried by animals and humans, the virus turns those it infects into homicidal maniacs -- and it's absolutely impossible to contain.",
        "actors": [
            "Cillian Murphy",
            "Jim",
            "Naomie Harris",
            "Selena",
            "Brendan Gleeson",
            "Frank",
            "Megan Burns",
            "Hannah",
            "Christopher Eccleston",
            "Major Henry West",
            "Noah Huntley",
            "Mark",
            "Christopher Dunne",
            "Jim's Father",
            "Emma Hitching",
            "Jim's Mother",
            "Luke Mably",
            "Private Clifton"
        ],
        "orig_title": "28 Days Later",
        "status": " Released",
        "orig_lang": " English",
        "budget_x": 5000000.0,
        "revenue": 85720385.0,
        "country": "AU"
    },
    {
        "title": "Escape Room: Tournament of Champions",
        "date_x": "07/01/2021 ",
        "score": 67.0,
        "genre": [
            "Horror",
            "Thriller",
            "Mystery"
        ],
        "overview": "Six people unwittingly find themselves locked in another series of escape rooms, slowly uncovering what they have in common to survive as they discover all the games that they've played before.",
        "actors": [
            "Taylor Russell",
            "Zoey Davis",
            "Logan Miller",
            "Ben Miller",
            "Indya Moore",
            "Brianna Collier",
            "Holland Roden",
            "Rachel Ellis",
            "Thomas Cocquerel",
            "Nathan",
            "Carlito Olivero",
            "Theo",
            "James Frain",
            "Henry / Puzzlemaker",
            "Isabelle Fuhrman",
            "Claire",
            "Deborah Ann Woll",
            "Amanda Harper"
        ],
        "orig_title": "Escape Room: Tournament of Champions",
        "status": " Released",
        "orig_lang": " English",
        "budget_x": 15000000.0,
        "revenue": 53493064.0,
        "country": "AU"
    },
    {
        "title": "Elemental",
        "date_x": "06/16/2023 ",
        "score": 0.0,
        "genre": [
            "Animation",
            "Family",
            "Romance",
            "Comedy",
            "Fantasy"
        ],
        "overview": "In a city where fire, water, land, & air residents live together, a fiery young woman & a go-with-the-flow guy will discover something elemental: How much they have in common.",
        "actors": [
            "Leah Lewis",
            "Ember Lumen (voice)",
            "Mamoudou Athie",
            "Wade Ripple (voice)",
            "Ronnie del Carmen",
            "Bernie Lumen (voice)",
            "Shila Ommi",
            "Cinder Lumen (voice)",
            "Wendi McLendon-Covey",
            "Gale (voice)",
            "Catherine O'Hara",
            "Brook Ripple (voice)",
            "Mason Wertheimer",
            "Clod (voice)",
            "Joe Pera",
            "Fern (voice)"
        ],
        "orig_title": "Elemental",
        "status": " In Production",
        "orig_lang": " English",
        "budget_x": 203540000.0,
        "revenue": 178359863.0,
        "country": "US"
    },
    {
        "title": "Steven Universe: The Movie",
        "date_x": "09/02/2019 ",
        "score": 83.0,
        "genre": [
            "TV Movie",
            "Animation",
            "Science Fiction",
            "Action",
            "Adventure",
            "Comedy",
            "Drama",
            "Fantasy",
            "Music"
        ],
        "overview": "Two years after bringing peace to the galaxy, Steven Universe sees his past come back to haunt him in the form of a deranged Gem who wants to destroy the Earth.",
        "actors": [
            "Zach Callison",
            "Steven Universe (voice)",
            "Deedee Magno",
            "Pearl / Yellow Pearl (voice)",
            "Estelle",
            "Garnet (voice)",
            "Michaela Dietz",
            "Amethyst (voice)",
            "Sarah Stiles",
            "Spinel (voice)",
            "Tom Scharpling",
            "Greg Universe (voice)",
            "Uzo Aduba",
            "Bismuth (voice)",
            "Shelby Rabara",
            "Peridot (voice)",
            "Jennifer Paz",
            "Lapis Lazuli (voice)"
        ],
        "orig_title": "Steven Universe: The Movie",
        "status": " Released",
        "orig_lang": " English",
        "budget_x": 149200000.0,
        "revenue": 1180869057.8,
        "country": "AU"
    },
    {
        "title": "Kubo and the Two Strings",
        "date_x": "08/18/2016 ",
        "score": 76.0,
        "genre": [
            "Animation",
            "Adventure",
            "Family"
        ],
        "overview": "Kubo mesmerizes the people in his village with his magical gift for spinning wild tales with origami. When he accidentally summons an evil spirit seeking vengeance, Kubo is forced to go on a quest to solve the mystery of his fallen samurai father and his mystical weaponry, as well as discover his own magical powers.",
        "actors": [
            "Art Parkinson",
            "Kubo (voice)",
            "Charlize Theron",
            "Mother (voice)",
            "Brenda Vaccaro",
            "Kameyo (voice)",
            "Cary-Hiroyuki Tagawa",
            "Hashi (voice)",
            "Meyrick Murphy",
            "Mari (voice)",
            "George Takei",
            "Hosato (voice)",
            "Rooney Mara",
            "The Sisters (voice)",
            "Ralph Fiennes",
            "Moon King (voice)",
            "Matthew McConaughey",
            "Beetle (voice)"
        ],
        "orig_title": "Kubo and the Two Strings",
        "status": " Released",
        "orig_lang": " English",
        "budget_x": 55000000.0,
        "revenue": 77548122.0,
        "country": "AU"
    },
    {
        "title": "Once Upon a Time… in Hollywood",
        "date_x": "08/15/2019 ",
        "score": 74.0,
        "genre": [
            "Comedy",
            "Drama",
            "Thriller"
        ],
        "overview": "Los Angeles, 1969. TV star Rick Dalton, a struggling actor specializing in westerns, and stuntman Cliff Booth, his best friend, try to survive in a constantly changing movie industry. Dalton is the neighbor of the young and promising actress and model Sharon Tate, who has just married the prestigious Polish director Roman Polanski…",
        "actors": [
            "Leonardo DiCaprio",
            "Rick Dalton",
            "Brad Pitt",
            "Cliff Booth",
            "Margot Robbie",
            "Sharon Tate",
            "Emile Hirsch",
            "Jay Sebring",
            "Margaret Qualley",
            "'Pussycat'",
            "Timothy Olyphant",
            "Jim Stacy",
            "Julia Butters",
            "Trudi Fraser",
            "Austin Butler",
            "'Tex'",
            "Dakota Fanning",
            "'Squeaky'"
        ],
        "orig_title": "Once Upon a Time… in Hollywood",
        "status": " Released",
        "orig_lang": " English",
        "budget_x": 95000000.0,
        "revenue": 374251247.0,
        "country": "AU"
    },
    {
        "title": "The Fault in Our Stars",
        "date_x": "06/05/2014 ",
        "score": 76.0,
        "genre": [
            "Romance",
            "Drama"
        ],
        "overview": "Despite the tumor-shrinking medical miracle that has bought her a few years, Hazel has never been anything but terminal, her final chapter inscribed upon diagnosis. But when a patient named Augustus Waters suddenly appears at Cancer Kid Support Group, Hazel's story is about to be completely rewritten.",
        "actors": [
            "Shailene Woodley",
            "Hazel Grace Lancaster",
            "Ansel Elgort",
            "Augustus Waters",
            "Nat Wolff",
            "Isaac",
            "Laura Dern",
            "Frannie Lancaster",
            "Sam Trammell",
            "Michael Lancaster",
            "Willem Dafoe",
            "Peter van Houten",
            "Lotte Verbeek",
            "Lidewij Vliegenthart",
            "Mike Birbiglia",
            "Patrick",
            "Ana Dela Cruz",
            "Dr. Maria"
        ],
        "orig_title": "The Fault in Our Stars",
        "status": " Released",
        "orig_lang": " English",
        "budget_x": 12000000.0,
        "revenue": 307166834.0,
        "country": "AU"
    },
    {
        "title": "Moses",
        "date_x": "12/20/1995 ",
        "score": 68.0,
        "genre": [
            "Drama"
        ],
        "overview": "An ordinary man is called upon by God to do the impossible in this lovingly told production of the Old Testament story. When the Pharaoh of Egypt begins to tighten the noose on his Jewish slaves, Moses (Ben Kingsley) leads them to freedom. Philip Stone, Anthony Higgins, Anton Lesser and Anita Zagaria are featured in this award-winning installment from TNT's \"greatest stories of the Bible\" series directed by Roger Young.",
        "actors": [
            "Ben Kingsley",
            "Moses",
            "Frank Langella",
            "Pharao Mernefta",
            "Christopher Lee",
            "Pharao Ramses",
            "Anna Galiena",
            "Ptira",
            "Anita Zagaria",
            "Jochebet",
            "Enrico Lo Verso",
            "Josua",
            "Philippe Leroy",
            "Tuntmin",
            "David Suchet",
            "Aaron",
            "Geraldine McEwan",
            "Mirjam"
        ],
        "orig_title": "Moses",
        "status": " Released",
        "orig_lang": " English",
        "budget_x": 56600000.0,
        "revenue": 583921229.0,
        "country": "US"
    },
    {
        "title": "Special Forces",
        "date_x": "11/02/2011 ",
        "score": 67.0,
        "genre": [
            "Action",
            "Drama",
            "War"
        ],
        "overview": "Afghanistan. War correspondent Elsa Casanova is taken hostage by the Taliban. Faced with her imminent execution, a Special Forces unit is dispatched to free her. In some of the world’s most breathtaking yet hostile landscapes, a relentless pursuit begins between her kidnappers who have no intention of letting their prey escape them and a group of soldiers who risk their lives in pursuit of their single aim – to bring her home alive. This strong, independent woman and these men of duty are thrown together and forced to confront situations of great danger that inextricably bind them – emotionally, violently and intimately.",
        "actors": [
            "Diane Kruger",
            "Elsa Casanova",
            "Djimon Hounsou",
            "Commander Kovax",
            "Benoît Magimel",
            "Captain 'Tic-Tac '",
            "Denis Ménochet",
            "Captain Lucas",
            "Raphaël Personnaz",
            "Elias",
            "sniper",
            "Alain Figlarz",
            "Victor",
            "Alain Alivon",
            "Marius",
            "Mehdi Nebbou",
            "Amin",
            "Elsa's guide",
            "Raz Degan",
            "Ahmed Zaief",
            "leader of the hostage takers"
        ],
        "orig_title": " Forces spéciales",
        "status": " Released",
        "orig_lang": " French",
        "budget_x": 10000000.0,
        "revenue": 3424648.0,
        "country": "FR"
    },
    {
        "title": "Demonic",
        "date_x": "09/20/2021 ",
        "score": 50.0,
        "genre": [
            "Drama",
            "Horror",
            "Science Fiction"
        ],
        "overview": "A young woman unleashes terrifying demons when supernatural forces at the root of a decades-old rift between mother and daughter are ruthlessly revealed.",
        "actors": [
            "Carly Pope",
            "Carly",
            "Nathalie Boltt",
            "Angela",
            "Chris William Martin",
            "Martin",
            "Michael J Rogers",
            "Michael",
            "Kandyse McClure",
            "Sam",
            "Terry Chen",
            "Daniel",
            "Jason Tremblay",
            "Officer Derry",
            "Quinton Boisclair",
            "Demon",
            "Andrea Agur",
            "Cashier"
        ],
        "orig_title": "Demonic",
        "status": " Released",
        "orig_lang": " English",
        "budget_x": 3000000.0,
        "revenue": 4668109.0,
        "country": "AU"
    },
    {
        "title": "Jack the Giant Slayer",
        "date_x": "03/21/2013 ",
        "score": 58.0,
        "genre": [
            "Fantasy",
            "Action",
            "Adventure",
            "Family"
        ],
        "overview": "The story of an ancient war that is reignited when a young farmhand unwittingly opens a gateway between our world and a fearsome race of giants. Unleashed on the Earth for the first time in centuries, the giants strive to reclaim the land they once lost, forcing the young man, Jack into the battle of his life to stop them. Fighting for a kingdom, its people, and the love of a brave princess, he comes face to face with the unstoppable warriors he thought only existed in legend–and gets the chance to become a legend himself.",
        "actors": [
            "Eleanor Tomlinson",
            "Princess Isabelle",
            "Nicholas Hoult",
            "Jack",
            "Ewan McGregor",
            "Elmont",
            "Stanley Tucci",
            "Roderick",
            "Ian McShane",
            "King Brahmwell",
            "Bill Nighy",
            "General Fallon",
            "Eddie Marsan",
            "Crawe",
            "Warwick Davis",
            "Old Hamm",
            "Ewen Bremner",
            "Wicke"
        ],
        "orig_title": "Jack the Giant Slayer",
        "status": " Released",
        "orig_lang": " English",
        "budget_x": 195000000.0,
        "revenue": 197687603.0,
        "country": "AU"
    },
    {
        "title": "Paul",
        "date_x": "04/14/2011 ",
        "score": 67.0,
        "genre": [
            "Adventure",
            "Comedy",
            "Science Fiction"
        ],
        "overview": "For the past 60 years, a space-traveling smart-ass named Paul has been locked up in a top-secret military base, advising world leaders about his kind. But when he worries he’s outlived his usefulness and the dissection table is drawing uncomfortably close, Paul escapes on the first RV that passes by his compound in Area 51. Fortunately, it contains the two earthlings who are most likely to rescue and harbor an alien on the run.",
        "actors": [
            "Simon Pegg",
            "Graeme Willy",
            "Nick Frost",
            "Clive Gollings",
            "Seth Rogen",
            "Paul (voice)",
            "Jason Bateman",
            "Special Agent Lorenzo Zoil",
            "Kristen Wiig",
            "Ruth Buggs",
            "Bill Hader",
            "Haggard",
            "Blythe Danner",
            "Tara Walton",
            "Joe Lo Truglio",
            "O'Reilly",
            "John Carroll Lynch",
            "Moses Buggs"
        ],
        "orig_title": "Paul",
        "status": " Released",
        "orig_lang": " English",
        "budget_x": 40000000.0,
        "revenue": 101162106.0,
        "country": "AU"
    },
    {
        "title": "Bad Boys II",
        "date_x": "09/18/2003 ",
        "score": 66.0,
        "genre": [
            "Adventure",
            "Action",
            "Comedy",
            "Thriller",
            "Crime"
        ],
        "overview": "Out-of-control, trash-talking buddy cops Marcus Burnett and Mike Lowrey of the Miami Narcotics Task Force reunite, and bullets fly, cars crash and laughs explode as they pursue a whacked-out drug lord from the streets of Miami to the barrios of Cuba. But the real fireworks result when Marcus discovers that playboy Mike is secretly romancing Marcus’ sexy sister.",
        "actors": [
            "Will Smith",
            "Detective Mike Lowrey",
            "Martin Lawrence",
            "Detective Marcus Burnett",
            "Gabrielle Union",
            "Sydney 'Syd' Burnett",
            "Jordi Mollà",
            "Hector Juan Carlos 'Johnny' Tapia",
            "Peter Stormare",
            "Alexei",
            "Joe Pantoliano",
            "Captain C. Howard",
            "Theresa Randle",
            "Theresa Burnett",
            "Michael Shannon",
            "Floyd Poteet",
            "Jon Seda",
            "Roberto"
        ],
        "orig_title": "Bad Boys II",
        "status": " Released",
        "orig_lang": " English",
        "budget_x": 130000000.0,
        "revenue": 273271982.0,
        "country": "AU"
    },
    {
        "title": "R.I.P.D.",
        "date_x": "09/12/2013 ",
        "score": 58.0,
        "genre": [
            "Fantasy",
            "Action",
            "Comedy",
            "Crime"
        ],
        "overview": "A recently slain cop joins a team of undead police officers working for the Rest in Peace Department and tries to find the man who murdered him.",
        "actors": [
            "Jeff Bridges",
            "Roy Pulsipher",
            "Ryan Reynolds",
            "Nick Walker",
            "Kevin Bacon",
            "Bobby Hayes",
            "Mary-Louise Parker",
            "Proctor",
            "Stephanie Szostak",
            "Julia",
            "Robert Knepper",
            "Nawlicki",
            "James Hong",
            "Nick's Avatar / Jerry Chen",
            "Marisa Miller",
            "Roy's Avatar",
            "Mike O'Malley",
            "Elliot"
        ],
        "orig_title": "R.I.P.D.",
        "status": " Released",
        "orig_lang": " English",
        "budget_x": 130000000.0,
        "revenue": 79076678.0,
        "country": "AU"
    },
    {
        "title": "Brother Bear 2",
        "date_x": "08/17/2006 ",
        "score": 67.0,
        "genre": [
            "Adventure",
            "Animation",
            "Family"
        ],
        "overview": "Kenai finds his childhood human friend Nita and the two embark on a journey to burn the amulet he gave to her before he was a bear, much to Koda's dismay.",
        "actors": [
            "Patrick Dempsey",
            "Kenai (voice)",
            "Mandy Moore",
            "Nita (voice)",
            "Jeremy Suarez",
            "Koda (voice)",
            "Rick Moranis",
            "Rutt (voice)",
            "Dave Thomas",
            "Tuke (voice)",
            "Andrea Martin",
            "Anda (voice)",
            "Catherine O'Hara",
            "Kata (voice)",
            "Wanda Sykes",
            "Innoko (voice)",
            "Wendie Malick",
            "Aunt Siqiniq (voice)"
        ],
        "orig_title": "Brother Bear 2",
        "status": " Released",
        "orig_lang": " English",
        "budget_x": 143000000.0,
        "revenue": 417354495.6,
        "country": "US"
    },
    {
        "title": "Rye Lane",
        "date_x": "03/31/2023 ",
        "score": 75.0,
        "genre": [
            "Romance",
            "Comedy"
        ],
        "overview": "Two twenty-somethings, both reeling from bad break-ups, connect over the course of an eventful day in South London – helping each other deal with their nightmare exes, and potentially restoring their faith in romance.",
        "actors": [
            "David Jonsson",
            "Dom",
            "Vivian Oparah",
            "Yas",
            "Poppy Allen-Quarmby",
            "Cass",
            "Simon Manyonda",
            "Nathan",
            "Benjamin Sarpong-Broni",
            "Eric",
            "Karene Peter",
            "Gia",
            "Malcolm Atobrah",
            "Jules",
            "Alice Hewkin",
            "Tabby",
            "Levi Roots",
            "Uncle"
        ],
        "orig_title": "Rye Lane",
        "status": " Released",
        "orig_lang": " English",
        "budget_x": 96200000.0,
        "revenue": 412160901.0,
        "country": "AU"
    },
    {
        "title": "Knock Knock",
        "date_x": "09/23/2015 ",
        "score": 53.0,
        "genre": [
            "Drama",
            "Thriller",
            "Horror"
        ],
        "overview": "When a devoted husband and father is left home alone for the weekend, two stranded young women unexpectedly knock on his door for help. What starts out as a kind gesture results in a dangerous seduction and a deadly game of cat and mouse.",
        "actors": [
            "Keanu Reeves",
            "Evan Webber",
            "Lorenza Izzo",
            "Genesis",
            "Ana de Armas",
            "Bell",
            "Aaron Burns",
            "Louis",
            "Colleen Camp",
            "Vivian",
            "Ignacia Allamand",
            "Karen Alvarado",
            "Antonio Quercia",
            "Uber Driver",
            "Dan Baily",
            "Jake",
            "Megan Baily",
            "Lisa"
        ],
        "orig_title": "Knock Knock",
        "status": " Released",
        "orig_lang": " English",
        "budget_x": 2000000.0,
        "revenue": 6328516.0,
        "country": "CL"
    },
    {
        "title": "Silverton Siege",
        "date_x": "04/27/2022 ",
        "score": 64.0,
        "genre": [
            "Action",
            "Crime",
            "Drama"
        ],
        "overview": "After a failed sabotage mission, a trio of anti-apartheid freedom fighters ends up in a tense bank hostage situation. Based on a true story.",
        "actors": [
            "Thabo Rametsi",
            "Calvin Khumalo",
            "Noxolo Dlamini",
            "Mbali Terra Mabunda",
            "Stefan Erasmus",
            "Aldo Erasmus",
            "Arnold Vosloo",
            "Johan Langerman",
            "Tumisho Masha",
            "Sechaba",
            "Sarah Kozlowski",
            "Madeleine",
            "Justin Strydom",
            "Hans",
            "Clayton Boyd",
            "Sniper",
            "Jacques Gombault",
            "Strydom"
        ],
        "orig_title": "Silverton Siege",
        "status": " Released",
        "orig_lang": " English",
        "budget_x": 100940000.0,
        "revenue": 750247009.4,
        "country": "US"
    },
    {
        "title": "Shadow in the Cloud",
        "date_x": "01/14/2021 ",
        "score": 58.0,
        "genre": [
            "Horror",
            "Action",
            "War"
        ],
        "overview": "A WWII pilot traveling with top secret documents on a B-17 Flying Fortress encounters an evil presence on board the flight.",
        "actors": [
            "Chloë Grace Moretz",
            "Maude Garrett",
            "Nick Robinson",
            "Stu Beckell",
            "Beulah Koale",
            "Anton Williams",
            "Taylor John Smith",
            "Walter Quaid",
            "Callan Mulvey",
            "John Reeves",
            "Benedict Wall",
            "Tommy Dorn",
            "Byron Coll",
            "Terrence Taggart",
            "Joe Witkowski",
            "Bradley Finch",
            "Liam Legge",
            "Baby"
        ],
        "orig_title": "Shadow in the Cloud",
        "status": " Released",
        "orig_lang": " English",
        "budget_x": 6130000.0,
        "revenue": 1054290.0,
        "country": "AU"
    },
    {
        "title": "Rocky Balboa",
        "date_x": "02/22/2007 ",
        "score": 68.0,
        "genre": [
            "Drama"
        ],
        "overview": "His Wife is dead and his Son hates him but this old man still has fight in him!  When he loses a highly publicized virtual boxing match to ex-champ Rocky Balboa, reigning heavyweight titleholder Mason Dixon retaliates by challenging Rocky to a nationally televised, 10-round exhibition bout. To the surprise of his son and friends, Rocky agrees to come out of retirement and face an opponent who's faster, stronger, and thirty years his junior.",
        "actors": [
            "Sylvester Stallone",
            "Robert \"Rocky\" Balboa",
            "Burt Young",
            "Paulie Pennino",
            "Antonio Tarver",
            "Mason 'The Line' Dixon",
            "Geraldine Hughes",
            "Marie",
            "Milo Ventimiglia",
            "Robert Balboa Jr.",
            "Tony Burton",
            "Tony \"Duke\" Evers",
            "A.J. Benza",
            "L.C.",
            "James Francis Kelly III",
            "Steps",
            "Lou DiBella",
            "Lou DiBella"
        ],
        "orig_title": "Rocky Balboa",
        "status": " Released",
        "orig_lang": " English",
        "budget_x": 24000000.0,
        "revenue": 156229050.0,
        "country": "AU"
    },
    {
        "title": "The Valet",
        "date_x": "05/20/2022 ",
        "score": 77.0,
        "genre": [
            "Comedy",
            "Romance"
        ],
        "overview": "World famous movie star Olivia faces a PR disaster when a paparazzi snaps a photo of her with her married lover, Vincent. The hard-working valet Antonio accidentally appears in the same photo and is enlisted to pose as Olivia’s new boyfriend as a cover-up. This ruse with Olivia thrusts Antonio into the spotlight and unexpected chaos.",
        "actors": [
            "Eugenio Derbez",
            "Antonio Flores",
            "Samara Weaving",
            "Olivia Allan",
            "Max Greenfield",
            "Vincent Royce",
            "Betsy Brandt",
            "Kathryn Royce",
            "Marisol Nichols",
            "Isabel",
            "Amaury Nolasco",
            "Benny",
            "Carmen Salinas",
            "Cecilia",
            "Noemi Gonzalez",
            "Clara",
            "Armando Hernández",
            "Rudy"
        ],
        "orig_title": "The Valet",
        "status": " Released",
        "orig_lang": " English",
        "budget_x": 105800000.0,
        "revenue": 667037174.8,
        "country": "AU"
    },
    {
        "title": "The Little Mermaid",
        "date_x": "08/17/2018 ",
        "score": 50.0,
        "genre": [
            "Family",
            "Adventure",
            "Fantasy",
            "Romance",
            "Drama"
        ],
        "overview": "A young reporter and his niece discover a beautiful and enchanting creature they believe to be the real little mermaid.",
        "actors": [
            "Poppy Drayton",
            "Elizabeth",
            "Shirley MacLaine",
            "Eloise",
            "Loreto Peralta",
            "Elle Harrison",
            "William Moseley",
            "Cam Harrison",
            "Gina Gershon",
            "Peggy Gene",
            "Shanna Collins",
            "Thora",
            "William Forsythe",
            "",
            "Tom Nowicki",
            "Sid",
            "Lexy Kolker",
            "Granddaughter Lily"
        ],
        "orig_title": "The Little Mermaid",
        "status": " Released",
        "orig_lang": " English",
        "budget_x": 161600000.0,
        "revenue": 704464322.4,
        "country": "US"
    },
    {
        "title": "#Alive",
        "date_x": "06/24/2020 ",
        "score": 73.0,
        "genre": [
            "Horror",
            "Action",
            "Adventure",
            "Thriller"
        ],
        "overview": "As a grisly virus rampages a city, a lone man stays locked inside his apartment, digitally cut off from seeking help and desperate to find a way out.",
        "actors": [
            "Yoo Ah-in",
            "Oh Joon-woo",
            "Park Shin-hye",
            "Kim Yoo-bin",
            "Lee Hyun-wook",
            "Sang-chul",
            "Jin So-yeon",
            "Elena Kim",
            "Kim Hak-sun",
            "Joon-woo's Father",
            "So Hee-jung",
            "Joon-woo's Mother",
            "Joo Bo-bi",
            "Joon-woo's Sister",
            "Jeon Bae-soo",
            "Masked Man",
            "Lee Chae-kyung",
            "Masked Man’s Wife"
        ],
        "orig_title": " #살아있다",
        "status": " Released",
        "orig_lang": " Korean",
        "budget_x": 6300000.0,
        "revenue": 13416285.0,
        "country": "KR"
    },
    {
        "title": "Fairy Tail: Dragon Cry",
        "date_x": "05/06/2017 ",
        "score": 66.0,
        "genre": [
            "Action",
            "Adventure",
            "Comedy",
            "Fantasy",
            "Animation"
        ],
        "overview": "Natsu Dragneel and his friends travel to the island Kingdom of Stella, where they will reveal dark secrets, fight the new enemies and once again save the world from destruction.",
        "actors": [
            "Makoto Furukawa",
            "King Animus",
            "Wataru Hatano",
            "Gajeel Redfox",
            "Aya Hirano",
            "Lucy Heartfilia",
            "Yui Horie",
            "Carla",
            "Akira Ishida",
            "Zeref",
            "Rie Kugimiya",
            "Happy",
            "Tomoaki Maeno",
            "Invel Yura",
            "Mai Nakahara",
            "Juvia Lockser",
            "Yuichi Nakamura",
            "Gray Fullbuster"
        ],
        "orig_title": " 劇場版 FAIRY TAIL 『DRAGON CRY』",
        "status": " Released",
        "orig_lang": " Japanese",
        "budget_x": 103400000.0,
        "revenue": 312788111.2,
        "country": "JP"
    },
    {
        "title": "Mad Max Beyond Thunderdome",
        "date_x": "08/06/1985 ",
        "score": 62.0,
        "genre": [
            "Action",
            "Adventure",
            "Science Fiction"
        ],
        "overview": "Mad Max becomes a pawn in a decadent oasis of a technological society, and when exiled, becomes the deliverer of a colony of children.",
        "actors": [
            "Mel Gibson",
            "Max Rockatansky",
            "Tina Turner",
            "Aunty Entity",
            "Helen Buday",
            "Savannah Nix",
            "Bruce Spence",
            "Jedediah the Pilot",
            "Angelo Rossitto",
            "Master",
            "Adam Cockburn",
            "Jedediah Jr.",
            "Frank Thring",
            "The Collector",
            "Paul Larsson",
            "Blaster",
            "Angry Anderson",
            "Ironbar"
        ],
        "orig_title": "Mad Max Beyond Thunderdome",
        "status": " Released",
        "orig_lang": " English",
        "budget_x": 10000000.0,
        "revenue": 36230219.0,
        "country": "AU"
    },
    {
        "title": "What Happened at the Carpenter's Shop",
        "date_x": "03/05/2020 ",
        "score": 43.0,
        "genre": [
            "Romance"
        ],
        "overview": "A rumour spread out all over the neighborhood. Yeon-joo, a beautiful, entertaining SNS celebrity, and also a woodworker is being watched and admired by Do-shik.  He decides to ask her for a date one weekend. Do-shik appeared and grasped Yeon-joo without her noticing him.  Meanwhile, the clueless, naïve, and honest bookkeeper of the carpenter shop is keeping two huge secrets no one would even thought of.  Finally, the great secret of Yeon-joo and Tae-ju is revealed, turning the tables around.",
        "actors": [
            "Tae Joo",
            "",
            "Ahn So-hee",
            "",
            "Min Do-yoon",
            "",
            "Gil Dong",
            "",
            "Hae Il",
            ""
        ],
        "orig_title": " 목공소에서 생긴 일",
        "status": " Released",
        "orig_lang": " Korean",
        "budget_x": 5503757.2,
        "revenue": 7.0,
        "country": "KR"
    },
    {
        "title": "The Cabin in the Woods",
        "date_x": "06/14/2012 ",
        "score": 66.0,
        "genre": [
            "Horror",
            "Fantasy"
        ],
        "overview": "Five friends go for a break at a remote cabin, where they get more than they bargained for, discovering the truth behind the cabin in the woods.",
        "actors": [
            "Kristen Connolly",
            "Dana Polk",
            "Fran Kranz",
            "Marty Mikalski",
            "Jesse Williams",
            "Holden McCrea",
            "Anna Hutchison",
            "Jules Louden",
            "Chris Hemsworth",
            "Curt Vaughn",
            "Richard Jenkins",
            "Richard Sitterson",
            "Bradley Whitford",
            "Steve Hadley",
            "Sigourney Weaver",
            "The Director",
            "Brian J. White",
            "Daniel Truman"
        ],
        "orig_title": "The Cabin in the Woods",
        "status": " Released",
        "orig_lang": " English",
        "budget_x": 30000000.0,
        "revenue": 70683134.0,
        "country": "AU"
    },
    {
        "title": "Akira",
        "date_x": "10/16/1990 ",
        "score": 79.0,
        "genre": [
            "Animation",
            "Science Fiction",
            "Action"
        ],
        "overview": "A secret military project endangers Neo-Tokyo when it turns a biker gang member into a rampaging psychic psychopath that only two teenagers and a group of psychics can stop.",
        "actors": [
            "Mitsuo Iwata",
            "Shotaro Kaneda (voice)",
            "Nozomu Sasaki",
            "Tetsuo Shima (voice)",
            "Mami Koyama",
            "Kei (voice)",
            "Tessyo Genda",
            "Ryûsaku (voice)",
            "Koichi Kitamura",
            "Priestess Miyako / Council A (voice)",
            "Yuriko Fuchizaki",
            "Kaori (voice)",
            "Masaaki Okura",
            "Yamagata (voice)",
            "Takeshi Kusao",
            "Kai (voice)",
            "Kazuhiro Kamifuji",
            "Masaru / No. 27 (voice)"
        ],
        "orig_title": " AKIRA",
        "status": " Released",
        "orig_lang": " Japanese",
        "budget_x": 8000000.0,
        "revenue": 2018608.0,
        "country": "AU"
    },
    {
        "title": "The Simpsons: The Good, the Bart, and the Loki",
        "date_x": "07/07/2021 ",
        "score": 74.0,
        "genre": [
            "Animation",
            "Comedy",
            "Family"
        ],
        "overview": "Loki is banished from Asgard once again and must face his toughest opponents yet: the Simpsons and Springfield’s mightiest heroes. The God of Mischief teams up with Bart Simpson in the ultimate crossover event paying tribute to the Marvel Cinematic Universe of superheroes and villains.",
        "actors": [
            "Tom Hiddleston",
            "Loki (voice)",
            "Dan Castellaneta",
            "Homer Simpson / Barney Gumble (voice)",
            "Nancy Cartwright",
            "Bart Simpson / Ralph Wiggum (voice)",
            "Yeardley Smith",
            "Lisa Simpson (voice)",
            "Maurice LaMarche",
            "Odin (voice)",
            "Dawnn Lewis",
            "Ravonna Renslayer (voice)"
        ],
        "orig_title": "The Simpsons: The Good, the Bart, and the Loki",
        "status": " Released",
        "orig_lang": " English",
        "budget_x": 117000000.0,
        "revenue": 594000622.0,
        "country": "US"
    },
    {
        "title": "Z-O-M-B-I-E-S 3",
        "date_x": "07/15/2022 ",
        "score": 76.0,
        "genre": [
            "Music",
            "Fantasy",
            "Comedy",
            "Science Fiction",
            "Family",
            "TV Movie"
        ],
        "overview": "Zed and Addison are beginning their final year at Seabrook High in the town that’s become a safe haven for monsters and humans alike. Zed is anticipating an athletic scholarship that will make him the first Zombie to attend college, while Addison is gearing up for Seabrook’s first international cheer-off competition. Then suddenly, extraterrestrial beings appear around Seabrook, provoking something other than friendly competition.",
        "actors": [
            "Milo Manheim",
            "Zed",
            "Meg Donnelly",
            "Addison",
            "Trevor Tordjman",
            "Bucky",
            "Chandler Kinney",
            "Willa",
            "Ariel Martin",
            "Wynter",
            "Pearce Joza",
            "Wyatt",
            "Matt Cornett",
            "A-Lan",
            "Terry Hu",
            "A-Spen",
            "RuPaul",
            "The Mothership (voice)"
        ],
        "orig_title": "Z-O-M-B-I-E-S 3",
        "status": " Released",
        "orig_lang": " English",
        "budget_x": 36000000.0,
        "revenue": 141613530.8,
        "country": "AU"
    },
    {
        "title": "Dawn of the Dead",
        "date_x": "06/10/2004 ",
        "score": 70.0,
        "genre": [
            "Horror",
            "Action"
        ],
        "overview": "A group of survivors take refuge in a shopping mall after the world is taken over by aggressive, flesh-eating zombies.",
        "actors": [
            "Sarah Polley",
            "Ana",
            "Ving Rhames",
            "Kenneth",
            "Ty Burrell",
            "Steve",
            "Inna Korobkina",
            "Luda",
            "Jake Weber",
            "Michael",
            "Michael Kelly",
            "C.J.",
            "Kim Poirier",
            "Monica",
            "Mekhi Phifer",
            "Andre",
            "Matt Frewer",
            "Frank"
        ],
        "orig_title": "Dawn of the Dead",
        "status": " Released",
        "orig_lang": " English",
        "budget_x": 28000000.0,
        "revenue": 103452875.0,
        "country": "AU"
    },
    {
        "title": "Dawn of the Dead",
        "date_x": "06/10/2004 ",
        "score": 70.0,
        "genre": [
            "Horror",
            "Action"
        ],
        "overview": "A group of survivors take refuge in a shopping mall after the world is taken over by aggressive, flesh-eating zombies.",
        "actors": [
            "Sarah Polley",
            "Ana",
            "Ving Rhames",
            "Kenneth",
            "Ty Burrell",
            "Steve",
            "Inna Korobkina",
            "Luda",
            "Jake Weber",
            "Michael",
            "Michael Kelly",
            "C.J.",
            "Kim Poirier",
            "Monica",
            "Mekhi Phifer",
            "Andre",
            "Matt Frewer",
            "Frank"
        ],
        "orig_title": "Dawn of the Dead",
        "status": " Released",
        "orig_lang": " English",
        "budget_x": 1500000.0,
        "revenue": 55000000.0,
        "country": "AU"
    },
    {
        "title": "Hunter Killer",
        "date_x": "11/01/2018 ",
        "score": 68.0,
        "genre": [
            "Action",
            "Thriller"
        ],
        "overview": "Captain Glass of the USS Arkansas discovers that a coup d'état is taking place in Russia, so he and his crew join an elite group working on the ground to prevent a war.",
        "actors": [
            "Gerard Butler",
            "Captain Joe Glass",
            "Gary Oldman",
            "CJCS Charles Donnegan",
            "Toby Stephens",
            "Bill Beaman",
            "Common",
            "RA John Fisk",
            "Linda Cardellini",
            "Jane Norquist",
            "David Gyasi",
            "Cob Wallach",
            "Gabriel Chavarria",
            "Jimenez",
            "Ryan McPartlin",
            "Matt Johnstone",
            "Carter MacIntyre",
            "XO Brian Edwards"
        ],
        "orig_title": "Hunter Killer",
        "status": " Released",
        "orig_lang": " English",
        "budget_x": 40000000.0,
        "revenue": 29312121.0,
        "country": "AU"
    },
    {
        "title": "The Redeem Team",
        "date_x": "10/07/2022 ",
        "score": 75.0,
        "genre": [
            "Documentary"
        ],
        "overview": "Using unprecedented Olympic footage and behind-the-scenes material, The Redeem Team tells the story of the US Olympic Men's Basketball Team’s quest for gold at the 2008 Olympic Games in Beijing following the previous team’s shocking performance four years earlier in Athens.",
        "actors": [
            "Kobe Bryant",
            "Self - USA 2008",
            "LeBron James",
            "Self - USA 2004",
            "Carmelo Anthony",
            "Self - USA 2004",
            "Dwyane Wade",
            "Self - USA 2004",
            "Mike Krzyzewski",
            "Self - Head Coach ‒ Duke University (1980-2022)",
            "Chris Bosh",
            "Self - USA 2008",
            "Carlos Boozer",
            "Self - USA 2004",
            "Chris Paul",
            "Self - USA 2008",
            "Dwight Howard",
            "Self - USA 2008"
        ],
        "orig_title": "The Redeem Team",
        "status": " Released",
        "orig_lang": " English",
        "budget_x": 98800000.0,
        "revenue": 580810039.6,
        "country": "US"
    },
    {
        "title": "Those Who Wish Me Dead",
        "date_x": "05/09/2021 ",
        "score": 67.0,
        "genre": [
            "Thriller",
            "Action"
        ],
        "overview": "A young boy finds himself pursued by two assassins in the Montana wilderness, with a survival expert determined to protect him, and a forest fire threatening to consume them all.",
        "actors": [
            "Angelina Jolie",
            "Hannah Faber",
            "Finn Little",
            "Connor Casserly",
            "Jon Bernthal",
            "Ethan Sawyer",
            "Nicholas Hoult",
            "Patrick Blackwell",
            "Aidan Gillen",
            "Jack Blackwell",
            "Jake Weber",
            "Owen Casserly",
            "Medina Senghore",
            "Allison Sawyer",
            "Tyler Perry",
            "Arthur",
            "Boots Southerland",
            "Sheriff"
        ],
        "orig_title": "Those Who Wish Me Dead",
        "status": " Released",
        "orig_lang": " English",
        "budget_x": 20000000.0,
        "revenue": 23384502.0,
        "country": "AU"
    },
    {
        "title": "Deep Water",
        "date_x": "03/18/2022 ",
        "score": 57.0,
        "genre": [
            "Drama",
            "Mystery",
            "Thriller"
        ],
        "overview": "Vic and Melinda Van Allen are a couple in the small town of Little Wesley. Their loveless marriage is held together only by a precarious arrangement whereby, in order to avoid the messiness of divorce, Melinda is allowed to take any number of lovers as long as she does not desert her family.",
        "actors": [
            "Ben Affleck",
            "Vic Van Allen",
            "Ana de Armas",
            "Melinda Van Allen",
            "Tracy Letts",
            "Don Wilson",
            "Lil Rel Howery",
            "Grant",
            "Dash Mihok",
            "Jonas Fernandez",
            "Finn Wittrock",
            "Tony Cameron",
            "Kristen Connolly",
            "Kelly Wilson",
            "Jacob Elordi",
            "Charlie De Lisle",
            "Rachel Blanchard",
            "Kristin Peterson"
        ],
        "orig_title": "Deep Water",
        "status": " Released",
        "orig_lang": " English",
        "budget_x": 84200000.0,
        "revenue": 854645668.6,
        "country": "AU"
    },
    {
        "title": "The Rite of Spring",
        "date_x": "09/30/2022 ",
        "score": 67.0,
        "genre": [
            "Drama"
        ],
        "overview": "Laura has just arrived in Madrid to study at University. One night, she accidentally meets David, who has cerebral palsy. The relationship with the boy and his mother will give Laura the push she needs to overcome her complexes and insecurities and confidently enter a new phase. A story about that vital moment when anything is possible and how the most unexpected encounters can change our lives.",
        "actors": [
            "Valèria Sorolla",
            "Laura",
            "Telmo Irureta",
            "David",
            "Emma Suárez",
            "Isabel"
        ],
        "orig_title": " La consagración de la primavera",
        "status": " Released",
        "orig_lang": " Spanish, Castilian",
        "budget_x": 75500000.0,
        "revenue": 509726081.0,
        "country": "ES"
    },
    {
        "title": "Over the Sky",
        "date_x": "11/27/2020 ",
        "score": 69.0,
        "genre": [
            "Animation",
            "Drama",
            "Fantasy"
        ],
        "overview": "Mio is a girl in high school who slacks off. She and her childhood friend Arata and best friend Madoka spend their after-school days in Ikebukuro hanging out. One day, Madoka tells Mio that she loves Arata, and Mio realizes that she loves Arata, too. But she’s scared of their relationship falling apart and lies, saying she’ll help them. Mio deliberately acts coldly to Arata, and they get into a fight. She decides to work things out with Arata, but gets into a car accident on her way to meet him. She wakes up in a mysterious world. It's the Ikebukuro she knows, but something’s different...",
        "actors": [
            "Honoka Matsumoto",
            "Mio Miyamasu (voice)",
            "Toshiki Seto",
            "Arata Kishimo (voice)",
            "Saori Hayami",
            "Kiku-chan (voice)",
            "Yui Ogura",
            "Madoka (voice)",
            "Koichi Yamadera",
            "Gimon (voice)",
            "Ikue Otani",
            "Gimon (voice)",
            "Mari Natsuki",
            "Mori Obaa-chan (voice)",
            "Naoto Takenaka",
            "Mogari (voice)",
            "Anna Tsuchiya",
            "Orika (voice)"
        ],
        "orig_title": " 君は彼方",
        "status": " Released",
        "orig_lang": " Japanese",
        "budget_x": 137000000.0,
        "revenue": 612148818.0,
        "country": "JP"
    },
    {
        "title": "American Pie Presents: Band Camp",
        "date_x": "12/26/2005 ",
        "score": 55.0,
        "genre": [
            "Comedy"
        ],
        "overview": "Everyone has 'moved on', except for Sherman and Jim Levenstein's still understanding father. Little Matt Stiffler wants to join his older brother Steve's business and, after everything Matt has heard from Jim's band-geek wife, he plans to go back to band camp and make a video of his own.",
        "actors": [
            "Tad Hilgenbrink",
            "Matt Stifler",
            "Arielle Kebbel",
            "Elyse",
            "Chris Owen",
            "Sherman",
            "Justin Isfeld",
            "Milf Guy Ex",
            "Kathleen LaGue",
            "Robards Receptionist",
            "Matt Barr",
            "Brandon Vandecamp",
            "Omar Benson Miller",
            "Oscar",
            "Lauren C. Mayhew",
            "Arianna",
            "Jason Earles",
            "Ernie"
        ],
        "orig_title": "American Pie Presents: Band Camp",
        "status": " Released",
        "orig_lang": " English",
        "budget_x": 10000000.0,
        "revenue": 75759759.8,
        "country": "AU"
    },
    {
        "title": "Casino Royale",
        "date_x": "12/07/2006 ",
        "score": 75.0,
        "genre": [
            "Adventure",
            "Action",
            "Thriller"
        ],
        "overview": "Le Chiffre, a banker to the world's terrorists, is scheduled to participate in a high-stakes poker game in Montenegro, where he intends to use his winnings to establish his financial grip on the terrorist market. M sends Bond—on his maiden mission as a 00 Agent—to attend this game and prevent Le Chiffre from winning. With the help of Vesper Lynd and Felix Leiter, Bond enters the most important poker game in his already dangerous career.",
        "actors": [
            "Daniel Craig",
            "James Bond",
            "Eva Green",
            "Vesper Lynd",
            "Mads Mikkelsen",
            "Le Chiffre",
            "Judi Dench",
            "M",
            "Jeffrey Wright",
            "Felix Leiter",
            "Giancarlo Giannini",
            "René Mathis",
            "Caterina Murino",
            "Solange Dimitrios",
            "Simon Abkarian",
            "Alex Dimitrios",
            "Isaach De Bankolé",
            "Steven Obanno"
        ],
        "orig_title": "Casino Royale",
        "status": " Released",
        "orig_lang": " English",
        "budget_x": 102000000.0,
        "revenue": 594420216.0,
        "country": "AU"
    },
    {
        "title": "Casino Royale",
        "date_x": "12/07/2006 ",
        "score": 75.0,
        "genre": [
            "Adventure",
            "Action",
            "Thriller"
        ],
        "overview": "Le Chiffre, a banker to the world's terrorists, is scheduled to participate in a high-stakes poker game in Montenegro, where he intends to use his winnings to establish his financial grip on the terrorist market. M sends Bond—on his maiden mission as a 00 Agent—to attend this game and prevent Le Chiffre from winning. With the help of Vesper Lynd and Felix Leiter, Bond enters the most important poker game in his already dangerous career.",
        "actors": [
            "Daniel Craig",
            "James Bond",
            "Eva Green",
            "Vesper Lynd",
            "Mads Mikkelsen",
            "Le Chiffre",
            "Judi Dench",
            "M",
            "Jeffrey Wright",
            "Felix Leiter",
            "Giancarlo Giannini",
            "René Mathis",
            "Caterina Murino",
            "Solange Dimitrios",
            "Simon Abkarian",
            "Alex Dimitrios",
            "Isaach De Bankolé",
            "Steven Obanno"
        ],
        "orig_title": "Casino Royale",
        "status": " Released",
        "orig_lang": " English",
        "budget_x": 12000000.0,
        "revenue": 41744718.0,
        "country": "AU"
    },
    {
        "title": "Alvin and the Chipmunks",
        "date_x": "01/03/2008 ",
        "score": 58.0,
        "genre": [
            "Comedy",
            "Family",
            "Fantasy",
            "Animation"
        ],
        "overview": "A struggling songwriter named Dave Seville finds success when he comes across a trio of singing chipmunks: mischievous leader Alvin, brainy Simon, and chubby, impressionable Theodore.",
        "actors": [
            "Jason Lee",
            "Dave",
            "David Cross",
            "Ian",
            "Cameron Richardson",
            "Claire",
            "Jane Lynch",
            "Gail",
            "Justin Long",
            "Alvin (voice)",
            "Matthew Gray Gubler",
            "Simon (voice)",
            "Jesse McCartney",
            "Theodore (voice)",
            "Veronica Alicino",
            "Amy",
            "Allison Karman",
            "Female Intern #1"
        ],
        "orig_title": "Alvin and the Chipmunks",
        "status": " Released",
        "orig_lang": " English",
        "budget_x": 55000000.0,
        "revenue": 362605033.0,
        "country": "AU"
    },
    {
        "title": "The Outwaters",
        "date_x": "02/09/2023 ",
        "score": 48.0,
        "genre": [
            "Horror",
            "Science Fiction",
            "Thriller"
        ],
        "overview": "Four travelers encounter menacing phenomena while camping in a remote stretch of the Mojave Desert.",
        "actors": [
            "Robbie Banfitch",
            "Robbie Zagorac",
            "Angela Basolis",
            "Angela Bocuzzi",
            "Scott Schamell",
            "Scott Zagorac",
            "Michelle May",
            "Michelle August",
            "Leslie Ann Banfitch",
            "Leslie Zagorac",
            "Christine Brown",
            "911 Operator",
            "Melissa Andrea",
            "Neighbor",
            "Nancy Bujnowski",
            "Flight Attendant",
            "Aro Caitlin",
            "Aro Aguilar"
        ],
        "orig_title": "The Outwaters",
        "status": " Released",
        "orig_lang": " English",
        "budget_x": 148800000.0,
        "revenue": 948498291.2,
        "country": "US"
    },
    {
        "title": "First Blood",
        "date_x": "12/03/1982 ",
        "score": 75.0,
        "genre": [
            "Action",
            "Adventure",
            "Thriller",
            "War"
        ],
        "overview": "When former Green Beret John Rambo is harassed by local law enforcement and arrested for vagrancy, the Vietnam vet snaps, runs for the hills and rat-a-tat-tats his way into the action-movie hall of fame. Hounded by a relentless sheriff, Rambo employs heavy-handed guerilla tactics to shake the cops off his tail.",
        "actors": [
            "Sylvester Stallone",
            "John J. Rambo",
            "Charles A. Tamburro",
            "Pilot",
            "Bill McKinney",
            "State Police Capt. Dave Kern",
            "Richard Crenna",
            "Col. Samuel Trautman",
            "Brian Dennehy",
            "Hope Sheriff Will Teasle",
            "Chris Mulkey",
            "Deputy Ward",
            "Jack Starrett",
            "Deputy Sgt. Arthur Galt",
            "Michael Talbott",
            "Deputy Balford",
            "John McLiam",
            "Orval the Dog Man"
        ],
        "orig_title": "First Blood",
        "status": " Released",
        "orig_lang": " English",
        "budget_x": 14000000.0,
        "revenue": 125212904.0,
        "country": "AU"
    },
    {
        "title": "Chronicle",
        "date_x": "02/01/2012 ",
        "score": 68.0,
        "genre": [
            "Science Fiction",
            "Drama",
            "Thriller"
        ],
        "overview": "Three high school students make an incredible discovery, leading to their developing uncanny powers beyond their understanding. As they learn to control their abilities and use them to their advantage, their lives start to spin out of control, and their darker sides begin to take over.",
        "actors": [
            "Dane DeHaan",
            "Andrew Detmer",
            "Alex Russell",
            "Matt Garetty",
            "Michael B. Jordan",
            "Steve Montgomery",
            "Michael Kelly",
            "Richard Detmer",
            "Anna Wood",
            "Monica",
            "Ashley Grace",
            "Casey Letter",
            "Joe Vaz",
            "Michael Ernesto",
            "Crystal-Donna Roberts",
            "Samantha",
            "Luke Tyler",
            "Sean"
        ],
        "orig_title": "Chronicle",
        "status": " Released",
        "orig_lang": " English",
        "budget_x": 12000000.0,
        "revenue": 123681790.0,
        "country": "AU"
    },
    {
        "title": "Descendants 2",
        "date_x": "07/28/2017 ",
        "score": 74.0,
        "genre": [
            "Family",
            "Music",
            "Fantasy",
            "TV Movie",
            "Adventure",
            "Action",
            "Romance"
        ],
        "overview": "When the pressure to be royal becomes too much for Mal, she returns to the Isle of the Lost where her archenemy Uma, Ursula's daughter, has taken her spot as self-proclaimed queen.",
        "actors": [
            "Dove Cameron",
            "Mal",
            "Cameron Boyce",
            "Carlos",
            "Sofia Carson",
            "Evie",
            "Booboo Stewart",
            "Jay",
            "Mitchell Hope",
            "King Ben",
            "Brenna D'Amico",
            "Jane",
            "Melanie Paxson",
            "Fairy Godmother",
            "Bobby Moynihan",
            "Dude (voice)",
            "Thomas Doherty",
            "Harry"
        ],
        "orig_title": "Descendants 2",
        "status": " Released",
        "orig_lang": " English",
        "budget_x": 131400000.0,
        "revenue": 605380479.2,
        "country": "AU"
    },
    {
        "title": "Dangerous Game: The Legacy Murders",
        "date_x": "10/21/2022 ",
        "score": 76.0,
        "genre": [
            "Thriller",
            "Horror"
        ],
        "overview": "A family reunion at a remote mansion takes a lethal turn when they are trapped inside and forced to play a deadly survival game where only one will make it out alive.",
        "actors": [
            "Jonathan Rhys Meyers",
            "Kyle",
            "Will Sasso",
            "Alec",
            "Jon Voight",
            "Ellison Betts",
            "Laura Mennell",
            "Marie",
            "Megan Charpentier",
            "Livie Betts",
            "Kaya Coleman",
            "Tara",
            "Skyler Shaye",
            "Joy",
            "Dylan Playfair",
            "Cameron Betts",
            "Bradley Stryker",
            "Burnham"
        ],
        "orig_title": "Dangerous Game: The Legacy Murders",
        "status": " Released",
        "orig_lang": " English",
        "budget_x": 75000000.0,
        "revenue": 494257951.8,
        "country": "US"
    },
    {
        "title": "The BFG",
        "date_x": "06/30/2016 ",
        "score": 62.0,
        "genre": [
            "Adventure",
            "Family",
            "Fantasy"
        ],
        "overview": "The BFG is no ordinary bone-crunching giant. He is far too nice and jumbly. It's lucky for Sophie that he is. Had she been carried off in the middle of the night by the Bloodbottler, or any of the other giants—rather than the BFG—she would have soon become breakfast. When Sophie hears that the giants are flush-bunking off to England to swollomp a few nice little chiddlers, she decides she must stop them once and for all. And the BFG is going to help her!",
        "actors": [
            "Mark Rylance",
            "The BFG",
            "Ruby Barnhill",
            "Sophie",
            "Rebecca Hall",
            "Mary",
            "Jemaine Clement",
            "Fleshlumpeater",
            "Bill Hader",
            "Bloodbottler",
            "Penelope Wilton",
            "The Queen",
            "Marilyn Norry",
            "Matron",
            "Chris Shields",
            "General #1",
            "Matt Frewer",
            "General #2"
        ],
        "orig_title": "The BFG",
        "status": " Released",
        "orig_lang": " English",
        "budget_x": 140000000.0,
        "revenue": 199646680.0,
        "country": "AU"
    },
    {
        "title": "As in Heaven",
        "date_x": "02/10/2022 ",
        "score": 65.0,
        "genre": [
            "Drama"
        ],
        "overview": "One day at the end of the 1800s, 14-year-old Lise’s life is changed forever. She is the eldest of her siblings, the first in her family to go to school and full of hope and confidence in life. But when her mother goes into labour, it quickly appears that something is wrong. As night falls and the labour progresses, Lise begins to understand that a day that began in childhood might end with her becoming the woman of the house.",
        "actors": [
            "Flora Ofelia Hofmann Lindahl",
            "Lise",
            "Ida Cæcilie Rasmussen",
            "Mor Anna",
            "Palma Lindeburg Leth",
            "",
            "Anna-Olivia Øster Coakley",
            "",
            "Flora Augusta",
            "",
            "Kirsten Olesen",
            "",
            "Lisbet Dahl",
            "",
            "Stine Fischer Christensen",
            "",
            "Thure Lindhardt",
            ""
        ],
        "orig_title": " Du som er i himlen",
        "status": " Released",
        "orig_lang": " Danish",
        "budget_x": 95600000.0,
        "revenue": 305560367.8,
        "country": "DK"
    },
    {
        "title": "The Mystery of Marilyn Monroe: The Unheard Tapes",
        "date_x": "04/27/2022 ",
        "score": 64.0,
        "genre": [
            "Documentary"
        ],
        "overview": "This documentary explores the mystery surrounding the death of movie icon Marilyn Monroe through previously unheard interviews with her inner circle.",
        "actors": [
            "Marilyn Monroe",
            "Self (archive footage)",
            "Robert F. Kennedy",
            "Self (archive footage)",
            "John F. Kennedy",
            "Self (archive footage)",
            "Anthony Summers",
            "Self",
            "Linzi Hateley",
            "Joan Greenson",
            "CJ Johnson",
            "Natalie Jacobs",
            "Sorel Johnson",
            "Hildi Greenson",
            "Andre Lillis",
            "Sydney Guilaroff",
            "Sion Lloyd",
            "Danny Greenson"
        ],
        "orig_title": "The Mystery of Marilyn Monroe: The Unheard Tapes",
        "status": " Released",
        "orig_lang": " English",
        "budget_x": 77400000.0,
        "revenue": 431611098.0,
        "country": "US"
    },
    {
        "title": "Ocean's Eleven",
        "date_x": "01/10/2002 ",
        "score": 74.0,
        "genre": [
            "Thriller",
            "Crime"
        ],
        "overview": "Less than 24 hours into his parole, charismatic thief Danny Ocean is already rolling out his next plan: In one night, Danny's hand-picked crew of specialists will attempt to steal more than $150 million from three Las Vegas casinos. But to score the cash, Danny risks his chances of reconciling with ex-wife, Tess.",
        "actors": [
            "George Clooney",
            "Danny Ocean",
            "Matt Damon",
            "Linus Caldwell",
            "Andy García",
            "Terry Benedict",
            "Brad Pitt",
            "Rusty Ryan",
            "Julia Roberts",
            "Tess Ocean",
            "Casey Affleck",
            "Virgil Malloy",
            "Scott Caan",
            "Turk Malloy",
            "Elliott Gould",
            "Reuben Tishkoff",
            "Eddie Jemison",
            "Livingston Dell"
        ],
        "orig_title": "Ocean's Eleven",
        "status": " Released",
        "orig_lang": " English",
        "budget_x": 85000000.0,
        "revenue": 450728529.0,
        "country": "AU"
    },
    {
        "title": "What Dreams May Come",
        "date_x": "10/15/1998 ",
        "score": 72.0,
        "genre": [
            "Drama",
            "Fantasy",
            "Romance"
        ],
        "overview": "Chris Neilson dies to find himself in a heaven more amazing than he could have ever dreamed of. There is one thing missing: his wife. After he dies, his wife, Annie killed herself and went to hell. Chris decides to risk eternity in hades for the small chance that he will be able to bring her back to heaven.",
        "actors": [
            "Robin Williams",
            "Chris Nielsen",
            "Cuba Gooding Jr.",
            "Albert Lewis",
            "Annabella Sciorra",
            "Annie Collins-Nielsen",
            "Max von Sydow",
            "The Tracker",
            "Jessica Brooks Grant",
            "Marie Nielsen",
            "Josh Paddock",
            "Ian Nielsen",
            "Rosalind Chao",
            "Leona",
            "Lucinda Jenney",
            "Mrs. Jacobs",
            "Maggie McCarthy",
            "Stacey Jacobs"
        ],
        "orig_title": "What Dreams May Come",
        "status": " Released",
        "orig_lang": " English",
        "budget_x": 80000000.0,
        "revenue": 71485043.0,
        "country": "AU"
    },
    {
        "title": "Let's Be Cops",
        "date_x": "11/13/2014 ",
        "score": 65.0,
        "genre": [
            "Comedy"
        ],
        "overview": "It's the ultimate buddy cop movie except for one thing: they're not cops.  When two struggling pals dress as police officers for a costume party, they become neighborhood sensations.  But when these newly-minted “heroes” get tangled in a real life web of mobsters and dirty detectives, they must put their fake badges on the line.",
        "actors": [
            "Jake Johnson",
            "Ryan Davis",
            "Damon Wayans Jr.",
            "Justin Chang",
            "Nina Dobrev",
            "Josie",
            "Rob Riggle",
            "Officer Segars",
            "James D'Arcy",
            "Porter",
            "Keegan-Michael Key",
            "Pupa",
            "Andy García",
            "Brolin",
            "Natasha Leggero",
            "Annie",
            "Jon Lajoie",
            "Todd Cutler"
        ],
        "orig_title": "Let's Be Cops",
        "status": " Released",
        "orig_lang": " English",
        "budget_x": 17000000.0,
        "revenue": 136621271.0,
        "country": "AU"
    },
    {
        "title": "District 9",
        "date_x": "08/13/2009 ",
        "score": 74.0,
        "genre": [
            "Science Fiction"
        ],
        "overview": "Thirty years ago, aliens arrive on Earth. Not to conquer or give aid, but to find refuge from their dying planet. Separated from humans in a South African area called District 9, the aliens are managed by Multi-National United, which is unconcerned with the aliens' welfare but will do anything to master their advanced technology. When a company field agent contracts a mysterious virus that begins to alter his DNA, there is only one place he can hide: District 9.",
        "actors": [
            "Sharlto Copley",
            "Wikus van der Merwe",
            "Jason Cope",
            "Christopher Johnson / Grey Bradnam / Trent",
            "Nathalie Boltt",
            "Sarah Livingstone - Sociologist",
            "Sylvaine Strike",
            "Dr Katrina McKenzie",
            "Elizabeth Mkandawie",
            "Interviewee",
            "John Sumner",
            "Les Feldman - MIL Engineer",
            "William Allen Young",
            "Dirk Michaels",
            "Nick Blake",
            "Francois Moraneu - CIV Engineer Team",
            "Greg Melvill-Smith",
            "Interviewer"
        ],
        "orig_title": "District 9",
        "status": " Released",
        "orig_lang": " English",
        "budget_x": 30000000.0,
        "revenue": 212453431.0,
        "country": "AU"
    }
]