[
    {
        "title": "Once Upon a Time in China",
        "date_x": "08/15/1991 ",
        "score": 72.0,
        "genre": [
            "Action",
            "Drama"
        ],
        "overview": "Set in late 19th century Canton, this martial arts film depicts the stance taken by the legendary martial arts hero Wong Fei-Hung against foreign forces' plundering of China.",
        "actors": [
            "Jet Li",
            "Wong Fei Hung",
            "Yuen Biao",
            "Leung Foon",
            "Jacky Cheung",
            "Buck Teeth So",
            "Rosamund Kwan",
            "13th Aunt",
            "Kent Cheng",
            "Porky Wing",
            "Yuen Gam-Fai",
            "Ling Wan Kai",
            "Yen Shi-Kwan",
            "Iron Robe Yim Chun Tung",
            "Shun Lau",
            "Naval Commander Lau",
            "Wu Ma",
            "Grand Uncle Chueng"
        ],
        "orig_title": " 黃飛鴻",
        "status": " Released",
        "orig_lang": " Cantonese",
        "budget_x": 25657792.0,
        "revenue": 3826459.0,
        "country": "HK"
    },
    {
        "title": "Dancer in the Dark",
        "date_x": "05/28/2001 ",
        "score": 79.0,
        "genre": [
            "Drama",
            "Crime"
        ],
        "overview": "Selma, a Czech immigrant on the verge of blindness, struggles to make ends meet for herself and her son, who has inherited the same genetic disorder and will suffer the same fate without an expensive operation. When life gets too difficult, Selma learns to cope through her love of musicals, escaping life's troubles - even if just for a moment - by dreaming up little numbers to the rhythmic beats of her surroundings.",
        "actors": [
            "Björk",
            "Selma Jezkova",
            "Catherine Deneuve",
            "Kathy",
            "David Morse",
            "Bill Houston",
            "Peter Stormare",
            "Jeff",
            "Joel Grey",
            "Oldrich Novy",
            "Cara Seymour",
            "Linda Houston",
            "Vladica Kostic",
            "Gene Jezkova",
            "Jean-Marc Barr",
            "Norman",
            "Vincent Paterson",
            "Samuel"
        ],
        "orig_title": "Dancer in the Dark",
        "status": " Released",
        "orig_lang": " English",
        "budget_x": 12500000.0,
        "revenue": 45556774.0,
        "country": "AU"
    },
    {
        "title": "District 13: Ultimatum",
        "date_x": "02/18/2009 ",
        "score": 64.0,
        "genre": [
            "Action",
            "Thriller",
            "Crime"
        ],
        "overview": "Damien and Leito return to District 13 on a mission to bring peace to the troubled sector that is controlled by five different gang bosses, before the city’s secret services take drastic measures to solve the problem.",
        "actors": [
            "Cyril Raffaelli",
            "Damien",
            "David Belle",
            "Leïto",
            "Philippe Torreton",
            "Le Président de la République",
            "Daniel Duval",
            "Walter Gassman",
            "Élodie Yung",
            "Tao",
            "MC Jean Gab'1",
            "Molko",
            "James Deano",
            "Karl le skin",
            "Laouni Mouhid",
            "Ali-K",
            "Fabrice Feltzinger",
            "Little Montana"
        ],
        "orig_title": " Banlieue 13 - Ultimatum",
        "status": " Released",
        "orig_lang": " French",
        "budget_x": 15000000.0,
        "revenue": 8786375.0,
        "country": "FR"
    },
    {
        "title": "The Physician",
        "date_x": "12/25/2013 ",
        "score": 73.0,
        "genre": [
            "Adventure",
            "Drama",
            "History"
        ],
        "overview": "England, 1021. Rob Cole, a boy born in a miserable mining town, swears to become a physician and vanquish disease and death. His harsh path of many years, a quest for knowledge besieged by countless challenges and sacrifices, leads him to the remote Isfahan, in Persia, where he meets Ibn Sina, the greatest healer of his time.",
        "actors": [
            "Tom Payne",
            "Rob Cole",
            "Ben Kingsley",
            "Ibn Sina (Avicenna)",
            "Stellan Skarsgård",
            "Barber",
            "Olivier Martinez",
            "Shah Ala ad Daula",
            "Emma Rigby",
            "Rebecca",
            "Elyas M'Barek",
            "Karim",
            "Fahri Yardım",
            "Davout Hosein",
            "Makram J. Khoury",
            "Imam",
            "Michael Marcus",
            "Mirdin"
        ],
        "orig_title": "The Physician",
        "status": " Released",
        "orig_lang": " English",
        "budget_x": 36000000.0,
        "revenue": 57284237.0,
        "country": "DE"
    },
    {
        "title": "Bring It On",
        "date_x": "12/14/2000 ",
        "score": 62.0,
        "genre": [
            "Comedy"
        ],
        "overview": "The Toro cheerleading squad from Rancho Carne High School in San Diego has got spirit, spunk, sass and a killer routine that's sure to land them the national championship trophy for the sixth year in a row. But for newly-elected team captain Torrance, the Toros' road to total cheer glory takes a shady turn when she discovers that their perfectly-choreographed routines were in fact stolen.",
        "actors": [
            "Kirsten Dunst",
            "Torrance Shipman",
            "Eliza Dushku",
            "Missy Pantone",
            "Jesse Bradford",
            "Cliff Pantone",
            "Gabrielle Union",
            "Isis",
            "Sherry Hursey",
            "Christine Shipman",
            "Holmes Osborne",
            "Bruce Shipman",
            "Clare Kramer",
            "Courtney",
            "Nicole Bilderback",
            "Whitney",
            "Tsianina Joelson",
            "Darcy"
        ],
        "orig_title": "Bring It On",
        "status": " Released",
        "orig_lang": " English",
        "budget_x": 28000000.0,
        "revenue": 90449929.0,
        "country": "AU"
    },
    {
        "title": "Mother's Day",
        "date_x": "04/28/2016 ",
        "score": 60.0,
        "genre": [
            "Comedy",
            "Drama",
            "Romance"
        ],
        "overview": "Intersecting stories with different moms collide on Mother's Day.",
        "actors": [
            "Jennifer Aniston",
            "Sandy",
            "Julia Roberts",
            "Miranda",
            "Kate Hudson",
            "Jesse",
            "Jason Sudeikis",
            "Bradley",
            "Timothy Olyphant",
            "Henry",
            "Sarah Chalke",
            "Gabi",
            "Margo Martindale",
            "Flo",
            "Jon Lovitz",
            "Jackie Burn",
            "Britt Robertson",
            "Kristin"
        ],
        "orig_title": "Mother's Day",
        "status": " Released",
        "orig_lang": " English",
        "budget_x": 25000000.0,
        "revenue": 48782670.0,
        "country": "AU"
    },
    {
        "title": "Trinity Is Still My Name",
        "date_x": "10/21/1971 ",
        "score": 74.0,
        "genre": [
            "Comedy",
            "Western"
        ],
        "overview": "The two brothers Trinity and Bambino are exchanged by two federal agents and take advantage of the situation to steal a huge booty hidden in a monastery by a gang of outlaws.",
        "actors": [
            "Terence Hill",
            "Trinity",
            "Bud Spencer",
            "Bambino",
            "Yanti Somer",
            "Perla",
            "Enzo Tarascio",
            "Mitch",
            "Sheriff",
            "Harry Carey",
            "Jr.",
            "Father",
            "Pupo De Luca",
            "Prior",
            "Jessica Dublin",
            "Mother",
            "Dana Ghia",
            "Perla's Mother",
            "Emilio Delle Piane",
            "James Parker"
        ],
        "orig_title": " ...continuavano a chiamarlo Trinità",
        "status": " Released",
        "orig_lang": " Italian",
        "budget_x": 6122001.4,
        "revenue": 2100000.0,
        "country": "IT"
    },
    {
        "title": "The Colony",
        "date_x": "11/01/2021 ",
        "score": 57.0,
        "genre": [
            "Science Fiction"
        ],
        "overview": "In the not-too-distant future: after a global catastrophe has wiped out nearly all of humanity on Earth, an elite astronaut from Space Colony Kepler must make a decision that will seal the fate of the people on both planets.",
        "actors": [
            "Nora Arnezeder",
            "Blake",
            "Iain Glen",
            "Gibson",
            "Sarah-Sofie Boussnina",
            "Narvik",
            "Sope Dirisu",
            "Tucker",
            "Sebastian Roché",
            "Father",
            "Joel Basman",
            "Paling",
            "Kotti Yun",
            "Munay",
            "Bella Bading",
            "Maila",
            "Cloé Heinrich",
            "Young Blake"
        ],
        "orig_title": " Tides",
        "status": " Released",
        "orig_lang": " English",
        "budget_x": 127000000.0,
        "revenue": 495926639.8,
        "country": "AU"
    },
    {
        "title": "Sexy Sisters",
        "date_x": "09/01/1977 ",
        "score": 44.0,
        "genre": [
            "Drama"
        ],
        "overview": "Edna keeps her younger sister Millie drugged and chained to her bed. The drugs have made Millie a nymphomaniac who's endless supply of men that Edna providers her cannot satisfy her and seeing her sister unsatisfied gets Edna off. But Edna's main plan from all of this is to inherit her deceased parents' fortune which is supposed to all go to Millie on her 21st birthday, so if she can prove Millie insane she will get the fortune. But when one of the men appears to satisfy Millie, Millie discovers the outside world and the two will try to stop Edna's evil plans.",
        "actors": [
            "Pamela Stanford",
            "Edna (Countess)",
            "Karine Gambier",
            "Millie (Edna's sister)",
            "Eric Falk",
            "Tom (Gigolo)",
            "Jack Taylor",
            "Dr. Barnes",
            "Esther Moser",
            "Sarah (Maid)",
            "Kurt Meinicke",
            "Joe ( Milly's lover)",
            "Marianne Graf",
            "Maria (Nurse)",
            "Mike Montana",
            ""
        ],
        "orig_title": " Die teuflischen Schwestern",
        "status": " Released",
        "orig_lang": " German",
        "budget_x": 97300000.0,
        "revenue": 423147746.8,
        "country": "DE"
    },
    {
        "title": "Batman: Year One",
        "date_x": "10/18/2011 ",
        "score": 73.0,
        "genre": [
            "Action",
            "Animation",
            "Crime"
        ],
        "overview": "A wealthy playboy named Bruce Wayne and a Chicago cop named Jim Gordon both return to Gotham City where their lives unexpectedly intersect.",
        "actors": [
            "Ben McKenzie",
            "Batman / Bruce Wayne (voice)",
            "Bryan Cranston",
            "Jim Gordon (voice)",
            "Eliza Dushku",
            "Selina (voice)",
            "Jon Polito",
            "Commissioner Loeb (voice)",
            "Alex Rocco",
            "Falcone (voice)",
            "Katee Sackhoff",
            "Detective Essen (voice)",
            "Sara Ballantine",
            "Skeevers' Attorney (voice)",
            "Jeff Bennett",
            "Alfred (voice)",
            "Steve Blum",
            "Stan (voice)"
        ],
        "orig_title": "Batman: Year One",
        "status": " Released",
        "orig_lang": " English",
        "budget_x": 163500000.0,
        "revenue": 591092450.4,
        "country": "US"
    },
    {
        "title": "Mr. Deeds",
        "date_x": "08/22/2002 ",
        "score": 58.0,
        "genre": [
            "Comedy",
            "Romance"
        ],
        "overview": "When Longfellow Deeds, a small-town pizzeria owner and poet, inherits $40 billion from his deceased uncle, he quickly begins rolling in a different kind of dough. Moving to the big city, Deeds finds himself besieged by opportunists all gunning for their piece of the pie. Babe, a television tabloid reporter, poses as an innocent small-town girl to do an exposé on Deeds.",
        "actors": [
            "Adam Sandler",
            "Longfellow Deeds",
            "Winona Ryder",
            "Babe Bennett",
            "John Turturro",
            "Emilio Lopez",
            "Allen Covert",
            "Marty",
            "Peter Gallagher",
            "Chuck Cedar",
            "Erick Avari",
            "Cecil Anderson",
            "Jared Harris",
            "Mac McGrath",
            "Steve Buscemi",
            "Crazy Eyes",
            "Conchata Ferrell",
            "Jan"
        ],
        "orig_title": "Mr. Deeds",
        "status": " Released",
        "orig_lang": " English",
        "budget_x": 50000000.0,
        "revenue": 171269535.0,
        "country": "AU"
    },
    {
        "title": "Jexi",
        "date_x": "12/27/2019 ",
        "score": 69.0,
        "genre": [
            "Comedy"
        ],
        "overview": "Phil's new phone comes with an unexpected feature, Jexi...an A.I. determined to keep him all to herself in a comedy about what can happen when you love your phone more than all else.",
        "actors": [
            "Adam DeVine",
            "Phil",
            "Alexandra Shipp",
            "Cate Finnegan",
            "Rose Byrne",
            "Jexi (voice)",
            "Ron Funches",
            "Craig",
            "Charlyne Yi",
            "Elaine",
            "Michael Peña",
            "Kai",
            "Wanda Sykes",
            "Denice",
            "Kid Cudi",
            "Kid Cudi",
            "Justin Hartley",
            "Brody"
        ],
        "orig_title": "Jexi",
        "status": " Released",
        "orig_lang": " English",
        "budget_x": 5000000.0,
        "revenue": 10601127.0,
        "country": "AU"
    },
    {
        "title": "White Palace",
        "date_x": "10/19/1990 ",
        "score": 62.0,
        "genre": [
            "Drama",
            "Romance"
        ],
        "overview": "Max Baron is a Jewish advertising executive in his 20s who's still getting over the death of his wife. Nora Baker is a 40-something diner waitress who enjoys the wilder side of life. Mismatched or not, their attraction is instant and smoldering. With time, however, their class and age differences become an obstacle in their relationship, especially since Max can't keep Nora a secret from his Jewish friends and upper-crust associates forever.",
        "actors": [
            "Susan Sarandon",
            "Nora Baker",
            "James Spader",
            "Max Baron",
            "Kathy Bates",
            "Rosemary",
            "Jason Alexander",
            "Neil",
            "Eileen Brennan",
            "Judy",
            "Steven Hill",
            "Sol Horowitz",
            "Renée Taylor",
            "Edith Baron",
            "Jonathan Penner",
            "Marv Miller",
            "Rachel Chagall",
            "Rachel (as Rachel Levin)"
        ],
        "orig_title": "White Palace",
        "status": " Released",
        "orig_lang": " English",
        "budget_x": 14586840.6,
        "revenue": 17487531.0,
        "country": "US"
    },
    {
        "title": "Sonic the Hedgehog: The Movie",
        "date_x": "01/26/1996 ",
        "score": 68.0,
        "genre": [
            "Action",
            "Adventure",
            "Animation",
            "Comedy",
            "Family",
            "Science Fiction"
        ],
        "overview": "Sonic's arch nemesis Dr. Robotnik has been banished from the Land of Darkness by an evil Metal Robotnik. The devious doctor tells Sonic that the Robot Generator has been sabotaged and will blow Planet Freedom to kingdom come. But it's not until the President's beautiful daughter Sara turns on the charm that Sonic springs into action.",
        "actors": [
            "Masami Kikuchi",
            "Sonic the Hedgehog / Metal Sonic (voice)",
            "Hekiru Shiina",
            "Miles \"Tails\" Prower (voice)",
            "Junpei Takiguchi",
            "Dr. Eggman/Robotnik (voice)",
            "Yasunori Matsumoto",
            "Knuckles the Echidna (voice)",
            "Mika Kanai",
            "Sara (voice)",
            "Chafurin",
            "Old Man Owl (voice)",
            "Yuzuru Fujimoto",
            "President (voice)",
            "Akimitsu Takase",
            "President's Aide (voice)"
        ],
        "orig_title": " ソニック★ザ★ヘッジホッグ",
        "status": " Released",
        "orig_lang": " Japanese",
        "budget_x": 112400000.0,
        "revenue": 251358333.2,
        "country": "JP"
    },
    {
        "title": "Sniper: Reloaded",
        "date_x": "04/26/2011 ",
        "score": 60.0,
        "genre": [
            "War",
            "Action",
            "Thriller",
            "Drama"
        ],
        "overview": "Brandon Beckett (Collins), the son of the previous Sniper film's star Thomas Beckett (Tom Berenger), takes up the mantle set by his father and goes on a mission of his own.",
        "actors": [
            "Billy Zane",
            "Richard Miller",
            "Richard Sammel",
            "Hans Jaeger",
            "Chad Michael Collins",
            "Brandon Beckett",
            "Patrick Lyster",
            "Martin Chandler",
            "Annabel Wright",
            "Ellen Abramowitz",
            "Conrad Kemp",
            "Dustin Nelson",
            "Kayla Privett",
            "Kelli Van Brunt",
            "Ian Van Der Heyden",
            "Patrick Mundy",
            "Rob Fruithof",
            "Jean Van Brunt"
        ],
        "orig_title": "Sniper: Reloaded",
        "status": " Released",
        "orig_lang": " English",
        "budget_x": 82000000.0,
        "revenue": 314796630.0,
        "country": "US"
    },
    {
        "title": "Just Friends",
        "date_x": "02/09/2006 ",
        "score": 62.0,
        "genre": [
            "Comedy",
            "Romance"
        ],
        "overview": "While visiting his hometown during Christmas, a man comes face-to-face with his old high school crush whom he was best friends with – a woman whose rejection of him turned him into a ferocious womanizer.",
        "actors": [
            "Ryan Reynolds",
            "Chris Brander",
            "Amy Smart",
            "Jamie Palamino",
            "Anna Faris",
            "Samantha James",
            "Chris Klein",
            "Dusty Dinkleman",
            "Chris Marquette",
            "Mike Brander",
            "Julie Hagerty",
            "Carol Brander",
            "Amy Matysio",
            "Darla",
            "Giacomo Beltrami",
            "Young Mike Brander",
            "Fred Ewanuick",
            "Clark"
        ],
        "orig_title": "Just Friends",
        "status": " Released",
        "orig_lang": " English",
        "budget_x": 16800000.0,
        "revenue": 50817508.0,
        "country": "AU"
    },
    {
        "title": "Rounders",
        "date_x": "11/20/1998 ",
        "score": 70.0,
        "genre": [
            "Drama",
            "Crime"
        ],
        "overview": "A young reformed gambler must return to playing big stakes poker to help a friend pay off loan sharks.",
        "actors": [
            "Matt Damon",
            "Mike McDermott",
            "Edward Norton",
            "Lester 'Worm' Murphy",
            "John Turturro",
            "Joey Knish",
            "Gretchen Mol",
            "Jo",
            "John Malkovich",
            "Teddy KGB",
            "Famke Janssen",
            "Petra",
            "Martin Landau",
            "Abe Petrovsky",
            "Michael Rispoli",
            "Grama",
            "Goran Visnjic",
            "Maurice"
        ],
        "orig_title": "Rounders",
        "status": " Released",
        "orig_lang": " English",
        "budget_x": 12000000.0,
        "revenue": 22921898.0,
        "country": "AU"
    },
    {
        "title": "The Water Man",
        "date_x": "09/13/2020 ",
        "score": 62.0,
        "genre": [
            "Adventure"
        ],
        "overview": "Hoping to save his sick mother, a boy named Gunner and his friend Jo venture into the remote Wild Horse forest to search for a mythical figure who possesses the secret to immortality. When they go missing, Gunner's father Amos must immerse himself in his son's world to find them.",
        "actors": [
            "David Oyelowo",
            "Amos Boone",
            "Amiah Miller",
            "Jo Riley",
            "Lonnie Chavis",
            "Gunner Boone",
            "Rosario Dawson",
            "Mary Boone",
            "Maria Bello",
            "Sheriff Goodwin",
            "Alfred Molina",
            "Jim Bussey",
            "Aaron Trainor",
            "George Riley",
            "Ted Rooney",
            "Edward Schaal",
            "Jessica Oyelowo",
            "Missus Bakemeyer"
        ],
        "orig_title": "The Water Man",
        "status": " Released",
        "orig_lang": " English",
        "budget_x": 57000000.0,
        "revenue": 552139144.6,
        "country": "US"
    },
    {
        "title": "My Bossy Girl",
        "date_x": "12/04/2019 ",
        "score": 59.0,
        "genre": [
            "Comedy",
            "Romance"
        ],
        "overview": "One day, during a university festival where people are often known to find a partner, the 3 incredibly single members of the robot club decide to attend. There the sloppy and timid Hwi-so meets a very aggressive girl by the name of Hye-jin. His romantic advances, which he learned through reading books and watching YouTube, finally wake up to make their move. But will two finally become one this fall?",
        "actors": [
            "Lee Elijah",
            "Hye-jin",
            "Ji Il-joo",
            "Hwi-so",
            "Heo Jung-min",
            "Yong-tae",
            "Kim Ki-doo",
            "Chang-gil",
            "Lee Jini",
            "Ha-na",
            "Ko Gun-han",
            "Young-cheol"
        ],
        "orig_title": " 너의 여자친구",
        "status": " Released",
        "orig_lang": " Korean",
        "budget_x": 75600000.0,
        "revenue": 360738075.2,
        "country": "KR"
    },
    {
        "title": "Scooby-Doo! & Batman: The Brave and the Bold",
        "date_x": "01/10/2018 ",
        "score": 74.0,
        "genre": [
            "Animation",
            "Comedy",
            "Action",
            "Family"
        ],
        "overview": "Scooby-Doo and the Mystery Inc. gang meet up with Batman and other friends to defeat evil villains and save the day.",
        "actors": [
            "Frank Welker",
            "Scooby-Doo / Fred Jones (voice)",
            "Matthew Lillard",
            "Shaggy Rogers (voice)",
            "Diedrich Bader",
            "Batman (voice)",
            "Grey DeLisle",
            "Daphne Blake / Black Canary (voice)",
            "Kate Micucci",
            "Velma Dinkley (voice)",
            "Jeff Bennett",
            "Joker (voice)",
            "Tara Strong",
            "Harley Quinn / Poison Ivy (voice)",
            "Jeffrey Combs",
            "The Question (voice)",
            "John DiMaggio",
            "Aquaman / Crimson Cloak (voice)"
        ],
        "orig_title": "Scooby-Doo! & Batman: The Brave and the Bold",
        "status": " Released",
        "orig_lang": " English",
        "budget_x": 101400000.0,
        "revenue": 365247355.4,
        "country": "AU"
    },
    {
        "title": "Almost Famous",
        "date_x": "02/22/2001 ",
        "score": 75.0,
        "genre": [
            "Drama",
            "Music"
        ],
        "overview": "In 1973, 15-year-old William Miller's unabashed love of music and aspiration to become a rock journalist lands him an assignment from Rolling Stone magazine to interview and tour with the up-and-coming band, Stillwater.",
        "actors": [
            "Patrick Fugit",
            "William Miller",
            "Billy Crudup",
            "Russell Hammond",
            "Frances McDormand",
            "Elaine Miller",
            "Kate Hudson",
            "Penny Lane",
            "Jason Lee",
            "Jeff Bebe",
            "Anna Paquin",
            "Polexia Aphrodisia",
            "Fairuza Balk",
            "Sapphire",
            "Noah Taylor",
            "Dick Roswell",
            "Zooey Deschanel",
            "Anita Miller"
        ],
        "orig_title": "Almost Famous",
        "status": " Released",
        "orig_lang": " English",
        "budget_x": 60000000.0,
        "revenue": 47371191.0,
        "country": "AU"
    },
    {
        "title": "The Pool",
        "date_x": "09/27/2018 ",
        "score": 61.0,
        "genre": [
            "Thriller",
            "Horror"
        ],
        "overview": "Left alone to clean up a 6-meter-deep deserted pool, Day falls asleep on an inflatable raft. When he wakes, the water level has sunk so low that he can't climb out on his own. Stuck in the pool, Day screams for help, but the only thing that hears him is a creature from a nearby crocodile farm.",
        "actors": [
            "Theeradej Wongpuapan",
            "Day",
            "Ratnamon Ratchiratham",
            "Koi",
            "Kongkiat Khomsiri",
            "Mayom",
            "Avajareen",
            "Lucky",
            "Suteerush Channukool",
            "Paraglider Guy 1",
            "Kuensit Suwanwatthakee",
            "Paraglider Guy 2",
            "Phoranee Srithan",
            "Commercial Actress",
            "Ekasith Meeprasertsakul",
            "Commercial Director",
            "Pratiparn Chantho",
            "Assistant Commercial Director"
        ],
        "orig_title": " The Pool นรก 6 เมตร",
        "status": " Released",
        "orig_lang": " Thai",
        "budget_x": 107000000.0,
        "revenue": 247575382.6,
        "country": "TH"
    },
    {
        "title": "Invasion of the Body Snatchers",
        "date_x": "12/20/1978 ",
        "score": 72.0,
        "genre": [
            "Horror",
            "Mystery",
            "Science Fiction"
        ],
        "overview": "Matthew Bennell notices that several of his friends are complaining that their close relatives are in some way different. When questioned later they themselves seem changed, as they deny everything or make lame excuses. As the invaders increase in number they become more open and Bennell, who has by now witnessed an attempted 'replacement', realises that he and his friends must escape or suffer the same fate.",
        "actors": [
            "Donald Sutherland",
            "Matthew Bennell",
            "Brooke Adams",
            "Elizabeth Driscoll",
            "Jeff Goldblum",
            "Jack Bellicec",
            "Veronica Cartwright",
            "Nancy Bellicec",
            "Leonard Nimoy",
            "Dr. David Kibner",
            "Art Hindle",
            "Dr. Geoffrey Howell",
            "Lelia Goldoni",
            "Katherine Hendley",
            "Kevin McCarthy",
            "Running Man",
            "Don Siegel",
            "Taxi Driver"
        ],
        "orig_title": "Invasion of the Body Snatchers",
        "status": " Released",
        "orig_lang": " English",
        "budget_x": 3500000.0,
        "revenue": 24946533.0,
        "country": "US"
    },
    {
        "title": "House on Haunted Hill",
        "date_x": "02/10/2000 ",
        "score": 56.0,
        "genre": [
            "Horror",
            "Mystery",
            "Thriller"
        ],
        "overview": "An amusement park mogul offers a random group of diverse people $1 million to spend the night in a decrepit former mental institution.",
        "actors": [
            "Geoffrey Rush",
            "Stephen H. Price",
            "Famke Janssen",
            "Evelyn Stockard-Price",
            "Ali Larter",
            "Sara Wolfe",
            "Taye Diggs",
            "Eddie Baker",
            "Chris Kattan",
            "Watson Pritchett",
            "Peter Gallagher",
            "Donald W. Blackburn",
            "M.D.",
            "Bridgette Wilson-Sampras",
            "Melissa Margaret Marr",
            "Max Perlich",
            "Carl Schecter",
            "Jeffrey Combs",
            "Dr. Richard Benjamin Vannacutt"
        ],
        "orig_title": "House on Haunted Hill",
        "status": " Released",
        "orig_lang": " English",
        "budget_x": 19000000.0,
        "revenue": 65090541.0,
        "country": "AU"
    },
    {
        "title": "The Fog",
        "date_x": "02/08/1980 ",
        "score": 67.0,
        "genre": [
            "Horror"
        ],
        "overview": "Strange things begin to occurs as a tiny California coastal town prepares to commemorate its centenary. Inanimate objects spring eerily to life; Rev. Malone stumbles upon a dark secret about the town's founding; radio announcer Stevie witnesses a mystical fire; and hitchhiker Elizabeth discovers the mutilated corpse of a fisherman. Then a mysterious iridescent fog descends upon the village, and more people start to die.",
        "actors": [
            "Adrienne Barbeau",
            "Stevie Wayne",
            "Jamie Lee Curtis",
            "Elizabeth Solley",
            "Hal Holbrook",
            "Father Malone",
            "Janet Leigh",
            "Kathy Williams",
            "Tom Atkins",
            "Nick Castle",
            "John Houseman",
            "Mr. Machen",
            "Ty Mitchell",
            "Andy",
            "James Canning",
            "Dick Baxter",
            "Charles Cyphers",
            "Dan O'Bannon"
        ],
        "orig_title": "The Fog",
        "status": " Released",
        "orig_lang": " English",
        "budget_x": 18000000.0,
        "revenue": 37048526.0,
        "country": "US"
    },
    {
        "title": "The Fog",
        "date_x": "02/08/1980 ",
        "score": 67.0,
        "genre": [
            "Horror"
        ],
        "overview": "Strange things begin to occurs as a tiny California coastal town prepares to commemorate its centenary. Inanimate objects spring eerily to life; Rev. Malone stumbles upon a dark secret about the town's founding; radio announcer Stevie witnesses a mystical fire; and hitchhiker Elizabeth discovers the mutilated corpse of a fisherman. Then a mysterious iridescent fog descends upon the village, and more people start to die.",
        "actors": [
            "Adrienne Barbeau",
            "Stevie Wayne",
            "Jamie Lee Curtis",
            "Elizabeth Solley",
            "Hal Holbrook",
            "Father Malone",
            "Janet Leigh",
            "Kathy Williams",
            "Tom Atkins",
            "Nick Castle",
            "John Houseman",
            "Mr. Machen",
            "Ty Mitchell",
            "Andy",
            "James Canning",
            "Dick Baxter",
            "Charles Cyphers",
            "Dan O'Bannon"
        ],
        "orig_title": "The Fog",
        "status": " Released",
        "orig_lang": " English",
        "budget_x": 1100000.0,
        "revenue": 21445868.0,
        "country": "US"
    },
    {
        "title": "Highlander II: The Quickening",
        "date_x": "10/31/1991 ",
        "score": 47.0,
        "genre": [
            "Fantasy",
            "Science Fiction"
        ],
        "overview": "In the year 2024, the ozone layer is believed to have been destroyed. It is up to MacLeod and Rameriz to set things right. Opposition comes from both the planet Ziest (MacLeod and Ramirez's homeworld) and a corporation profiting from the supposed lack of ozone. Also, flashbacks show the story behind MacLeod and Ramirez's exile from Ziest.",
        "actors": [
            "Christopher Lambert",
            "Connor 'The Highlander' MacLeod",
            "Sean Connery",
            "Juan Sanchez Villa-Lobos Ramirez",
            "Virginia Madsen",
            "Louise Marcus",
            "Michael Ironside",
            "Gen. Katana",
            "John C. McGinley",
            "David Blake",
            "Phillip Brock",
            "Cabbie",
            "Rusty Schwimmer",
            "Drunk",
            "Ed Trucco",
            "Jimmy",
            "Steven Grives",
            "Hamlet"
        ],
        "orig_title": "Highlander II: The Quickening",
        "status": " Released",
        "orig_lang": " English",
        "budget_x": 30000000.0,
        "revenue": 15556340.0,
        "country": "AU"
    },
    {
        "title": "Moonshot",
        "date_x": "03/31/2022 ",
        "score": 70.0,
        "genre": [
            "Comedy",
            "Romance",
            "Science Fiction"
        ],
        "overview": "In a future where Mars is terraformed and colonized by the best humanity has to offer, two very different college students wind up joining forces and sneak onboard a space shuttle to the red planet in order to be united with their significant others.",
        "actors": [
            "Cole Sprouse",
            "Walt",
            "Lana Condor",
            "Sophie",
            "Mason Gooding",
            "Calvin Riggins",
            "Emily Rudd",
            "Ginny",
            "Christine Adams",
            "Jan",
            "Michelle Buteau",
            "Captain Tarter",
            "Zach Braff",
            "Leon Kovi",
            "Cameron Esposito",
            "Tabby",
            "Sunita Deshpande",
            "Celeste"
        ],
        "orig_title": "Moonshot",
        "status": " Released",
        "orig_lang": " English",
        "budget_x": 127500000.0,
        "revenue": 555512512.2,
        "country": "AU"
    },
    {
        "title": "Scream",
        "date_x": "01/08/1981 ",
        "score": 41.0,
        "genre": [
            "Horror",
            "Mystery"
        ],
        "overview": "A group of friends on a rafting trip down a river stop in at an old ghost town to spend the night. Soon their rafts disappear, and then they begin to be eliminated one by one by a mysterious killer.",
        "actors": [
            "Pepper Martin",
            "Bob",
            "Hank Worden",
            "John",
            "Ethan Wayne",
            "Stan",
            "Woody Strode",
            "Charlie Winters",
            "Alvy Moore",
            "Allen",
            "Ann Bronston",
            "Marion",
            "Gregg Palmer",
            "Ross",
            "Bobby Diamond",
            "Rod",
            "Nancy St. Marie",
            "Adriana"
        ],
        "orig_title": "Scream",
        "status": " Released",
        "orig_lang": " English",
        "budget_x": 24000000.0,
        "revenue": 138874789.0,
        "country": "US"
    },
    {
        "title": "Scream",
        "date_x": "01/08/1981 ",
        "score": 41.0,
        "genre": [
            "Horror",
            "Mystery"
        ],
        "overview": "A group of friends on a rafting trip down a river stop in at an old ghost town to spend the night. Soon their rafts disappear, and then they begin to be eliminated one by one by a mysterious killer.",
        "actors": [
            "Pepper Martin",
            "Bob",
            "Hank Worden",
            "John",
            "Ethan Wayne",
            "Stan",
            "Woody Strode",
            "Charlie Winters",
            "Alvy Moore",
            "Allen",
            "Ann Bronston",
            "Marion",
            "Gregg Palmer",
            "Ross",
            "Bobby Diamond",
            "Rod",
            "Nancy St. Marie",
            "Adriana"
        ],
        "orig_title": "Scream",
        "status": " Released",
        "orig_lang": " English",
        "budget_x": 15000000.0,
        "revenue": 173046640.0,
        "country": "US"
    },
    {
        "title": "Hollywood Dirt",
        "date_x": "09/01/2017 ",
        "score": 67.0,
        "genre": [
            "Drama",
            "Romance"
        ],
        "overview": "Hollywood arrives in force to Quincy, the small town where the secret Crown Cola billionaire's live. They want to film about the billionaire's and how they made their fortunes. Summer Jenkins, who was the town pariah, joins forces with the scout, Ben, and finds filming locations, extras, lessons with the town officials and house owners, etc. When Cole Masten arrives, they hate each other, but sparks fly. Cole is running from a nasty divorce, yet is captivated by Summer. Summer is dying to leave town to get away from the gossip. This is a great story about Southern customs, a Southern girl, and a Hollywood star who finds his lady.",
        "actors": [
            "Emma Rigby",
            "Summer Jenkins",
            "Johann Urb",
            "Cole Masten",
            "Mindy Cohn",
            "Thelma",
            "Marco Dapper",
            "Brad DeLuca",
            "Melissa LeEllen",
            "Stacy",
            "Beverly Leech",
            "Mama",
            "Joel Michaely",
            "Justin",
            "Barry Ratcliffe",
            "Toothpick Man",
            "Stephanie Walters",
            "Production Assistant"
        ],
        "orig_title": "Hollywood Dirt",
        "status": " Released",
        "orig_lang": " English",
        "budget_x": 113600000.0,
        "revenue": 523551882.4,
        "country": "US"
    },
    {
        "title": "Kung Pow: Enter the Fist",
        "date_x": "02/28/2002 ",
        "score": 63.0,
        "genre": [
            "Comedy",
            "Action"
        ],
        "overview": "A movie within a movie, created to spoof the martial arts genre. Writer/director Steve Oedekerk uses contemporary characters and splices them into a 1970s kung-fu film, weaving the new and old together.  As the main character, The Chosen One, Oedekerk sets off to avenge the deaths of his parents at the hands of kung-fu legend Master Pain. Along the way he encounters some strange characters.",
        "actors": [
            "Steve Oedekerk",
            "The Chosen One",
            "Lung Fei",
            "Master Pain (Betty) (archive footage)",
            "Leo Lee",
            "Young Master Pain",
            "Hsieh Ling-ling",
            "Ling (archive footage) (as Tse Ling Ling)",
            "Lin Yan",
            "Dying Ling (as Yan Lin)",
            "Lau Kar-leung",
            "Wimp Lo (archive footage)",
            "Chen Hui-Lou",
            "Master Tang (archive footage)",
            "Escobar Tongue",
            "Tonguey (credit only)",
            "Jennifer Tung",
            "Whoa"
        ],
        "orig_title": "Kung Pow: Enter the Fist",
        "status": " Released",
        "orig_lang": " English",
        "budget_x": 10000000.0,
        "revenue": 17033556.0,
        "country": "AU"
    },
    {
        "title": "Schoolmistress 3",
        "date_x": "03/20/2020 ",
        "score": 57.0,
        "genre": [
            "Romance"
        ],
        "overview": "Ji-eun decides to become a tutor for Sang-woo's son, Sang-woo, in order to make sure he has a rich boyfriend.  When tutoring begins, Sang-woo, who was kicked by her older sister Hye-ran, is attracted to Ji-eun, who kindly teaches herself.  One day, Sang-woo witnesses the love affair of his father and Ji-eun, and falls into a sense of loss.  Meanwhile, Ji-eun overhears Ji-eun's conversations with a friend, and notices that Ji-eun's only goal is to meet her. In the end, Ji-eun notifies Ji-eun.  Ji-eun arrives to attend the last class, and because of her appointment with Sang-woo, she eventually gives up her body.",
        "actors": [
            "Min Do-yoon",
            "",
            "Kim Dong-wook-III",
            "",
            "Park Ga-in",
            "",
            "Lee Arang",
            ""
        ],
        "orig_title": " 여선생 3",
        "status": " Released",
        "orig_lang": " Korean",
        "budget_x": 117600000.0,
        "revenue": 174067112.2,
        "country": "KR"
    },
    {
        "title": "Grave Encounters",
        "date_x": "09/18/2012 ",
        "score": 63.0,
        "genre": [
            "Thriller",
            "Horror"
        ],
        "overview": "A crew from a paranormal reality television show lock themselves in a haunted psychiatric hospital. They search for evidence of paranormal activity as they shoot what ends up becoming their final episode.",
        "actors": [
            "Sean Rogerson",
            "Lance",
            "Juan Riedinger",
            "Matt",
            "Ashleigh Gryzko",
            "Sasha",
            "Mackenzie Gray",
            "Houston Gray",
            "Arthur Corber",
            "Dott. Friedkin",
            "Benjamin Wilkinson",
            "Jerry",
            "Michele Cummins",
            "Ghost",
            "Luis Javier",
            "Gardener",
            "Shawn Macdonald",
            "Morgan Turner"
        ],
        "orig_title": "Grave Encounters",
        "status": " Released",
        "orig_lang": " English",
        "budget_x": 2000000.0,
        "revenue": 2151887.0,
        "country": "AU"
    },
    {
        "title": "The Labyrinth of Grisaia",
        "date_x": "04/12/2015 ",
        "score": 55.0,
        "genre": [
            "Animation",
            "Drama",
            "Thriller"
        ],
        "overview": "Yuuji makes the unexpected decision to pursue promotion within the institution he works for. He meets with JB to discuss the documents he submitted for review as a part of the promotion process, documents pertaining to his own past.",
        "actors": [
            "Takahiro Sakurai",
            "Yuuji Kazami (voice)",
            "Akane Tomonaga",
            "Kazuki Kazami (voice)",
            "Satoshi Tsuruoka",
            "Heath Oslo (voice)",
            "Natsumi Yanase",
            "Chizuru Tachibana (voice)",
            "Hiroko Taguchi",
            "Amane Suou (voice)",
            "Kei Mizusawa",
            "Asako Kusakabe (voice)",
            "Erika Narumi",
            "Yuria  Harudera (voice)"
        ],
        "orig_title": " グリザイアの迷宮",
        "status": " Released",
        "orig_lang": " Japanese",
        "budget_x": 86100000.0,
        "revenue": 488100778.0,
        "country": "JP"
    },
    {
        "title": "The Peacemaker",
        "date_x": "12/04/1997 ",
        "score": 60.0,
        "genre": [
            "Action",
            "Thriller"
        ],
        "overview": "When a train carrying atomic warheads mysteriously crashes in the former Soviet Union, a nuclear specialist discovers the accident is really part of a plot to cover up the theft of the weapons. Assigned to help her recover the missing bombs is a crack Special Forces Colonel.",
        "actors": [
            "George Clooney",
            "Lt. Col. Thomas Devoe",
            "Nicole Kidman",
            "Dr. Julia Kelly",
            "Marcel Iureș",
            "Dusan Gavrich",
            "Aleksandr Baluev",
            "General Aleksandr Kodoroff",
            "Rene Medvešek",
            "Vlado Mirich",
            "Armin Mueller-Stahl",
            "Dimitri Vertikoff",
            "Goran Visnjic",
            "Bazta Sergeant",
            "Tamara Tunie",
            "Jody",
            "Gary Werntz",
            "Terry Hamilton"
        ],
        "orig_title": "The Peacemaker",
        "status": " Released",
        "orig_lang": " English",
        "budget_x": 50000000.0,
        "revenue": 62967368.0,
        "country": "AU"
    },
    {
        "title": "Lifeforce",
        "date_x": "08/15/1985 ",
        "score": 63.0,
        "genre": [
            "Horror",
            "Science Fiction",
            "Thriller"
        ],
        "overview": "A space shuttle mission investigating Halley's Comet brings back a malevolent race of space vampires who transform most of London's population into zombies. The only survivor of the expedition and British authorities attempt to capture a mysterious but beautiful alien woman who appears responsible.",
        "actors": [
            "Steve Railsback",
            "Col. Tom Carlsen",
            "Peter Firth",
            "Col. Colin Caine",
            "Frank Finlay",
            "Dr. Hans Fallada",
            "Mathilda May",
            "Space Girl",
            "Patrick Stewart",
            "Dr. Armstrong",
            "Michael Gothard",
            "Dr. Bukovsky",
            "Nicholas Ball",
            "Roger Derebridge",
            "Aubrey Morris",
            "Sir Percy Heseltine",
            "Nancy Paul",
            "Ellen Donaldson"
        ],
        "orig_title": "Lifeforce",
        "status": " Released",
        "orig_lang": " English",
        "budget_x": 25000000.0,
        "revenue": 11603545.0,
        "country": "AU"
    },
    {
        "title": "City Slickers",
        "date_x": "08/08/1991 ",
        "score": 64.0,
        "genre": [
            "Comedy",
            "Western"
        ],
        "overview": "Three New York businessmen decide to take a \"Wild West\" vacation that turns out not to be the relaxing vacation they had envisioned.",
        "actors": [
            "Billy Crystal",
            "Mitch Robbins",
            "Daniel Stern",
            "Phil Berquist",
            "Bruno Kirby",
            "Ed Furillo",
            "Patricia Wettig",
            "Barbara Robbins",
            "Helen Slater",
            "Bonnie Rayburn",
            "Lindsay Crystal",
            "Holly Robbins",
            "Noble Willingham",
            "Clay Stone",
            "Jack Palance",
            "Curly Washburn",
            "Tracey Walter",
            "Cookie"
        ],
        "orig_title": "City Slickers",
        "status": " Released",
        "orig_lang": " English",
        "budget_x": 27000000.0,
        "revenue": 179033791.0,
        "country": "AU"
    },
    {
        "title": "Frankenstein",
        "date_x": "11/19/1931 ",
        "score": 75.0,
        "genre": [
            "Drama",
            "Horror",
            "Science Fiction"
        ],
        "overview": "Dr. Henry Frankenstein attempts to create life by assembling a creature from body parts of the deceased. Aided by his loyal misshapen assistant, Fritz, Frankenstein succeeds in animating his monster, but, confused and traumatized, it escapes into the countryside and begins to wreak havoc. Frankenstein searches for the elusive being and eventually must confront his tormented creation.",
        "actors": [
            "Colin Clive",
            "Dr. Henry Frankenstein",
            "Mae Clarke",
            "Elizabeth",
            "John Boles",
            "Victor Moritz",
            "Boris Karloff",
            "The Monster",
            "Edward Van Sloan",
            "Dr. Waldman",
            "Frederick Kerr",
            "Baron Frankenstein",
            "Dwight Frye",
            "Fritz",
            "Lionel Belmore",
            "Herr Vogel",
            "the Burgomaster",
            "Marilyn Harris",
            "Maria"
        ],
        "orig_title": "Frankenstein",
        "status": " Released",
        "orig_lang": " English",
        "budget_x": 45000000.0,
        "revenue": 112006296.0,
        "country": "US"
    },
    {
        "title": "Backtrace",
        "date_x": "12/14/2018 ",
        "score": 53.0,
        "genre": [
            "Crime",
            "Action",
            "Thriller",
            "Drama"
        ],
        "overview": "The lone surviving thief of a violent armored car robbery is sprung from a high security facility and administered an experimental drug.",
        "actors": [
            "Matthew Modine",
            "MacDonald",
            "Ryan Guzman",
            "Lucas",
            "Sylvester Stallone",
            "Sykes",
            "Meadow Williams",
            "Erin",
            "Tyler Jon Olson",
            "Farren",
            "Colin Egglesfield",
            "Carter",
            "Christopher McDonald",
            "Franks",
            "Sergio Rizzuto",
            "Foster",
            "Swen Temmel",
            "Truby"
        ],
        "orig_title": "Backtrace",
        "status": " Released",
        "orig_lang": " English",
        "budget_x": 117000000.0,
        "revenue": 936305669.4,
        "country": "US"
    },
    {
        "title": "The Secret Life of Pets",
        "date_x": "09/07/2016 ",
        "score": 63.0,
        "genre": [
            "Adventure",
            "Comedy",
            "Animation",
            "Family"
        ],
        "overview": "The quiet life of a terrier named Max is upended when his owner takes in Duke, a stray whom Max instantly dislikes.",
        "actors": [
            "Louis C.K.",
            "Max (voice)",
            "Eric Stonestreet",
            "Duke (voice)",
            "Kevin Hart",
            "Snowball (voice)",
            "Jenny Slate",
            "Gidget (voice)",
            "Ellie Kemper",
            "Katie (voice)",
            "Albert Brooks",
            "Tiberius (voice)",
            "Lake Bell",
            "Chloe (voice)",
            "Dana Carvey",
            "Pops (voice)",
            "Hannibal Buress",
            "Buddy (voice)"
        ],
        "orig_title": "The Secret Life of Pets",
        "status": " Released",
        "orig_lang": " English",
        "budget_x": 75000000.0,
        "revenue": 885302500.0,
        "country": "AU"
    },
    {
        "title": "Animal Farm",
        "date_x": "11/20/1984 ",
        "score": 69.0,
        "genre": [
            "Animation",
            "Drama"
        ],
        "overview": "A successful farmyard revolution by the resident animals vs. the farmer goes horribly wrong when corrupt pigs hijack it for their personal gain.  Based on the socialist George Orwell’s novel “Animal Farm”, a critique of Stalinist authoritarianism.",
        "actors": [
            "Gordon Heath",
            "Narrator (voice)",
            "Maurice Denham",
            "All animals (voice)"
        ],
        "orig_title": "Animal Farm",
        "status": " Released",
        "orig_lang": " English",
        "budget_x": 136900000.0,
        "revenue": 278909359.2,
        "country": "AU"
    },
    {
        "title": "Confessions of an Invisible Girl",
        "date_x": "09/22/2021 ",
        "score": 69.0,
        "genre": [
            "Comedy",
            "Drama"
        ],
        "overview": "When the clever but socially-awkward Tetê joins a new school, she'll do anything to fit in. But the queen bee among her classmates has other ideas.",
        "actors": [
            "Klara Castanho",
            "Tetê",
            "Gabriel Lima",
            "Davi",
            "Júlia Gomes",
            "Valentina",
            "Marcus Bessa",
            "Zeca",
            "Lucca Picon",
            "Erick",
            "Caio Cabral",
            "Dudu",
            "Kiria Malheiros",
            "Samantha",
            "Fernanda Concon",
            "Laís",
            "Rosane Gofman",
            "Djanira"
        ],
        "orig_title": " Confissões de uma Garota Excluída",
        "status": " Released",
        "orig_lang": " Portuguese",
        "budget_x": 65500000.0,
        "revenue": 455599297.6,
        "country": "BR"
    },
    {
        "title": "A League of Their Own",
        "date_x": "09/10/1992 ",
        "score": 72.0,
        "genre": [
            "Comedy",
            "Drama"
        ],
        "overview": "As America's stock of athletic young men is depleted during World War II, a professional all-female baseball league springs up in the Midwest, funded by publicity-hungry candy maker Walter Harvey. Competitive sisters Dottie Hinson and Kit Keller spar with each other, scout Ernie Capadino and grumpy has-been coach Jimmy Dugan on their way to fame.",
        "actors": [
            "Tom Hanks",
            "Jimmy Dugan",
            "Geena Davis",
            "Dottie Hinson (C)",
            "Lori Petty",
            "Kit Keller (P)",
            "Madonna",
            "Mae Mordabito (CF)",
            "Rosie O'Donnell",
            "Doris Murphy (3B)",
            "Megan Cavanagh",
            "Marla Hooch (2B)",
            "Tracy Reiner",
            "Betty Horn (LF/P)",
            "Bitty Schram",
            "Evelyn Gardner (RF)",
            "Ann Cusack",
            "Shirley Baker (LF)"
        ],
        "orig_title": "A League of Their Own",
        "status": " Released",
        "orig_lang": " English",
        "budget_x": 40000000.0,
        "revenue": 132440066.0,
        "country": "AU"
    },
    {
        "title": "Hellraiser: Deader",
        "date_x": "06/07/2005 ",
        "score": 46.0,
        "genre": [
            "Horror",
            "Mystery",
            "Thriller"
        ],
        "overview": "In London, after investigating crack addicted junkies for an article in her newspaper, Amy Klein watches a bizarre videotape where an underground group of youngsters in Bucharest apparently become zombies. Amy finds Marla dead with a puzzle cube in her hands. She brings the object to her hotel room, and opens it, beginning her journey to hell.",
        "actors": [
            "Kari Wuhrer",
            "Amy Klein",
            "Paul Rhys",
            "Winter",
            "Simon Kunz",
            "Charles Richmond",
            "Marc Warren",
            "Joey",
            "Georgina Rylance",
            "Marla",
            "Maria Pintea",
            "Young Amy",
            "Doug Bradley",
            "Pinhead",
            "Ionut Chermenski",
            "Group Leader",
            "Mădălina Constantin",
            "Anna"
        ],
        "orig_title": "Hellraiser: Deader",
        "status": " Released",
        "orig_lang": " English",
        "budget_x": 4000000.0,
        "revenue": 6411510.8,
        "country": "US"
    },
    {
        "title": "UglyDolls",
        "date_x": "09/12/2019 ",
        "score": 67.0,
        "genre": [
            "Family",
            "Animation",
            "Music"
        ],
        "overview": "In the adorably different town of Uglyville, weirdness is celebrated, strangeness is special and beauty is embraced as more than meets the eye. After traveling to the other side of a mountain, Moxy and her UglyDoll friends discover Perfection -- a town where more conventional dolls receive training before entering the real world to find the love of a child.",
        "actors": [
            "Kelly Clarkson",
            "Moxy (voice)",
            "Nick Jonas",
            "Lou (voice)",
            "Janelle Monáe",
            "Mandy (voice)",
            "Blake Shelton",
            "Ox (voice)",
            "Leehom Wang",
            "Lucky Bat (voice)",
            "Pitbull",
            "Ugly Dog (voice)",
            "Wanda Sykes",
            "Wage (voice)",
            "Gabriel Iglesias",
            "Babo (voice)",
            "Emma Roberts",
            "Wedgehead (voice)"
        ],
        "orig_title": "UglyDolls",
        "status": " Released",
        "orig_lang": " English",
        "budget_x": 45000000.0,
        "revenue": 32630599.0,
        "country": "AU"
    },
    {
        "title": "Angel Heart",
        "date_x": "05/14/1987 ",
        "score": 71.0,
        "genre": [
            "Horror",
            "Mystery"
        ],
        "overview": "Down-and-out private detective Harry Angel is ordered by the mysterious Louis Cyphre to go on a mission to find a missing person. His routine failure soon leads to a bloody spar with himself, as he goes on a supernatural journey into his own soul.",
        "actors": [
            "Mickey Rourke",
            "Harry Angel",
            "Robert De Niro",
            "Louis Cyphre",
            "Lisa Bonet",
            "Epiphany Proudfoot",
            "Charlotte Rampling",
            "Margaret Krusemark",
            "Stocker Fontelieu",
            "Ethan Krusemark",
            "Brownie McGhee",
            "Toots Sweet",
            "Michael Higgins",
            "Doctor Fowler",
            "Elizabeth Whitcraft",
            "Connie",
            "Eliott Keener",
            "Sterne"
        ],
        "orig_title": "Angel Heart",
        "status": " Released",
        "orig_lang": " English",
        "budget_x": 17000000.0,
        "revenue": 17186348.0,
        "country": "AU"
    },
    {
        "title": "Everything You Always Wanted to Know About Sex *But Were Afraid to Ask",
        "date_x": "08/06/1972 ",
        "score": 66.0,
        "genre": [
            "Comedy"
        ],
        "overview": "A collection of seven vignettes, which each address a question concerning human sexuality. From aphrodisiacs to sexual perversion to the mystery of the male orgasm, characters like a court jester, a doctor, a queen and a journalist adventure through lab experiments and game shows, all seeking answers to common questions that many would never ask.",
        "actors": [
            "Woody Allen",
            "Victor / Fabrizio / The Fool / Sperm",
            "John Carradine",
            "Dr. Bernardo",
            "Lou Jacobi",
            "Sam Musgrave",
            "Louise Lasser",
            "Gina",
            "Anthony Quayle",
            "The King",
            "Tony Randall",
            "The Operator",
            "Lynn Redgrave",
            "Queen",
            "Burt Reynolds",
            "Switchboard",
            "Gene Wilder",
            "Dr. Doug Ross"
        ],
        "orig_title": "Everything You Always Wanted to Know About Sex *But Were Afraid to Ask",
        "status": " Released",
        "orig_lang": " English",
        "budget_x": 2000000.0,
        "revenue": 18016290.0,
        "country": "US"
    },
    {
        "title": "Grudge Match",
        "date_x": "01/23/2014 ",
        "score": 61.0,
        "genre": [
            "Comedy"
        ],
        "overview": "A pair of aging boxing rivals are coaxed out of retirement to fight one final bout -- 30 years after their last match.",
        "actors": [
            "Robert De Niro",
            "Billy 'The Kid' McDonnen",
            "Sylvester Stallone",
            "Henry 'Razor' Sharp",
            "Alan Arkin",
            "Louis 'Lightning' Conlon",
            "Jon Bernthal",
            "B.J. Rose",
            "Kevin Hart",
            "Dante Slate",
            "Jr.",
            "Ireland Baldwin",
            "Young Sally",
            "Kim Basinger",
            "Sally Rose",
            "LL Cool J",
            "Frankie Brite",
            "Judd Lormand",
            "McDonnen Car Salesman"
        ],
        "orig_title": "Grudge Match",
        "status": " Released",
        "orig_lang": " English",
        "budget_x": 40000000.0,
        "revenue": 69817991.0,
        "country": "AU"
    },
    {
        "title": "Overlord: The Undead King",
        "date_x": "02/25/2017 ",
        "score": 70.0,
        "genre": [
            "Animation",
            "Action",
            "Adventure",
            "Fantasy"
        ],
        "overview": "The first recap film of season 1 of the anime TV series Overlord, covering episodes 1 to 7. In the year 2138,  the popular online VR game Yggdrasil is quietly shut down one day. However, the player Momonga decides to not log out and is transformed into a powerful skeletal wizard upon shutdown. The game world continues to change, with non-player characters beginning to feel emotions. Confronted with this abnormal situation, Momonga and his loyal followers strive to investigate and take over the new world the game has become.",
        "actors": [
            "Satoshi Hino",
            "Ainz Ooal Gown / Momonga (voice)",
            "Yumi Hara",
            "Albedo (voice)",
            "Sumire Uesaka",
            "Shalltear Bloodfallen (voice)",
            "Emiri Kato",
            "Aura Bella Fiora (voice)",
            "Yumi Uchiyama",
            "Mare Bello Fiore (voice)",
            "Masayuki Katou",
            "Demiurge (voice)",
            "Kenta Miyake",
            "Cocytus (voice)",
            "Asami Seto",
            "CZ2128 Delta (voice)",
            "Aoi Yuki",
            "Clementine (voice)"
        ],
        "orig_title": " 劇場版総集編 オーバーロード 不死者の王【前編】",
        "status": " Released",
        "orig_lang": " Japanese",
        "budget_x": 143000000.0,
        "revenue": 710606089.4,
        "country": "JP"
    },
    {
        "title": "The Wizard of Lies",
        "date_x": "05/11/2017 ",
        "score": 67.0,
        "genre": [
            "Crime",
            "Drama",
            "History",
            "Thriller",
            "TV Movie"
        ],
        "overview": "A look behind the scenes at Bernie Madoff's massive Ponzi scheme, how it was perpetrated on the public and the trail of destruction it left in its wake, both for the victims and Madoff's family.",
        "actors": [
            "Robert De Niro",
            "Bernie Madoff",
            "Michelle Pfeiffer",
            "Ruth Madoff",
            "Hank Azaria",
            "Frank Dipascali",
            "Kristen Connolly",
            "Stephanie Madoff",
            "Lily Rabe",
            "Catherine Hooper",
            "Alessandro Nivola",
            "Mark Madoff",
            "Kathrine Narducci",
            "Eleanor Squillari",
            "Nathan Darrow",
            "Andrew Madoff",
            "Steve Coulter",
            "Martin London"
        ],
        "orig_title": "The Wizard of Lies",
        "status": " Released",
        "orig_lang": " English",
        "budget_x": 132600000.0,
        "revenue": 745182666.2,
        "country": "US"
    },
    {
        "title": "Next Door Sisters",
        "date_x": "06/26/2018 ",
        "score": 10.0,
        "genre": [
            "Romance"
        ],
        "overview": "Two wives are stuck in sexless marriages and wish to change that. They turn to a mysterious internet product to help.",
        "actors": [
            "Jin Si-ah",
            "",
            "Lee Chae-dam",
            "",
            "Jo Yong-bok",
            "",
            "Jin Joo",
            "",
            "Kang Min-woo",
            ""
        ],
        "orig_title": " 옆집 누나들",
        "status": " Released",
        "orig_lang": " Korean",
        "budget_x": 201940000.0,
        "revenue": 38157314.0,
        "country": "KR"
    },
    {
        "title": "Doraemon: Nobita's Great Adventure in the South Seas",
        "date_x": "03/07/1998 ",
        "score": 70.0,
        "genre": [
            "Animation"
        ],
        "overview": "The search for documentation about the sea for a school work will make the magic door of Doraemon open and take Nobita to Shizuka, Gian and Sueno in the deep ocean. This time our friends embark on a huge and unique boat in order to learn about the mysteries of the sea and look for treasures. What nobody imagines is that a distortion in the line of space-time will lead them to the seventeenth century amid a great storm that will make them wreck and where Doraemon loses its magic pocket. No time to lose, our friends must find a way out. Will they succeed?",
        "actors": [
            "Kazuya Tatekabe",
            "Takeshi Gôda (voice)",
            "Noriko Ohara",
            "Nobita Nobi (voice)",
            "Nobuyo Oyama",
            "Doraemon (voice)",
            "Tohru Emori",
            "Captain Kid (voice)",
            "Paul Lucas",
            "Pirate (voice)"
        ],
        "orig_title": " ドラえもん のび太の南海大冒険",
        "status": " Released",
        "orig_lang": " Japanese",
        "budget_x": 72000000.0,
        "revenue": 757565646.4,
        "country": "JP"
    },
    {
        "title": "How to Train Your Dragon: Snoggletog Log",
        "date_x": "12/05/2019 ",
        "score": 65.0,
        "genre": [
            "Animation",
            "Family"
        ],
        "overview": "When Hiccup and Toothless begin sharing stories of their special relationship with their respective families as they prepare for the Snoggletog Festival, it quickly becomes clear that the new generation of Vikings don’t remember the bond between dragon and human.",
        "actors": [
            "Avery Brunson",
            "Astrid (voice)"
        ],
        "orig_title": "How to Train Your Dragon: Snoggletog Log",
        "status": " Released",
        "orig_lang": " English",
        "budget_x": 147000000.0,
        "revenue": 790320116.8,
        "country": "US"
    },
    {
        "title": "After Yang",
        "date_x": "04/28/2022 ",
        "score": 64.0,
        "genre": [
            "Science Fiction",
            "Drama"
        ],
        "overview": "When his young daughter's beloved companion — an android named Yang — malfunctions, Jake searches for a way to repair him. In the process, Jake discovers the life that has been passing in front of him, reconnecting with his wife and daughter across a distance he didn't know was there.",
        "actors": [
            "Colin Farrell",
            "Jake",
            "Jodie Turner-Smith",
            "Kyra",
            "Malea Emma Tjandrawidjaja",
            "Mika",
            "Justin H. Min",
            "Yang",
            "Ritchie Coster",
            "Russ",
            "Sarita Choudhury",
            "Cleo",
            "Clifton Collins Jr.",
            "George",
            "Haley Lu Richardson",
            "Ada",
            "Orlagh Cassidy",
            "Lillian"
        ],
        "orig_title": "After Yang",
        "status": " Released",
        "orig_lang": " English",
        "budget_x": 43540000.0,
        "revenue": 131465.0,
        "country": "AU"
    },
    {
        "title": "Rage",
        "date_x": "05/09/2014 ",
        "score": 53.0,
        "genre": [
            "Action",
            "Crime",
            "Thriller"
        ],
        "overview": "When the Russian mob kidnaps the daughter of a reformed criminal, he rounds up his old crew and seeks his own brand of justice.",
        "actors": [
            "Nicolas Cage",
            "Paul Maguire",
            "Aubrey Peeples",
            "Caitlin Maguire",
            "Rachel Nichols",
            "Vanessa Maguire",
            "Peter Stormare",
            "Francis O'Connell",
            "Danny Glover",
            "Detective St. John",
            "Max Ryan",
            "Kane",
            "Weston Cage Coppola",
            "Young Paul",
            "Jack Falahee",
            "Evan",
            "Elena Sanchez",
            "Lisa"
        ],
        "orig_title": "Rage",
        "status": " Released",
        "orig_lang": " English",
        "budget_x": 15000000.0,
        "revenue": 2424381.0,
        "country": "US"
    },
    {
        "title": "The Clovehitch Killer",
        "date_x": "06/04/2019 ",
        "score": 64.0,
        "genre": [
            "Drama",
            "Mystery",
            "Crime"
        ],
        "overview": "A picture-perfect family is torn apart after Tyler finds a cache of disturbing images in his father's possession. He begins to suspect that the man he trusts most in the world may be responsible for the murder of 13 women ten years prior.",
        "actors": [
            "Dylan McDermott",
            "Don",
            "Charlie Plummer",
            "Tyler",
            "Samantha Mathis",
            "Cindy",
            "Madisen Beaty",
            "Kassi",
            "Brenna Sherman",
            "Susie",
            "Lance Chantiles-Wertz",
            "Billy",
            "Emma Jones",
            "Amy",
            "Jonathan K. Riggs",
            "Pastor Randy",
            "Katarina Perez",
            "Friendly Woman"
        ],
        "orig_title": "The Clovehitch Killer",
        "status": " Released",
        "orig_lang": " English",
        "budget_x": 110400000.0,
        "revenue": 478763533.4,
        "country": "AU"
    },
    {
        "title": "Stasis",
        "date_x": "06/02/2017 ",
        "score": 35.0,
        "genre": [
            "Adventure",
            "Science Fiction"
        ],
        "overview": "After a night out of partying and left behind by her friends, Ava wakes up and sneaks back home only to find that she's already safe in bed. But that's not Ava - it's someone who looks just like her. A time-traveling fugitive has stolen Ava's body, her identity, and her life. What's more -- she's not alone. There are others, hiding in the past, secretly living among us, plotting to alter the future. Without her body, Ava is a virtual ghost, silent and invisible to the world. And, so far as she knows, she's the only one who can stop them and put the timeline back on course.",
        "actors": [
            "Anna Harr",
            "Ava / Seattle",
            "Mark Grossman",
            "Lancer",
            "London Grace",
            "Jessica",
            "Tiana Masaniai",
            "Huntress",
            "Caleb Thomas",
            "Matt",
            "Richard Lippert",
            "Captain Suthers",
            "Jeff Locker",
            "Paseo",
            "Greg Lutz",
            "Higgs",
            "Gregory Shelby",
            "Future Lancer"
        ],
        "orig_title": "Stasis",
        "status": " Released",
        "orig_lang": " English",
        "budget_x": 49770000.0,
        "revenue": 329856760.8,
        "country": "TW"
    },
    {
        "title": "The Ghost and the Darkness",
        "date_x": "01/09/1997 ",
        "score": 68.0,
        "genre": [
            "Adventure",
            "Action",
            "Thriller"
        ],
        "overview": "Sir Robert Beaumont is behind schedule on a railroad in Africa. Enlisting noted engineer John Henry Patterson to right the ship, Beaumont expects results. Everything seems great until the crew discovers the mutilated corpse of the project's foreman, seemingly killed by a lion. After several more attacks, Patterson calls in famed hunter Charles Remington, who has finally met his match in the bloodthirsty lions.",
        "actors": [
            "Michael Douglas",
            "Charles Remington",
            "Val Kilmer",
            "Col. John Henry Patterson",
            "Tom Wilkinson",
            "Sir Robert Beaumont",
            "John Kani",
            "Samuel",
            "Emily Mortimer",
            "Helena Patterson",
            "Bernard Hill",
            "Dr. David Hawthorne",
            "Brian McCardie",
            "Angus Starling",
            "Om Puri",
            "Abdullah",
            "Henry Cele",
            "Mahina"
        ],
        "orig_title": "The Ghost and the Darkness",
        "status": " Released",
        "orig_lang": " English",
        "budget_x": 55000000.0,
        "revenue": 38564422.0,
        "country": "AU"
    },
    {
        "title": "Darlin'",
        "date_x": "03/09/2019 ",
        "score": 54.0,
        "genre": [
            "Horror",
            "Thriller",
            "Mystery"
        ],
        "overview": "Found at a Catholic hospital filthy and ferocious, feral teenager Darlin’ is whisked off to a care home run by The Bishop and his obedient nuns, where she’s to be rehabilitated into a \"good girl\" as an example of the miraculous work of the church. But Darlin’ holds a secret darker than the \"sins\" she is threatened with, and she is not traveling alone. The Woman who raised her, equally fierce and feral, is ever present in the shadows of Darlin’s psyche and is determined to come for her no matter who tries to get in her way.",
        "actors": [
            "Lauryn Canny",
            "Darlin’",
            "Bryan Batt",
            "The Bishop",
            "Nora-Jane Noone",
            "Sister Jennifer",
            "Cooper Andrews",
            "Tony",
            "Pollyanna McIntosh",
            "The Woman",
            "John McConnell",
            "Dr. Grant",
            "Geraldine Singer",
            "Sister Grace",
            "Maddie Nichols",
            "Billy",
            "Mackenzie Graham",
            "Bug"
        ],
        "orig_title": "Darlin'",
        "status": " Released",
        "orig_lang": " English",
        "budget_x": 106000000.0,
        "revenue": 135557991.6,
        "country": "US"
    },
    {
        "title": "Vehicle 19",
        "date_x": "06/14/2013 ",
        "score": 54.0,
        "genre": [
            "Thriller",
            "Action"
        ],
        "overview": "A parolee becomes the target of a massive police manhunt after inadvertently picking up a rental car with a female whistleblower tied up in the trunk. Now, as the police attempt to silence the woman before she can testify about the city's rampant corruption, the ex-con who just regained his freedom must defend her life, and clear his own name.",
        "actors": [
            "Paul Walker",
            "Michael Woods",
            "Naima McLean",
            "Rachel Shabangu",
            "Gys de Villiers",
            "Detective Smith",
            "Leyla Haidarian",
            "Angelica Moore",
            "Tshepo Maseko",
            "Lieutenant",
            "Andrian Mazive",
            "Journalist Benji",
            "Welile Nzuza",
            "Mohawk",
            "Mangaliso Ngema",
            "Judge",
            "Ernest Kubayi",
            "Crackhead"
        ],
        "orig_title": "Vehicle 19",
        "status": " Released",
        "orig_lang": " English",
        "budget_x": 103000000.0,
        "revenue": 704267152.4,
        "country": "US"
    },
    {
        "title": "The Ice Storm",
        "date_x": "09/27/1997 ",
        "score": 69.0,
        "genre": [
            "Drama"
        ],
        "overview": "In the weekend after thanksgiving 1973 the Hood family is skidding out of control. Then an ice storm hits, the worst in a century.",
        "actors": [
            "Kevin Kline",
            "Ben Hood",
            "Joan Allen",
            "Elena Hood",
            "Sigourney Weaver",
            "Janey Carver",
            "Jamey Sheridan",
            "Jim Carver",
            "Christina Ricci",
            "Wendy Hood",
            "Tobey Maguire",
            "Paul Hood",
            "Elijah Wood",
            "Mikey Carver",
            "Adam Hann-Byrd",
            "Sandy Carver",
            "Michael Cumpsty",
            "Philip Edwards"
        ],
        "orig_title": "The Ice Storm",
        "status": " Released",
        "orig_lang": " English",
        "budget_x": 18000000.0,
        "revenue": 16011975.0,
        "country": "US"
    },
    {
        "title": "A Week Away",
        "date_x": "03/26/2021 ",
        "score": 69.0,
        "genre": [
            "Drama",
            "Music",
            "Romance",
            "Comedy"
        ],
        "overview": "Troubled teen Will Hawkins has a run-in with the law that puts him at an important crossroad: go to juvenile detention or attend a Christian summer camp. At first a fish-out-of-water, Will opens his heart, discovers love with a camp regular, and sense of belonging in the last place he expected to find it.",
        "actors": [
            "Bailee Madison",
            "Avery",
            "Kevin G. Quinn",
            "Will Hawkins",
            "Sherri Shepherd",
            "Kristin",
            "David Koechner",
            "David",
            "Jahbril Cook",
            "George",
            "Kat Conner Sterling",
            "Presley",
            "Iain Tucker",
            "Sean",
            "Ed Amatrudo",
            "Mark",
            "Hutch Greene",
            "Timmy"
        ],
        "orig_title": "A Week Away",
        "status": " Released",
        "orig_lang": " English",
        "budget_x": 97000000.0,
        "revenue": 580151910.0,
        "country": "US"
    },
    {
        "title": "Wife for Rent",
        "date_x": "05/14/2020 ",
        "score": 10.0,
        "genre": [
            "Romance"
        ],
        "overview": "Ae-ra who has been living as a a chauffeur for women is often deprived of her own money by her husband who takes them away. To earn 30,000 won, Ae-ra, did whatever the boarders wanted, and then one day, she received a strange offer from her husband. Her husband who used to swear a lot started to have her for rent through SNS to raise money for gambling, while she feels like she's going to die every day. Then one day, a certain fate comes to her...",
        "actors": [
            "Min Jung",
            "",
            "Gil Dong",
            "",
            "Hae Il",
            "",
            "Si Woo",
            "",
            "James",
            ""
        ],
        "orig_title": " 아내를 빌려드립니다",
        "status": " Released",
        "orig_lang": " Korean",
        "budget_x": 201940000.0,
        "revenue": 38157314.0,
        "country": "KR"
    },
    {
        "title": "The Wrong Trousers",
        "date_x": "08/02/1994 ",
        "score": 77.0,
        "genre": [
            "Animation",
            "Comedy",
            "Family"
        ],
        "overview": "Wallace rents out Gromit's former bedroom to a penguin, who takes up an interest in the techno pants created by Wallace. However, Gromit later learns that the penguin is a wanted criminal.",
        "actors": [
            "Peter Sallis",
            "Wallace (voice)"
        ],
        "orig_title": "The Wrong Trousers",
        "status": " Released",
        "orig_lang": " English",
        "budget_x": 109000000.0,
        "revenue": 662171130.6,
        "country": "AU"
    },
    {
        "title": "Ironclad",
        "date_x": "06/24/2011 ",
        "score": 62.0,
        "genre": [
            "Romance",
            "Adventure",
            "Action",
            "History"
        ],
        "overview": "In the year 1215, the rebel barons of England have forced their despised King John to put his royal seal on the Magna Carta, a seminal document that upheld the rights of free men. Yet within months of pledging himself to the great charter, the King reneged on his word and assembled a mercenary army on the south coast of England with the intention of bringing the barons and the country back under his tyrannical rule. Barring his way stood the mighty Rochester castle, a place that would become the symbol of the rebel's momentous struggle for justice and freedom.",
        "actors": [
            "James Purefoy",
            "Thomas Marshall",
            "Kate Mara",
            "Lady Isabel",
            "Jason Flemyng",
            "Becket",
            "Paul Giamatti",
            "King John",
            "Brian Cox",
            "Albany",
            "Derek Jacobi",
            "Cornhill",
            "Charles Dance",
            "Stephen Langton",
            "Archbishop of Canterbury",
            "Aneurin Barnard",
            "Guy",
            "Jamie Foreman",
            "Coteral"
        ],
        "orig_title": "Ironclad",
        "status": " Released",
        "orig_lang": " English",
        "budget_x": 25000000.0,
        "revenue": 5297411.0,
        "country": "AU"
    },
    {
        "title": "One Wild Moment",
        "date_x": "06/24/2015 ",
        "score": 58.0,
        "genre": [
            "Drama",
            "Romance"
        ],
        "overview": "Antoine and Laurent, old friends, spend their vacation in Corsica with their respective daughters: seventeen-year-old Louna and eighteen-year-old Marie. One evening at the beach, Louna seduces Laurent. Louna is in love, but for Laurent it was nothing more than a momentary distraction. Without revealing her lover's name, Louna confides in her father, who tries by any means to discover who his daughter's lover is. How long will the secret be able to be kept hidden?",
        "actors": [
            "Vincent Cassel",
            "Laurent",
            "François Cluzet",
            "Antoine",
            "Alice Isaaz",
            "Marie",
            "Lola Le Lann",
            "Louna",
            "Philippe Nahon",
            "Le voisin",
            "Annelise Hesme",
            "Sylvie",
            "Louka Meliava",
            "Romain",
            "Noémie Merlant",
            "Linda",
            "Romain Apelbaum",
            "Le DJ Via Notte"
        ],
        "orig_title": " Un moment d'égarement",
        "status": " Released",
        "orig_lang": " French",
        "budget_x": 108200000.0,
        "revenue": 196920944.4,
        "country": "FR"
    },
    {
        "title": "Color Out of Space",
        "date_x": "02/06/2020 ",
        "score": 60.0,
        "genre": [
            "Mystery",
            "Science Fiction",
            "Horror",
            "Thriller",
            "Drama"
        ],
        "overview": "The Gardner family moves to a remote farmstead in rural New England to escape the hustle of the 21st century. They are busy adapting to their new life when a meteorite crashes into their front yard, melts into the earth, and infects both the land and the properties of space-time with a strange, otherworldly colour. To their horror, the family discovers this alien force is gradually mutating every life form that it touches—including them.",
        "actors": [
            "Nicolas Cage",
            "Nathan Gardner",
            "Joely Richardson",
            "Theresa Gardner",
            "Madeleine Arthur",
            "Lavinia Gardner",
            "Elliot Knight",
            "Ward Phillips",
            "Tommy Chong",
            "Ezra",
            "Brendan Meyer",
            "Benny Gardner",
            "Julian Hilliard",
            "Jack Gardner",
            "Josh C. Waller",
            "Sheriff Pierce",
            "Q'orianka Kilcher",
            "Mayor Tooma"
        ],
        "orig_title": "Color Out of Space",
        "status": " Released",
        "orig_lang": " English",
        "budget_x": 6000000.0,
        "revenue": 1023510.0,
        "country": "AU"
    },
    {
        "title": "Julius Caesar",
        "date_x": "12/27/2002 ",
        "score": 66.0,
        "genre": [
            "War",
            "Drama",
            "History"
        ],
        "overview": "Twenty year-old Julius Caesar flees Rome for his life during the reign of Sulla but through skill and ambition rises four decades later to become Rome's supreme dictator.",
        "actors": [
            "Jeremy Sisto",
            "Gaius Julius Caesar",
            "Richard Harris",
            "Lucius Cornelius Sulla",
            "Christopher Walken",
            "Marcus Portius Cato",
            "Chris Noth",
            "Pompey",
            "Valeria Golino",
            "Calpurnia",
            "Pamela Bowen",
            "Aurelia",
            "Heino Ferch",
            "Vercingetorix",
            "Tobias Moretti",
            "Caius Cassius",
            "Samuela Sardo",
            "Cleopatra"
        ],
        "orig_title": "Julius Caesar",
        "status": " Released",
        "orig_lang": " English",
        "budget_x": 167000000.0,
        "revenue": 498004423.6,
        "country": "US"
    },
    {
        "title": "Fire and Ice",
        "date_x": "08/26/1983 ",
        "score": 66.0,
        "genre": [
            "Animation",
            "Fantasy",
            "Science Fiction"
        ],
        "overview": "In this animated tale, a tiny village is destroyed by a surging glacier, which serves as the deadly domain for the evil Ice Lord, Nekron. The only survivor is a young warrior, Larn, who vows to avenge this act of destruction. The evil continues, however, as Nekron's palace of ice heads straight towards Fire Keep, the great fortress ruled by the good King Jarol. When Jarol's beautiful daughter, Teegra, is abducted by Nekron's sub-human ape-like creatures, Larn begins a daring search for her. What results is a tense battle between good and evil, surrounded by the mystical elements of the ancient past.",
        "actors": [
            "Randy Norton",
            "Larn",
            "Cynthia Leake",
            "Teegra",
            "Steve Sandor",
            "Darkwolf",
            "Sean Hannon",
            "Nekron",
            "Leo Gordon",
            "Jarol",
            "William Ostrander",
            "Taro / Larn (voice)",
            "Eileen O'Neill",
            "Juliana",
            "Elizabeth Lloyd Shaw",
            "Roleil",
            "Micky Morton",
            "Otwa"
        ],
        "orig_title": "Fire and Ice",
        "status": " Released",
        "orig_lang": " English",
        "budget_x": 1200000.0,
        "revenue": 760883.0,
        "country": "US"
    },
    {
        "title": "Fist of the North Star",
        "date_x": "03/08/1986 ",
        "score": 69.0,
        "genre": [
            "Animation",
            "Action",
            "Science Fiction"
        ],
        "overview": "After a nuclear holocaust tears the world apart, mankind is forced to the harshness of not only the oppression of others who are much more powerful, but the dead earth which seems to be getting worse with every passing moment. But a savior has risen from the ashes, a man who will defeat those who would torment the weak and make the world a livable place once more. A man named Kenshiro...",
        "actors": [
            "Akira Kamiya",
            "Kenshirô",
            "Yuriko Yamamoto",
            "Yuria (Julia)",
            "Kenji Utsumi",
            "Ken-Ô (Raoh)",
            "Chikao Ohtsuka",
            "Jagi",
            "Toshio Furukawa",
            "Shin",
            "Kaneto Shiozawa",
            "Rei",
            "Tomiko Suzuki",
            "Rin (Lynn)",
            "Teiyu Ichiryusai",
            "Bat (Bart) (as Mie Suzuki)",
            "Arisa Andô",
            "Airi"
        ],
        "orig_title": " 北斗の拳",
        "status": " Released",
        "orig_lang": " Japanese",
        "budget_x": 27220000.0,
        "revenue": 18000000.0,
        "country": "JP"
    },
    {
        "title": "Shaft",
        "date_x": "06/15/2000 ",
        "score": 60.0,
        "genre": [
            "Action",
            "Adventure",
            "Crime",
            "Thriller"
        ],
        "overview": "New York police detective John Shaft arrests Walter Wade Jr. for a racially motivated slaying. But the only eyewitness disappears, and Wade jumps bail for Switzerland. Two years later Wade returns to face trial, confident his money and influence will get him acquitted -- especially since he's paid a drug kingpin to kill the witness.",
        "actors": [
            "Samuel L. Jackson",
            "John Shaft",
            "Vanessa Williams",
            "Carmen Vasquez",
            "Jeffrey Wright",
            "Peoples Hernandez",
            "Christian Bale",
            "Walter Wade",
            "Jr.",
            "Busta Rhymes",
            "Rasaan",
            "Dan Hedaya",
            "Jack Roselli",
            "Toni Collette",
            "Diane Palmieri",
            "Richard Roundtree",
            "\"Uncle\" John Shaft",
            "Ruben Santiago-Hudson",
            "Jimmy Groves"
        ],
        "orig_title": "Shaft",
        "status": " Released",
        "orig_lang": " English",
        "budget_x": 53012938.0,
        "revenue": 107190108.0,
        "country": "US"
    },
    {
        "title": "Shaft",
        "date_x": "06/15/2000 ",
        "score": 60.0,
        "genre": [
            "Action",
            "Adventure",
            "Crime",
            "Thriller"
        ],
        "overview": "New York police detective John Shaft arrests Walter Wade Jr. for a racially motivated slaying. But the only eyewitness disappears, and Wade jumps bail for Switzerland. Two years later Wade returns to face trial, confident his money and influence will get him acquitted -- especially since he's paid a drug kingpin to kill the witness.",
        "actors": [
            "Samuel L. Jackson",
            "John Shaft",
            "Vanessa Williams",
            "Carmen Vasquez",
            "Jeffrey Wright",
            "Peoples Hernandez",
            "Christian Bale",
            "Walter Wade",
            "Jr.",
            "Busta Rhymes",
            "Rasaan",
            "Dan Hedaya",
            "Jack Roselli",
            "Toni Collette",
            "Diane Palmieri",
            "Richard Roundtree",
            "\"Uncle\" John Shaft",
            "Ruben Santiago-Hudson",
            "Jimmy Groves"
        ],
        "orig_title": "Shaft",
        "status": " Released",
        "orig_lang": " English",
        "budget_x": 30000000.0,
        "revenue": 21360215.0,
        "country": "US"
    },
    {
        "title": "The Wedding Date",
        "date_x": "02/04/2005 ",
        "score": 68.0,
        "genre": [
            "Comedy",
            "Romance"
        ],
        "overview": "With the wedding of her younger sister fast approaching, Kat Ellis faces the undesirable prospect of traveling alone to London for the ceremony. While this is bad enough, Jeffrey, the man who left her as they moved closer to marriage, happens to be the groom's best man. Determined to show everyone -- most of all Jeffrey -- that her romantic life is as full and thrilling as ever, Kat hires a charming male escort as her date.",
        "actors": [
            "Debra Messing",
            "Kat Ellis",
            "Dermot Mulroney",
            "Nick Mercer",
            "Amy Adams",
            "Amy Ellis",
            "Jack Davenport",
            "Edward Fletcher-Wooten",
            "Jeremy Sheffield",
            "Jeffrey",
            "Peter Egan",
            "Victor Ellis",
            "Sarah Parish",
            "TJ",
            "Holland Taylor",
            "Bunny",
            "Jay Simon",
            "The Flight Attendant"
        ],
        "orig_title": "The Wedding Date",
        "status": " Released",
        "orig_lang": " English",
        "budget_x": 15000000.0,
        "revenue": 47175038.0,
        "country": "US"
    },
    {
        "title": "Honey 3: Dare to Dance",
        "date_x": "09/06/2016 ",
        "score": 66.0,
        "genre": [
            "Music",
            "Drama",
            "Family",
            "Romance"
        ],
        "overview": "While attending college in Cape Town, Melea Martin feels constrained by the school's strict policies, and decides to set out on her own. Searching for a way to use her talents as a dancer and inspire the community around her, Melea rents a failing theater in order to put on a Hip-Hop Romeo and Juliet performance. But much like the Capulets and Montagues, conflicts between cast members threaten to bring the whole performance to a halt...",
        "actors": [
            "Cassie Ventura",
            "Melea Martin",
            "Kenny Wormald",
            "Erik Wildwood",
            "Dena Kaplan",
            "Nadine",
            "Bobby Lockwood",
            "Laser",
            "Sibongile Mlambo",
            "Ishani Magona",
            "Sivuyile Ngesi",
            "DJ Zubair Khumalo",
            "Clayton Evertson",
            "Taj Mfeka",
            "Adrian Galley",
            "Mr. Sammy Wright",
            "Ambrose Uren",
            "Dajon Bell"
        ],
        "orig_title": "Honey 3: Dare to Dance",
        "status": " Released",
        "orig_lang": " English",
        "budget_x": 70740523.8,
        "revenue": 312970471.8,
        "country": "US"
    },
    {
        "title": "Saint Paul",
        "date_x": "12/03/2000 ",
        "score": 67.0,
        "genre": [
            "Drama",
            "History",
            "Adventure"
        ],
        "overview": "Paul's epistles covering his conversion from Saul of Tarsus to his ministry to the Gentiles.",
        "actors": [
            "Johannes Brandrup",
            "Paulus",
            "Thomas Lockyer",
            "Ruben",
            "Barbora Bobuľová",
            "Dina",
            "Ennio Fantastichini",
            "Simon Petrus",
            "Giorgio Pasotti",
            "Johannes",
            "Franco Nero",
            "Gamaliel",
            "Daniela Poggi",
            "Maria",
            "Umberto Orsini",
            "Tribun",
            "Christian Brendel",
            "Jakobus"
        ],
        "orig_title": "Saint Paul",
        "status": " Released",
        "orig_lang": " English",
        "budget_x": 123000000.0,
        "revenue": 694331770.4,
        "country": "US"
    },
    {
        "title": "Emanuelle and the Last Cannibals",
        "date_x": "10/21/1977 ",
        "score": 50.0,
        "genre": [
            "Adventure",
            "Horror"
        ],
        "overview": "While doing undercover work in a mental hospital, Emanuelle discovers a girl who seems to have been raised by a tribe of amazonian cannibals. Intrigued, Emanuelle and friends travel deep into the Amazon jungle, where they find that the supposedly extinct tribe of cannibals is still very much alive.",
        "actors": [
            "Laura Gemser",
            "Emanuelle",
            "Gabriele Tinti",
            "Professor Mark Lester",
            "Nieves Navarro",
            "Maggie McKenzie",
            "Donald O'Brien",
            "Donald McKenzie",
            "Percy Hogan",
            "Salvadore",
            "Mónica Zanchi",
            "Isabelle Wilkes",
            "Annamaria Clementi",
            "Sister Angela",
            "Geoffrey Copleston",
            "Wilkes",
            "Dirce Funari",
            ""
        ],
        "orig_title": " Emanuelle e gli ultimi cannibali",
        "status": " Released",
        "orig_lang": " Italian",
        "budget_x": 159600000.0,
        "revenue": 380590375.0,
        "country": "IT"
    },
    {
        "title": "Bonnie and Clyde",
        "date_x": "12/19/1967 ",
        "score": 75.0,
        "genre": [
            "Crime",
            "Drama"
        ],
        "overview": "In the 1930s, bored waitress Bonnie Parker falls in love with an ex-con named Clyde Barrow and together they start a violent crime spree through the country, stealing cars and robbing banks.",
        "actors": [
            "Warren Beatty",
            "Clyde Barrow",
            "Faye Dunaway",
            "Bonnie Parker",
            "Michael J. Pollard",
            "C. W. Moss",
            "Gene Hackman",
            "Buck Barrow",
            "Estelle Parsons",
            "Blanche",
            "Denver Pyle",
            "Frank Hamer",
            "Dub Taylor",
            "Ivan Moss",
            "Evans Evans",
            "Velma Davis",
            "Gene Wilder",
            "Eugene Grizzard"
        ],
        "orig_title": "Bonnie and Clyde",
        "status": " Released",
        "orig_lang": " English",
        "budget_x": 2500000.0,
        "revenue": 50700128.0,
        "country": "AU"
    }
]