[
    {
        "title": "Les Misérables",
        "date_x": "12/26/2012 ",
        "score": 73.0,
        "genre": [
            "History",
            "Drama"
        ],
        "overview": "An adaptation of the successful stage musical based on Victor Hugo's classic novel set in 19th-century France, in which a paroled prisoner named Jean Valjean seeks redemption.",
        "actors": [
            "Hugh Jackman",
            "Jean Valjean",
            "Russell Crowe",
            "Javert",
            "Anne Hathaway",
            "Fantine",
            "Amanda Seyfried",
            "Cosette",
            "Sacha Baron Cohen",
            "Thénardier",
            "Helena Bonham Carter",
            "Madame Thénardier",
            "Eddie Redmayne",
            "Marius Pontmercy",
            "Aaron Tveit",
            "Enjolras",
            "Samantha Barks",
            "Éponine"
        ],
        "orig_title": "Les Misérables",
        "status": " Released",
        "orig_lang": " English",
        "budget_x": 65000000.0,
        "revenue": 438420442.0,
        "country": "AU"
    },
    {
        "title": "The Wave",
        "date_x": "08/28/2015 ",
        "score": 67.0,
        "genre": [
            "Thriller"
        ],
        "overview": "Although theorised, no one is really ready when a mountain pass above the scenic and narrow Geiranger fjord in Norway collapses and creates a tsunami over 300 feet high. A geologist is one of those caught in the middle of it.",
        "actors": [
            "Kristoffer Joner",
            "Kristian Eikjord",
            "Ane Dahl Torp",
            "Idun Karlsen",
            "Jonas Hoff Oftebro",
            "Sondre Eikjord",
            "Edith Haagenrud-Sande",
            "Julia Eikjord",
            "Fridtjov Såheim",
            "Arvid Øvrebø",
            "Laila Goody",
            "Margot Valldal",
            "Arthur Berning",
            "Jacob Vikra",
            "Herman Bernhoft",
            "Georg",
            "Eili Harboe",
            "Vibeke"
        ],
        "orig_title": " Bølgen",
        "status": " Released",
        "orig_lang": " Norwegian",
        "budget_x": 5904067.0,
        "revenue": 12975143.0,
        "country": "NO"
    },
    {
        "title": "The Hunt for Red October",
        "date_x": "04/05/1990 ",
        "score": 74.0,
        "genre": [
            "Action",
            "Adventure",
            "Thriller"
        ],
        "overview": "A new technologically-superior Soviet nuclear sub, the Red October, is heading for the U.S. coast under the command of Captain Marko Ramius. The American government thinks Ramius is planning to attack. A lone CIA analyst has a different idea: he thinks Ramius is planning to defect, but he has only a few hours to find him and prove it - because the entire Russian naval and air commands are trying to find him, too. The hunt is on!",
        "actors": [
            "Sean Connery",
            "Captain Marko Ramius",
            "Alec Baldwin",
            "Jack Ryan",
            "Scott Glenn",
            "Bart Mancuso",
            "Sam Neill",
            "Captain Vasily Borodin",
            "James Earl Jones",
            "Admiral James Greer",
            "Joss Ackland",
            "Andrei Lysenko",
            "Richard Jordan",
            "Jeffrey Pelt",
            "Peter Firth",
            "Ivan Putin",
            "Tim Curry",
            "Dr. Yevgeniy Petrov"
        ],
        "orig_title": "The Hunt for Red October",
        "status": " Released",
        "orig_lang": " English",
        "budget_x": 30000000.0,
        "revenue": 200500000.0,
        "country": "AU"
    },
    {
        "title": "Snakes on a Plane",
        "date_x": "08/24/2006 ",
        "score": 54.0,
        "genre": [
            "Action",
            "Crime",
            "Thriller",
            "Horror"
        ],
        "overview": "America is on the search for the murderer Eddie Kim. Sean Jones must fly to L.A. to testify in a hearing against Kim. Accompanied by FBI agent Neville Flynn, the flight receives some unexpected visitors.",
        "actors": [
            "Samuel L. Jackson",
            "Neville Flynn",
            "Julianna Margulies",
            "Claire Miller",
            "Nathan Phillips",
            "Sean Jones",
            "Kenan Thompson",
            "Troy",
            "Rachel Blanchard",
            "Mercedes",
            "Flex Alexander",
            "Three G's",
            "Keith Dallas",
            "Big Leroy",
            "Sunny Mabrey",
            "Tiffany",
            "Lin Shaye",
            "Grace"
        ],
        "orig_title": "Snakes on a Plane",
        "status": " Released",
        "orig_lang": " English",
        "budget_x": 33000000.0,
        "revenue": 62020814.0,
        "country": "AU"
    },
    {
        "title": "Paul Blart: Mall Cop",
        "date_x": "03/19/2009 ",
        "score": 54.0,
        "genre": [
            "Action",
            "Adventure",
            "Comedy",
            "Family"
        ],
        "overview": "Mild-mannered Paul Blart has always had huge dreams of becoming a State Trooper. Until then, he patrols the local mall as a security guard. With his closely cropped moustache, personal transporter and gung-ho attitude, only Blart seems to take his job seriously. All that changes when a team of thugs raids the mall and takes hostages. Untrained, unarmed and a super-size target, Blart has to become a real cop to save the day.",
        "actors": [
            "Kevin James",
            "Paul Blart",
            "Keir O'Donnell",
            "Veck Sims",
            "Jayma Mays",
            "Amy",
            "Bobby Cannavale",
            "Cmdr. James Kent",
            "Shirley Knight",
            "Mom",
            "Raini Rodriguez",
            "Maya Blart",
            "Stephen Rannazzisi",
            "Stuart",
            "Peter Gerety",
            "Chief Brooks",
            "Adam Ferrara",
            "Sergeant Howard"
        ],
        "orig_title": "Paul Blart: Mall Cop",
        "status": " Released",
        "orig_lang": " English",
        "budget_x": 26000000.0,
        "revenue": 185904750.0,
        "country": "AU"
    },
    {
        "title": "Crisis",
        "date_x": "03/18/2021 ",
        "score": 64.0,
        "genre": [
            "Thriller",
            "Crime",
            "Drama"
        ],
        "overview": "Three stories about the world of opioids collide: a drug trafficker arranges a multi-cartel Fentanyl smuggling operation between Canada and the U.S., an architect recovering from an OxyContin addiction tracks down the truth behind her son's involvement with narcotics, and a university professor battles unexpected revelations about his research employer, a drug company with deep government influence bringing a new \"non-addictive\" painkiller to market.",
        "actors": [
            "Gary Oldman",
            "Dr. Tyrone Brower",
            "Armie Hammer",
            "Jake Kelly",
            "Evangeline Lilly",
            "Claire Reimann",
            "Greg Kinnear",
            "Dean Talbot",
            "Michelle Rodriguez",
            "Supervisor Garrett",
            "Luke Evans",
            "Dr. Bill Simons",
            "Lily-Rose Depp",
            "Emmie Kelly",
            "Guy Nadon",
            "Mother",
            "Veronica Ferres",
            "Dr. Meg Holmes"
        ],
        "orig_title": "Crisis",
        "status": " Released",
        "orig_lang": " English",
        "budget_x": 107800000.0,
        "revenue": 488836200.2,
        "country": "AU"
    },
    {
        "title": "The Count of Monte-Cristo",
        "date_x": "05/29/1976 ",
        "score": 67.0,
        "genre": [
            "Adventure",
            "Action",
            "Drama",
            "History",
            "TV Movie"
        ],
        "overview": "A TV adaptation of the classic Alexandre Dumas novel. Edmond Dantes is falsely accused by those jealous of his good fortune, and is sentenced to spend the rest of his life in the notorious island prison, Chateau d'If. While imprisoned, he meets the Abbe Faria, a fellow prisoner whom everyone believes to be mad. The Abbe tells Edmond of a fantastic treasure hidden away on a tiny island, that only he knows the location of. After many years in prison, the old Abbe dies, and Edmond escapes disguised as the dead body. Now free, Edmond must find the treasure the Abbe told him of, so he can use the new-found wealth to exact revenge on those who have wronged him.",
        "actors": [
            "Richard Chamberlain",
            "Edmond Dantès",
            "Trevor Howard",
            "Abbé Faria",
            "Louis Jourdan",
            "Villefort",
            "Donald Pleasence",
            "Danglars",
            "Tony Curtis",
            "Fernand Morcerf Mondego",
            "Kate Nelligan",
            "Mercédès",
            "Angelo Infanti",
            "Jacopo",
            "Harold Bromley",
            "M. Morrell",
            "George Willing",
            "Andre Morrell"
        ],
        "orig_title": "The Count of Monte-Cristo",
        "status": " Released",
        "orig_lang": " English",
        "budget_x": 141400000.0,
        "revenue": 539810128.4,
        "country": "GB"
    },
    {
        "title": "The Three Musketeers",
        "date_x": "12/11/1973 ",
        "score": 69.0,
        "genre": [
            "Adventure",
            "Comedy",
            "History"
        ],
        "overview": "The young D'Artagnan arrives in Paris with dreams of becoming a king's musketeer. He meets and quarrels with three men, Athos, Porthos, and Aramis, each of whom challenges him to a duel. D'Artagnan finds out they are musketeers and is invited to join them in their efforts to oppose Cardinal Richelieu, who wishes to increase his already considerable power over the king. D'Artagnan must also juggle affairs with the charming Constance Bonancieux and the passionate Lady De Winter, a secret agent for the cardinal.",
        "actors": [
            "Michael York",
            "D’Artagnan",
            "Oliver Reed",
            "Athos",
            "Richard Chamberlain",
            "Aramis",
            "Frank Finlay",
            "Porthos",
            "Faye Dunaway",
            "Lady de Winter",
            "Raquel Welch",
            "Constance de Bonancieux",
            "Christopher Lee",
            "Rochefort",
            "Geraldine Chaplin",
            "Anna of Austria",
            "Jean-Pierre Cassel",
            "Louis XIII"
        ],
        "orig_title": "The Three Musketeers",
        "status": " Released",
        "orig_lang": " English",
        "budget_x": 90000000.0,
        "revenue": 139877913.0,
        "country": "US"
    },
    {
        "title": "The Legend of Zorro",
        "date_x": "10/26/2005 ",
        "score": 61.0,
        "genre": [
            "Action",
            "Adventure",
            "Western"
        ],
        "overview": "Having spent the last 10 years fighting injustice and cruelty, Alejandro de la Vega is now facing his greatest challenge: his loving wife Elena has thrown him out of the house!  Elena has filed for divorce and found comfort in the arms of Count Armand, a dashing French aristocrat.  But Alejandro knows something she doesn't: Armand is the evil mastermind behind a terrorist plot to destroy the United States.  And so, with his marriage and the county's future at stake, it's up to Zorro to save two unions before it's too late.",
        "actors": [
            "Antonio Banderas",
            "Don Alejandro de la Vega / Zorro",
            "Catherine Zeta-Jones",
            "Elena",
            "Adrián Alonso",
            "Joaquin",
            "Julio Oscar Mechoso",
            "Frey Felipe",
            "Nick Chinlund",
            "Jacob McGivens",
            "Alexa Benedetti",
            "Lupe",
            "Rufus Sewell",
            "Armand",
            "Raúl Méndez",
            "Ferroq",
            "Brandon Wood",
            "Ricardo"
        ],
        "orig_title": "The Legend of Zorro",
        "status": " Released",
        "orig_lang": " English",
        "budget_x": 80000000.0,
        "revenue": 141475336.0,
        "country": "AU"
    },
    {
        "title": "Ninja: Shadow of a Tear",
        "date_x": "12/31/2013 ",
        "score": 65.0,
        "genre": [
            "Action",
            "Crime",
            "Thriller"
        ],
        "overview": "Fight everyone and trust no one: it's the code of survival practiced by martial-arts master Casey Bowman after his life of domestic bliss is shattered by a savage act of violence. Vowing revenge, the fearless American stealthily tracks the killer from Osaka to Bangkok to Rangoon with the help of a wise and crafty sensei. His only clues: a series of victims whose necks bear the distinctive mark of strangulation by barbed wire. Fighting to avenge as well as to survive, Casey must sharpen his razor-like responses and take his battle skills to the next level, even using deep meditation to fake his own death. His target: the sinister drug lord Goro, who is flooding the streets with deadly meth cooked at his remote jungle factory. To prepare for his ultimate confrontation, Casey must finally become an invisible warrior worthy of the name Ninja. But just when his prey is cornered, an unexpected twist shows Casey that his battle is only beginning: he truly can trust no one.",
        "actors": [
            "Scott Adkins",
            "Casey",
            "Kane Kosugi",
            "Nakabara",
            "Shun Sugata",
            "Goro",
            "Mika Hijii",
            "Namika",
            "Tim Man",
            "Myat",
            "Vithaya Pansringarm",
            "General Tsung",
            "Charlie Ruedpokanon",
            "Thug 1",
            "Erika Nagamine",
            "Worker",
            "Pim Bubear",
            "Karate Fighter"
        ],
        "orig_title": "Ninja: Shadow of a Tear",
        "status": " Released",
        "orig_lang": " English",
        "budget_x": 122800000.0,
        "revenue": 377993107.0,
        "country": "US"
    },
    {
        "title": "O Brother, Where Art Thou?",
        "date_x": "09/24/2000 ",
        "score": 73.0,
        "genre": [
            "Adventure",
            "Comedy",
            "Crime"
        ],
        "overview": "In the deep south during the 1930s, three escaped convicts search for hidden treasure while a relentless lawman pursues them. On their journey they come across many comical characters and incredible situations. Based upon Homer's 'Odyssey'.",
        "actors": [
            "George Clooney",
            "Ulysses Everett McGill",
            "John Turturro",
            "Pete Hogwallop",
            "Tim Blake Nelson",
            "Delmar O'Donnell",
            "Charles Durning",
            "Menelaus 'Pappy' O'Daniel",
            "John Goodman",
            "Daniel 'Big Dan' Teague",
            "Michael Badalucco",
            "George 'Baby Face' Nelson",
            "Holly Hunter",
            "Penny Wharvey-McGill",
            "Stephen Root",
            "Mr. Lund",
            "Chris Thomas King",
            "Tommy Johnson"
        ],
        "orig_title": "O Brother, Where Art Thou?",
        "status": " Released",
        "orig_lang": " English",
        "budget_x": 26000000.0,
        "revenue": 75763814.0,
        "country": "AU"
    },
    {
        "title": "Weird: The Al Yankovic Story",
        "date_x": "03/02/2023 ",
        "score": 69.0,
        "genre": [
            "Music",
            "Comedy"
        ],
        "overview": "Exploring every facet of ‘Weird Al’ Yankovic’s life, from his meteoric rise to fame with early hits like ‘Eat It’ and ‘Like a Surgeon’ to his torrid celebrity love affairs and famously depraved lifestyle, this biopic takes audiences on a truly unbelievable journey through Yankovic’s life and career, from gifted child prodigy to the greatest musical legend of all time.",
        "actors": [
            "Daniel Radcliffe",
            "'Weird Al' Yankovic",
            "Evan Rachel Wood",
            "Madonna",
            "Rainn Wilson",
            "Dr. Demento",
            "Toby Huss",
            "Nick Yankovic",
            "Jack Lancaster",
            "Jim",
            "Spencer Treat Clark",
            "Steve",
            "Tommy O'Brien",
            "Bermuda",
            "Arturo Castro",
            "Pablo Escobar",
            "Julianne Nicholson",
            "Mary Yankovic"
        ],
        "orig_title": "Weird: The Al Yankovic Story",
        "status": " Released",
        "orig_lang": " English",
        "budget_x": 12000000.0,
        "revenue": 238918244.6,
        "country": "AU"
    },
    {
        "title": "Ooops! Noah Is Gone...",
        "date_x": "07/01/2015 ",
        "score": 63.0,
        "genre": [
            "Animation",
            "Adventure",
            "Comedy",
            "Family"
        ],
        "overview": "It's the end of the world. A flood is coming. Luckily for Dave and his son Finny, a couple of clumsy Nestrians, an Ark has been built to save all animals. But as it turns out, Nestrians aren't allowed. Sneaking on board with the involuntary help of Hazel and her daughter Leah, two Grymps, they think they're safe. Until the curious kids fall off the Ark. Now Finny and Leah struggle to survive the flood and hungry predators and attempt to reach the top of a mountain, while Dave and Hazel must put aside their differences, turn the Ark around and save their kids. It's definitely not going to be smooth sailing.",
        "actors": [
            "Callum Maloney",
            "Finny (voice)",
            "Dermot Magennis",
            "Dave / Mr. Griffin / Prairie Dog (voice)",
            "Ava Connolly",
            "Leah (voice)",
            "Tara Flynn",
            "Hazel (voice)",
            "Paul Tylak",
            "Obesey / Stayput / Chimpanzee (voice)",
            "Aileen Mythen",
            "Mrs. Griffin / Flamingo / Mrs. Guard / Margaret (voice)",
            "Patrick Fitzsymons",
            "Tanglefoot / Mr. Guard / Siberian Tiger (voice)",
            "Alan Stanford",
            "Lion (voice)"
        ],
        "orig_title": "Ooops! Noah Is Gone...",
        "status": " Released",
        "orig_lang": " English",
        "budget_x": 6000000.0,
        "revenue": 769028.0,
        "country": "US"
    },
    {
        "title": "As the Gods Will",
        "date_x": "11/15/2014 ",
        "score": 72.0,
        "genre": [
            "Thriller",
            "Horror",
            "Comedy"
        ],
        "overview": "High school student Shun Takahata is bored. Bored with the day-to-day monotony of school and life, he prays for change, for something exciting. Suddenly, he and his classmates are forced to play deadly children's games and facing terrifying creatures from a talking Daruma doll to a sharp-clawed lucky cat.",
        "actors": [
            "Sota Fukushi",
            "Takahata Shun",
            "Ryunosuke Kamiki",
            "Amaya Takeru",
            "Hirona Yamazaki",
            "Akimoto Ichika",
            "Mio Yuki",
            "Takase Shouko",
            "Jingi Irie",
            "Oku Eiji",
            "Shota Sometani",
            "Satake",
            "Nao Omori",
            "Takumi",
            "Nijiro Murakami",
            "Kikkawa Haruhiko",
            "Dori Sakurada",
            "Class President"
        ],
        "orig_title": " 神さまの言うとおり",
        "status": " Released",
        "orig_lang": " Japanese",
        "budget_x": 140000000.0,
        "revenue": 465809282.2,
        "country": "JP"
    },
    {
        "title": "The Marco Effect",
        "date_x": "05/27/2021 ",
        "score": 59.0,
        "genre": [
            "Thriller",
            "Crime"
        ],
        "overview": "When 14-year-old Marco, a homeless Romani boy, is arrested at the Danish border for possession of a missing public servant's passport, police inspector Carl Mørck and his Department Q team are tasked with finding the connection. The old case contains several suspicious elements: The public servant was accused of pedophilia shortly before he disappeared, and his case was closed unusually quickly. But the silent, traumatized Marco refuses to talk to them and it's not long before he's on the run from those who intend to kill him because of what he knows.",
        "actors": [
            "Ulrich Thomsen",
            "Carl Mørck",
            "Sofie Torp",
            "Rose Knudsen",
            "Anders Matthesen",
            "Teis Snap",
            "Zaki Youssef",
            "Hafez el-Assad",
            "Helle Pilar Larsen",
            "Nurse",
            "Henrik Noël Olesen",
            "Marcus Jacobsen",
            "Lisa Carlehed",
            "Mona",
            "Thomas W. Gabrielsson",
            "Hardy",
            "Caspar Phillipson",
            "Rene Eriksen"
        ],
        "orig_title": " Marco effekten",
        "status": " Released",
        "orig_lang": " Danish",
        "budget_x": 7570000.0,
        "revenue": 39200.0,
        "country": "DK"
    },
    {
        "title": "Meet the Parents",
        "date_x": "12/26/2000 ",
        "score": 67.0,
        "genre": [
            "Comedy",
            "Romance"
        ],
        "overview": "Greg Focker is ready to marry his girlfriend, Pam, but before he pops the question, he must win over her formidable father, humorless former CIA agent Jack Byrnes, at the wedding of Pam's sister. As Greg bends over backward to make a good impression, his visit to the Byrnes home turns into a hilarious series of disasters, and everything that can go wrong does, all under Jack's critical, hawklike gaze.",
        "actors": [
            "Ben Stiller",
            "Gaylord 'Greg' Focker",
            "Robert De Niro",
            "Jack Byrnes",
            "Teri Polo",
            "Pam Byrnes",
            "Blythe Danner",
            "Dina Byrnes",
            "Nicole DeHuff",
            "Deborah Byrnes",
            "Jon Abrahams",
            "Denny Byrnes",
            "Owen Wilson",
            "Kevin Rawley",
            "James Rebhorn",
            "Dr. Larry Banks",
            "Tom McCarthy",
            "Dr. Bob Banks"
        ],
        "orig_title": "Meet the Parents",
        "status": " Released",
        "orig_lang": " English",
        "budget_x": 55000000.0,
        "revenue": 330425040.0,
        "country": "AU"
    },
    {
        "title": "Resident Evil: Apocalypse",
        "date_x": "10/21/2004 ",
        "score": 63.0,
        "genre": [
            "Horror",
            "Action",
            "Science Fiction"
        ],
        "overview": "As the city is locked down under quarantine, Alice finds out that the people that died from the previous incident at the Umbrella Corporation have turned into zombies. She then joins a small band of elite soldiers, who are enlisted to rescue the missing daughter of the creator of the mutating T-virus.  Once lack of luck and resources happen, they begin to wage an exhilarating battle to survive and escape before the Umbrella Corporation erases its experiment from the face of the earth.",
        "actors": [
            "Milla Jovovich",
            "Alice",
            "Sienna Guillory",
            "Jill Valentine",
            "Oded Fehr",
            "Carlos Olivera",
            "Thomas Kretschmann",
            "Major Cain",
            "Sophie Vavasseur",
            "Angela \"Angie\" Ashford",
            "Razaaq Adoti",
            "Sgt. Peyton Wells",
            "Jared Harris",
            "Dr. Ashford",
            "Mike Epps",
            "L.J.",
            "Sandrine Holt",
            "Terri Morales"
        ],
        "orig_title": "Resident Evil: Apocalypse",
        "status": " Released",
        "orig_lang": " English",
        "budget_x": 50000000.0,
        "revenue": 125168734.0,
        "country": "AU"
    },
    {
        "title": "Taxi",
        "date_x": "04/08/1998 ",
        "score": 66.0,
        "genre": [
            "Action",
            "Comedy",
            "Crime"
        ],
        "overview": "In Marseilles (France), skilled pizza delivery boy Daniel who drives a scooter finally has his dreams come true. He gets a taxi license. Caught by the police for a huge speed infraction, he will help Emilien, a loser inspector who can't drive, on the track of German bank robbers, so he doesn't lose his license and his dream job.",
        "actors": [
            "Samy Naceri",
            "Daniel Morales",
            "Frédéric Diefenthal",
            "Émilien Coutant-Kerbalec",
            "Marion Cotillard",
            "Lilly Bertineau",
            "Manuela Gourary",
            "Camille Coutant-Kerbalec",
            "Emma Wiklund",
            "Petra",
            "Bernard Farcy",
            "Commissaire Gibert",
            "Georges Neri",
            "Joe",
            "Guy Quang",
            "Pizza Joe Motorcyclist",
            "Maurice Murcia",
            "Pensioned Taxi Driver"
        ],
        "orig_title": "Taxi",
        "status": " Released",
        "orig_lang": " French",
        "budget_x": 8700000.0,
        "revenue": 44500000.0,
        "country": "FR"
    },
    {
        "title": "Zombie Wars",
        "date_x": "10/31/2007 ",
        "score": 41.0,
        "genre": [
            "Horror"
        ],
        "overview": "Fifty years after a world-wide zombie epidemic had begun, a small group of rebel soldiers learn that intelligent zombies have begun breeding humans for food. The soldiers plan an all-out war to rid the Earth of the flesh-eating monsters for good, as the rest of the surviving world's population struggles to survive against the zombie hordes.",
        "actors": [
            "Adam Mayfield",
            "David",
            "Alissa Koenig",
            "Star",
            "Jim Hazelton",
            "Brian",
            "Kristi Pearce",
            "General",
            "Jack Forcinito",
            "Featured Zombie",
            "Wendy Valdez",
            "Zombie",
            "Joslyn Kramer",
            "Zombie/Human"
        ],
        "orig_title": "Zombie Wars",
        "status": " Released",
        "orig_lang": " English",
        "budget_x": 118800000.0,
        "revenue": 162020273.4,
        "country": "JP"
    },
    {
        "title": "Dragon Blade",
        "date_x": "12/26/2015 ",
        "score": 64.0,
        "genre": [
            "Adventure",
            "History"
        ],
        "overview": "Huo An, the commander of the Protection Squad of the Western Regions, was framed by evil forces and becomes enslaved. On the other hand, a Roman general escapes to China after rescuing the Prince. The heroic duo meet in the Western Desert and a thrilling story unfolds.",
        "actors": [
            "Jackie Chan",
            "Huo Han",
            "John Cusack",
            "Lucius",
            "Adrien Brody",
            "Tiberius",
            "Sharni Vinson",
            "The Queen",
            "Kevin Lee",
            "Roman Soldier",
            "Raiden Integra",
            "Roman Soldier",
            "Tomer Oz",
            "Huo An General",
            "Alfred Hsing",
            "Han Soldier",
            "Max Huang",
            "Shou Xia"
        ],
        "orig_title": " 天將雄師",
        "status": " Released",
        "orig_lang": " Chinese",
        "budget_x": 65000000.0,
        "revenue": 121545703.0,
        "country": "AU"
    },
    {
        "title": "Fist of Fury",
        "date_x": "07/01/1973 ",
        "score": 73.0,
        "genre": [
            "Drama",
            "Action",
            "Thriller"
        ],
        "overview": "Chen Chen returns to his former school in Shanghai when he learns that his beloved instructor has been murdered. While investigating the man's death, Chen discovers that a rival Japanese school is operating a drug smuggling ring. To avenge his master’s death, Chen takes on both Chinese and Japanese assassins… and even a towering Russian.",
        "actors": [
            "Bruce Lee",
            "Chen Zhen",
            "Nora Miao",
            "Yuan Le-erh",
            "Maria Yi",
            "Yen",
            "James Tien Chuen",
            "Fan Chun-hsia",
            "Tien Feng",
            "Fan",
            "Huang Tsung-Hsun",
            "Tien",
            "Han Ying-Chieh",
            "Feng Kwai-sher",
            "Wei Ping-ao",
            "Interpreter Wu",
            "Lo Wei",
            "Inspector Lo"
        ],
        "orig_title": " 精武門",
        "status": " Released",
        "orig_lang": " Chinese",
        "budget_x": 100000.0,
        "revenue": 70504268.4,
        "country": "AU"
    },
    {
        "title": "Excalibur",
        "date_x": "07/02/1981 ",
        "score": 70.0,
        "genre": [
            "Adventure",
            "Fantasy"
        ],
        "overview": "A surreal adaptation of Sir Thomas Malory's \"Le Morte d'Arthur\", chronicling Arthur Pendragon's conception, his rise to the throne, the search by his Knights of the Round Table for the Holy Grail, and ultimately his death.",
        "actors": [
            "Nigel Terry",
            "King Arthur",
            "Helen Mirren",
            "Morgana",
            "Nicholas Clay",
            "Lancelot",
            "Cherie Lunghi",
            "Guenevere",
            "Paul Geoffrey",
            "Perceval",
            "Nicol Williamson",
            "Merlin",
            "Corin Redgrave",
            "Cornwall",
            "Patrick Stewart",
            "Leondegrance",
            "Keith Buckley",
            "Uryens"
        ],
        "orig_title": "Excalibur",
        "status": " Released",
        "orig_lang": " English",
        "budget_x": 11000000.0,
        "revenue": 34967437.0,
        "country": "AU"
    },
    {
        "title": "Play Motel",
        "date_x": "01/01/1979 ",
        "score": 52.0,
        "genre": [
            "Crime",
            "Thriller",
            "Romance"
        ],
        "overview": "The motel has a special room designed for sexual activities. It also has a habit of photographing sex act engines and extorting the parties concerned. One day a mysterious killer with black gloves up and the situation is changing.",
        "actors": [
            "Ray Lovelock",
            "Roberto Vinci",
            "Anna Maria Rizzoli",
            "Patrizia",
            "Anthony Steffen",
            "Inspector De Sanctis",
            "Antonella Antinori",
            "Anna De Marchis",
            "Patrizia Webley",
            "Valeria Marzotti",
            "Enzo Fisichella",
            "Rinaldo Cortesi",
            "Mario Novelli",
            "Play Motel receptionist",
            "Marino Masé",
            "Max Liguori",
            "Mario Cutini",
            "Willy"
        ],
        "orig_title": "Play Motel",
        "status": " Released",
        "orig_lang": " Italian",
        "budget_x": 105600000.0,
        "revenue": 474838857.0,
        "country": "IT"
    },
    {
        "title": "Melancholia",
        "date_x": "09/07/2011 ",
        "score": 72.0,
        "genre": [
            "Drama",
            "Science Fiction"
        ],
        "overview": "Two sisters find their already strained relationship challenged as a mysterious new planet threatens to collide with Earth.",
        "actors": [
            "Kirsten Dunst",
            "Justine",
            "Charlotte Gainsbourg",
            "Claire",
            "Kiefer Sutherland",
            "John",
            "Charlotte Rampling",
            "Gaby",
            "John Hurt",
            "Dexter",
            "Alexander Skarsgård",
            "Michael",
            "Stellan Skarsgård",
            "Jack",
            "Brady Corbet",
            "Tim",
            "Udo Kier",
            "Wedding planner"
        ],
        "orig_title": "Melancholia",
        "status": " Released",
        "orig_lang": " English",
        "budget_x": 9400000.0,
        "revenue": 21817298.0,
        "country": "AU"
    },
    {
        "title": "Stand by Me",
        "date_x": "03/19/1987 ",
        "score": 79.0,
        "genre": [
            "Crime",
            "Drama"
        ],
        "overview": "Gordie, Chris, Teddy and Vern are four friends who decide to hike to find the corpse of Ray Brower, a local teenager, who was hit by a train while plucking blueberries in the wild.",
        "actors": [
            "Wil Wheaton",
            "Gordie Lachance",
            "River Phoenix",
            "Chris Chambers",
            "Jerry O'Connell",
            "Vern Tessio",
            "Corey Feldman",
            "Teddy Duchamp",
            "Kiefer Sutherland",
            "Ace Merrill",
            "Casey Siemaszko",
            "Billy Tessio",
            "Gary Riley",
            "Charlie Hogan",
            "Bradley Gregg",
            "Eyeball Chambers",
            "Jason Oliver",
            "Vince Desjardins"
        ],
        "orig_title": "Stand by Me",
        "status": " Released",
        "orig_lang": " English",
        "budget_x": 8000000.0,
        "revenue": 52287766.0,
        "country": "AU"
    },
    {
        "title": "Mars Needs Moms",
        "date_x": "06/11/2011 ",
        "score": 61.0,
        "genre": [
            "Adventure",
            "Animation",
            "Family"
        ],
        "overview": "When Martians suddenly abduct his mom, mischievous Milo rushes to the rescue and discovers why all moms are so special.",
        "actors": [
            "Seth Green",
            "Milo (voice)",
            "Joan Cusack",
            "Mom (voice)",
            "Dan Fogler",
            "Gribble (voice)",
            "Breckin Meyer",
            "Alien (voice)",
            "Elisabeth Harnois",
            "Ki (voice)",
            "Tom Everett Scott",
            "Milo's Dad (voice)",
            "Mindy Sterling",
            "Supervisor (voice)",
            "Julene Renee",
            "Martian (voice)",
            "Raymond Ochoa",
            "Martian Hatchling (voice)"
        ],
        "orig_title": "Mars Needs Moms",
        "status": " Released",
        "orig_lang": " English",
        "budget_x": 150000000.0,
        "revenue": 39549758.0,
        "country": "AU"
    },
    {
        "title": "Goal!",
        "date_x": "02/16/2006 ",
        "score": 67.0,
        "genre": [
            "Drama"
        ],
        "overview": "Like millions of kids around the world, Santiago harbors the dream of being a professional footballer... However, living in the Barrios section of Los Angeles, he thinks it is only that--a dream. Until one day an extraordinary turn of events has him trying out for Premiership club Newcastle United.",
        "actors": [
            "Kuno Becker",
            "Santiago Munez",
            "Alessandro Nivola",
            "Gavin Harris",
            "Anna Friel",
            "Roz Harmison",
            "Stephen Dillane",
            "Glen Foy",
            "Gary Lewis",
            "Mal Braithwaite",
            "Kieran O'Brien",
            "Hughie McGowan",
            "Sean Pertwee",
            "Barry Rankin",
            "Marcel Iureș",
            "Erik Dornhelm",
            "Tony Plana",
            "Hernan Munez"
        ],
        "orig_title": "Goal!",
        "status": " Released",
        "orig_lang": " English",
        "budget_x": 10000000.0,
        "revenue": 27610873.0,
        "country": "AU"
    },
    {
        "title": "There Is a Japanese Woman in My Room",
        "date_x": "02/12/2019 ",
        "score": 47.0,
        "genre": [
            "Drama",
            "Romance"
        ],
        "overview": "A determined Japanese woman gets a job in Korea. She thinks she will be cleaning, but she is taught to massage. When her director touches her inappropriately she runs into the street where she encounters men who take advantage of her and she becomes homeless. She is found by a webtoon designer who uses her as inspiration for his webtoons. Will she become more than his inspiration?",
        "actors": [
            "Mao Hamasaki",
            "Sakura / Kento",
            "Shin Yeon-woo",
            "Mr. Kisu",
            "Lee Soo",
            "Yeon-ji",
            "Lee Mi-na",
            "Sunny",
            "Kwak Kyung-ho",
            "Dong-soo",
            "Kang Min-woo",
            "Masato",
            "Kang Soo-ho",
            "Ma Bang-seok / Beggar",
            "Jung So-yeon",
            "Yamada"
        ],
        "orig_title": " 내방에 일본여자가 있다",
        "status": " Released",
        "orig_lang": " Korean",
        "budget_x": 129200000.0,
        "revenue": 947468745.8,
        "country": "KR"
    },
    {
        "title": "Clue",
        "date_x": "04/10/1986 ",
        "score": 72.0,
        "genre": [
            "Comedy",
            "Thriller",
            "Crime",
            "Mystery"
        ],
        "overview": "Clue finds six colorful dinner guests gathered at the mansion of their host, Mr. Boddy -- who turns up dead after his secret is exposed: He was blackmailing all of them. With the killer among them, the guests and Boddy's chatty butler must suss out the culprit before the body count rises.",
        "actors": [
            "Tim Curry",
            "Wadsworth",
            "Eileen Brennan",
            "Mrs. Peacock",
            "Madeline Kahn",
            "Mrs. White",
            "Christopher Lloyd",
            "Professor Plum",
            "Michael McKean",
            "Mr. Green",
            "Martin Mull",
            "Colonel Mustard",
            "Lesley Ann Warren",
            "Miss Scarlet",
            "Colleen Camp",
            "Yvette",
            "Lee Ving",
            "Mr. Boddy"
        ],
        "orig_title": "Clue",
        "status": " Released",
        "orig_lang": " English",
        "budget_x": 15000000.0,
        "revenue": 14643997.0,
        "country": "AU"
    },
    {
        "title": "Lie with Me",
        "date_x": "09/10/2005 ",
        "score": 51.0,
        "genre": [
            "Drama"
        ],
        "overview": "Happily unattached, the sexually voracious Leila satisfies her desires with a host of rapidly changing bed partners, unconcerned about the emotional consequences. But that all changes when she meets an artist looking for a deeper commitment.",
        "actors": [
            "Lauren Lee Smith",
            "Leila",
            "Eric Balfour",
            "David",
            "Polly Shannon",
            "Victoria",
            "Mayko Nguyen",
            "Victoria's Friend",
            "Michael Facciolo",
            "Shy Guy",
            "Kate Lynch",
            "Marla",
            "Kristin Lehman",
            "Rachel",
            "Ron White",
            "Ben"
        ],
        "orig_title": "Lie with Me",
        "status": " Released",
        "orig_lang": " English",
        "budget_x": 2200000.0,
        "revenue": 3269690.6,
        "country": "CA"
    },
    {
        "title": "Barbie in 'A Christmas Carol'",
        "date_x": "11/04/2008 ",
        "score": 71.0,
        "genre": [
            "Animation",
            "Family"
        ],
        "overview": "On Christmas Eve, Kelly is reluctant to go to a Christmas Eve ball, so Barbie tells her the story of Eden Starling, a glamourous singing diva in the Victorian England and the owner of a theatre house. However, Eden is self-centred and loves only herself. She is frequently accompanied by her snooty cat, Chuzzlewit. She does not believe in Christmas and orders all her employees to work on Christmas.",
        "actors": [
            "Kelly Sheridan",
            "Barbie (voice)",
            "Morwenna Banks",
            "Eden Starling (voice)",
            "Melissa Lyons",
            "Eden Starling (singing voice)",
            "Prudence Edwards",
            "Young Eden Starling (voice)",
            "Leanne Araya",
            "Young Eden / Spirit Of Christmas Past / Ann / Nan (singing voice)",
            "Kandyse McClure",
            "Catherine / Young Catherine (voice)",
            "Shauntia Fleming",
            "Catherine (singing voice)",
            "Kathleen Barr",
            "Chuzzlewit / Spirit Of Christmas Present / Mrs. Dorrit (voice)",
            "Pam Hyatt",
            "Aunt Marie (voice)"
        ],
        "orig_title": "Barbie in 'A Christmas Carol'",
        "status": " Released",
        "orig_lang": " English",
        "budget_x": 27642400.0,
        "revenue": 4496912.0,
        "country": "US"
    },
    {
        "title": "I Saw the Devil",
        "date_x": "05/10/2011 ",
        "score": 78.0,
        "genre": [
            "Thriller",
            "Horror"
        ],
        "overview": "Kyung-Chul is a dangerous psychopath who kills for pleasure. Soo-Hyun, a top-secret agent, decides to track down the murderer himself. He promises himself that he will do everything in his power to take vengeance against the killer, even if it means that he must become a monster himself.",
        "actors": [
            "Lee Byung-hun",
            "Kim Soo-hyeon",
            "Choi Min-sik",
            "Kyung-chul",
            "Jeon Kuk-hwan",
            "Squad Chief Jang",
            "Cheon Ho-jin",
            "Section Chief Oh",
            "Oh San-ha",
            "Joo-yeon",
            "Kim Yoon-seo",
            "Se-yeon",
            "Nam Bo-ra",
            "Section Chief's Daughter",
            "Lee Jun-hyuk",
            "NIS Agent",
            "Yoon Chae-yeong",
            "Nurse Han Song-i"
        ],
        "orig_title": " 악마를 보았다",
        "status": " Released",
        "orig_lang": " Korean",
        "budget_x": 79100000.0,
        "revenue": 716255691.2,
        "country": "AU"
    },
    {
        "title": "Emmanuelle: Queen of Sados",
        "date_x": "05/30/1980 ",
        "score": 50.0,
        "genre": [
            "Crime",
            "Drama"
        ],
        "overview": "After years of abuse at the hands of her husband, a woman, Emmanouella, is pushed to the breaking point. She hires a hitman to do in her husband, but just when she thinks her troubles are at an end, the assassin blackmails her. As her husband's business partner struggles to prove her guilt, and as the hitman continues to threaten her new found security, Emmanouella struggles to keep her name clear and to keep her naive stepdaughter from becoming tangled in the web of danger she has created.",
        "actors": [
            "Laura Gemser",
            "Emanuella Brindisi",
            "Gabriele Tinti",
            "Tommy Snow",
            "Livia Russo",
            "Livia Brindisi",
            "Nadia Neri",
            "Ilona",
            "Haris Tryfonas",
            "Mario Infanti (as Harris Stevens)",
            "Gordon Mitchell",
            "Robert",
            "Pantelis Agelopoulos",
            "Victor Brindisi",
            "Vagelis Vartan",
            "Mike",
            "Elli Kiriakidou",
            ""
        ],
        "orig_title": " Η Μαύρη Εμμανουέλα",
        "status": " Released",
        "orig_lang": " Greek",
        "budget_x": 140000000.0,
        "revenue": 410169434.0,
        "country": "US"
    },
    {
        "title": "Chinatown",
        "date_x": "12/20/1974 ",
        "score": 79.0,
        "genre": [
            "Crime",
            "Drama",
            "Mystery",
            "Thriller"
        ],
        "overview": "Private eye Jake Gittes lives off of the murky moral climate of sunbaked, pre-World War II Southern California. Hired by a beautiful socialite to investigate her husband's extra-marital affair, Gittes is swept into a maelstrom of double dealings and deadly deceits, uncovering a web of personal and political scandals that come crashing together.",
        "actors": [
            "Jack Nicholson",
            "J.J. 'Jake' Gittes",
            "Faye Dunaway",
            "Evelyn Cross Mulwray",
            "John Huston",
            "Noah Cross",
            "Perry Lopez",
            "Lieutenant Lou Escobar",
            "John Hillerman",
            "Russ Yelburton",
            "Diane Ladd",
            "Ida Sessions",
            "Roman Polanski",
            "Man with Knife",
            "Roy Jenson",
            "Claude Mulvihill",
            "Richard Bakalyan",
            "Detective Loach"
        ],
        "orig_title": "Chinatown",
        "status": " Released",
        "orig_lang": " English",
        "budget_x": 6000000.0,
        "revenue": 23169837.0,
        "country": "AU"
    },
    {
        "title": "LOLA",
        "date_x": "02/28/2023 ",
        "score": 0.0,
        "genre": [
            "Drama",
            "Science Fiction"
        ],
        "overview": "Centres on the sisters as they initially use the machine to discover music from future and place bets, before realising it will best be used to help fight the Nazis. But when the sisters clash, the consequences are catastrophic.",
        "actors": [
            "Emma Appleton",
            "Thomasina Hanbury",
            "Stefanie Martini",
            "Martha Hanbury",
            "Rory Fleck-Byrne",
            "Lieutenant Sebastien Holloway",
            "Aaron Monaghan",
            "Cobcroft",
            "Shaun Boylan",
            "Reginald Watson",
            "Hugh O'Conor",
            "Enoch",
            "Ayvianna Snow",
            "Rebecca Cavendish",
            "Philip Condron",
            "Aryan"
        ],
        "orig_title": "LOLA",
        "status": " Released",
        "orig_lang": " English",
        "budget_x": 221940000.0,
        "revenue": 178359863.0,
        "country": "IE"
    },
    {
        "title": "Spectre: Genesis",
        "date_x": "04/08/2023 ",
        "score": 0.0,
        "genre": [
            "Action",
            "Crime",
            "Drama"
        ],
        "overview": "The journey begins for The Spectre and The Sentinel.",
        "actors": [
            "Eli Jackson",
            "Conner Reid / The Spectre",
            "Anthony Carbone",
            "Viktor Valentino / The Sentinel",
            "Thomas Tyrell",
            "Xander West / Abaddon",
            "Josiah Todd",
            "The Sanronin",
            "Jessica Lowden",
            "Ava Green",
            "Caleb Pieri",
            "Owen Taylor",
            "Sancia Turner",
            "Nova Davis",
            "Paul Griffiths",
            "Detective Paul Newton",
            "Jed Maegraith",
            "Camulus Member"
        ],
        "orig_title": "Spectre: Genesis",
        "status": " Released",
        "orig_lang": " English",
        "budget_x": 19000.0,
        "revenue": 1240261.6,
        "country": "AU"
    },
    {
        "title": "Hairspray",
        "date_x": "09/13/2007 ",
        "score": 67.0,
        "genre": [
            "Comedy",
            "Romance",
            "Drama"
        ],
        "overview": "Pleasantly plump teenager Tracy Turnblad auditions to be on Baltimore's most popular dance show - The Corny Collins Show - and lands a prime spot. Through her newfound fame, she becomes determined to help her friends and end the racial segregation that has been a staple of the show.",
        "actors": [
            "Nikki Blonsky",
            "Tracy Turnblad",
            "Zac Efron",
            "Link Larkin",
            "John Travolta",
            "Edna Turnblad",
            "Brittany Snow",
            "Amber Von Tussle",
            "Michelle Pfeiffer",
            "Velma Von Tussle",
            "Amanda Bynes",
            "Penny Pingleton",
            "Queen Latifah",
            "Motormouth Maybelle",
            "Elijah Kelley",
            "Seaweed",
            "Christopher Walken",
            "Wilbur Turnblad"
        ],
        "orig_title": "Hairspray",
        "status": " Released",
        "orig_lang": " English",
        "budget_x": 75000000.0,
        "revenue": 202822861.0,
        "country": "AU"
    },
    {
        "title": "The Ballad of Alan Batman",
        "date_x": "04/07/2023 ",
        "score": 0.0,
        "genre": [
            ""
        ],
        "overview": "A burnt-out sound mixer has spent his entire life listening to others. But after discovering an old recording from his childhood, he questions his old life and aspires to become the person he’s always dreamed of.",
        "actors": [
            "Joey Herman",
            "Charles",
            "Ridley Knight",
            "Alan Batman",
            "Tayler Beth Anderson",
            "Chrissy",
            "Jake Jeffers",
            "Ben",
            "Emma Grey",
            "Skylar",
            "Kjersti Strandness",
            "Alex",
            "Mark Ferrando",
            "Grip",
            "Alex Kravitz",
            "Pistol",
            "Jeff Santos",
            "Ray"
        ],
        "orig_title": "The Ballad of Alan Batman",
        "status": " Released",
        "orig_lang": " English",
        "budget_x": 167540000.0,
        "revenue": 175269998.8,
        "country": "US"
    },
    {
        "title": "My Wife's Sister",
        "date_x": "12/20/2016 ",
        "score": 53.0,
        "genre": [
            "Romance",
            "Family",
            "Drama"
        ],
        "overview": "Ji-seon is living with her sister and her husband after a divorce. Her sister Ji-yeong leaves for a work trip and Ji-seon is at home all alone with her brother-in-law. The two can't hide their sexual passion and they cross the line. Every time Ji-yeong leaves, the two enjoy risky sex...",
        "actors": [
            "Lee Chae-dam",
            "Ji-seon  (지선)",
            "Ji Yeon",
            "Ji-yeong  (지영)",
            "Kim Soo-ho-I",
            "Director of the headquarters  (본부장)",
            "Min Do-yoon",
            "Hyeon-soo (현수)"
        ],
        "orig_title": " 내 아내의 언니",
        "status": " Released",
        "orig_lang": " Korean",
        "budget_x": 165600000.0,
        "revenue": 781272777.2,
        "country": "KR"
    },
    {
        "title": "Grosso guaio all'Esquilino - La leggenda del Kung Fu",
        "date_x": "04/06/2023 ",
        "score": 54.0,
        "genre": [
            "Comedy"
        ],
        "overview": "Davide is a shy and nerdy thirteen-year-old who lives with his mother Asia in Rome, in the Esquilino district. He spends his days with his friend Yang, constantly trying to escape from the school bully, Nadir, and dreams of winning Yasmin's heart. Davide tries to regain self-confidence thanks to the arrival in his life of Martino, a failed B-Movie actor who, in order to survive, pretends to be the supreme connoisseur of the martial art of Kung Fu.",
        "actors": [
            "Lillo Petrolo",
            "Martino",
            "Carolina Crescentini",
            "Asia",
            "Riccardo Antonaci",
            "Davide",
            "Ludovica Nasti",
            "Yasmin",
            "Yoon C. Joyce",
            "Achille",
            "Ismaelchrist Carlotti",
            "Nadir",
            "Mario Luciani",
            "Yang",
            "Giorgio Colangeli",
            "Nando"
        ],
        "orig_title": "Grosso guaio all'Esquilino - La leggenda del Kung Fu",
        "status": " Released",
        "orig_lang": " Italian",
        "budget_x": 76000000.0,
        "revenue": 152911218.6,
        "country": "IT"
    },
    {
        "title": "Sex Drive",
        "date_x": "11/13/2008 ",
        "score": 63.0,
        "genre": [
            "Comedy",
            "Adventure",
            "Romance"
        ],
        "overview": "A high school senior drives cross-country with his best friends to hook up with a babe he met online.",
        "actors": [
            "Josh Zuckerman",
            "Ian Lafferty",
            "Amanda Crew",
            "Felicia",
            "Clark Duke",
            "Lance",
            "James Marsden",
            "Rex Lafferty",
            "Seth Green",
            "Ezekiel",
            "Alice Greczyn",
            "Mary",
            "Katrina Bowden",
            "Ms. Tasty",
            "Charlie McDermott",
            "Andy",
            "Mark L. Young",
            "Randy"
        ],
        "orig_title": "Sex Drive",
        "status": " Released",
        "orig_lang": " English",
        "budget_x": 19000000.0,
        "revenue": 10412485.0,
        "country": "AU"
    },
    {
        "title": "Austin Powers: International Man of Mystery",
        "date_x": "10/25/1997 ",
        "score": 65.0,
        "genre": [
            "Science Fiction",
            "Comedy",
            "Crime"
        ],
        "overview": "As a swingin' fashion photographer by day and a groovy British superagent by night, Austin Powers is the '60s' most shagadelic spy, baby! But can he stop megalomaniac Dr. Evil after the bald villain freezes himself and unthaws in the '90s? With the help of sexy sidekick Vanessa Kensington, he just might.",
        "actors": [
            "Mike Myers",
            "Austin Powers / Dr. Evil",
            "Elizabeth Hurley",
            "Vanessa Kensington",
            "Michael York",
            "Basil Exposition",
            "Mimi Rogers",
            "Mrs. Kensington",
            "Robert Wagner",
            "Number Two",
            "Seth Green",
            "Scott Evil",
            "Fabiana Udenio",
            "Alotta Fagina",
            "Mindy Sterling",
            "Frau Farbissina",
            "Barbara Moore",
            "Fembot"
        ],
        "orig_title": "Austin Powers: International Man of Mystery",
        "status": " Released",
        "orig_lang": " English",
        "budget_x": 18000000.0,
        "revenue": 67683989.0,
        "country": "AU"
    },
    {
        "title": "Marauders",
        "date_x": "09/14/2016 ",
        "score": 58.0,
        "genre": [
            "Action",
            "Crime",
            "Thriller"
        ],
        "overview": "An untraceable group of elite bank robbers is chased by a suicidal FBI agent who uncovers a deeper purpose behind the robbery-homicides.",
        "actors": [
            "Bruce Willis",
            "Hubert",
            "Dave Bautista",
            "Stockwell",
            "Christopher Meloni",
            "Montgomery",
            "Danny A. Abeckaser",
            "Antonio Leon",
            "Lydia Hull",
            "Agent Chase",
            "Tyler Jon Olson",
            "Zach Derohan",
            "Christopher Rob Bowen",
            "Bradley Teegan",
            "Johnathon Schaech",
            "Mims",
            "Adrian Grenier",
            "Agent wells"
        ],
        "orig_title": "Marauders",
        "status": " Released",
        "orig_lang": " English",
        "budget_x": 15000000.0,
        "revenue": 58328054.2,
        "country": "AU"
    },
    {
        "title": "Teenage Mutant Ninja Turtles: Mutant Mayhem",
        "date_x": "08/04/2023 ",
        "score": 0.0,
        "genre": [
            "Comedy",
            "Animation",
            "Family",
            "Action",
            "Adventure"
        ],
        "overview": "After years of being sheltered from the human world, the Turtle brothers set out to win the hearts of New Yorkers and be accepted as normal teenagers through heroic acts. Their new friend April O'Neil helps them take on a notorious crime syndicate, but they soon get in over their heads when an army of mutants is unleashed upon them.",
        "actors": [
            "Nicolas Cantu",
            "Leonardo (voice)",
            "Shamon Brown Jr.",
            "Michelangelo (voice)",
            "Micah Abbey",
            "Donatello (voice)",
            "Brady Noon",
            "Raphael (voice)",
            "Jackie Chan",
            "Splinter (voice)",
            "Ayo Edebiri",
            "April O'Neil (voice)",
            "Ice Cube",
            "Superfly (voice)",
            "Seth Rogen",
            "Bebop (voice)",
            "John Cena",
            "Rocksteady (voice)"
        ],
        "orig_title": "Teenage Mutant Ninja Turtles: Mutant Mayhem",
        "status": " In Production",
        "orig_lang": " English",
        "budget_x": 211940000.0,
        "revenue": 178359863.0,
        "country": "US"
    },
    {
        "title": "The World Is Not Enough",
        "date_x": "11/21/1999 ",
        "score": 63.0,
        "genre": [
            "Adventure",
            "Action",
            "Thriller"
        ],
        "overview": "Greed, revenge, world dominance and high-tech terrorism – it's all in a day's work for Bond, who's on a mission to protect a beautiful oil heiress from a notorious terrorist. In a race against time that culminates in a dramatic submarine showdown, Bond works to defuse the international power struggle that has the world's oil supply hanging in the balance.",
        "actors": [
            "Pierce Brosnan",
            "James Bond",
            "Sophie Marceau",
            "Elektra King",
            "Robert Carlyle",
            "Renard",
            "Denise Richards",
            "Dr. Christmas Jones",
            "Robbie Coltrane",
            "Valentin Zukovsky",
            "Judi Dench",
            "M",
            "Desmond Llewelyn",
            "Q",
            "John Cleese",
            "R",
            "Samantha Bond",
            "Miss Moneypenny"
        ],
        "orig_title": "The World Is Not Enough",
        "status": " Released",
        "orig_lang": " English",
        "budget_x": 135000000.0,
        "revenue": 361832400.0,
        "country": "AU"
    },
    {
        "title": "Night of the Living Dead",
        "date_x": "10/04/1968 ",
        "score": 76.0,
        "genre": [
            "Horror",
            "Thriller"
        ],
        "overview": "A disparate group of individuals takes refuge in an abandoned house when corpses begin to leave the graveyard in search of fresh human bodies to devour. The pragmatic Ben does his best to control the situation, but when the murderous zombies surround the house, the other survivors begin to panic.",
        "actors": [
            "Judith O'Dea",
            "Barbra",
            "Duane Jones",
            "Ben",
            "Marilyn Eastman",
            "Helen Cooper",
            "Karl Hardman",
            "Harry Cooper",
            "Judith Ridley",
            "Judy",
            "Keith Wayne",
            "Tom",
            "Kyra Schon",
            "Karen Cooper / Corpse in House",
            "Charles Craig",
            "TV Newscaster / Zombie",
            "S. William Hinzman",
            "Zombie (as Bill Heinzman)"
        ],
        "orig_title": "Night of the Living Dead",
        "status": " Released",
        "orig_lang": " English",
        "budget_x": 4200000.0,
        "revenue": 5835247.0,
        "country": "US"
    },
    {
        "title": "Night of the Living Dead",
        "date_x": "10/04/1968 ",
        "score": 76.0,
        "genre": [
            "Horror",
            "Thriller"
        ],
        "overview": "A disparate group of individuals takes refuge in an abandoned house when corpses begin to leave the graveyard in search of fresh human bodies to devour. The pragmatic Ben does his best to control the situation, but when the murderous zombies surround the house, the other survivors begin to panic.",
        "actors": [
            "Judith O'Dea",
            "Barbra",
            "Duane Jones",
            "Ben",
            "Marilyn Eastman",
            "Helen Cooper",
            "Karl Hardman",
            "Harry Cooper",
            "Judith Ridley",
            "Judy",
            "Keith Wayne",
            "Tom",
            "Kyra Schon",
            "Karen Cooper / Corpse in House",
            "Charles Craig",
            "TV Newscaster / Zombie",
            "S. William Hinzman",
            "Zombie (as Bill Heinzman)"
        ],
        "orig_title": "Night of the Living Dead",
        "status": " Released",
        "orig_lang": " English",
        "budget_x": 114000.0,
        "revenue": 30087064.0,
        "country": "US"
    },
    {
        "title": "Young Mother 2",
        "date_x": "05/29/2014 ",
        "score": 57.0,
        "genre": [
            "Drama",
            "Romance"
        ],
        "overview": "Yeong-gil is in graduate class and is stressed about getting a job. To make things worse, he's not had any experience with women yet, so he's always searching for something in his dreams but wakes up to nothing. Then one day, there is a change in his life, he puts his hand in The Box of Pandora and gets a job although it wasn't a regular position. He sleeps with his female superior during the interview even though it's not how he imagined it. Then one day, he visits Joo-yeon's home and meets her beautiful mother. Can he keep himself from being seduced by this woman?",
        "actors": [
            "Cha Soon-hyeong",
            "",
            "So Yoon",
            "",
            "Lee Ha-roo",
            "",
            "Ye Rin",
            ""
        ],
        "orig_title": " 젊은 엄마 2",
        "status": " Released",
        "orig_lang": " Korean",
        "budget_x": 118008009.2,
        "revenue": 452180857.4,
        "country": "KR"
    },
    {
        "title": "Gorgeous",
        "date_x": "02/12/1999 ",
        "score": 63.0,
        "genre": [
            "Adventure",
            "Action",
            "Comedy",
            "Romance"
        ],
        "overview": "When Ah Bu, a girl from a small fishing town in Taiwan, finds a glass bottle with a romantic message, she travels to Hong Kong to find her prince charming. As it turns out, her prince charming, Albert, happens to be gay. But all is not lost when Ah Bu meets the dashing Chi Wu. Meanwhile, Ah Bu's boyfriend from Taiwan comes looking for her, as the action and romance follow Ah Bu back to Taiwan.",
        "actors": [
            "Jackie Chan",
            "Chi Wu",
            "Shu Qi",
            "Ah Bu",
            "Tony Leung Chiu-wai",
            "Albert",
            "Wakin Chau",
            "L.W. Lo",
            "Bradley James Allan",
            "Alan",
            "Richie Jen",
            "Long-Yi",
            "Lau Yee Tat",
            "Chan's Assistant",
            "Ken Lo",
            "Lo's Bodyguard",
            "Chan Chung-Yung",
            "Bu's father"
        ],
        "orig_title": " 玻璃樽",
        "status": " Released",
        "orig_lang": " Cantonese",
        "budget_x": 95600000.0,
        "revenue": 813565486.2,
        "country": "US"
    },
    {
        "title": "Marley & Me",
        "date_x": "01/01/2009 ",
        "score": 72.0,
        "genre": [
            "Comedy",
            "Family"
        ],
        "overview": "A newly married couple who, in the process of starting a family, learn many of life's important lessons from their trouble-loving retriever, Marley. Packed with plenty of laughs to lighten the load, the film explores the highs and lows of marriage, maturity and confronting one's own mortality, as seen through the lens of family life with a dog.",
        "actors": [
            "Owen Wilson",
            "John Grogan",
            "Jennifer Aniston",
            "Jennifer Grogan",
            "Eric Dane",
            "Sebastian Tunney",
            "Kathleen Turner",
            "Ms. Kornblut",
            "Alan Arkin",
            "Arnie Klein",
            "Nathan Gamble",
            "Patrick (Age 10)",
            "Haley Bennett",
            "Lisa",
            "Haley Higgins",
            "Shannon",
            "Ann Dowd",
            "Dr. Platt"
        ],
        "orig_title": "Marley & Me",
        "status": " Released",
        "orig_lang": " English",
        "budget_x": 60000000.0,
        "revenue": 247812011.0,
        "country": "AU"
    },
    {
        "title": "Halloween",
        "date_x": "11/22/2007 ",
        "score": 62.0,
        "genre": [
            "Horror"
        ],
        "overview": "After being committed for 17 years, Michael Myers, now a grown man and still very dangerous, escapes from the mental institution (where he was committed as a 10 year old) and he immediately returns to Haddonfield, where he wants to find his baby sister, Laurie. Anyone who crosses his path is in mortal danger.",
        "actors": [
            "Scout Taylor-Compton",
            "Laurie Strode",
            "Tyler Mane",
            "Michael Myers",
            "Malcolm McDowell",
            "Dr. Samuel Loomis",
            "Daeg Faerch",
            "Michael Myers",
            "Age 10",
            "Sheri Moon Zombie",
            "Deborah Myers",
            "Danielle Harris",
            "Annie Brackett",
            "Brad Dourif",
            "Sheriff Leigh Brackett",
            "William Forsythe",
            "Ronnie White",
            "Kristina Klebe",
            "Lynda van der Klok"
        ],
        "orig_title": "Halloween",
        "status": " Released",
        "orig_lang": " English",
        "budget_x": 15000000.0,
        "revenue": 77514401.0,
        "country": "AU"
    },
    {
        "title": "Halloween",
        "date_x": "11/22/2007 ",
        "score": 62.0,
        "genre": [
            "Horror"
        ],
        "overview": "After being committed for 17 years, Michael Myers, now a grown man and still very dangerous, escapes from the mental institution (where he was committed as a 10 year old) and he immediately returns to Haddonfield, where he wants to find his baby sister, Laurie. Anyone who crosses his path is in mortal danger.",
        "actors": [
            "Scout Taylor-Compton",
            "Laurie Strode",
            "Tyler Mane",
            "Michael Myers",
            "Malcolm McDowell",
            "Dr. Samuel Loomis",
            "Daeg Faerch",
            "Michael Myers",
            "Age 10",
            "Sheri Moon Zombie",
            "Deborah Myers",
            "Danielle Harris",
            "Annie Brackett",
            "Brad Dourif",
            "Sheriff Leigh Brackett",
            "William Forsythe",
            "Ronnie White",
            "Kristina Klebe",
            "Lynda van der Klok"
        ],
        "orig_title": "Halloween",
        "status": " Released",
        "orig_lang": " English",
        "budget_x": 10000000.0,
        "revenue": 255416089.0,
        "country": "AU"
    },
    {
        "title": "Halloween",
        "date_x": "11/22/2007 ",
        "score": 62.0,
        "genre": [
            "Horror"
        ],
        "overview": "After being committed for 17 years, Michael Myers, now a grown man and still very dangerous, escapes from the mental institution (where he was committed as a 10 year old) and he immediately returns to Haddonfield, where he wants to find his baby sister, Laurie. Anyone who crosses his path is in mortal danger.",
        "actors": [
            "Scout Taylor-Compton",
            "Laurie Strode",
            "Tyler Mane",
            "Michael Myers",
            "Malcolm McDowell",
            "Dr. Samuel Loomis",
            "Daeg Faerch",
            "Michael Myers",
            "Age 10",
            "Sheri Moon Zombie",
            "Deborah Myers",
            "Danielle Harris",
            "Annie Brackett",
            "Brad Dourif",
            "Sheriff Leigh Brackett",
            "William Forsythe",
            "Ronnie White",
            "Kristina Klebe",
            "Lynda van der Klok"
        ],
        "orig_title": "Halloween",
        "status": " Released",
        "orig_lang": " English",
        "budget_x": 325000.0,
        "revenue": 70274000.0,
        "country": "AU"
    },
    {
        "title": "Animal Crackers",
        "date_x": "06/16/2018 ",
        "score": 63.0,
        "genre": [
            "Comedy",
            "Animation",
            "Adventure"
        ],
        "overview": "A family must use a magical box of Animal Crackers to save a rundown circus from being taken over by their evil uncle Horatio P. Huntington.",
        "actors": [
            "Emily Blunt",
            "Zoe Huntington (voice)",
            "John Krasinski",
            "Owen Huntington (voice)",
            "Lydia Rose Taylor",
            "Mackenzie Huntington (voice)",
            "Ian McKellen",
            "Horatio P. Huntington (voice)",
            "Sylvester Stallone",
            "Bullet-Man (voice)",
            "Danny DeVito",
            "Chesterfield (voice)",
            "Patrick Warburton",
            "Brock (voice)",
            "Wallace Shawn",
            "Mr. Woodley (voice)",
            "Raven-Symoné",
            "Brinkley (voice)"
        ],
        "orig_title": "Animal Crackers",
        "status": " Released",
        "orig_lang": " English",
        "budget_x": 86600000.0,
        "revenue": 597825126.0,
        "country": "CN"
    },
    {
        "title": "The Warriors",
        "date_x": "02/09/1979 ",
        "score": 77.0,
        "genre": [
            "Action",
            "Thriller"
        ],
        "overview": "Prominent gang leader Cyrus calls a meeting of New York's gangs to set aside their turf wars and take over the city. At the meeting, a rival leader kills Cyrus, but a Coney Island gang called the Warriors is wrongly blamed for Cyrus' death. Before you know it, the cops and every gangbanger in town is hot on the Warriors' trail.",
        "actors": [
            "Michael Beck",
            "Swan",
            "James Remar",
            "Ajax",
            "David Patrick Kelly",
            "Luther",
            "Dorsey Wright",
            "Cleon",
            "David Harris",
            "Cochise",
            "Deborah Van Valkenburgh",
            "Mercy",
            "Brian Tyler",
            "Snow",
            "Steve James",
            "Baseball Fury",
            "Tom McKitterick",
            "Cowboy"
        ],
        "orig_title": "The Warriors",
        "status": " Released",
        "orig_lang": " English",
        "budget_x": 4000000.0,
        "revenue": 22490039.0,
        "country": "US"
    },
    {
        "title": "Black and Blue",
        "date_x": "05/06/2020 ",
        "score": 68.0,
        "genre": [
            "Action",
            "Crime",
            "Drama",
            "Thriller"
        ],
        "overview": "A rookie cop inadvertently captures the murder of a young drug dealer on her body cam. After realizing that the murder was committed by corrupt cops, she teams up with the one person from her community who is willing to help her as she tries to escape both the criminals out for revenge and the police who are desperate to destroy the incriminating footage.",
        "actors": [
            "Naomie Harris",
            "Alicia West",
            "Tyrese Gibson",
            "Milo 'Mouse' Jackson",
            "Frank Grillo",
            "Terry Malone",
            "Mike Colter",
            "Darius",
            "Reid Scott",
            "Kevin",
            "Beau Knapp",
            "Smitty",
            "Nafessa Williams",
            "Missy",
            "James Moses Black",
            "Officer Deacon Brown",
            "Carsyn Taylor",
            "Jamal"
        ],
        "orig_title": "Black and Blue",
        "status": " Released",
        "orig_lang": " English",
        "budget_x": 12000000.0,
        "revenue": 22730144.0,
        "country": "AU"
    },
    {
        "title": "Bastille Day",
        "date_x": "05/12/2016 ",
        "score": 63.0,
        "genre": [
            "Action"
        ],
        "overview": "Michael Mason is an American pickpocket living in Paris who finds himself hunted by the CIA when he steals a bag that contains more than just a wallet. Sean Briar, the field agent on the case, soon realises that Michael is just a pawn in a much bigger game and is also his best asset to uncover a large-scale conspiracy.",
        "actors": [
            "Idris Elba",
            "Sean Briar",
            "Richard Madden",
            "Michael Mason",
            "Charlotte Le Bon",
            "Zoe Naville",
            "Kelly Reilly",
            "Karen Dacre",
            "José Garcia",
            "Victor Gamieux",
            "Anatol Yusef",
            "Tom Luddy",
            "Ériq Ebouaney",
            "Baba",
            "Alex Fondja",
            "Ange",
            "Arieh Worthalter",
            "Jean"
        ],
        "orig_title": "Bastille Day",
        "status": " Released",
        "orig_lang": " English",
        "budget_x": 20000000.0,
        "revenue": 14397593.0,
        "country": "AU"
    },
    {
        "title": "Transcendence",
        "date_x": "04/23/2014 ",
        "score": 60.0,
        "genre": [
            "Thriller",
            "Science Fiction",
            "Drama",
            "Mystery"
        ],
        "overview": "Two leading computer scientists work toward their goal of Technological Singularity,  as a radical anti-technology organization fights to prevent them from creating a world where computers can transcend the abilities of the human brain.",
        "actors": [
            "Johnny Depp",
            "Dr. Will Caster",
            "Rebecca Hall",
            "Evelyn Caster",
            "Morgan Freeman",
            "Joseph Tagger",
            "Paul Bettany",
            "Max Waters",
            "Cillian Murphy",
            "Agent Donald Buchanan",
            "Kate Mara",
            "Bree",
            "Cole Hauser",
            "Colonel Stevens",
            "Clifton Collins Jr.",
            "Martin",
            "Sam Quinn",
            "Meth Head #2"
        ],
        "orig_title": "Transcendence",
        "status": " Released",
        "orig_lang": " English",
        "budget_x": 100000000.0,
        "revenue": 103039258.0,
        "country": "AU"
    },
    {
        "title": "Breakfast at Tiffany's",
        "date_x": "02/08/1962 ",
        "score": 77.0,
        "genre": [
            "Comedy",
            "Romance"
        ],
        "overview": "Holly Golightly is an eccentric New York City playgirl determined to marry a Brazilian millionaire. But when young writer Paul Varjak moves into her apartment building, her past threatens to get in their way.",
        "actors": [
            "Audrey Hepburn",
            "Holly Golightly",
            "George Peppard",
            "Paul 'Fred' Varjak",
            "Patricia Neal",
            "Mrs. Emily Eustace '2E' Failenson",
            "Buddy Ebsen",
            "Doc Golightly",
            "Martin Balsam",
            "O.J. Berman",
            "José Luis de Vilallonga",
            "José da Silva Pereira",
            "John McGiver",
            "Tiffany's Salesman",
            "Alan Reed",
            "Sally Tomato",
            "Dorothy Whitney",
            "Mag Wildwood"
        ],
        "orig_title": "Breakfast at Tiffany's",
        "status": " Released",
        "orig_lang": " English",
        "budget_x": 2500000.0,
        "revenue": 9500000.0,
        "country": "AU"
    },
    {
        "title": "The Girl with All the Gifts",
        "date_x": "06/13/2017 ",
        "score": 65.0,
        "genre": [
            "Drama",
            "Horror",
            "Thriller",
            "Science Fiction"
        ],
        "overview": "In the future, a strange fungus has changed nearly everyone into a thoughtless, flesh-eating monster. When a scientist and a teacher find a girl who seems to be immune to the fungus, they all begin a journey to save humanity.",
        "actors": [
            "Sennia Nanua",
            "Melanie",
            "Gemma Arterton",
            "Helen Justineau",
            "Paddy Considine",
            "Sgt. Eddie Parks",
            "Glenn Close",
            "Dr. Caroline Caldwell",
            "Fisayo Akinade",
            "Kieran Gallagher",
            "Anamaria Marinca",
            "Dr. Selkirk",
            "Anthony Welsh",
            "Dillon",
            "Joe Lomas",
            "Joe",
            "Dominique Tipper",
            "Devani"
        ],
        "orig_title": "The Girl with All the Gifts",
        "status": " Released",
        "orig_lang": " English",
        "budget_x": 5005600.0,
        "revenue": 172698181.6,
        "country": "AU"
    },
    {
        "title": "Morgue",
        "date_x": "05/11/2021 ",
        "score": 71.0,
        "genre": [
            "Horror"
        ],
        "overview": "On his first day as a security guard, Diego Martinez is assigned to the night shift at the Hospital Regional. On his rounds, he notices the hallways can be unsettling at night until he accidentally notices he’s trapped inside the morgue.",
        "actors": [
            "Pablo Martínez",
            "Diego Martínez",
            "Francisco Ayala",
            "",
            "Willy Villalba",
            ""
        ],
        "orig_title": "Morgue",
        "status": " Released",
        "orig_lang": " Spanish, Castilian",
        "budget_x": 78300000.0,
        "revenue": 349714816.8,
        "country": "US"
    },
    {
        "title": "The Hurricane Heist",
        "date_x": "03/09/2018 ",
        "score": 57.0,
        "genre": [
            "Action",
            "Crime",
            "Thriller"
        ],
        "overview": "Thieves attempt a massive heist against the U.S. Treasury as a Category 5 hurricane approaches one of its Mint facilities.",
        "actors": [
            "Toby Kebbell",
            "Will",
            "Maggie Grace",
            "Casey",
            "Ryan Kwanten",
            "Breeze",
            "Ralph Ineson",
            "Perkins",
            "Melissa Bolona",
            "Sasha",
            "Ben Cross",
            "Dixon",
            "Christian Contreras",
            "Moreno",
            "Mark Basnight",
            "Deputy Gabrielle",
            "Erik Rondell",
            "Bruce"
        ],
        "orig_title": "The Hurricane Heist",
        "status": " Released",
        "orig_lang": " English",
        "budget_x": 40000000.0,
        "revenue": 33222314.0,
        "country": "US"
    },
    {
        "title": "Gaia",
        "date_x": "08/13/2021 ",
        "score": 60.0,
        "genre": [
            "Horror",
            "Fantasy",
            "Drama"
        ],
        "overview": "A park ranger takes shelter with two survivalists after an attack by mysterious creatures in a primordial forest.",
        "actors": [
            "Monique Rockman",
            "Gabi",
            "Carel Nel",
            "Barend",
            "Alex van Dyk",
            "Stefan",
            "Anthony Oseyemi",
            "Winston"
        ],
        "orig_title": "Gaia",
        "status": " Released",
        "orig_lang": " English",
        "budget_x": 130600000.0,
        "revenue": 508931823.2,
        "country": "AU"
    },
    {
        "title": "Stepmom's Desire",
        "date_x": "05/29/2020 ",
        "score": 63.0,
        "genre": [
            "Drama",
            "Romance"
        ],
        "overview": "Sang-jin, who was envious of her neighbor after getting a beautiful wife, Ask your wife's friend Gian to take over the son's extracurricular teacher, Sang-jin, who left work early, accidentally sees Gian's shower. A man who wants to have sex with his son's tutor, And a son who wants to have a good time with a young stepmom, Ji-an and Jin-hee, who want money, are disappointed with her husband, and Bin-jin gives her body to a young son.",
        "actors": [
            "Lee Soo",
            "",
            "Tae Hee",
            "",
            "James",
            "",
            "Jung In",
            ""
        ],
        "orig_title": " 새엄마의 욕망",
        "status": " Released",
        "orig_lang": " Korean",
        "budget_x": 120000000.0,
        "revenue": 303727772.6,
        "country": "KR"
    },
    {
        "title": "Jesus Revolution",
        "date_x": "04/20/2023 ",
        "score": 68.0,
        "genre": [
            "Drama"
        ],
        "overview": "In the 1970s, aimless teenager Greg Laurie searches for all the right things in all the wrong places until he meets Lonnie Frisbee, a charismatic hippie/street preacher. Together with local pastor Chuck Smith, they open the doors of a languishing church to an unexpected revival.",
        "actors": [
            "Joel Courtney",
            "Greg Laurie",
            "Kelsey Grammer",
            "Chuck Smith",
            "Jonathan Roumie",
            "Lonnie Frisbee",
            "Kimberly Williams-Paisley",
            "Charlene",
            "Anna Grace Barlow",
            "Cathe Martin",
            "Julia Campbell",
            "Kay Smith",
            "Alexia Ioannides",
            "Janette Smith",
            "Matthew Montemaro",
            "Trent",
            "DeVon Franklin",
            "Josiah"
        ],
        "orig_title": "Jesus Revolution",
        "status": " Released",
        "orig_lang": " English",
        "budget_x": 15000000.0,
        "revenue": 52010708.0,
        "country": "AU"
    },
    {
        "title": "Naked Ambition 3D",
        "date_x": "03/25/2014 ",
        "score": 52.0,
        "genre": [
            "Comedy"
        ],
        "overview": "An honors graduate in literature, Wyman is stuck writing cheap erotic fiction, but somehow ends up starring in an AV film. Suddenly a porn superstar in Japan, he discovers a whole new world fraught with pleasure, pain and more twists and turns than he or the audience expects.",
        "actors": [
            "Chapman To",
            "Wyman Chan / Mario Ozuka",
            "Josie Ho",
            "Shodaiko Hatoyama",
            "Derek Tsang",
            "Simon Yuen",
            "Taka Katou",
            "Himself",
            "Louis Koo",
            "Nagasaki Naoki",
            "Charlene Choi",
            "Maisora Aoi",
            "Maiko Yuki",
            "Herself",
            "Candy Yuen",
            "Cecilia",
            "Anri Okita",
            "Herself"
        ],
        "orig_title": " 3D 豪情",
        "status": " Released",
        "orig_lang": " Cantonese",
        "budget_x": 77140000.0,
        "revenue": 202866374.4,
        "country": "AU"
    },
    {
        "title": "Patch Adams",
        "date_x": "03/24/1999 ",
        "score": 73.0,
        "genre": [
            "Comedy",
            "Drama"
        ],
        "overview": "The true story of Dr. Hunter \"Patch\" Adams, who in the 1970s found that humor is the best medicine, and was willing to do just anything to make his patients laugh—even if it meant risking his own career.",
        "actors": [
            "Robin Williams",
            "Hunter \"Patch\" Adams",
            "Monica Potter",
            "Carin Fisher",
            "Philip Seymour Hoffman",
            "Mitch Roman",
            "Daniel London",
            "Truman Schiff",
            "Bob Gunton",
            "Dean Walcott",
            "Harve Presnell",
            "Dean Anderson",
            "Peter Coyote",
            "Bill Davis",
            "Michael Jeter",
            "Rudy",
            "Josef Sommer",
            "Dr. Eaton"
        ],
        "orig_title": "Patch Adams",
        "status": " Released",
        "orig_lang": " English",
        "budget_x": 50000000.0,
        "revenue": 202173000.0,
        "country": "AU"
    },
    {
        "title": "One Piece: Dead End Adventure",
        "date_x": "03/01/2003 ",
        "score": 70.0,
        "genre": [
            "Action",
            "Animation",
            "Adventure"
        ],
        "overview": "Desperate for cash, the Straw Hat Pirates enter a secret race between pirate crews known as the Dead End Competition. There, they must battle against powerful people, including the bounty hunter who wants to kill Gasparde and a climatic battle with Marine-turned-pirate Captain Gasparde.",
        "actors": [
            "Mayumi Tanaka",
            "Monkey D. Luffy",
            "Kazuya Nakai",
            "Roronoa Zoro",
            "Akemi Okamura",
            "Nami",
            "Kappei Yamaguchi",
            "Usopp",
            "Hiroaki Hirata",
            "Sanji",
            "Ikue Otani",
            "Tony Tony Chopper",
            "Yuriko Yamaguchi",
            "Nico Robin",
            "Miki Sakai",
            "Adelle Bascùd",
            "Tarô Ishida",
            "Gasparde"
        ],
        "orig_title": " ワンピース デッドエンドの冒険",
        "status": " Released",
        "orig_lang": " Japanese",
        "budget_x": 75397939.2,
        "revenue": 14817006.0,
        "country": "JP"
    },
    {
        "title": "Tremors 3: Back to Perfection",
        "date_x": "10/02/2001 ",
        "score": 58.0,
        "genre": [
            "Action",
            "Comedy",
            "Horror",
            "Science Fiction",
            "Thriller"
        ],
        "overview": "Burt Gummer returns home to Perfection, Nev., to find that the town of terror has become a theme park, and when the simulated giant worm attacks turn real, the survivalist must battle the creatures once again. Gummer pits his impressive knowledge of weaponry against the newest and deadliest generation of flesh-eating graboids, with help from two young entrepreneurs.",
        "actors": [
            "Michael Gross",
            "Burt Gummer",
            "Susan Chuang",
            "Jodi Chang",
            "Shawn Christian",
            "Desert Jack Sawyer",
            "Charlotte Stewart",
            "Nancy Sterngood",
            "Ariana Richards",
            "Mindy Sterngood",
            "Tony Genaro",
            "Miguel",
            "Lorna Scott",
            "Tourist Lady",
            "Barry Livingston",
            "Dr. Andrew Merliss",
            "Billy Rieck",
            "Buford"
        ],
        "orig_title": "Tremors 3: Back to Perfection",
        "status": " Released",
        "orig_lang": " English",
        "budget_x": 6000000.0,
        "revenue": 52604374.8,
        "country": "US"
    },
    {
        "title": "An Officer and a Gentleman",
        "date_x": "02/25/1983 ",
        "score": 70.0,
        "genre": [
            "Drama",
            "Romance"
        ],
        "overview": "Zack Mayo is an aloof, taciturn man who aspires to be a navy pilot. Once he arrives at training camp for his 13-week officer's course, Mayo runs afoul of abrasive, no-nonsense drill Sergeant Emil Foley. Mayo is an excellent cadet, but a little cold around the heart, so Foley rides him mercilessly, sensing that the young man would be prime officer material if he weren't so self-involved. Zack's affair with a working girl is likewise compromised by his unwillingness to give of himself.",
        "actors": [
            "Richard Gere",
            "Zack Mayo",
            "Debra Winger",
            "Paula Pokrifki",
            "Louis Gossett Jr.",
            "Sergeant Emil Foley",
            "David Keith",
            "Sid Worley",
            "Robert Loggia",
            "Byron Mayo",
            "Lisa Blount",
            "Lynette Pomeroy",
            "Lisa Eilbacher",
            "Casey Seeger",
            "Harold Sylvester",
            "Perryman",
            "David Caruso",
            "Topper Daniels"
        ],
        "orig_title": "An Officer and a Gentleman",
        "status": " Released",
        "orig_lang": " English",
        "budget_x": 6000000.0,
        "revenue": 129795554.0,
        "country": "AU"
    },
    {
        "title": "Mowgli: Legend of the Jungle",
        "date_x": "12/07/2018 ",
        "score": 65.0,
        "genre": [
            "Adventure",
            "Drama"
        ],
        "overview": "A human child raised by wolves, must face off against a menacing tiger named Shere Khan, as well as his own origins.",
        "actors": [
            "Rohan Chand",
            "Mowgli",
            "Christian Bale",
            "Bagheera",
            "Andy Serkis",
            "Baloo",
            "Benedict Cumberbatch",
            "Shere Khan",
            "Cate Blanchett",
            "Kaa (voice)",
            "Freida Pinto",
            "Messua",
            "Naomie Harris",
            "Nisha",
            "Peter Mullan",
            "Akela",
            "Eddie Marsan",
            "Vihaan"
        ],
        "orig_title": "Mowgli: Legend of the Jungle",
        "status": " Released",
        "orig_lang": " English",
        "budget_x": 175000000.0,
        "revenue": 20267371.6,
        "country": "GB"
    },
    {
        "title": "Little Fockers",
        "date_x": "12/26/2010 ",
        "score": 56.0,
        "genre": [
            "Comedy",
            "Romance"
        ],
        "overview": "It has taken 10 years, two little Fockers with wife Pam and countless hurdles for Greg to finally get in with his tightly wound father-in-law, Jack. After the cash-strapped dad takes a job moonlighting for a drug company, Jack's suspicions about his favorite male nurse come roaring back. When Greg and Pam's entire clan descends for the twins' birthday party, Greg must prove to the skeptical Jack that he's fully capable as the man of the house.",
        "actors": [
            "Robert De Niro",
            "Jack Byrnes",
            "Ben Stiller",
            "Greg Focker",
            "Owen Wilson",
            "Kevin Rawley",
            "Dustin Hoffman",
            "Bernie Focker",
            "Barbra Streisand",
            "Rozalin Focker",
            "Harvey Keitel",
            "Randy Weir",
            "Jessica Alba",
            "Andi Garcia",
            "Kevin Hart",
            "Nurse Louis",
            "Teri Polo",
            "Pam Byrnes-Focker"
        ],
        "orig_title": "Little Fockers",
        "status": " Released",
        "orig_lang": " English",
        "budget_x": 100000000.0,
        "revenue": 310650574.0,
        "country": "AU"
    },
    {
        "title": "The Marriage App",
        "date_x": "12/07/2022 ",
        "score": 63.0,
        "genre": [
            "Romance",
            "Comedy"
        ],
        "overview": "Tangled in a troubled marriage, a frustrated couple finds hope in a watch-based app that rewards good deeds — until unhealthy obsessiveness takes over.",
        "actors": [
            "Luisana Lopilato",
            "Belén",
            "Juan Minujín",
            "Federico",
            "Betiana Blum",
            "Alicia",
            "Andrea Rincón",
            "Juana",
            "Cristina Castaño",
            "Milan",
            "Santiago Gobernori",
            "Renato",
            "Julián Lucero",
            "Gonza",
            "Aylen Malisani",
            "Mica",
            "Vicente Archain",
            "Toto"
        ],
        "orig_title": " Matrimillas",
        "status": " Released",
        "orig_lang": " Spanish, Castilian",
        "budget_x": 142500000.0,
        "revenue": 341774820.8,
        "country": "AR"
    },
    {
        "title": "Marmaduke",
        "date_x": "06/04/2010 ",
        "score": 53.0,
        "genre": [
            "Family",
            "Comedy"
        ],
        "overview": "When Phil and Debbie Winslow relocate from their native Kansas to the sunny climes of Orange County, their big-hearted, havoc-wreaking Great Dane gets a taste of the dog's life, California-style.",
        "actors": [
            "Lee Pace",
            "Phil Winslow",
            "Judy Greer",
            "Debbie Winslow",
            "Owen Wilson",
            "Marmaduke (voice)",
            "Emma Stone",
            "Mazie (voice)",
            "George Lopez",
            "Carlos (voice)",
            "Caroline Sunshine",
            "Barbara Winslow",
            "Finley Jacobsen",
            "Brian Winslow",
            "Steve Coogan",
            "Raisin (voice)",
            "Christopher Mintz-Plasse",
            "Giuseppe (voice)"
        ],
        "orig_title": "Marmaduke",
        "status": " Released",
        "orig_lang": " English",
        "budget_x": 50000000.0,
        "revenue": 89895930.0,
        "country": "US"
    },
    {
        "title": "Big Trouble in Little China",
        "date_x": "07/01/1986 ",
        "score": 72.0,
        "genre": [
            "Action",
            "Adventure",
            "Comedy",
            "Fantasy"
        ],
        "overview": "When trucker Jack Burton agreed to take his friend, Wang Chi, to pick up his fiancee at the airport, he never expected to get involved in a supernatural battle between good and evil. Wang's fiancee has emerald green eyes, which make her a perfect target for immortal sorcerer Lo Pan—who must marry a girl with green eyes so he can regain his physical form.",
        "actors": [
            "Kurt Russell",
            "Jack Burton",
            "Kim Cattrall",
            "Gracie Law",
            "Dennis Dun",
            "Wang Chi",
            "James Hong",
            "David Lo Pan",
            "Victor Wong",
            "Egg Shen",
            "Kate Burton",
            "Margo",
            "Donald Li",
            "Eddie Lee",
            "Carter Wong",
            "Thunder",
            "Peter Kwong",
            "Rain"
        ],
        "orig_title": "Big Trouble in Little China",
        "status": " Released",
        "orig_lang": " English",
        "budget_x": 25000000.0,
        "revenue": 11208967.0,
        "country": "AU"
    },
    {
        "title": "Fallen Angels",
        "date_x": "09/06/1995 ",
        "score": 77.0,
        "genre": [
            "Action",
            "Romance",
            "Crime"
        ],
        "overview": "Two tales of crimes intertwine in present-day Hong Kong.",
        "actors": [
            "Leon Lai",
            "Wong Chi-Ming",
            "Charlie Yeung",
            "Charlie",
            "Takeshi Kaneshiro",
            "Ho Chi-mo",
            "Karen Mok",
            "Blondie",
            "Michelle Reis",
            "Killer's Agent",
            "Chan Man-Lei",
            "Wu's Father",
            "Toru Saito",
            "Sato",
            "Benz Kong To-Hoi",
            "Ah Hoi",
            "Chan Fai-hung",
            "Man Forced to Eat Ice-cream"
        ],
        "orig_title": " 墮落天使",
        "status": " Released",
        "orig_lang": " Cantonese",
        "budget_x": 105200000.0,
        "revenue": 657573739.2,
        "country": "HK"
    },
    {
        "title": "Sinister 2",
        "date_x": "08/21/2015 ",
        "score": 59.0,
        "genre": [
            "Horror"
        ],
        "overview": "A young mother and her twin sons move into a rural house that's marked for death.",
        "actors": [
            "James Ransone",
            "Ex-Deputy So & So",
            "Shannyn Sossamon",
            "Courtney Collins",
            "Robert Daniel Sloan",
            "Dylan Collins",
            "Dartanian Sloan",
            "Zach Collins",
            "Lea Coco",
            "Clint Collins",
            "Tate Ellington",
            "Dr. Stomberg",
            "John Beasley",
            "Father Rodriguez",
            "Lucas Jade Zumann",
            "Milo",
            "Jaden Klein",
            "Ted"
        ],
        "orig_title": "Sinister 2",
        "status": " Released",
        "orig_lang": " English",
        "budget_x": 10000000.0,
        "revenue": 54104225.0,
        "country": "GB"
    },
    {
        "title": "The Gods Must Be Crazy II",
        "date_x": "09/14/1989 ",
        "score": 70.0,
        "genre": [
            "Action",
            "Comedy"
        ],
        "overview": "Xixo is back again. This time, his children accidentally stow away on a fast-moving poachers' truck, unable to get off, and Xixo sets out to rescue them. Along the way, he encounters a couple of soldiers trying to capture each other and a pilot and passenger of a small plane, who are each having a few problems of their own.",
        "actors": [
            "N!xau",
            "Xixo",
            "Lena Farugia",
            "Dr. Ann Taylor",
            "Hans Strydom",
            "Dr. Stephen Marshall",
            "Eiros",
            "Xiri",
            "Nadies",
            "Xisa",
            "Erick Bowen",
            "Mateo",
            "Pierre van Pletzen",
            "George",
            "Lourens Swanepoel",
            "Brenner",
            "Richard Loring",
            "Jack"
        ],
        "orig_title": "The Gods Must Be Crazy II",
        "status": " Released",
        "orig_lang": " English",
        "budget_x": 110000000.0,
        "revenue": 752859753.4,
        "country": "AU"
    }
]