[
    {
        "title": "Last Man Down",
        "date_x": "11/01/2021 ",
        "score": 58.0,
        "genre": [
            "Action",
            "Thriller"
        ],
        "overview": "After civilization succumbs to a deadly pandemic and his wife is murdered, a special forces soldier abandons his duty and becomes a hermit in the Nordic wilderness. Years later, a wounded woman appears on his doorstep. She's escaped from a lab and her pursuers believe her blood is the key to a worldwide cure. He's hesitant to get involved, but all doubts are cast aside when he discovers her pursuer is none other than Commander Stone, the man that murdered his wife some years ago.",
        "actors": [
            "Daniel Stisen",
            "John Wood",
            "Olga Kent",
            "Maria Johnson",
            "Daniel Nehme",
            "Commander Stone",
            "Stanislav Yanevski",
            "Dr. Feltspat",
            "Madeleine Vall",
            "Granite",
            "Natassia Malthe",
            "Zahara",
            "Stephanie Siadatan",
            "Emilia",
            "Robert Follin",
            "Adam",
            "Michael Billington",
            "Mason"
        ],
        "orig_title": "Last Man Down",
        "status": " Released",
        "orig_lang": " English",
        "budget_x": 165000000.0,
        "revenue": 250351474.6,
        "country": "AU"
    },
    {
        "title": "The Emperor's New Groove",
        "date_x": "04/05/2001 ",
        "score": 75.0,
        "genre": [
            "Adventure",
            "Animation",
            "Comedy",
            "Family",
            "Fantasy"
        ],
        "overview": "Kuzco is a self-centered emperor who summons Pacha from a village and to tell him that his home will be destroyed to make room for Kuzco's new summer home. Kuzco's advisor, Yzma, tries to poison Kuzco and accidentally turns him into a llama, who accidentally ends up in Pacha's village. Pacha offers to help Kuzco if he doesn't destroy his house, and so they form an unlikely partnership.",
        "actors": [
            "David Spade",
            "Kuzco (voice)",
            "John Goodman",
            "Pacha (voice)",
            "Eartha Kitt",
            "Yzma (voice)",
            "Patrick Warburton",
            "Kronk (voice)",
            "Wendie Malick",
            "Chicha (voice)",
            "Kellyann Kelso",
            "Chaca (voice)",
            "Eli Russell Linnetz",
            "Tipo (voice)",
            "Stephen J. Anderson",
            "Additional Voices (voice)",
            "Bob Bergen",
            "Bucky / Fly Stuck in Web (voice)"
        ],
        "orig_title": "The Emperor's New Groove",
        "status": " Released",
        "orig_lang": " English",
        "budget_x": 100000000.0,
        "revenue": 169630573.0,
        "country": "AU"
    },
    {
        "title": "The Princess",
        "date_x": "06/16/2022 ",
        "score": 69.0,
        "genre": [
            "Fantasy",
            "Action"
        ],
        "overview": "A beautiful, strong-willed young royal refuses to wed the cruel sociopath to whom she is betrothed and is kidnapped and locked in a remote tower of her father’s castle. With her scorned, vindictive suitor intent on taking her father’s throne, the princess must protect her family and save the kingdom.",
        "actors": [
            "Joey King",
            "The Princess",
            "Dominic Cooper",
            "Julius",
            "Olga Kurylenko",
            "Moira",
            "Veronica Ngo",
            "Linh",
            "Alex Reid",
            "The Queen",
            "Ed Stoppard",
            "The King",
            "Katelyn Rose Downey",
            "Violet",
            "Kristofer Kamiyasu",
            "Khai",
            "Fergus O'Donnell",
            "Kurr"
        ],
        "orig_title": "The Princess",
        "status": " Released",
        "orig_lang": " English",
        "budget_x": 89000000.0,
        "revenue": 518519804.4,
        "country": "US"
    },
    {
        "title": "The Lion King",
        "date_x": "07/17/2019 ",
        "score": 71.0,
        "genre": [
            "Adventure",
            "Drama",
            "Family"
        ],
        "overview": "Simba idolizes his father, King Mufasa, and takes to heart his own royal destiny. But not everyone in the kingdom celebrates the new cub's arrival. Scar, Mufasa's brother—and former heir to the throne—has plans of his own. The battle for Pride Rock is ravaged with betrayal, tragedy and drama, ultimately resulting in Simba's exile. With help from a curious pair of newfound friends, Simba will have to figure out how to grow up and take back what is rightfully his.",
        "actors": [
            "Chiwetel Ejiofor",
            "Scar (voice)",
            "John Oliver",
            "Zazu (voice)",
            "James Earl Jones",
            "Mufasa (voice)",
            "John Kani",
            "Rafiki (voice)",
            "Alfre Woodard",
            "Sarabi (voice)",
            "JD McCrary",
            "Young Simba (voice)",
            "Shahadi Wright Joseph",
            "Young Nala (voice)",
            "Penny Johnson Jerald",
            "Sarafina (voice)",
            "Keegan-Michael Key",
            "Kamari (voice)"
        ],
        "orig_title": "The Lion King",
        "status": " Released",
        "orig_lang": " English",
        "budget_x": 260000000.0,
        "revenue": 1647733638.0,
        "country": "AU"
    },
    {
        "title": "The Lion King",
        "date_x": "07/17/2019 ",
        "score": 71.0,
        "genre": [
            "Adventure",
            "Drama",
            "Family"
        ],
        "overview": "Simba idolizes his father, King Mufasa, and takes to heart his own royal destiny. But not everyone in the kingdom celebrates the new cub's arrival. Scar, Mufasa's brother—and former heir to the throne—has plans of his own. The battle for Pride Rock is ravaged with betrayal, tragedy and drama, ultimately resulting in Simba's exile. With help from a curious pair of newfound friends, Simba will have to figure out how to grow up and take back what is rightfully his.",
        "actors": [
            "Chiwetel Ejiofor",
            "Scar (voice)",
            "John Oliver",
            "Zazu (voice)",
            "James Earl Jones",
            "Mufasa (voice)",
            "John Kani",
            "Rafiki (voice)",
            "Alfre Woodard",
            "Sarabi (voice)",
            "JD McCrary",
            "Young Simba (voice)",
            "Shahadi Wright Joseph",
            "Young Nala (voice)",
            "Penny Johnson Jerald",
            "Sarafina (voice)",
            "Keegan-Michael Key",
            "Kamari (voice)"
        ],
        "orig_title": "The Lion King",
        "status": " Released",
        "orig_lang": " English",
        "budget_x": 79300000.0,
        "revenue": 986193783.0,
        "country": "AU"
    },
    {
        "title": "Jungle Cruise",
        "date_x": "07/29/2021 ",
        "score": 75.0,
        "genre": [
            "Action",
            "Adventure",
            "Fantasy"
        ],
        "overview": "Dr. Lily Houghton enlists the aid of wisecracking skipper Frank Wolff to take her down the Amazon in his dilapidated boat. Together, they search for an ancient tree that holds the power to heal – a discovery that will change the future of medicine.",
        "actors": [
            "Dwayne Johnson",
            "Frank Wolff",
            "Emily Blunt",
            "Dr. Lily Houghton",
            "Edgar Ramírez",
            "Lope de Aguirre",
            "Jack Whitehall",
            "McGregor Houghton",
            "Jesse Plemons",
            "Prince Joachim",
            "Paul Giamatti",
            "Nilo",
            "Veronica Falcón",
            "Trader Sam",
            "Dani Rovira",
            "Sancho",
            "Quim Gutiérrez",
            "Melchor"
        ],
        "orig_title": "Jungle Cruise",
        "status": " Released",
        "orig_lang": " English",
        "budget_x": 200000000.0,
        "revenue": 210469803.0,
        "country": "AU"
    },
    {
        "title": "The Nun",
        "date_x": "09/06/2018 ",
        "score": 59.0,
        "genre": [
            "Horror",
            "Mystery",
            "Thriller"
        ],
        "overview": "When a young nun at a cloistered abbey in Romania takes her own life, a priest with a haunted past and a novitiate on the threshold of her final vows are sent by the Vatican to investigate. Together they uncover the order’s unholy secret. Risking not only their lives but their faith and their very souls, they confront a malevolent force in the form of the same demonic nun that first terrorized audiences in “The Conjuring 2” as the abbey becomes a horrific battleground between the living and the damned.",
        "actors": [
            "Taissa Farmiga",
            "Sister Irene",
            "Demián Bichir",
            "Father Burke",
            "Bonnie Aarons",
            "The Nun / Valak",
            "Jonas Bloquet",
            "Maurice Theriault",
            "Ingrid Bisu",
            "Sister Oana",
            "Patrick Wilson",
            "Ed Warren",
            "Vera Farmiga",
            "Lorraine Warren",
            "Lili Taylor",
            "Carolyn Perron",
            "Charlotte Hope",
            "Sister Victoria"
        ],
        "orig_title": "The Nun",
        "status": " Released",
        "orig_lang": " English",
        "budget_x": 22000000.0,
        "revenue": 363391647.0,
        "country": "AU"
    },
    {
        "title": "Superfast!",
        "date_x": "04/02/2015 ",
        "score": 50.0,
        "genre": [
            "Comedy",
            "Action"
        ],
        "overview": "Undercover cop Lucas White joins Vin Serento's LA gang of illegal street racers. They are fast and they are furious and they plan to double cross LA crime kingpin Juan Carlos de la Sol who hides his cash in a downtown Taco Bell. The gang's outrageous plan is as daring as it is ridiculous and will see them towing the whole restaurant, at crazy speeds.",
        "actors": [
            "Alex Ashbaugh",
            "Officer Lucas White",
            "Dale Pavinski",
            "Vin Serento",
            "Andrea Navedo",
            "Michelle",
            "Lili Mirojnick",
            "Jordana",
            "Gonzalo Menendez",
            "Detective Hanover",
            "Shakira Barrera",
            "Sofia",
            "Dio Johnson",
            "Detective Johnson",
            "Shantel Wislawski",
            "Officer Julie Canaro",
            "Omar Chaparro",
            "Juan Carlos Del Sol"
        ],
        "orig_title": "Superfast!",
        "status": " Released",
        "orig_lang": " English",
        "budget_x": 20000000.0,
        "revenue": 3146707.8,
        "country": "US"
    },
    {
        "title": "Code Name Banshee",
        "date_x": "07/01/2022 ",
        "score": 59.0,
        "genre": [
            "Action",
            "Thriller"
        ],
        "overview": "Caleb, a former government assassin in hiding, who resurfaces when his protégé, the equally deadly killer known as Banshee, discovers a bounty has been placed on Caleb's head.",
        "actors": [
            "Jaime King",
            "Banshee",
            "Antonio Banderas",
            "Caleb",
            "Tommy Flanagan",
            "Anthony Greene",
            "Catherine Davis",
            "Hailey",
            "Kim DeLonghi",
            "Carla",
            "Levon Panek",
            "Thug",
            "Wayne Pyle",
            "Rick",
            "Keil Oakley Zepernick",
            "Giant",
            "Aleksander Vayshelboym",
            "Kronos"
        ],
        "orig_title": "Code Name Banshee",
        "status": " Released",
        "orig_lang": " English",
        "budget_x": 70520000.0,
        "revenue": 457654821.6,
        "country": "US"
    },
    {
        "title": "Beauty Salon: Special Service 2",
        "date_x": "02/13/2018 ",
        "score": 70.0,
        "genre": [
            "Romance"
        ],
        "overview": "There is a special hair salon to satisfy from head to toe! Hyejin, who worked at a hairdresser who is famous as a decadent place. At first, I was reluctant to be served by my body, but from the moment I actively covet the guest. Hye-jin is a winner and winner of the special know-how of the president. But the new sex machine Zhuhei begins to take over all the guests with a tireless stamina.",
        "actors": [
            "Cho Tae Ho",
            "",
            "Kim Ji-yeon-III",
            "",
            "Jin Si-ah",
            "",
            "Hae Il",
            ""
        ],
        "orig_title": " 미용실 특별한 서비스 2",
        "status": " Released",
        "orig_lang": " Korean",
        "budget_x": 105740523.8,
        "revenue": 345465556.8,
        "country": "KR"
    },
    {
        "title": "The Parent Trap",
        "date_x": "07/29/1998 ",
        "score": 71.0,
        "genre": [
            "Comedy",
            "Family"
        ],
        "overview": "Hallie Parker and Annie James are identical twins separated at a young age because of their parents' divorce. Unknowingly to their parents, the girls are sent to the same summer camp where they meet, discover the truth about themselves, and then plot with each other to switch places.",
        "actors": [
            "Lindsay Lohan",
            "Hallie Parker / Annie James",
            "Dennis Quaid",
            "Nick Parker",
            "Natasha Richardson",
            "Elizabeth James",
            "Elaine Hendrix",
            "Meredith Blake",
            "Lisa Ann Walter",
            "Chessy",
            "Simon Kunz",
            "Martin",
            "Ronnie Stevens",
            "Grandfather",
            "Michael Lohan Jr.",
            "Lost Boy at Camp",
            "Kat Graham",
            "Jackie"
        ],
        "orig_title": "The Parent Trap",
        "status": " Released",
        "orig_lang": " English",
        "budget_x": 15000000.0,
        "revenue": 92108518.0,
        "country": "US"
    },
    {
        "title": "One Way",
        "date_x": "12/01/2022 ",
        "score": 64.0,
        "genre": [
            "Action",
            "Crime",
            "Thriller"
        ],
        "overview": "On the run with a bag full of cash after a robbing his former crime boss—and a potentially fatal wound—Freddy slips onto a bus headed into the unrelenting California desert. With his life slipping through his fingers, Freddy is left with very few choices to survive.",
        "actors": [
            "Machine Gun Kelly",
            "Freddy",
            "Storm Reid",
            "Rachel",
            "Drea de Matteo",
            "Vic",
            "Travis Fimmel",
            "Will",
            "Kevin Bacon",
            "Fred Sr.",
            "Luis Da Silva Jr.",
            "JJ",
            "Meagan Holder",
            "Christine",
            "Rhys Coiro",
            "Coco",
            "Kendall Dugan",
            "Hailey"
        ],
        "orig_title": "One Way",
        "status": " Released",
        "orig_lang": " English",
        "budget_x": 98600000.0,
        "revenue": 688313467.6,
        "country": "AU"
    },
    {
        "title": "Monster High: The Movie",
        "date_x": "10/06/2022 ",
        "score": 70.0,
        "genre": [
            "Family",
            "Fantasy",
            "Comedy",
            "Adventure",
            "Music",
            "TV Movie"
        ],
        "overview": "Clawdeen Wolf, half human and half werewolf, has recently started attending Monster High, a school for monsters in all forms. After quickly befriending her classmates Frankie Stein and Draculaura, Clawdeen feels like she has finally found a place where she can truly be herself, or so she thinks. Soon, a devious plan to destroy Monster High threatens to reveal her real identity and Clawdeen must learn to embrace her true monster heart before it's too late.",
        "actors": [
            "Miia Harris",
            "Clawdeen Wolf",
            "Ceci Balagot",
            "Frankie Stein",
            "Nayah Damasen",
            "Draculaura",
            "Case Walker",
            "Deuce Gorgon",
            "Kyle Selig",
            "Mr. Komos",
            "Marci T. House",
            "Headmistress Bloodgood",
            "Scotch Ellis Loring",
            "Apollo Wolf / Pierre",
            "Steve Valentine",
            "Dracula",
            "Jy Prishkulnik",
            "Cleo De Nile"
        ],
        "orig_title": "Monster High: The Movie",
        "status": " Released",
        "orig_lang": " English",
        "budget_x": 147200000.0,
        "revenue": 432006011.2,
        "country": "US"
    },
    {
        "title": "Furious 7",
        "date_x": "04/02/2015 ",
        "score": 72.0,
        "genre": [
            "Action",
            "Thriller",
            "Crime"
        ],
        "overview": "Deckard Shaw seeks revenge against Dominic Toretto and his family for his comatose brother.",
        "actors": [
            "Vin Diesel",
            "Dominic Toretto",
            "Paul Walker",
            "Brian O'Conner",
            "Dwayne Johnson",
            "Luke Hobbs",
            "Jason Statham",
            "Deckard Shaw",
            "Michelle Rodriguez",
            "Leticia 'Letty' Ortiz",
            "Tyrese Gibson",
            "Roman Pearce",
            "Ludacris",
            "Tej Parker",
            "Jordana Brewster",
            "Mia Toretto",
            "Djimon Hounsou",
            "Jakande"
        ],
        "orig_title": "Furious 7",
        "status": " Released",
        "orig_lang": " English",
        "budget_x": 190000000.0,
        "revenue": 1514553486.0,
        "country": "AU"
    },
    {
        "title": "The Conjuring 2",
        "date_x": "06/09/2016 ",
        "score": 73.0,
        "genre": [
            "Horror",
            "Thriller"
        ],
        "overview": "Lorraine and Ed Warren travel to north London to help a single mother raising four children alone in a house plagued by malicious spirits.",
        "actors": [
            "Patrick Wilson",
            "Ed Warren",
            "Vera Farmiga",
            "Lorraine Warren",
            "Madison Wolfe",
            "Janet Hodgson",
            "Frances O'Connor",
            "Peggy Hodgson",
            "Simon McBurney",
            "Maurice Grosse",
            "Lauren Esposito",
            "Margaret Hodgson",
            "Benjamin Haigh",
            "Billy Hodgson",
            "Sterling Jerins",
            "Judy Warren",
            "Maria Doyle Kennedy",
            "Peggy Nottingham"
        ],
        "orig_title": "The Conjuring 2",
        "status": " Released",
        "orig_lang": " English",
        "budget_x": 40000000.0,
        "revenue": 321834351.0,
        "country": "AU"
    },
    {
        "title": "Overdose",
        "date_x": "11/04/2022 ",
        "score": 66.0,
        "genre": [
            "Action"
        ],
        "overview": "Captain Sara Bellaiche, from Toulouse Judiciary Police branch, is investigating a go-fast linked to the murder of two teenagers, an investigation led by Richard Cross, from the Paris Criminal Brigade. Forced to collaborate in order to find the murderer and stop the bloody go-fast, Sara and Richard are both thrown in a breathless race against the clock on the roads of Spain and France.",
        "actors": [
            "Sofia Essaïdi",
            "Sara Bellaïche",
            "Assaad Bouab",
            "Richard Cross",
            "Alberto Ammann",
            "Eduardo Gracia",
            "Nicolas Cazalé",
            "Reynal",
            "Nassim Lyes",
            "Saïd Masriche",
            "Naïma Rodric",
            "Vanessa Sanchez",
            "Kool Shen",
            "Bob Fontana",
            "Moussa Mansaly",
            "Franck Darcheville",
            "Simon Abkarian",
            "Daniel Prat"
        ],
        "orig_title": "Overdose",
        "status": " Released",
        "orig_lang": " French",
        "budget_x": 99400000.0,
        "revenue": 341205403.4,
        "country": "FR"
    },
    {
        "title": "Dragon Ball Z: Broly – The Legendary Super Saiyan",
        "date_x": "03/06/1993 ",
        "score": 73.0,
        "genre": [
            "Animation",
            "Science Fiction",
            "Action"
        ],
        "overview": "While the Saiyan Paragus persuades Vegeta to rule a new planet, King Kai alerts Goku of the South Galaxy's destruction by an unknown Super Saiyan.",
        "actors": [
            "Bin Shimada",
            "Broly (voice)",
            "Masako Nozawa",
            "Son Goku / Son Gohan (voice)",
            "Ryou Horikawa",
            "Vegeta (voice)",
            "Iemasa Kayumi",
            "Paragus (voice)",
            "Takeshi Kusao",
            "Trunks (voice)",
            "Mayumi Tanaka",
            "Kuririn (voice)",
            "Toshio Furukawa",
            "Piccolo (voice)",
            "Kōhei Miyauchi",
            "Kame Sen'nin (voice)",
            "Naoki Tatsuta",
            "Oolong / Tako Kagaku-sha (voice)"
        ],
        "orig_title": " ドラゴンボールＺ 燃え尽きろ!!熱戦・烈戦・超激戦",
        "status": " Released",
        "orig_lang": " Japanese",
        "budget_x": 25100000.0,
        "revenue": 21658982.0,
        "country": "JP"
    },
    {
        "title": "Inception",
        "date_x": "07/22/2010 ",
        "score": 84.0,
        "genre": [
            "Action",
            "Science Fiction",
            "Adventure"
        ],
        "overview": "Cobb, a skilled thief who commits corporate espionage by infiltrating the subconscious of his targets is offered a chance to regain his old life as payment for a task considered to be impossible: \"inception\", the implantation of another person's idea into a target's subconscious.",
        "actors": [
            "Leonardo DiCaprio",
            "Dom Cobb",
            "Joseph Gordon-Levitt",
            "Arthur",
            "Ken Watanabe",
            "Saito",
            "Tom Hardy",
            "Eames",
            "Elliot Page",
            "Ariadne",
            "Dileep Rao",
            "Yusuf",
            "Cillian Murphy",
            "Robert Fischer",
            "Jr.",
            "Tom Berenger",
            "Peter Browning",
            "Marion Cotillard",
            "Mal Cobb"
        ],
        "orig_title": "Inception",
        "status": " Released",
        "orig_lang": " English",
        "budget_x": 160000000.0,
        "revenue": 728537960.0,
        "country": "AU"
    },
    {
        "title": "Frozen",
        "date_x": "12/26/2013 ",
        "score": 72.0,
        "genre": [
            "Animation",
            "Family",
            "Adventure",
            "Fantasy"
        ],
        "overview": "Young princess Anna of Arendelle dreams about finding true love at her sister Elsa’s coronation. Fate takes her on a dangerous journey in an attempt to end the eternal winter that has fallen over the kingdom. She's accompanied by ice delivery man Kristoff, his reindeer Sven, and snowman Olaf. On an adventure where she will find out what friendship, courage, family, and true love really means.",
        "actors": [
            "Kristen Bell",
            "Anna (voice)",
            "Idina Menzel",
            "Elsa (voice)",
            "Jonathan Groff",
            "Kristoff (voice)",
            "Frank Welker",
            "Sven (voice)",
            "Josh Gad",
            "Olaf (voice)",
            "Santino Fontana",
            "Hans (voice)",
            "Alan Tudyk",
            "Duke (voice)",
            "Ciarán Hinds",
            "Pabbie / Grandpa (voice)",
            "Chris Williams",
            "Oaken (voice)"
        ],
        "orig_title": "Frozen",
        "status": " Released",
        "orig_lang": " English",
        "budget_x": 150000000.0,
        "revenue": 1256887580.0,
        "country": "AU"
    },
    {
        "title": "Madagascar: A Little Wild Holiday Goose Chase",
        "date_x": "11/26/2021 ",
        "score": 63.0,
        "genre": [
            "Animation",
            "Comedy"
        ],
        "overview": "Melman the Giraffe meets Hank, a goose who has been separated from his family and along with his friends, they embark on a wild goose chase around the city to reunite Hank with his merry flock.",
        "actors": [
            "Shaylin Becton",
            "Gloria",
            "Tucker Chandler",
            "Alex",
            "Jasmine Gatewood",
            "Kate",
            "Luke Lowe",
            "Melman",
            "Amir O'Neil",
            "Marty",
            "Eric Petersen",
            "Ant'ney",
            "Mark Whitten",
            "Hank"
        ],
        "orig_title": "Madagascar: A Little Wild Holiday Goose Chase",
        "status": " Released",
        "orig_lang": " English",
        "budget_x": 83400000.0,
        "revenue": 191964060.4,
        "country": "US"
    },
    {
        "title": "God's Not Dead: A Light in Darkness",
        "date_x": "03/30/2018 ",
        "score": 69.0,
        "genre": [
            "Drama"
        ],
        "overview": "Pastor Dave  responds to the unimaginable tragedy of having his church, located on the grounds of the local university, burned down.",
        "actors": [
            "David A.R. White",
            "Pastor Dave",
            "John Corbett",
            "Pearce",
            "Jennifer Taylor",
            "Meg Harvey",
            "Benjamin A. Onyango",
            "Reverend Jude",
            "Tatum O'Neal",
            "Barbara Solomon",
            "Shane Harper",
            "Josh Wheaton",
            "Ted McGinley",
            "Thomas Ellsworth",
            "Mike C. Manning",
            "Adam Richertson",
            "Samantha Boscarino",
            "Keaton Young"
        ],
        "orig_title": "God's Not Dead: A Light in Darkness",
        "status": " Released",
        "orig_lang": " English",
        "budget_x": 56400000.0,
        "revenue": 5728940.0,
        "country": "US"
    },
    {
        "title": "Top Gun",
        "date_x": "06/20/1986 ",
        "score": 70.0,
        "genre": [
            "Romance",
            "Drama",
            "Action"
        ],
        "overview": "For Lieutenant Pete 'Maverick' Mitchell and his friend and co-pilot Nick 'Goose' Bradshaw, being accepted into an elite training school for fighter pilots is a dream come true. But a tragedy, as well as personal demons, will threaten Pete's dreams of becoming an ace pilot.",
        "actors": [
            "Tom Cruise",
            "Lt. Pete 'Maverick' Mitchell",
            "Kelly McGillis",
            "Charlotte 'Charlie' Blackwood",
            "Val Kilmer",
            "Lt. Tom 'Iceman' Kazansky",
            "Anthony Edwards",
            "LTJG Nick 'Goose' Bradshaw",
            "Tom Skerritt",
            "Cmdr. Mike 'Viper' Metcalf",
            "Michael Ironside",
            "Lt. Cmdr. Rick 'Jester' Heatherly",
            "John Stockwell",
            "Lt. Bill 'Cougar' Cortell",
            "Barry Tubb",
            "LTJG Leonard 'Wolfman' Wolfe",
            "Rick Rossovich",
            "LTJG Ron 'Slider' Kerner"
        ],
        "orig_title": "Top Gun",
        "status": " Released",
        "orig_lang": " English",
        "budget_x": 15000000.0,
        "revenue": 357469522.0,
        "country": "AU"
    },
    {
        "title": "The Prince of Egypt",
        "date_x": "12/26/1998 ",
        "score": 72.0,
        "genre": [
            "Adventure",
            "Animation",
            "Drama",
            "Family"
        ],
        "overview": "This is the extraordinary tale of two brothers named Moses and Ramses, one born of royal blood, and one an orphan with a secret past. Growing up the best of friends, they share a strong bond of free-spirited youth and good-natured rivalry. But the truth will ultimately set them at odds, as one becomes the ruler of the most powerful empire on earth, and the other the chosen leader of his people! Their final confrontation will forever change their lives and the world.",
        "actors": [
            "Val Kilmer",
            "Moses / God (voice)",
            "Ralph Fiennes",
            "Ramesses II (voice)",
            "Michelle Pfeiffer",
            "Zipporah (voice)",
            "Sandra Bullock",
            "Miriam (voice)",
            "Jeff Goldblum",
            "Aaron (voice)",
            "Danny Glover",
            "Jethro (voice)",
            "Patrick Stewart",
            "Pharaoh Seti I (voice)",
            "Helen Mirren",
            "The Queen (voice)",
            "Steve Martin",
            "Hotep (voice)"
        ],
        "orig_title": "The Prince of Egypt",
        "status": " Released",
        "orig_lang": " English",
        "budget_x": 60000000.0,
        "revenue": 218613188.0,
        "country": "AU"
    },
    {
        "title": "The Requin",
        "date_x": "01/28/2022 ",
        "score": 50.0,
        "genre": [
            "Thriller",
            "Horror"
        ],
        "overview": "A couple on a romantic getaway find themselves stranded at sea when a tropical storm sweeps away their villa. In order to survive, they are forced to fight the elements, while sharks circle below.",
        "actors": [
            "Alicia Silverstone",
            "Jaelyn",
            "James Tupper",
            "Kyle",
            "Deirdre O'Connell",
            "Anne",
            "Danny Chung",
            "Fisherman",
            "Jennifer Mudge",
            "Lizzie",
            "Kha Mai",
            "Tour Guide",
            "Kameron Hood",
            "Tourist (uncredited)"
        ],
        "orig_title": "The Requin",
        "status": " Released",
        "orig_lang": " English",
        "budget_x": 8500000.0,
        "revenue": 130493.0,
        "country": "US"
    },
    {
        "title": "It Chapter Two",
        "date_x": "09/05/2019 ",
        "score": 69.0,
        "genre": [
            "Horror",
            "Fantasy"
        ],
        "overview": "27 years after overcoming the malevolent supernatural entity Pennywise, the former members of the Losers' Club, who have grown up and moved away from Derry, are brought back together by a devastating phone call.",
        "actors": [
            "Bill Skarsgård",
            "Pennywise",
            "James McAvoy",
            "Bill Denbrough",
            "Jessica Chastain",
            "Beverly Marsh",
            "Bill Hader",
            "Richie Tozier",
            "Isaiah Mustafa",
            "Mike Hanlon",
            "Jay Ryan",
            "Ben Hanscom",
            "James Ransone",
            "Eddie Kaspbrak",
            "Andy Bean",
            "Stanley Uris",
            "Jaeden Martell",
            "Young Bill Denbrough"
        ],
        "orig_title": "It Chapter Two",
        "status": " Released",
        "orig_lang": " English",
        "budget_x": 79000000.0,
        "revenue": 473122525.0,
        "country": "AU"
    },
    {
        "title": "The Unholy",
        "date_x": "04/15/2021 ",
        "score": 67.0,
        "genre": [
            "Horror",
            "Mystery"
        ],
        "overview": "Alice is young hearing-impaired girl who, after a supposed visitation from the Virgin Mary, is inexplicably able to hear, speak and heal the sick. As word spreads and people from near and far flock to witness her miracles, a disgraced journalist hoping to revive his career visits the small New England town to investigate. When terrifying events begin to happen all around, he starts to question if these phenomena are the works of the Virgin Mary or something much more sinister.",
        "actors": [
            "Jeffrey Dean Morgan",
            "Gerry Fenn",
            "Cricket Brown",
            "Alice",
            "William Sadler",
            "Father Hagan",
            "Katie Aselton",
            "Natalie Gates",
            "Cary Elwes",
            "Bishop Gyles",
            "Diogo Morgado",
            "Delgarde",
            "Bates Wilder",
            "Geary",
            "Marina Mazepa",
            "Mary of Elnor",
            "Christine Adams",
            "Monica Slade"
        ],
        "orig_title": "The Unholy",
        "status": " Released",
        "orig_lang": " English",
        "budget_x": 10000000.0,
        "revenue": 30792024.0,
        "country": "AU"
    },
    {
        "title": "Cinderella",
        "date_x": "10/13/1950 ",
        "score": 70.0,
        "genre": [
            "Family",
            "Fantasy",
            "Animation",
            "Romance"
        ],
        "overview": "Cinderella has faith her dreams of a better life will come true. With help from her loyal mice friends and a wave of her Fairy Godmother's wand, Cinderella's rags are magically turned into a glorious gown and off she goes to the Royal Ball. But when the clock strikes midnight, the spell is broken, leaving a single glass slipper... the only key to the ultimate fairy-tale ending!",
        "actors": [
            "Ilene Woods",
            "Cinderella (voice)",
            "Eleanor Audley",
            "Lady Tremaine (voice)",
            "Verna Felton",
            "Fairy Godmother (voice)",
            "Claire Du Brey",
            "(credit only) (voice)",
            "Rhoda Williams",
            "Drizella (voice)",
            "James MacDonald",
            "Gus / Jaq (voice)",
            "Helene Stanley",
            "(credit only)",
            "Luis van Rooten",
            "King / Grand Duke (voice)",
            "Don Barclay",
            "Doorman (voice)"
        ],
        "orig_title": "Cinderella",
        "status": " Released",
        "orig_lang": " English",
        "budget_x": 95000000.0,
        "revenue": 542351353.0,
        "country": "AU"
    },
    {
        "title": "Cinderella",
        "date_x": "10/13/1950 ",
        "score": 70.0,
        "genre": [
            "Family",
            "Fantasy",
            "Animation",
            "Romance"
        ],
        "overview": "Cinderella has faith her dreams of a better life will come true. With help from her loyal mice friends and a wave of her Fairy Godmother's wand, Cinderella's rags are magically turned into a glorious gown and off she goes to the Royal Ball. But when the clock strikes midnight, the spell is broken, leaving a single glass slipper... the only key to the ultimate fairy-tale ending!",
        "actors": [
            "Ilene Woods",
            "Cinderella (voice)",
            "Eleanor Audley",
            "Lady Tremaine (voice)",
            "Verna Felton",
            "Fairy Godmother (voice)",
            "Claire Du Brey",
            "(credit only) (voice)",
            "Rhoda Williams",
            "Drizella (voice)",
            "James MacDonald",
            "Gus / Jaq (voice)",
            "Helene Stanley",
            "(credit only)",
            "Luis van Rooten",
            "King / Grand Duke (voice)",
            "Don Barclay",
            "Doorman (voice)"
        ],
        "orig_title": "Cinderella",
        "status": " Released",
        "orig_lang": " English",
        "budget_x": 2900000.0,
        "revenue": 263591415.0,
        "country": "AU"
    },
    {
        "title": "The Lord of the Rings: The Fellowship of the Ring",
        "date_x": "12/26/2001 ",
        "score": 84.0,
        "genre": [
            "Adventure",
            "Fantasy",
            "Action"
        ],
        "overview": "Young hobbit Frodo Baggins, after inheriting a mysterious ring from his uncle Bilbo, must leave his home in order to keep it from falling into the hands of its evil creator. Along the way, a fellowship is formed to protect the ringbearer and make sure that the ring arrives at its final destination: Mt. Doom, the only place where it can be destroyed.",
        "actors": [
            "Elijah Wood",
            "Frodo",
            "Ian McKellen",
            "Gandalf",
            "Liv Tyler",
            "Arwen",
            "Viggo Mortensen",
            "Aragorn",
            "Sean Astin",
            "Sam",
            "Sean Bean",
            "Boromir",
            "Cate Blanchett",
            "Galadriel",
            "John Rhys-Davies",
            "Gimli",
            "Billy Boyd",
            "Pippin"
        ],
        "orig_title": "The Lord of the Rings: The Fellowship of the Ring",
        "status": " Released",
        "orig_lang": " English",
        "budget_x": 93000000.0,
        "revenue": 891216824.0,
        "country": "AU"
    },
    {
        "title": "The Hip Hop Nutcracker",
        "date_x": "11/25/2022 ",
        "score": 57.0,
        "genre": [
            "Music"
        ],
        "overview": "Features Rev Run as he brings audiences on a hip-hop reimagining of The Nutcracker ballet set in NYC.",
        "actors": [
            "Joseph Simmons",
            "Neighborhood MC/Narrator",
            "Mikhail Baryshnikov",
            "Self",
            "Stephen 'tWitch' Boss",
            "Self",
            "Tiler Peck",
            "Self",
            "Viktor White",
            "Self",
            "Allison Holker",
            "Self",
            "Comfort Fedoke",
            "Self",
            "Kida Burns",
            "Self",
            "Dushaunt Fik-Shun Stegall",
            "Self"
        ],
        "orig_title": "The Hip Hop Nutcracker",
        "status": " Released",
        "orig_lang": " English",
        "budget_x": 92000000.0,
        "revenue": 220028554.8,
        "country": "US"
    },
    {
        "title": "Margaux",
        "date_x": "09/09/2022 ",
        "score": 68.0,
        "genre": [
            "Horror",
            "Science Fiction"
        ],
        "overview": "As a group of seniors celebrate their final college days at a smart house, the house's highly advanced AI system, Margaux, begins to take on a deadly presence of her own. A carefree weekend of partying turns into a dystopian nightmare as they realize Margaux's plans to eliminate her tenants one way or another. Time begins to run out as the group desperately tries to survive and outsmart the smart home.",
        "actors": [
            "Madison Pettis",
            "Hannah",
            "Vanessa Morgan",
            "Lexi",
            "Richard Harmon",
            "Clay",
            "Lochlyn Munro",
            "William",
            "Jedidiah Goodacre",
            "Drew",
            "Phoebe Miu",
            "Kayla",
            "Jordan Buhat",
            "Devon",
            "Brittany Mitchell",
            "Martha",
            "Louis Lay",
            "Trainer"
        ],
        "orig_title": "Margaux",
        "status": " Released",
        "orig_lang": " English",
        "budget_x": 49000000.0,
        "revenue": 499592777.0,
        "country": "US"
    },
    {
        "title": "Beauty Salon: Special Service",
        "date_x": "12/29/2016 ",
        "score": 62.0,
        "genre": [
            "Romance",
            "Drama"
        ],
        "overview": "A legendary beauty salon that is sure to become a regular once you go!”Sir, would you like to have a very hot service?”In order to overcome the financial difficulties of the beauty parlor,It begins to attract the male guests with the special technique that makes it from head to toe.Kurt, Firm, and ‘it’ to open the hair salon is good!",
        "actors": [
            "Seo Won",
            "",
            "Hanna",
            "",
            "Kang Min-woo",
            "",
            "Min Do-yoon",
            ""
        ],
        "orig_title": " 미용실 : 특별한 서비스",
        "status": " Released",
        "orig_lang": " Korean",
        "budget_x": 119700000.0,
        "revenue": 333485619.2,
        "country": "KR"
    },
    {
        "title": "Black Widow",
        "date_x": "07/08/2021 ",
        "score": 74.0,
        "genre": [
            "Action",
            "Adventure",
            "Science Fiction"
        ],
        "overview": "Natasha Romanoff, also known as Black Widow, confronts the darker parts of her ledger when a dangerous conspiracy with ties to her past arises. Pursued by a force that will stop at nothing to bring her down, Natasha must deal with her history as a spy and the broken relationships left in her wake long before she became an Avenger.",
        "actors": [
            "Scarlett Johansson",
            "Natasha Romanoff / Black Widow",
            "Florence Pugh",
            "Yelena Belova",
            "Rachel Weisz",
            "Melina Vostokoff",
            "David Harbour",
            "Alexei Shostakov / Red Guardian",
            "Ray Winstone",
            "Dreykov",
            "Olga Kurylenko",
            "Antonia Dreykov",
            "Ever Anderson",
            "Young Natasha",
            "Violet McGraw",
            "Young Yelena",
            "O.T. Fagbenle",
            "Mason"
        ],
        "orig_title": "Black Widow",
        "status": " Released",
        "orig_lang": " English",
        "budget_x": 200000000.0,
        "revenue": 379751131.0,
        "country": "AU"
    },
    {
        "title": "Blowback",
        "date_x": "09/01/2022 ",
        "score": 61.0,
        "genre": [
            "Action",
            "Thriller",
            "Crime"
        ],
        "overview": "When a master thief is sabotaged during a bank heist and left for dead, he seeks revenge on his former crew one target at a time. Now, with the cops and the mob closing in, he's in the race of his life to reclaim an untold fortune in cryptocurrency from those who double-crossed him.",
        "actors": [
            "Randy Couture",
            "Jack",
            "Cam Gigandet",
            "Nick",
            "Michele Plaia",
            "Veronica",
            "Louis Mandylor",
            "Det. Cooper",
            "William McNamara",
            "Doc Byrne",
            "Chris Maher",
            "Sullivan",
            "Rafael Cabrera",
            "Jerry",
            "Benjamin Abiola",
            "Alex",
            "Peter Nikkos",
            "Charpentier"
        ],
        "orig_title": "Blowback",
        "status": " Released",
        "orig_lang": " English",
        "budget_x": 129000000.0,
        "revenue": 361706066.8,
        "country": "AU"
    },
    {
        "title": "As They Made Us",
        "date_x": "04/08/2022 ",
        "score": 55.0,
        "genre": [
            "Drama",
            "Romance",
            "Comedy"
        ],
        "overview": "Abigail, a divorced mother of two, is struggling to balance the dynamics within her dysfunctional family as she attempts to cultivate new love.",
        "actors": [
            "Dianna Agron",
            "Abigail",
            "Simon Helberg",
            "Nathan",
            "Candice Bergen",
            "Barbara",
            "Dustin Hoffman",
            "Eugene",
            "Justin Chu Cary",
            "Jay",
            "Charlie Weber",
            "Peter",
            "Julian Gant",
            "Darrin",
            "Gina Jun",
            "Grad Student",
            "Sweta Keswani",
            "Dr. Patel"
        ],
        "orig_title": "As They Made Us",
        "status": " Released",
        "orig_lang": " English",
        "budget_x": 158000000.0,
        "revenue": 184193215.4,
        "country": "US"
    },
    {
        "title": "Frank and Penelope",
        "date_x": "06/03/2022 ",
        "score": 77.0,
        "genre": [
            "Thriller",
            "Horror",
            "Crime"
        ],
        "overview": "A tale of love and violence when a man on his emotional last legs finds a savior seductively dancing in a run-down strip club. And a life most certainly headed off a cliff suddenly becomes redirected - as everything is now worth dying for.",
        "actors": [
            "Billy Budinich",
            "Frank",
            "Caylee Cowan",
            "Penelope",
            "Johnathon Schaech",
            "Chisos",
            "Brian Maillard",
            "Cleve",
            "Sydney Scotia",
            "Molly",
            "Kevin Dillon",
            "Sheriff",
            "Donna D'Errico",
            "Mabel",
            "Sean Patrick Flanery",
            "Club Manager",
            "Lin Shaye",
            "Ophelia"
        ],
        "orig_title": "Frank and Penelope",
        "status": " Released",
        "orig_lang": " English",
        "budget_x": 138100000.0,
        "revenue": 717029254.0,
        "country": "US"
    },
    {
        "title": "Finding Nemo",
        "date_x": "08/28/2003 ",
        "score": 78.0,
        "genre": [
            "Animation",
            "Family"
        ],
        "overview": "Nemo, an adventurous young clownfish, is unexpectedly taken from his Great Barrier Reef home to a dentist's office aquarium. It's up to his worrisome father Marlin and a friendly but forgetful fish Dory to bring Nemo home -- meeting vegetarian sharks, surfer dude turtles, hypnotic jellyfish, hungry seagulls, and more along the way.",
        "actors": [
            "Albert Brooks",
            "Marlin (voice)",
            "Ellen DeGeneres",
            "Dory (voice)",
            "Alexander Gould",
            "Nemo (voice)",
            "Willem Dafoe",
            "Gill (voice)",
            "Brad Garrett",
            "Bloat (voice)",
            "Allison Janney",
            "Peach (voice)",
            "Austin Pendleton",
            "Gurgle (voice)",
            "Stephen Root",
            "Bubbles (voice)",
            "Vicki Lewis",
            "Deb / Flo (voice)"
        ],
        "orig_title": "Finding Nemo",
        "status": " Released",
        "orig_lang": " English",
        "budget_x": 94000000.0,
        "revenue": 936094852.0,
        "country": "AU"
    },
    {
        "title": "Ben-Hur",
        "date_x": "08/25/2016 ",
        "score": 57.0,
        "genre": [
            "Action",
            "History",
            "Adventure",
            "Drama"
        ],
        "overview": "A falsely accused nobleman survives years of slavery to take vengeance on his best friend who betrayed him.",
        "actors": [
            "Jack Huston",
            "Judah Ben-Hur",
            "Pilou Asbæk",
            "Pontius Pilate",
            "Rodrigo Santoro",
            "Jésus Christ",
            "Morgan Freeman",
            "Sheik Ilderim",
            "Ayelet Zurer",
            "Naomi Ben-Hur",
            "Toby Kebbell",
            "Messala Severus",
            "Nazanin Boniadi",
            "Esther",
            "Sofia Black-D'Elia",
            "Tirzah Ben-Hur",
            "Marwan Kenzari",
            "Druses"
        ],
        "orig_title": "Ben-Hur",
        "status": " Released",
        "orig_lang": " English",
        "budget_x": 95000000.0,
        "revenue": 91669648.0,
        "country": "AU"
    },
    {
        "title": "Ben-Hur",
        "date_x": "08/25/2016 ",
        "score": 57.0,
        "genre": [
            "Action",
            "History",
            "Adventure",
            "Drama"
        ],
        "overview": "A falsely accused nobleman survives years of slavery to take vengeance on his best friend who betrayed him.",
        "actors": [
            "Jack Huston",
            "Judah Ben-Hur",
            "Pilou Asbæk",
            "Pontius Pilate",
            "Rodrigo Santoro",
            "Jésus Christ",
            "Morgan Freeman",
            "Sheik Ilderim",
            "Ayelet Zurer",
            "Naomi Ben-Hur",
            "Toby Kebbell",
            "Messala Severus",
            "Nazanin Boniadi",
            "Esther",
            "Sofia Black-D'Elia",
            "Tirzah Ben-Hur",
            "Marwan Kenzari",
            "Druses"
        ],
        "orig_title": "Ben-Hur",
        "status": " Released",
        "orig_lang": " English",
        "budget_x": 15000000.0,
        "revenue": 73259017.0,
        "country": "AU"
    },
    {
        "title": "Don't Open the Door",
        "date_x": "11/30/2022 ",
        "score": 71.0,
        "genre": [
            "Horror"
        ],
        "overview": "Fausto and Esther childhood was tormented. Fausto, trying to escape from his father. Esther, mistreated by her brother-in-law. They both begin to be involved in a supernatural situation. Over which they have no control.",
        "actors": [
            "Ximena Lamadrid",
            "Esther",
            "Iñaki Godoy",
            "Fausto",
            "Alberto Guerra",
            "Omar",
            "Rubén Zamora",
            "Professor Bernard",
            "Mauro González",
            "Eladio",
            "Enrique Arreola",
            "Hugo",
            "Mauro Sánchez Navarro",
            "Rich",
            "Alfonso Borbolla",
            "Roberto",
            "Carolina Politi",
            "Luz"
        ],
        "orig_title": " No abras la puerta",
        "status": " Released",
        "orig_lang": " Spanish, Castilian",
        "budget_x": 78300000.0,
        "revenue": 349714816.8,
        "country": "MX"
    },
    {
        "title": "Grown Ups 2",
        "date_x": "09/26/2013 ",
        "score": 61.0,
        "genre": [
            "Comedy"
        ],
        "overview": "Lenny has relocated his family back to the small town where he and his friends grew up. This time around, the grown ups are the ones learning lessons from their kids on a day notoriously full of surprises—the last day of school.",
        "actors": [
            "Adam Sandler",
            "Lenny Feder",
            "Kevin James",
            "Eric Lamonsoff",
            "Chris Rock",
            "Kurt McKenzie",
            "David Spade",
            "Marcus Higgins",
            "Salma Hayek",
            "Roxanne Chase-Feder",
            "Maya Rudolph",
            "Deanne McKenzie",
            "Maria Bello",
            "Sally Lamonsoff",
            "Nick Swardson",
            "Nick",
            "Steve Buscemi",
            "Wiley"
        ],
        "orig_title": "Grown Ups 2",
        "status": " Released",
        "orig_lang": " English",
        "budget_x": 80000000.0,
        "revenue": 247023808.0,
        "country": "AU"
    },
    {
        "title": "High School Teacher: Maturing",
        "date_x": "01/15/1985 ",
        "score": 60.0,
        "genre": [
            "Drama"
        ],
        "overview": "A female highschool teacher must deal with sexual harrassment from her students and being trapped in a love triangle with two men, neither of whom has any interest in marrying her.",
        "actors": [
            "Rei Akasaka",
            "Kayoko Ishima",
            "Saeko Kuga",
            "Yumi Asakura",
            "Toshiyuki Kitami",
            "Satoru Masaoka",
            "Jouji Nakata",
            "Kunio Yoneda",
            "Kosuke Yoda",
            "Ichiro Kanai",
            "Ryoko Watanabe",
            "Shizuko Yoneda",
            "Koji Umeda",
            "School Boy A",
            "Kunpei Sakamoto",
            "Kôta Matsumoto"
        ],
        "orig_title": " 高校教師・成熟",
        "status": " Released",
        "orig_lang": " Japanese",
        "budget_x": 73800000.0,
        "revenue": 346352260.6,
        "country": "JP"
    },
    {
        "title": "Thor",
        "date_x": "04/21/2011 ",
        "score": 68.0,
        "genre": [
            "Adventure",
            "Fantasy",
            "Action"
        ],
        "overview": "Against his father Odin's will, The Mighty Thor - a powerful but arrogant warrior god - recklessly reignites an ancient war. Thor is cast down to Earth and forced to live among humans as punishment. Once here, Thor learns what it takes to be a true hero when the most dangerous villain of his world sends the darkest forces of Asgard to invade Earth.",
        "actors": [
            "Chris Hemsworth",
            "Thor Odinson",
            "Natalie Portman",
            "Jane Foster",
            "Tom Hiddleston",
            "Loki",
            "Anthony Hopkins",
            "Odin",
            "Stellan Skarsgård",
            "Erik Selvig",
            "Kat Dennings",
            "Darcy Lewis",
            "Clark Gregg",
            "Phil Coulson",
            "Colm Feore",
            "King Laufey",
            "Idris Elba",
            "Heimdall"
        ],
        "orig_title": "Thor",
        "status": " Released",
        "orig_lang": " English",
        "budget_x": 150000000.0,
        "revenue": 449326618.0,
        "country": "AU"
    },
    {
        "title": "Batman and Superman: Battle of the Super Sons",
        "date_x": "10/18/2022 ",
        "score": 79.0,
        "genre": [
            "Animation",
            "Action",
            "Science Fiction"
        ],
        "overview": "After discovering he has powers, 11-year-old Jonathan Kent and assassin-turned-Boy-Wonder Damian Wayne must join forces to rescue their fathers (Superman & Batman) and save the planet from the malevolent alien force known as Starro.",
        "actors": [
            "Jack Dylan Grazer",
            "Jonathan Kent / Superboy (voice)",
            "Jack Griffo",
            "Damian Wayne / Robin (voice)",
            "Laura Bailey",
            "Lois Lane (voice)",
            "Troy Baker",
            "Bruce Wayne / Batman (voice)",
            "Travis Willingham",
            "Clark Kent / Superman (voice)",
            "Darin De Paul",
            "Lex Luthor / Starro (voice)",
            "Tom Kenny",
            "Green Arrow / Penguin / Principal (voice)",
            "Zeno Robinson",
            "Jimmy Olsen / Melvin Masters (voice)",
            "Nolan North",
            "Jor-El (voice)"
        ],
        "orig_title": "Batman and Superman: Battle of the Super Sons",
        "status": " Released",
        "orig_lang": " English",
        "budget_x": 148000000.0,
        "revenue": 1180818577.6,
        "country": "US"
    },
    {
        "title": "Captain America: Civil War",
        "date_x": "04/28/2016 ",
        "score": 74.0,
        "genre": [
            "Adventure",
            "Action",
            "Science Fiction"
        ],
        "overview": "Following the events of Age of Ultron, the collective governments of the world pass an act designed to regulate all superhuman activity. This polarizes opinion amongst the Avengers, causing two factions to side with Iron Man or Captain America, which causes an epic battle between former allies.",
        "actors": [
            "Chris Evans",
            "Steve Rogers / Captain America",
            "Robert Downey Jr.",
            "Tony Stark / Iron Man",
            "Scarlett Johansson",
            "Natasha Romanoff / Black Widow",
            "Sebastian Stan",
            "James 'Bucky' Barnes / Winter Soldier",
            "Anthony Mackie",
            "Sam Wilson / Falcon",
            "Don Cheadle",
            "Lieutenant James 'Rhodey' Rhodes / War Machine",
            "Jeremy Renner",
            "Clint Barton / Hawkeye",
            "Chadwick Boseman",
            "T'Challa / Black Panther",
            "Paul Bettany",
            "Vision"
        ],
        "orig_title": "Captain America: Civil War",
        "status": " Released",
        "orig_lang": " English",
        "budget_x": 250000000.0,
        "revenue": 1151899586.0,
        "country": "AU"
    },
    {
        "title": "Dungeons & Dragons: Wrath of the Dragon God",
        "date_x": "10/08/2005 ",
        "score": 43.0,
        "genre": [
            "Action",
            "Adventure",
            "Fantasy",
            "TV Movie"
        ],
        "overview": "Due to a curse from his former master Profion, Damodar survived his death by Ridley Freeborn as an undead entity in pursuit of an evil artifact for some hundred years, so that he might be capable of unleashing unstoppable destruction on Izmir and the descendants of those who caused his demise.",
        "actors": [
            "Bruce Payne",
            "Damodar",
            "Mark Dymond",
            "Berek",
            "Clemency Burton-Hill",
            "Melora",
            "Ellie Chidzey",
            "Lux",
            "Tim Stern",
            "Nim",
            "Lucy Gaskell",
            "Ormaline",
            "Leonardas Pobedonoscevas",
            "Barnaby"
        ],
        "orig_title": "Dungeons & Dragons: Wrath of the Dragon God",
        "status": " Released",
        "orig_lang": " English",
        "budget_x": 102300000.0,
        "revenue": 633555866.2,
        "country": "GB"
    },
    {
        "title": "Doctor Strange",
        "date_x": "10/27/2016 ",
        "score": 74.0,
        "genre": [
            "Action",
            "Adventure",
            "Fantasy"
        ],
        "overview": "After his career is destroyed, a brilliant but arrogant surgeon gets a new lease on life when a sorcerer takes him under her wing and trains him to defend the world against evil.",
        "actors": [
            "Benedict Cumberbatch",
            "Stephen Strange / Doctor Strange",
            "Chiwetel Ejiofor",
            "Karl Mordo",
            "Rachel McAdams",
            "Dr. Christine Palmer",
            "Benedict Wong",
            "Wong",
            "Mads Mikkelsen",
            "Kaecilius",
            "Tilda Swinton",
            "The Ancient One",
            "Michael Stuhlbarg",
            "Dr. Nicodemus West",
            "Benjamin Bratt",
            "Jonathan Pangborn",
            "Scott Adkins",
            "Lucian / Strong Zealot"
        ],
        "orig_title": "Doctor Strange",
        "status": " Released",
        "orig_lang": " English",
        "budget_x": 165000000.0,
        "revenue": 676343174.0,
        "country": "AU"
    },
    {
        "title": "Transformers: Age of Extinction",
        "date_x": "06/26/2014 ",
        "score": 59.0,
        "genre": [
            "Science Fiction",
            "Action",
            "Adventure"
        ],
        "overview": "As humanity picks up the pieces, following the conclusion of \"Transformers: Dark of the Moon,\" Autobots and Decepticons have all but vanished from the face of the planet. However, a group of powerful, ingenious businessman and scientists attempt to learn from past Transformer incursions and push the boundaries of technology beyond what they can control - all while an ancient, powerful Transformer menace sets Earth in his cross-hairs.",
        "actors": [
            "Mark Wahlberg",
            "Cade Yeager",
            "Stanley Tucci",
            "Joshua Joyce",
            "Nicola Peltz Beckham",
            "Tessa Yeager",
            "Jack Reynor",
            "Shane Dyson",
            "Titus Welliver",
            "James Savoy",
            "Kelsey Grammer",
            "Harold Attinger",
            "Sophia Myles",
            "Darcy Tirrel",
            "Li Bingbing",
            "Su Yueming",
            "T.J. Miller",
            "Lucas Flannery"
        ],
        "orig_title": "Transformers: Age of Extinction",
        "status": " Released",
        "orig_lang": " English",
        "budget_x": 210000000.0,
        "revenue": 1104054072.0,
        "country": "AU"
    },
    {
        "title": "Carter",
        "date_x": "08/05/2022 ",
        "score": 62.0,
        "genre": [
            "Action",
            "Thriller"
        ],
        "overview": "Carter, who awakens two months into a deadly pandemic originating from the DMZ that has already devastated US and North Korea. He who has no recollections of his past finds a mysterious device in his head, and a lethal bomb in his mouth. A voice in his ears gives him orders to avoid getting killed and he's thrown into a mysterious operation while the CIA and North Korean coup chase him close.",
        "actors": [
            "Joo Won",
            "Carter",
            "Lee Sung-jae",
            "Kim Jong-hyeok",
            "Jeong So-ri",
            "Han Jung-hee",
            "Kim Bo-min",
            "Ha-na",
            "Camilla Belle",
            "Agnes",
            "Mike Colter",
            "Smith",
            "Jung Jae-young",
            "Dr. Jung Byeong-ho",
            "Jung Hae-kyun",
            "Director Kim",
            "Yeo Dae-hyun",
            "Ri Cheol-ju"
        ],
        "orig_title": " 카터",
        "status": " Released",
        "orig_lang": " Korean",
        "budget_x": 38200000.0,
        "revenue": 319040588.8,
        "country": "KR"
    },
    {
        "title": "ODDTAXI in the Woods",
        "date_x": "04/01/2022 ",
        "score": 67.0,
        "genre": [
            "Animation",
            "Comedy",
            "Mystery"
        ],
        "overview": "Reconstruction of the television anime that will also depict what happens after its finale with a new story written by Kazuya Konomoto.",
        "actors": [
            "Natsuki Hanae",
            "Odokawa (voice)",
            "Riho Iida",
            "Shirakawa (voice)",
            "Ryohei Kimura",
            "Gо̄riki (voice)",
            "Suzuko Mimori",
            "Rui Nikaidо̄ (voice)",
            "Moeka Koizumi",
            "Shiho Ichimura (voice)",
            "Kenji Hamada",
            "Dobu (voice)"
        ],
        "orig_title": " 映画 オッドタクシー イン・ザ・ウッズ",
        "status": " Released",
        "orig_lang": " Japanese",
        "budget_x": 116000000.0,
        "revenue": 616543720.6,
        "country": "JP"
    },
    {
        "title": "Joseph: King of Dreams",
        "date_x": "11/07/2000 ",
        "score": 68.0,
        "genre": [
            "Family",
            "Animation"
        ],
        "overview": "In this animated retelling of the story from the Bible's Book of Genesis, Joseph's gift of dream interpretation and his brilliantly colored coat inspires jealousy in his brothers.",
        "actors": [
            "Ben Affleck",
            "Joseph (voice)",
            "Mark Hamill",
            "Judah (voice)",
            "Richard Herd",
            "Jacob (voice)",
            "Maureen McGovern",
            "Rachel (voice)",
            "Jodi Benson",
            "Asenath (voice)",
            "Judith Light",
            "Zuleika (voice)",
            "James Eckhouse",
            "Potiphar (voice)",
            "Richard McGonagle",
            "Pharaoh (voice)",
            "René Auberjonois",
            "Butler (voice)"
        ],
        "orig_title": "Joseph: King of Dreams",
        "status": " Released",
        "orig_lang": " English",
        "budget_x": 79000000.0,
        "revenue": 601957369.0,
        "country": "US"
    },
    {
        "title": "The Call of the Wild",
        "date_x": "02/20/2020 ",
        "score": 76.0,
        "genre": [
            "Adventure",
            "Family",
            "Drama"
        ],
        "overview": "Buck is a big-hearted dog whose blissful domestic life is turned upside down when he is suddenly uprooted from his California home and transplanted to the exotic wilds of the Yukon during the Gold Rush of the 1890s. As the newest rookie on a mail delivery dog sled team—and later its leader—Buck experiences the adventure of a lifetime, ultimately finding his true place in the world and becoming his own master.",
        "actors": [
            "Harrison Ford",
            "John Thornton",
            "Dan Stevens",
            "Hal",
            "Colin Woodell",
            "Charles",
            "Karen Gillan",
            "Mercedes",
            "Omar Sy",
            "Perreault",
            "Raven Scott",
            "Pastry Chef",
            "Wes Brown",
            "Mountie",
            "Cara Gee",
            "Françoise",
            "Jean Louisa Kelly",
            "Katie Miller"
        ],
        "orig_title": "The Call of the Wild",
        "status": " Released",
        "orig_lang": " English",
        "budget_x": 125000000.0,
        "revenue": 107351191.0,
        "country": "AU"
    },
    {
        "title": "No Exit",
        "date_x": "02/25/2022 ",
        "score": 70.0,
        "genre": [
            "Thriller",
            "Mystery"
        ],
        "overview": "Stranded at a rest stop in the mountains during a blizzard, a recovering addict discovers a kidnapped child hidden in a car belonging to one of the people inside the building which sets her on a terrifying struggle to identify who among them is the kidnapper.",
        "actors": [
            "Havana Rose Liu",
            "Darby",
            "Danny Ramirez",
            "Ash",
            "Dennis Haysbert",
            "Ed",
            "David Rysdahl",
            "Lars",
            "Dale Dickey",
            "Sandi",
            "Mila Harris",
            "Jay",
            "Benedict Wall",
            "Cpl. Ron Hill",
            "James Gaylyn",
            "Dr. Bill",
            "Lisa Zhang",
            "Devon"
        ],
        "orig_title": "No Exit",
        "status": " Released",
        "orig_lang": " English",
        "budget_x": 59500000.0,
        "revenue": 596465139.4,
        "country": "AU"
    },
    {
        "title": "The Addams Family 2",
        "date_x": "01/06/2022 ",
        "score": 71.0,
        "genre": [
            "Animation",
            "Adventure",
            "Comedy",
            "Family",
            "Fantasy",
            "Horror"
        ],
        "overview": "The Addams get tangled up in more wacky adventures and find themselves involved in hilarious run-ins with all sorts of unsuspecting characters.",
        "actors": [
            "Oscar Isaac",
            "Gomez Addams (voice)",
            "Charlize Theron",
            "Morticia Addams (voice)",
            "Chloë Grace Moretz",
            "Wednesday Addams (voice)",
            "Javon Walton",
            "Pugsley Addams (voice)",
            "Nick Kroll",
            "Uncle Fester (voice)",
            "Snoop Dogg",
            "Cousin Itt (voice)",
            "Bette Midler",
            "Grandma (voice)",
            "Bill Hader",
            "Cyrus Strange (voice)",
            "Wallace Shawn",
            "Mr. Mustela (voice)"
        ],
        "orig_title": "The Addams Family 2",
        "status": " Released",
        "orig_lang": " English",
        "budget_x": 9330400.0,
        "revenue": 119815153.0,
        "country": "AU"
    },
    {
        "title": "An Interview with God",
        "date_x": "10/25/2018 ",
        "score": 71.0,
        "genre": [
            "Drama",
            "Mystery"
        ],
        "overview": "An up-and-coming journalist finds his world and faith increasingly challenged when he's granted the interview of a lifetime – with someone who claims to be God.",
        "actors": [
            "Brenton Thwaites",
            "Paul Asher",
            "David Strathairn",
            "The Man",
            "Hill Harper",
            "Gary",
            "Yael Grobglas",
            "Sarah Asher",
            "Charlbi Dean",
            "Grace",
            "Bobby Di Cicco",
            "Bobby",
            "Meagan Kimberly Smith",
            "Office Worker"
        ],
        "orig_title": "An Interview with God",
        "status": " Released",
        "orig_lang": " English",
        "budget_x": 105000000.0,
        "revenue": 496783754.4,
        "country": "AU"
    },
    {
        "title": "Dune",
        "date_x": "12/02/2021 ",
        "score": 78.0,
        "genre": [
            "Science Fiction",
            "Adventure"
        ],
        "overview": "Paul Atreides, a brilliant and gifted young man born into a great destiny beyond his understanding, must travel to the most dangerous planet in the universe to ensure the future of his family and his people. As malevolent forces explode into conflict over the planet's exclusive supply of the most precious resource in existence-a commodity capable of unlocking humanity's greatest potential-only those who can conquer their fear will survive.",
        "actors": [
            "Timothée Chalamet",
            "Paul Atreides",
            "Rebecca Ferguson",
            "Lady Jessica Atreides",
            "Oscar Isaac",
            "Duke Leto Atreides",
            "Josh Brolin",
            "Gurney Halleck",
            "Stellan Skarsgård",
            "Baron Vladimir Harkonnen",
            "Dave Bautista",
            "Beast Rabban Harkonnen",
            "Sharon Duncan-Brewster",
            "Dr. Liet Kynes",
            "Stephen McKinley Henderson",
            "Thufir Hawat",
            "Zendaya",
            "Chani"
        ],
        "orig_title": "Dune",
        "status": " Released",
        "orig_lang": " English",
        "budget_x": 165000000.0,
        "revenue": 391774790.0,
        "country": "AU"
    },
    {
        "title": "Dune",
        "date_x": "12/02/2021 ",
        "score": 78.0,
        "genre": [
            "Science Fiction",
            "Adventure"
        ],
        "overview": "Paul Atreides, a brilliant and gifted young man born into a great destiny beyond his understanding, must travel to the most dangerous planet in the universe to ensure the future of his family and his people. As malevolent forces explode into conflict over the planet's exclusive supply of the most precious resource in existence-a commodity capable of unlocking humanity's greatest potential-only those who can conquer their fear will survive.",
        "actors": [
            "Timothée Chalamet",
            "Paul Atreides",
            "Rebecca Ferguson",
            "Lady Jessica Atreides",
            "Oscar Isaac",
            "Duke Leto Atreides",
            "Josh Brolin",
            "Gurney Halleck",
            "Stellan Skarsgård",
            "Baron Vladimir Harkonnen",
            "Dave Bautista",
            "Beast Rabban Harkonnen",
            "Sharon Duncan-Brewster",
            "Dr. Liet Kynes",
            "Stephen McKinley Henderson",
            "Thufir Hawat",
            "Zendaya",
            "Chani"
        ],
        "orig_title": "Dune",
        "status": " Released",
        "orig_lang": " English",
        "budget_x": 45000000.0,
        "revenue": 27503491.0,
        "country": "AU"
    },
    {
        "title": "L.O.L. Surprise! Winter Fashion Show",
        "date_x": "10/24/2022 ",
        "score": 79.0,
        "genre": [
            "Animation"
        ],
        "overview": "The collection with which Neonlicious was to make her debut mysteriously disappears. Now you have to use all your creativity and improvise new designs for the big parade!",
        "actors": [
            "Sabrina Fest",
            "Neonlicious",
            "Nerida Bronwen",
            "Sashay",
            "Ruby Barrios",
            "LaRose",
            "Randi DeMarco",
            "Twist Queen",
            "Hillary Jones",
            "Lady Braids",
            "Alex Cazares",
            "City Babe",
            "Paris Dunbar",
            "Royal Bee"
        ],
        "orig_title": "L.O.L. Surprise! Winter Fashion Show",
        "status": " Released",
        "orig_lang": " English",
        "budget_x": 118400000.0,
        "revenue": 599966189.2,
        "country": "US"
    },
    {
        "title": "Up",
        "date_x": "09/03/2009 ",
        "score": 79.0,
        "genre": [
            "Animation",
            "Comedy",
            "Family",
            "Adventure"
        ],
        "overview": "Carl Fredricksen spent his entire life dreaming of exploring the globe and experiencing life to its fullest. But at age 78, life seems to have passed him by, until a twist of fate (and a persistent 8-year old Wilderness Explorer named Russell) gives him a new lease on life.",
        "actors": [
            "Ed Asner",
            "Carl Fredricksen (voice)",
            "Christopher Plummer",
            "Charles F. Muntz (voice)",
            "Jordan Nagai",
            "Russell (voice)",
            "Bob Peterson",
            "Dug / Alpha (voice)",
            "Delroy Lindo",
            "Beta (voice)",
            "Jerome Ranft",
            "Gamma (voice)",
            "John Ratzenberger",
            "Construction Foreman Tom (voice)",
            "David Kaye",
            "Newsreel Announcer (voice)",
            "Elie Docter",
            "Young Ellie (voice)"
        ],
        "orig_title": "Up",
        "status": " Released",
        "orig_lang": " English",
        "budget_x": 175000000.0,
        "revenue": 731463377.0,
        "country": "AU"
    },
    {
        "title": "Pirates of the Caribbean: Dead Men Tell No Tales",
        "date_x": "05/25/2017 ",
        "score": 66.0,
        "genre": [
            "Adventure",
            "Action",
            "Fantasy"
        ],
        "overview": "Thrust into an all-new adventure, a down-on-his-luck Capt. Jack Sparrow feels the winds of ill-fortune blowing even more strongly when deadly ghost sailors led by his old nemesis, the evil Capt. Salazar, escape from the Devil's Triangle. Jack's only hope of survival lies in seeking out the legendary Trident of Poseidon, but to find it, he must forge an uneasy alliance with a brilliant and beautiful astronomer and a headstrong young man in the British navy.",
        "actors": [
            "Johnny Depp",
            "Jack Sparrow",
            "Javier Bardem",
            "Armando Salazar",
            "Geoffrey Rush",
            "Hector Barbossa",
            "Brenton Thwaites",
            "Henry Turner",
            "Kaya Scodelario",
            "Carina Smyth",
            "Kevin McNally",
            "Joshamee Gibbs",
            "Golshifteh Farahani",
            "Shansa",
            "David Wenham",
            "Scarfield",
            "Stephen Graham",
            "Scrum"
        ],
        "orig_title": "Pirates of the Caribbean: Dead Men Tell No Tales",
        "status": " Released",
        "orig_lang": " English",
        "budget_x": 230000000.0,
        "revenue": 794861794.0,
        "country": "AU"
    },
    {
        "title": "The Amazing Spider-Man 2",
        "date_x": "04/17/2014 ",
        "score": 65.0,
        "genre": [
            "Action",
            "Adventure",
            "Fantasy"
        ],
        "overview": "For Peter Parker, life is busy. Between taking out the bad guys as Spider-Man and spending time with the person he loves, Gwen Stacy, high school graduation cannot come quickly enough. Peter has not forgotten about the promise he made to Gwen’s father to protect her by staying away, but that is a promise he cannot keep. Things will change for Peter when a new villain, Electro, emerges, an old friend, Harry Osborn, returns, and Peter uncovers new clues about his past.",
        "actors": [
            "Andrew Garfield",
            "Peter Parker / Spider-Man",
            "Emma Stone",
            "Gwen Stacy",
            "Jamie Foxx",
            "Max Dillon / Electro",
            "Dane DeHaan",
            "Harry Osborn / Green Goblin",
            "Colm Feore",
            "Donald Menken",
            "Felicity Jones",
            "Felicia Hardy",
            "Paul Giamatti",
            "Aleksei Sytsevich / The Rhino",
            "Sally Field",
            "Aunt May",
            "Embeth Davidtz",
            "Mary Parker"
        ],
        "orig_title": "The Amazing Spider-Man 2",
        "status": " Released",
        "orig_lang": " English",
        "budget_x": 200000000.0,
        "revenue": 708996336.0,
        "country": "AU"
    },
    {
        "title": "Ice Age: Dawn of the Dinosaurs",
        "date_x": "07/01/2009 ",
        "score": 67.0,
        "genre": [
            "Animation",
            "Comedy",
            "Family",
            "Adventure"
        ],
        "overview": "Times are changing for Manny the moody mammoth, Sid the motor mouthed sloth and Diego the crafty saber-toothed tiger. Life heats up for our heroes when they meet some new and none-too-friendly neighbors – the mighty dinosaurs.",
        "actors": [
            "Ray Romano",
            "Manny (voice)",
            "John Leguizamo",
            "Sid (voice)",
            "Denis Leary",
            "Diego (voice)",
            "Queen Latifah",
            "Ellie (voice)",
            "Simon Pegg",
            "Buck (voice)",
            "Seann William Scott",
            "Crash (voice)",
            "Josh Peck",
            "Eddie (voice)",
            "Chris Wedge",
            "Scrat (voice)",
            "Karen Disher",
            "Scratte (voice)"
        ],
        "orig_title": "Ice Age: Dawn of the Dinosaurs",
        "status": " Released",
        "orig_lang": " English",
        "budget_x": 90000000.0,
        "revenue": 886686817.0,
        "country": "AU"
    },
    {
        "title": "The princess",
        "date_x": "08/05/2022 ",
        "score": 73.0,
        "genre": [
            "Action"
        ],
        "overview": "Refusing to marry a drug lord, Grecia is determined to pay her father's debt herself. To earn the money, she decides to bet in the Sinaloa palenques, where she meets Armando. He is immediately captivated by her beauty and fearless attitude. But, little does he know that falling for her will be his most dangerous endeavor. Based on the famous corrido hit \"La Princesa\", by Alfredo Ríos \"El Komander\".",
        "actors": [
            "Fernando Ciangherotti",
            "Ricardo",
            "Palmeira Cruz",
            "Grecia",
            "Alfredo Rios El Komander",
            "Armando",
            "Lourdes Munguía",
            "Julia",
            "Héctor Soberón",
            "Pacheco"
        ],
        "orig_title": " La Princesa",
        "status": " Released",
        "orig_lang": " Spanish, Castilian",
        "budget_x": 104400000.0,
        "revenue": 492717594.8,
        "country": "MX"
    },
    {
        "title": "Alien Sniperess",
        "date_x": "04/08/2022 ",
        "score": 37.0,
        "genre": [
            "Action",
            "Science Fiction",
            "Fantasy"
        ],
        "overview": "A female sniper on military leave promises to fulfill her fiancé’s dying wish until she encounters a hostile alien invasion and is tasked with saving countless lives.",
        "actors": [
            "Olivia Okoro",
            "Chioma",
            "Sean Laguna",
            "Aaron",
            "Douglas Savage",
            "Lucas",
            "Bourke Floyd",
            "Deputy Patrick Marshall",
            "Sean J. Dillingham",
            "Dr. Clark",
            "Mark Speno",
            "Agent Marks",
            "Alaina Laethem",
            "Kelly",
            "Camille Kerber",
            "Liz",
            "Dan Weisgerber",
            "Mr. Kent"
        ],
        "orig_title": "Alien Sniperess",
        "status": " Released",
        "orig_lang": " English",
        "budget_x": 58670000.0,
        "revenue": 385960548.2,
        "country": "US"
    },
    {
        "title": "Toy Story 2",
        "date_x": "12/02/1999 ",
        "score": 76.0,
        "genre": [
            "Animation",
            "Comedy",
            "Family"
        ],
        "overview": "Andy heads off to Cowboy Camp, leaving his toys to their own devices. Things shift into high gear when an obsessive toy collector named Al McWhiggen, owner of Al's Toy Barn kidnaps Woody. Andy's toys mount a daring rescue mission, Buzz Lightyear meets his match and Woody has to decide where he and his heart truly belong.",
        "actors": [
            "Tom Hanks",
            "Woody (voice)",
            "Tim Allen",
            "Buzz Lightyear (voice)",
            "Joan Cusack",
            "Jessie the Yodeling Cowgirl (voice)",
            "Kelsey Grammer",
            "Stinky Pete the Prospector (voice)",
            "Don Rickles",
            "Mr. Potato Head (voice)",
            "Jim Varney",
            "Slinky Dog (voice)",
            "Wallace Shawn",
            "Rex the Green Dinosaur (voice)",
            "John Ratzenberger",
            "Hamm the Piggy Bank (voice)",
            "Annie Potts",
            "Bo Peep (voice)"
        ],
        "orig_title": "Toy Story 2",
        "status": " Released",
        "orig_lang": " English",
        "budget_x": 90000000.0,
        "revenue": 511358276.0,
        "country": "AU"
    },
    {
        "title": "Reggie",
        "date_x": "03/23/2023 ",
        "score": 54.0,
        "genre": [
            "Documentary"
        ],
        "overview": "One of sport’s first and most influential megastars, beloved baseball icon and 5-time World Series champion Reggie Jackson contemplates his legacy as a trailblazing Black athlete fighting for dignity, respect, and a seat at the table in this intimate and revealing documentary exploring his life and barrier-busting career.",
        "actors": [
            "Reggie Jackson",
            "Self",
            "Julius Erving",
            "Self",
            "Hank Aaron",
            "Self",
            "Derek Jeter",
            "Self"
        ],
        "orig_title": "Reggie",
        "status": " Released",
        "orig_lang": " English",
        "budget_x": 138800000.0,
        "revenue": 293853255.2,
        "country": "US"
    },
    {
        "title": "Renfield",
        "date_x": "05/25/2023 ",
        "score": 83.0,
        "genre": [
            "Comedy",
            "Horror",
            "Fantasy"
        ],
        "overview": "Having grown sick and tired of his centuries as Dracula's lackey, Renfield finds a new lease on life — and maybe even redemption — when he falls for feisty, perennially angry traffic cop Rebecca Quincy.",
        "actors": [
            "Nicholas Hoult",
            "R.M. Renfield",
            "Nicolas Cage",
            "Count Dracula",
            "Awkwafina",
            "Rebecca Quincy",
            "Ben Schwartz",
            "Tedward 'Teddy' Lobo",
            "Adrian Martinez",
            "Chris Marcos",
            "Jenna Kanell",
            "Carol",
            "Shohreh Aghdashloo",
            "Ella",
            "Bess Rous",
            "Caitlyn",
            "James Moses Black",
            "Captain J. Browning"
        ],
        "orig_title": "Renfield",
        "status": " Released",
        "orig_lang": " English",
        "budget_x": 86203077.0,
        "revenue": 12076404.0,
        "country": "AU"
    },
    {
        "title": "Barbie: Mermaid Power",
        "date_x": "07/17/2022 ",
        "score": 73.0,
        "genre": [
            "Animation"
        ],
        "overview": "Join Barbie “Brooklyn” Roberts, Barbie “Malibu” Roberts, and her sisters Skipper, Stacie, and Chelsea on an underwater adventure as they transform into mermaids to help save the world of Pacifica! In Barbie Mermaid Power™, Barbie and Barbie are summoned by Isla (from Dolphin Magic) to compete to be the underwater Power Keeper in a series of challenges designed to find their inner powers. Through these competitions, they discover whether they are mermaids of Earth, Air, Water, or Fire, all while making new animal and mermaid friends. In this fish-tale of friendship, adventure, and bravery, Barbie, Barbie, and family experience first-hand what it’s like to balance the worlds above and below the sea and learn a lesson in finding their inner powers along the way.",
        "actors": [
            "America Young",
            "Malibu (Barbie) (voice)",
            "Tatiana Varria",
            "Brooklyn (Barbie) (voice)",
            "Kirsten Day",
            "Skipper (voice)",
            "Tiana Camacho",
            "Talleigha Fishtail (voice)",
            "Melanie Minichino",
            "Marlo / Mermaid 2 (voice)",
            "Madelyn Kratzer",
            "Aquaryah Aquavilla (voice)",
            "Johnny Yong Bosch",
            "Finn / Waiter (voice)",
            "Vivian Lu",
            "Isla / Dr. Tang (voice)",
            "Natalie Lashkari",
            "Chelsea (voice)"
        ],
        "orig_title": "Barbie: Mermaid Power",
        "status": " Released",
        "orig_lang": " English",
        "budget_x": 123600000.0,
        "revenue": 590203752.2,
        "country": "AU"
    },
    {
        "title": "Grown Ups",
        "date_x": "06/24/2010 ",
        "score": 64.0,
        "genre": [
            "Comedy"
        ],
        "overview": "After their high school basketball coach passes away, five good friends and former teammates reunite for a Fourth of July holiday weekend.",
        "actors": [
            "Adam Sandler",
            "Lenny Feder",
            "Kevin James",
            "Eric Lamonsoff",
            "Chris Rock",
            "Kurt McKenzie",
            "David Spade",
            "Marcus Higgins",
            "Rob Schneider",
            "Rob Hilliard",
            "Salma Hayek",
            "Roxanne Chase-Feder",
            "Maria Bello",
            "Sally Lamonsoff",
            "Maya Rudolph",
            "Deanne McKenzie",
            "Steve Buscemi",
            "Wiley"
        ],
        "orig_title": "Grown Ups",
        "status": " Released",
        "orig_lang": " English",
        "budget_x": 75000000.0,
        "revenue": 272222420.0,
        "country": "AU"
    },
    {
        "title": "Hidden Figures",
        "date_x": "02/16/2017 ",
        "score": 81.0,
        "genre": [
            "Drama",
            "History"
        ],
        "overview": "The untold story of Katherine G. Johnson, Dorothy Vaughan and Mary Jackson – brilliant African-American women working at NASA and serving as the brains behind one of the greatest operations in history – the launch of astronaut John Glenn into orbit. The visionary trio crossed all gender and race lines to inspire generations to dream big.",
        "actors": [
            "Taraji P. Henson",
            "Katherine G. Johnson",
            "Octavia Spencer",
            "Dorothy Vaughan",
            "Janelle Monáe",
            "Mary Jackson",
            "Kevin Costner",
            "Al Harrison",
            "Kirsten Dunst",
            "Vivian Mitchell",
            "Jim Parsons",
            "Paul Stafford",
            "Mahershala Ali",
            "Jim Johnson",
            "Glen Powell",
            "John Glenn",
            "Ariana Neal",
            "Joylette Johnson"
        ],
        "orig_title": "Hidden Figures",
        "status": " Released",
        "orig_lang": " English",
        "budget_x": 25000000.0,
        "revenue": 230677636.0,
        "country": "AU"
    },
    {
        "title": "The Twilight Saga: Eclipse",
        "date_x": "07/01/2010 ",
        "score": 62.0,
        "genre": [
            "Adventure",
            "Fantasy",
            "Drama",
            "Romance"
        ],
        "overview": "Bella once again finds herself surrounded by danger as Seattle is ravaged by a string of mysterious killings and a malicious vampire continues her quest for revenge. In the midst of it all, she is forced to choose between her love for Edward and her friendship with Jacob, knowing that her decision has the potential to ignite the ageless struggle between vampire and werewolf. With her graduation quickly approaching, Bella is confronted with the most important decision of her life.",
        "actors": [
            "Kristen Stewart",
            "Bella Swan",
            "Robert Pattinson",
            "Edward Cullen",
            "Taylor Lautner",
            "Jacob Black",
            "Bryce Dallas Howard",
            "Victoria",
            "Dakota Fanning",
            "Jane",
            "Billy Burke",
            "Charlie Swan",
            "Peter Facinelli",
            "Dr. Carlisle Cullen",
            "Elizabeth Reaser",
            "Esme Cullen",
            "Jackson Rathbone",
            "Jasper Hale"
        ],
        "orig_title": "The Twilight Saga: Eclipse",
        "status": " Released",
        "orig_lang": " English",
        "budget_x": 68000000.0,
        "revenue": 706102828.0,
        "country": "AU"
    },
    {
        "title": "Halloween Ends",
        "date_x": "10/13/2022 ",
        "score": 63.0,
        "genre": [
            "Horror",
            "Thriller"
        ],
        "overview": "Four years after the events of Halloween in 2018, Laurie has decided to liberate herself from fear and rage and embrace life. But when a young man is accused of killing a boy he was babysitting, it ignites a cascade of violence and terror that will force Laurie to finally confront the evil she can’t control, once and for all.",
        "actors": [
            "Jamie Lee Curtis",
            "Laurie Strode",
            "Andi Matichak",
            "Allyson Nelson",
            "Rohan Campbell",
            "Corey Cunningham",
            "Will Patton",
            "Frank Hawkins",
            "James Jude Courtney",
            "The Shape",
            "Kyle Richards",
            "Lindsey Wallace",
            "Omar Dorsey",
            "Sheriff Barker",
            "Jesse C. Boyd",
            "Officer Doug Mulaney",
            "Joanne Baron",
            "Joan Cunningham"
        ],
        "orig_title": "Halloween Ends",
        "status": " Released",
        "orig_lang": " English",
        "budget_x": 20000000.0,
        "revenue": 105199765.0,
        "country": "AU"
    },
    {
        "title": "Corpus Christi",
        "date_x": "09/18/2019 ",
        "score": 77.0,
        "genre": [
            "Drama"
        ],
        "overview": "A pious 20-year-old juvenile delinquent is sent to work at a sawmill in a small town; on arrival, he dresses up as a priest and accidentally takes over the local parish. The arrival of this young, charismatic preacher is an opportunity for the local community to begin the healing process after a tragedy that happened a year prior.",
        "actors": [
            "Bartosz Bielenia",
            "Daniel",
            "Aleksandra Konieczna",
            "Lidia",
            "Eliza Rycembel",
            "Marta",
            "Tomasz Zietek",
            "Pinczer",
            "Barbara Jonak",
            "Ewa Kobielski - the widow",
            "Leszek Lichota",
            "Walkiewicz - the mayor",
            "Łukasz Simlat",
            "Father Tomasz",
            "Zdzisław Wardejn",
            "Priest",
            "Anna Biernacik",
            "Marta's friend"
        ],
        "orig_title": " Boże Ciało",
        "status": " Released",
        "orig_lang": " Polish",
        "budget_x": 1300000.0,
        "revenue": 10951283.0,
        "country": "PL"
    },
    {
        "title": "Goodbye, Don Glees!",
        "date_x": "02/18/2022 ",
        "score": 60.0,
        "genre": [
            "Animation",
            "Adventure",
            "Fantasy"
        ],
        "overview": "Teen misfits Roma, Toto, and Drop call themselves the “Don Glees,” an informal name for their backyard adventures. One day, when the trio gets blamed for a nearby forest fire, they set off into the woods to prove their innocence. As disaster strikes their expedition, tensions flare between the friends as they realize that growing up has taken them on wildly different paths in life.",
        "actors": [
            "Natsuki Hanae",
            "Roma Kamogawa (voice)",
            "Yuki Kaji",
            "Hokuto 'Toto' Mitarai (voice)",
            "Ayumu Murase",
            "Shizuku 'Drop' Sakuma (voice)",
            "Kana Hanazawa",
            "Tivoli Urayasu (voice)",
            "Rino Sashihara",
            "Mako Kamogawa (voice)",
            "Atsushi Tamura",
            "Tarou Kamogawa (voice)"
        ],
        "orig_title": " グッバイ、ドン・グリーズ！",
        "status": " Released",
        "orig_lang": " Japanese",
        "budget_x": 111000000.0,
        "revenue": 251309155.0,
        "country": "JP"
    },
    {
        "title": "The Contractor",
        "date_x": "05/11/2022 ",
        "score": 65.0,
        "genre": [
            "Action",
            "Thriller"
        ],
        "overview": "After being involuntarily discharged from the U.S. Special Forces, James Harper decides to support his family by joining a private contracting organization alongside his best friend and under the command of a fellow veteran. Overseas on a covert mission, Harper must evade those trying to kill him while making his way back home.",
        "actors": [
            "Chris Pine",
            "James",
            "Gillian Jacobs",
            "Brianne",
            "Sander Thomas",
            "Jack",
            "Toby Dixon",
            "Young James",
            "Dean Ashton",
            "James' Father",
            "Dustin Lewis",
            "Pastor",
            "Regina Ting Chen",
            "Army Doctor",
            "Brian Lafontaine",
            "Captain",
            "Cory Scott Allen",
            "LTC Roberts"
        ],
        "orig_title": "The Contractor",
        "status": " Released",
        "orig_lang": " English",
        "budget_x": 43967862.6,
        "revenue": 2122288.0,
        "country": "AU"
    },
    {
        "title": "Samson",
        "date_x": "02/16/2018 ",
        "score": 58.0,
        "genre": [
            "Action",
            "Drama",
            "Adventure"
        ],
        "overview": "After losing the love of his life to a cruel Philistine prince, a young Hebrew with Supernatural strength defends his people, sacrificing everything to avenge his love, his people, and his God.",
        "actors": [
            "Taylor James",
            "Samson",
            "Jackson Rathbone",
            "Rallah",
            "Billy Zane",
            "King Balek",
            "Caitlin Leahy",
            "Delilah",
            "Frances Sholto-Douglas",
            "Taren",
            "Rutger Hauer",
            "Manoah",
            "Lindsay Wagner",
            "Zealphonis",
            "Greg Kriek",
            "Caleb",
            "Sven Ruygrok",
            "Orum"
        ],
        "orig_title": "Samson",
        "status": " Released",
        "orig_lang": " English",
        "budget_x": 8101468.0,
        "revenue": 4873825.0,
        "country": "US"
    },
    {
        "title": "The Bible: In the Beginning...",
        "date_x": "09/28/1966 ",
        "score": 73.0,
        "genre": [
            "Drama",
            "Family"
        ],
        "overview": "Extravagant production of the first part of the book of Genesis. Covers Adam and Eve, Noah and the Flood and Abraham and Isaac.",
        "actors": [
            "Michael Parks",
            "Adam",
            "Ulla Bergryd",
            "Eve",
            "Richard Harris",
            "Cain",
            "John Huston",
            "Noah",
            "Stephen Boyd",
            "Nimrod",
            "George C. Scott",
            "Abraham",
            "Ava Gardner",
            "Sarah",
            "Peter O'Toole",
            "The Three Angels",
            "Zoe Sallis",
            "Hagar"
        ],
        "orig_title": "The Bible: In the Beginning...",
        "status": " Released",
        "orig_lang": " English",
        "budget_x": 18000000.0,
        "revenue": 52356840.0,
        "country": "US"
    },
    {
        "title": "Deadpool 2",
        "date_x": "05/16/2018 ",
        "score": 75.0,
        "genre": [
            "Action",
            "Comedy",
            "Adventure"
        ],
        "overview": "Wisecracking mercenary Deadpool battles the evil and powerful Cable and other bad guys to save a boy's life.",
        "actors": [
            "Ryan Reynolds",
            "Wade Wilson / Deadpool / Juggernaut (voice) / Ryan Reynolds",
            "Josh Brolin",
            "Nathan Summers / Cable",
            "Morena Baccarin",
            "Vanessa Carlysle",
            "Julian Dennison",
            "Russell Collins / Firefist",
            "Zazie Beetz",
            "Neena Thurman / Domino",
            "T.J. Miller",
            "Jack Hammer / Weasel",
            "Leslie Uggams",
            "Blind Al",
            "Karan Soni",
            "Dopinder",
            "Brianna Hildebrand",
            "Ellie Phimister / Negasonic Teenage Warhead"
        ],
        "orig_title": "Deadpool 2",
        "status": " Released",
        "orig_lang": " English",
        "budget_x": 110000000.0,
        "revenue": 786362370.0,
        "country": "AU"
    }
]