[
    {
        "title": "Vengeance: A Love Story",
        "date_x": "09/15/2017 ",
        "score": 56.0,
        "genre": [
            "Action",
            "Drama",
            "Thriller"
        ],
        "overview": "When a new friend is brutally assaulted, Detective John Droomor is put by chance in charge of the investigation. Although the evidence against the perpetrators seems overwhelming, there is nothing definitive in the case that guarantees justice is served, even more so if some people are willing to twist and betray it.",
        "actors": [
            "Nicolas Cage",
            "Det. John Dromoor",
            "Anna Hutchison",
            "Teena Maguire",
            "Talitha Bateman",
            "Bethie Maguire",
            "Deborah Kara Unger",
            "Agnes",
            "Don Johnson",
            "Jay Kirkpatrick",
            "Charlene Tilton",
            "Irma Fick",
            "Joshua Mikel",
            "Marvin Fick",
            "Rocco Nugent",
            "Lloyd Fick",
            "Joe Ochterbeck",
            "Jimmy De Lucca"
        ],
        "orig_title": "Vengeance: A Love Story",
        "status": " Released",
        "orig_lang": " English",
        "budget_x": 25300000.0,
        "revenue": 4526.0,
        "country": "US"
    },
    {
        "title": "P.S. Girls",
        "date_x": "02/04/2016 ",
        "score": 57.0,
        "genre": [
            "Romance",
            "Thriller"
        ],
        "overview": "Eun-joo dreams of being a plastic surgery specialist while she works as a nurse. At night, she has a job as Nabi, having sex on the phone to come up with money for her dad's medical bills. La Belle's madam Big Mama pays her girls in advance and forces them to do sexual activities like body cams while she rips them off their money. At La Belle are Candy, Cherry, Eunmi and other girls with stories but have sex on the phone with men.  Meanwhile, Joon-ho, Eun-joo's hospital director starts showing interest in Eun-joo who looks like his dead wife and they develop a romantic relationship. However, Eun-joo doesn't open up to him so he starts to feel disappointed. Joon-ho starts getting obssessed with her the more she pushes away from him until one day he sees her going to her night job.",
        "actors": [
            "Kwon Hae-sung",
            "In-sik",
            "Kang Eun-hye",
            "Na-bi",
            "Lee Eun-mi",
            "Candy",
            "Lee Chang-yong-II",
            "Joon-ho",
            "Ham Min-ji",
            "Cherry",
            "Park Eun-young",
            "Eun-mi"
        ],
        "orig_title": " P.S. 걸",
        "status": " Released",
        "orig_lang": " Korean",
        "budget_x": 103200000.0,
        "revenue": 302027407.2,
        "country": "KR"
    },
    {
        "title": "Blues Brothers 2000",
        "date_x": "04/30/1998 ",
        "score": 53.0,
        "genre": [
            "Music",
            "Action",
            "Comedy",
            "Crime"
        ],
        "overview": "Finally released from prison, Elwood Blues is once again enlisted by Sister Mary Stigmata in her latest crusade to raise funds for a children's hospital. Hitting the road to re-unite the band and win the big prize at the New Orleans Battle of the Bands, Elwood is pursued cross-country by the cops.",
        "actors": [
            "Dan Aykroyd",
            "Elwood Blues",
            "John Goodman",
            "Mighty Mack McTeer",
            "Joe Morton",
            "Cab Chamberlain",
            "Frank Oz",
            "Warden",
            "J. Evan Bonifant",
            "Buster Blues",
            "B.B. King",
            "Malvern Gasperon",
            "Junior Wells",
            "Junior Wells",
            "Willie Hall",
            "Willie Hall",
            "Matt Murphy",
            "Matt 'Guitar' Murphy"
        ],
        "orig_title": "Blues Brothers 2000",
        "status": " Released",
        "orig_lang": " English",
        "budget_x": 28000000.0,
        "revenue": 14051384.0,
        "country": "AU"
    },
    {
        "title": "Jackass 3D",
        "date_x": "10/15/2010 ",
        "score": 66.0,
        "genre": [
            "Comedy",
            "Documentary",
            "Action"
        ],
        "overview": "Johnny Knoxville, Bam Margera, Steve-O, Wee Man and the rest of their fearless and foolhardy friends take part in another round of outrageous pranks and stunts. In addition to standing in the path of a charging bull, launching themselves into the air and crashing through various objects, the guys perform in segments such as \"Sweatsuit Cocktail,\" \"Beehive Tetherball\" and \"Lamborghini Tooth Pull.\"",
        "actors": [
            "Johnny Knoxville",
            "Himself",
            "Bam Margera",
            "Himself",
            "Ryan Dunn",
            "Himself",
            "Steve-O",
            "Himself",
            "Chris Pontius",
            "Himself",
            "Jason Acuña",
            "Wee Man (Himself)",
            "Preston Lacy",
            "Himself",
            "Ehren McGhehey",
            "Himself",
            "Dave England",
            "Himself"
        ],
        "orig_title": "Jackass 3D",
        "status": " Released",
        "orig_lang": " English",
        "budget_x": 20000000.0,
        "revenue": 171685793.0,
        "country": "US"
    },
    {
        "title": "Corona Papers",
        "date_x": "04/06/2023 ",
        "score": 0.0,
        "genre": [
            ""
        ],
        "overview": "We don't have an overview translated in English. Help us expand our database by adding one.",
        "actors": [
            "Shane Nigam",
            "",
            "Shine Tom Chacko",
            "",
            "Siddique",
            "",
            "Maniyanpilla Raju",
            "",
            "Gayathrie Shankar",
            "",
            "Lal Jr.",
            "",
            "V. T. Vijilesh",
            "",
            "Hannah Reji Koshy",
            "",
            "Sandhya Shetty",
            ""
        ],
        "orig_title": " കൊറോണ പേപ്പേഴ്സ്",
        "status": " Post Production",
        "orig_lang": " Malayalam",
        "budget_x": 223940000.0,
        "revenue": 178359863.0,
        "country": "IN"
    },
    {
        "title": "The Yin Yang Master",
        "date_x": "02/12/2021 ",
        "score": 68.0,
        "genre": [
            "Action",
            "Adventure",
            "Drama",
            "Fantasy",
            "Romance"
        ],
        "overview": "The world is on the verge of a devastating war with monsters who are coming to retrieve the Scaling Stone. Yin Yang Master Qingming's life is in danger and he travels to different worlds to prepare for the upcoming assaults. On his journey, Qingming finds that the key to all the calamities is embracing his hybrid identity of both human and monster.",
        "actors": [
            "Chen Kun",
            "Qin Ming",
            "Zhou Xun",
            "Bai Ni",
            "William Chan Wai-Ting",
            "Ci Mu",
            "Qu Chuxiao",
            "Yuan Bo Ya",
            "Wang Likun",
            "Peach blossom fairy",
            "Shen Yue",
            "Shen Le",
            "Wang Zixuan",
            "Snow girl",
            "Wu Xinzun",
            "Black Crow B",
            "Liu Wenhuan",
            "Guard Commander"
        ],
        "orig_title": " 侍神令",
        "status": " Released",
        "orig_lang": " Chinese",
        "budget_x": 81200000.0,
        "revenue": 443238805.8,
        "country": "CN"
    },
    {
        "title": "Jungle Beat: The Movie",
        "date_x": "06/26/2020 ",
        "score": 70.0,
        "genre": [
            "Family",
            "Animation",
            "Science Fiction",
            "Comedy"
        ],
        "overview": "The Jungle Beat animals think it’s the best thing ever when an alien arrives in the jungle bringing with him the power of speech. They also surprisingly think it’s the best thing ever when they find out that he’s been sent to conquer them.",
        "actors": [
            "David Menkin",
            "Munki / Rocky (voice)",
            "David Rintoul",
            "Grogon (voice)",
            "Gavin Peter",
            "Tallbert (voice)",
            "Florrie Wilkinson",
            "Baby (voice)",
            "Adam Neill",
            "Ribbert (voice)",
            "Jason Pennycooke",
            "Lead Wildebeest (voice)",
            "Robert G. Slade",
            "Old Wildebeest (voice)",
            "Emma Lungiswa De Wet",
            "Firefly (voice)",
            "Ed Kear",
            "Fneep (voice)"
        ],
        "orig_title": "Jungle Beat: The Movie",
        "status": " Released",
        "orig_lang": " English",
        "budget_x": 100971600.0,
        "revenue": 728608266.0,
        "country": "MU"
    },
    {
        "title": "Line of Duty",
        "date_x": "11/15/2019 ",
        "score": 59.0,
        "genre": [
            "Thriller",
            "Crime"
        ],
        "overview": "Frank Penny is a disgraced cop looking for a shot at redemption. When the police chief's 11-year-old daughter is abducted, Frank goes rogue to try and save her. But to find the girl, Frank will need the help of Ava Brooks, whose live-streaming news channel is broadcasting Frank's every move.",
        "actors": [
            "Giancarlo Esposito",
            "Tom Volk",
            "Dina Meyer",
            "Ruth Carter",
            "Courtney Eaton",
            "Ava Brooks",
            "Ben McKenzie",
            "Dean Keller",
            "Aaron Eckhart",
            "Frank Penny",
            "Jessica Lu",
            "Clover Nestel",
            "David Shae",
            "Telescope",
            "Betsy Landin",
            "Maya Prinz",
            "MWW Michael Wilkerson",
            "Man Watching Live Coverage"
        ],
        "orig_title": "Line of Duty",
        "status": " Released",
        "orig_lang": " English",
        "budget_x": 187740000.0,
        "revenue": 445444963.2,
        "country": "US"
    },
    {
        "title": "Harold & Kumar Go to White Castle",
        "date_x": "07/02/2004 ",
        "score": 65.0,
        "genre": [
            "Comedy",
            "Adventure"
        ],
        "overview": "Nerdy accountant Harold and his irrepressible friend, Kumar, get stoned watching television and find themselves utterly bewitched by a commercial for White Castle. Convinced there must be one nearby, the two set out on a late-night odyssey that takes them deep into New Jersey. Somehow, the boys manage to run afoul of rednecks, cops and even a car-stealing Neil Patrick Harris before getting anywhere near their beloved sliders.",
        "actors": [
            "John Cho",
            "Harold Lee",
            "Kal Penn",
            "Kumar Patel",
            "Paula Garcés",
            "Maria",
            "Neil Patrick Harris",
            "Neil Patrick Harris",
            "David Krumholtz",
            "Goldstein",
            "Malin Åkerman",
            "Liane",
            "Brooke D'Orsay",
            "Clarissa",
            "Steve Braun",
            "Cole",
            "Fred Willard",
            "Dr. Willoughby"
        ],
        "orig_title": "Harold & Kumar Go to White Castle",
        "status": " Released",
        "orig_lang": " English",
        "budget_x": 9000000.0,
        "revenue": 19474552.0,
        "country": "AU"
    },
    {
        "title": "The Six Devil Women",
        "date_x": "05/24/1996 ",
        "score": 85.0,
        "genre": [
            "Crime"
        ],
        "overview": "Shenzhen, with its booming economy and new found riches, has attracted thousands of young women from the countryside. They all come with the hopes of a better life for themselves and their families. The six women portrayed in this film are classic cases of the thousands of women who, for various different reasons, have chosen the path of no return.",
        "actors": [
            "Diana Pang",
            "Man Nap",
            "Jimmy Wong Shu-Kei",
            "Cheung Kin",
            "Emana Leung",
            "Foo King",
            "Lee Suet-Man",
            "Cheung Fung (as Heidi Lee)",
            "Joey Yeung Oi-Ching",
            "Tse Wan",
            "Le Rong-Rong",
            "Lau Heung (as Yung-Yung Lok)",
            "Chan Sing",
            "Chan Cheung",
            "Chung Sau-Han",
            "",
            "William Ho Ka-Kui",
            "Victim"
        ],
        "orig_title": " 六魔女",
        "status": " Released",
        "orig_lang": " Cantonese",
        "budget_x": 187000000.0,
        "revenue": 873913042.0,
        "country": "HK"
    },
    {
        "title": "Snow Dogs",
        "date_x": "06/27/2002 ",
        "score": 57.0,
        "genre": [
            "Comedy",
            "Family",
            "Adventure"
        ],
        "overview": "When a Miami dentist inherits a team of sled dogs, he's got to learn the trade or lose his pack to a crusty mountain man.",
        "actors": [
            "Cuba Gooding Jr.",
            "Ted Brooks",
            "James Coburn",
            "Thunder Jack",
            "Sisqó",
            "Dr. Rupert Brooks",
            "Nichelle Nichols",
            "Amelia",
            "M. Emmet Walsh",
            "George",
            "Graham Greene",
            "Peter Yellowbear",
            "Brian Doyle-Murray",
            "Ernie",
            "Joanna Bacalso",
            "Barb",
            "Jean Michel Paré",
            "Olivier"
        ],
        "orig_title": "Snow Dogs",
        "status": " Released",
        "orig_lang": " English",
        "budget_x": 32000000.0,
        "revenue": 116898028.0,
        "country": "AU"
    },
    {
        "title": "Piglet's Big Movie",
        "date_x": "06/26/2003 ",
        "score": 67.0,
        "genre": [
            "Animation",
            "Family"
        ],
        "overview": "When the gang from the Hundred Acre Wood begin a honey harvest, young Piglet is excluded and told that he is too small to help. Feeling inferior, Piglet disappears and his pals Eeyore, Rabbit, Tigger, Roo and Winnie the Pooh must use Piglet's scrapbook as a map to find him. In the process they discover that this very small animal has been a big hero in a lot of ways.",
        "actors": [
            "John Fiedler",
            "Piglet (voice)",
            "Jim Cummings",
            "Winnie the Pooh / Tigger (voice)",
            "Andre Stojka",
            "Owl (voice)",
            "Kath Soucie",
            "Kanga / Christopher Robin (singing) (voice)",
            "Peter Cullen",
            "Eeyore (voice)",
            "Ken Sansom",
            "Rabbit (voice)",
            "Nikita Hopkins",
            "Roo (voice)",
            "Tom Wheatley",
            "Christopher Robin (voice)"
        ],
        "orig_title": "Piglet's Big Movie",
        "status": " Released",
        "orig_lang": " English",
        "budget_x": 46000000.0,
        "revenue": 62870546.0,
        "country": "AU"
    },
    {
        "title": "Hellraiser: Bloodline",
        "date_x": "03/08/1996 ",
        "score": 52.0,
        "genre": [
            "Horror",
            "Science Fiction"
        ],
        "overview": "Three generations of the same family deal with the consequences of unleashing the forces of hell.",
        "actors": [
            "Bruce Ramsay",
            "Phillip L'Merchant / John Merchant / Dr. Paul Merchant",
            "Valentina Vargas",
            "Angelique",
            "Doug Bradley",
            "Pinhead",
            "Charlotte Chatton",
            "Genevieve L'Merchant",
            "Adam Scott",
            "Jacques",
            "Kim Myers",
            "Bobbi Merchant",
            "Mickey Cottrell",
            "Duc de L'Isle",
            "Louis Turenne",
            "Auguste",
            "Courtland Mead",
            "Jack Merchant"
        ],
        "orig_title": "Hellraiser: Bloodline",
        "status": " Released",
        "orig_lang": " English",
        "budget_x": 4000000.0,
        "revenue": 16675000.0,
        "country": "US"
    },
    {
        "title": "The Life Aquatic with Steve Zissou",
        "date_x": "01/12/2005 ",
        "score": 71.0,
        "genre": [
            "Adventure",
            "Comedy",
            "Drama"
        ],
        "overview": "Renowned oceanographer Steve Zissou has sworn vengeance upon the rare shark that devoured a member of his crew. In addition to his regular team, he is joined on his boat by Ned, a man who believes Zissou to be his father, and Jane, a journalist pregnant by a married man. They travel the sea, all too often running into pirates and, perhaps more traumatically, various figures from Zissou's past, including his estranged wife, Eleanor.",
        "actors": [
            "Bill Murray",
            "Steve Zissou",
            "Owen Wilson",
            "Ned Plimpton",
            "Cate Blanchett",
            "Jane Winslett-Richardson",
            "Anjelica Huston",
            "Eleanor Zissou",
            "Willem Dafoe",
            "Klaus Daimler",
            "Jeff Goldblum",
            "Alistair Hennessey",
            "Michael Gambon",
            "Oseary Drakoulias",
            "Noah Taylor",
            "Vladimir Wolodarsky",
            "Bud Cort",
            "Bill Ubell"
        ],
        "orig_title": "The Life Aquatic with Steve Zissou",
        "status": " Released",
        "orig_lang": " English",
        "budget_x": 50000000.0,
        "revenue": 34806726.0,
        "country": "AU"
    },
    {
        "title": "Tom and Jerry Blast Off to Mars!",
        "date_x": "01/18/2005 ",
        "score": 67.0,
        "genre": [
            "Animation",
            "Family"
        ],
        "overview": "While carrying on their usual hi-jinks, they inadvertantly stow-away on a spaceship bound for Mars. They meet up with the local Martian residents and cause them to invade the Earth, aided by the \"Invincitron\", a vacuum-wielding giant robot. Tom, Jerry and their Martian ally, Peep, save the day.",
        "actors": [
            "Jeff Bennett",
            "Dr. Gluckman / Martian Guard #1 / President (voice)",
            "Corey Burton",
            "Martian Scientist / Court Attendant / Eyes At Gate (voice)",
            "Kathryn Fiore",
            "Peep / Press Girl (voice)",
            "Brad Garrett",
            "Commander Bristle / Martian Guard #3 (voice)",
            "Jess Harnell",
            "Major Buzz Blister / Martian General / Worker #3 (voice)",
            "Tom Kenny",
            "Grob / Gardener #1 / Martian Guard #2 (voice)",
            "Bill Kopp",
            "Tom / Press Guy #1 (voice)",
            "Rob Paulsen",
            "Computer / Worker #1 / Worker #2 (voice)",
            "Frank Welker",
            "Spike (voice)"
        ],
        "orig_title": "Tom and Jerry Blast Off to Mars!",
        "status": " Released",
        "orig_lang": " English",
        "budget_x": 112800000.0,
        "revenue": 356126924.8,
        "country": "US"
    },
    {
        "title": "Balto III: Wings of Change",
        "date_x": "09/30/2004 ",
        "score": 67.0,
        "genre": [
            "Family",
            "Adventure",
            "Animation"
        ],
        "overview": "Balto and the other sled dogs are feeling dejected because the mail that used to be delivered by dogsled is now being delivered by airplanes. But when a mail plane crashes in the mountains, the dogs come to the rescue.",
        "actors": [
            "Maurice LaMarche",
            "Balto / Moose 1 / Moose 2 (voice)",
            "Jodi Benson",
            "Jenna (voice)",
            "Sean Astin",
            "Kodi (voice)",
            "Charles Fleischer",
            "Boris / White Mountain Postmaster (voice)",
            "Bill Fagerbakke",
            "Ralph / Mr. Conner (voice)",
            "Keith Carradine",
            "Duke (voice)",
            "Charity James",
            "Dusty (voice)",
            "Kathy Najimy",
            "Dipsy (voice)",
            "David Paymer",
            "Mel (voice)"
        ],
        "orig_title": "Balto III: Wings of Change",
        "status": " Released",
        "orig_lang": " English",
        "budget_x": 83500000.0,
        "revenue": 410365754.8,
        "country": "US"
    },
    {
        "title": "Eliminators",
        "date_x": "02/20/2017 ",
        "score": 64.0,
        "genre": [
            "Action"
        ],
        "overview": "A former US Federal Agent must abandon the witness protection program and come out of hiding when his London home is invaded in error due to a wrong address. When the event ends with multiple homicides, the news triggers those hunting him to send Europe's most dangerous assassin to kill him. Now on the run with his daughters life in jeopardy, a determined father must get her to safety before the people he's been hiding from tracks him down.",
        "actors": [
            "Scott Adkins",
            "Thomas",
            "Stuart Bennett",
            "Bishop",
            "Daniel Caltagirone",
            "Ray",
            "James Cosmo",
            "Cooper",
            "Mem Ferda",
            "Giordani",
            "Ty Glaser",
            "Stacey",
            "Olivia Mace",
            "Hannah",
            "Stephen Marcus",
            "George",
            "Bruce Lester-Johnson",
            "Agent Reid"
        ],
        "orig_title": "Eliminators",
        "status": " Released",
        "orig_lang": " English",
        "budget_x": 67800000.0,
        "revenue": 348256501.8,
        "country": "GB"
    },
    {
        "title": "World Trade Center",
        "date_x": "10/05/2006 ",
        "score": 61.0,
        "genre": [
            "Drama",
            "History",
            "Thriller"
        ],
        "overview": "Two police officers struggle to survive when they become trapped beneath the rubble of the World Trade Center on September 11, 2001.",
        "actors": [
            "Nicolas Cage",
            "John McLoughlin",
            "Maria Bello",
            "Donna McLoughlin",
            "Maggie Gyllenhaal",
            "Allison Jimeno",
            "Danny Nucci",
            "Officer Giraldi",
            "Stephen Dorff",
            "Scott Strauss",
            "Michael Peña",
            "Will Jimeno",
            "Jay Hernandez",
            "Dominick Pezzulo",
            "Michael Shannon",
            "Dave Karnes",
            "Dorothy Lyman",
            "Allison's Mother"
        ],
        "orig_title": "World Trade Center",
        "status": " Released",
        "orig_lang": " English",
        "budget_x": 65000000.0,
        "revenue": 163295654.0,
        "country": "AU"
    },
    {
        "title": "My Octopus Teacher",
        "date_x": "09/07/2020 ",
        "score": 79.0,
        "genre": [
            "Documentary"
        ],
        "overview": "After years of swimming every day in the freezing ocean at the tip of Africa, Craig Foster meets an unlikely teacher: a young octopus who displays remarkable curiosity. Visiting her den and tracking her movements for months on end he eventually wins the animal’s trust and they develop a never-before-seen bond between human and wild animal.",
        "actors": [
            "Craig Foster",
            "Self",
            "Tom Foster",
            "Self"
        ],
        "orig_title": "My Octopus Teacher",
        "status": " Released",
        "orig_lang": " English",
        "budget_x": 126000000.0,
        "revenue": 601130942.4,
        "country": "US"
    },
    {
        "title": "Pound of Flesh",
        "date_x": "05/07/2015 ",
        "score": 58.0,
        "genre": [
            "Action"
        ],
        "overview": "In China to donate his kidney to his dying niece, former black-ops agent Deacon awakes the day before the operation to find he is the latest victim of organ theft. Stitched up and pissed-off, Deacon descends from his opulent hotel in search of his stolen kidney and carves a blood-soaked path through the darkest corners of the city. The clock is ticking for his niece and with each step he loses blood.",
        "actors": [
            "Jean-Claude Van Damme",
            "Deacon",
            "John Ralston",
            "George",
            "Aki Aleong",
            "Kung",
            "Charlotte Peters",
            "Ana",
            "Darren Shahlavi",
            "Goran",
            "Brahim Achabbakhe",
            "Nardo",
            "Jason Tobin",
            "Liam",
            "Andrew Ng",
            "Father Gabriel",
            "Philippe Joly",
            "Zoltan"
        ],
        "orig_title": "Pound of Flesh",
        "status": " Released",
        "orig_lang": " English",
        "budget_x": 7500000.0,
        "revenue": 0.0,
        "country": "US"
    },
    {
        "title": "Kakegurui 2: Ultimate Russian Roulette",
        "date_x": "04/29/2021 ",
        "score": 71.0,
        "genre": [
            "Mystery",
            "Thriller",
            "Drama"
        ],
        "overview": "A school appears peaceful from a distance, but a fierce gambling battle takes place once again. Yumeko Jabami is involved in the battle.",
        "actors": [
            "Minami Hamabe",
            "Yumeko Jabami",
            "Ryusei Fujii",
            "Makuro Shikigami",
            "Mahiro Takasugi",
            "Ryōta Suzui",
            "Aoi Morikawa",
            "Mary Saotome",
            "Elaiza Ikeda",
            "Momobami Kirari",
            "Yuma Yamoto",
            "Jun Kiwatari",
            "Yurika Nakamura",
            "Sayaka Igarashi",
            "Natsume Mito",
            "Runa Yomozuki",
            "Ruka Matsuda",
            "Itsuki Sumeragi"
        ],
        "orig_title": " 映画 賭ケグルイ 絶体絶命ロシアンルーレット",
        "status": " Released",
        "orig_lang": " Japanese",
        "budget_x": 101000000.0,
        "revenue": 508582208.6,
        "country": "JP"
    },
    {
        "title": "211",
        "date_x": "06/08/2018 ",
        "score": 54.0,
        "genre": [
            "Crime",
            "Action",
            "Drama"
        ],
        "overview": "Inspired by one of the longest and bloodiest real-life events in police history, Officer Mike Chandler and a young civilian passenger find themselves under-prepared and outgunned when fate puts them squarely in the crosshairs of a daring bank heist in progress by a fearless team of highly-trained and heavily-armed men.",
        "actors": [
            "Nicolas Cage",
            "Mike Chandler",
            "Sophie Skelton",
            "Lisa MacAvoy",
            "Dwayne Cameron",
            "Steve MacAvoy",
            "Weston Cage Coppola",
            "Luke",
            "Michael Rainey Jr.",
            "Kenny",
            "Cory Hardrict",
            "Hanson",
            "Amanda Cerny",
            "Sarah",
            "Ori Pfeffer",
            "Tre",
            "Petar Mitev",
            "Clerk"
        ],
        "orig_title": "211",
        "status": " Released",
        "orig_lang": " English",
        "budget_x": 5380000.0,
        "revenue": 1052222.0,
        "country": "US"
    },
    {
        "title": "Collide",
        "date_x": "02/24/2017 ",
        "score": 55.0,
        "genre": [
            "Thriller",
            "Action"
        ],
        "overview": "An American backpacker gets involved with a ring of drug smugglers as their driver, and winds up on the run from his employers across Cologne’s autobahns.",
        "actors": [
            "Nicholas Hoult",
            "Casey Stein",
            "Felicity Jones",
            "Juliette Marne",
            "Anthony Hopkins",
            "Hagen Kahl",
            "Ben Kingsley",
            "Geran",
            "Marwan Kenzari",
            "Matthias",
            "Aleksandar Jovanović",
            "Jonas",
            "Christian Rubeck",
            "Kay",
            "Erdal Yildiz",
            "Rainer",
            "Clemens Schick",
            "Mirko"
        ],
        "orig_title": "Collide",
        "status": " Released",
        "orig_lang": " English",
        "budget_x": 29200000.0,
        "revenue": 5466698.0,
        "country": "US"
    },
    {
        "title": "The Fighter",
        "date_x": "01/27/2011 ",
        "score": 74.0,
        "genre": [
            "Drama"
        ],
        "overview": "Boxer \"Irish\" Micky Ward's unlikely road to the world light welterweight title. His Rocky-like rise was shepherded by half-brother Dicky, a boxer-turned-trainer who rebounded in life after nearly being KO'd by drugs and crime.",
        "actors": [
            "Mark Wahlberg",
            "Micky Ward",
            "Christian Bale",
            "Dicky Eklund",
            "Amy Adams",
            "Charlene Fleming",
            "Melissa Leo",
            "Alice Ward",
            "Mickey O'Keefe",
            "Mickey O'Keefe",
            "Jack McGee",
            "George Ward",
            "Melissa McMeekin",
            "\"Little Alice\" Eklund",
            "Bianca Hunter",
            "Cathy \"Pork\" Eklund",
            "Erica McDermott",
            "Cindy \"Tar\" Eklund"
        ],
        "orig_title": "The Fighter",
        "status": " Released",
        "orig_lang": " English",
        "budget_x": 11000000.0,
        "revenue": 129262388.0,
        "country": "AU"
    },
    {
        "title": "Fist of the North Star: Legend of Raoh - Chapter of Death in Love",
        "date_x": "03/11/2006 ",
        "score": 67.0,
        "genre": [
            "Animation",
            "Action"
        ],
        "overview": "A film adaptation of the Holy Emperor story arc, which primarily depicted the conflict between Kenshiro and Souther. New characters Reina, one of Raoh's army officers who falls in love with him, and her brother Soga, Raoh's advisor, play an important part with much of the plot involving Raoh's relationship with Reina as he conquers the land; most of this portion is new content exclusive to this film. The other side of the story is the retelling of Ken's attempt to save and protect the villagers from Souther's army with the help of Shū. There is also a small subplot of Bart returning to his home.",
        "actors": [
            "Hiroshi Abe",
            "Kenshirô (voice)",
            "Takashi Ukaji",
            "Raoh (voice)",
            "Ko Shibasaki",
            "Reina / Narration (voice)",
            "Unsho Ishizuka",
            "Souga",
            "Akio Otsuka",
            "Souther",
            "Hochu Otsuka",
            "Shu"
        ],
        "orig_title": " 真救世主伝説 北斗の拳 ラオウ伝 殉愛の章",
        "status": " Released",
        "orig_lang": " Japanese",
        "budget_x": 109144000.0,
        "revenue": 305481707.4,
        "country": "JP"
    },
    {
        "title": "Perras",
        "date_x": "03/04/2011 ",
        "score": 69.0,
        "genre": [
            "Thriller",
            "Drama",
            "Romance"
        ],
        "overview": "Something terrible is happening in class 3A at Calmecatl Junior High. No one can leave the classroom until the guilty party is found. This is the device that gives us a glimpse of the ethics, games, esthetics and eroticism of these girl-women. It is not easy to say what the subject is, there are so many: the discovery of sexuality, discrimination, chance, drugs, maternity, traditions, betrayals, power, love. A mural of a complex reality from the point of view of twenty-something women in the skin of 14 to 15 year old girls.",
        "actors": [
            "Claudia Zepeda",
            "María del Mar",
            "Karen de la Hoya",
            "Tora",
            "Scarlet Dergal",
            "Sofía",
            "Alenka Ríos",
            "Ana Ceci",
            "Steph Bumelcrownd",
            "Iris",
            "Andrea Pedrero",
            "Diana",
            "Kariam Castro",
            "Andrea",
            "Denis Montes",
            "Alejandra",
            "Eva Luna Marenco",
            "Frida"
        ],
        "orig_title": "Perras",
        "status": " Released",
        "orig_lang": " Spanish, Castilian",
        "budget_x": 30000000.0,
        "revenue": 451516855.8,
        "country": "MX"
    },
    {
        "title": "Raise the Red Lantern",
        "date_x": "12/18/1991 ",
        "score": 80.0,
        "genre": [
            "Drama"
        ],
        "overview": "China in the 1920s. After her father's death, 19 year old Songlian is forced to marry the much older lord of a powerful family. With three wives already, each living in a separate house within the great castle, there is fierce competition for his attention and the privileges that are gained. This competition gets out of hand.",
        "actors": [
            "Gong Li",
            "Song Lian",
            "Ma Jingwu",
            "Chen Zuo Qian",
            "He Saifei",
            "Mei Shan",
            "Cao Cuifen",
            "Zhuo Yun",
            "Kong Lin",
            "Yan'er",
            "Shuyuan Jin",
            "Yu Ru",
            "Chu Xiao",
            "Fei Pu",
            "Ding Weimin",
            "Mother Song",
            "Cao Zengyin",
            "Old Servant"
        ],
        "orig_title": " 大红灯笼高高挂",
        "status": " Released",
        "orig_lang": " Chinese",
        "budget_x": 172000000.0,
        "revenue": 682835308.6,
        "country": "IT"
    },
    {
        "title": "Project Gutenberg",
        "date_x": "09/30/2018 ",
        "score": 69.0,
        "genre": [
            "Action",
            "Crime",
            "Mystery",
            "Thriller"
        ],
        "overview": "The Hong Kong police is hunting a counterfeiting gang led by a mastermind code-named \"Painter\" . The gang possesses exceptional counterfeiting skills which makes it difficult to distinguish the authenticity of its counterfeit currency. The scope of their criminal activities extends globally and greatly attracts the attention of the police. In order to crack the true identity of \"Painter\", the police recruits a painter named Lee Man to assist in solving the case.",
        "actors": [
            "Chow Yun-fat",
            "Painter",
            "Aaron Kwok",
            "Lee Man",
            "Zhang Jingchu",
            "Yuen Man",
            "Joyce Feng",
            "Ng Sau Ching",
            "Liu Kai-Chi",
            "Uncle Shing",
            "Catherine Chau",
            "Madam Ho",
            "David Wang",
            "Lee Wing Chit",
            "Paulyn Sun",
            "Ms Wah",
            "Deon Cheung",
            "Bobby"
        ],
        "orig_title": " 無雙",
        "status": " Released",
        "orig_lang": " Cantonese",
        "budget_x": 38272500.0,
        "revenue": 268331114.4,
        "country": "CN"
    },
    {
        "title": "Bridge of Spies",
        "date_x": "10/22/2015 ",
        "score": 72.0,
        "genre": [
            "Thriller",
            "Drama"
        ],
        "overview": "During the Cold War, the Soviet Union captures U.S. pilot Francis Gary Powers after shooting down his U-2 spy plane. Sentenced to 10 years in prison, Powers' only hope is New York lawyer James Donovan, recruited by a CIA operative to negotiate his release. Donovan boards a plane to Berlin, hoping to win the young man's freedom through a prisoner exchange. If all goes well, the Russians would get Rudolf Abel, the convicted spy who Donovan defended in court.",
        "actors": [
            "Tom Hanks",
            "James B. Donovan",
            "Mark Rylance",
            "Rudolf Abel",
            "Amy Ryan",
            "Mary Donovan",
            "Alan Alda",
            "Thomas Watters Jr.",
            "Sebastian Koch",
            "Wolfgang Vogel",
            "Austin Stowell",
            "Francis Gary Powers",
            "Billy Magnussen",
            "Doug Forrester",
            "Michael Simon Hall",
            "Reporter",
            "Edward James Hyland",
            "Chief Justice Earl Warren"
        ],
        "orig_title": "Bridge of Spies",
        "status": " Released",
        "orig_lang": " English",
        "budget_x": 40000000.0,
        "revenue": 162498338.0,
        "country": "AU"
    },
    {
        "title": "Dino King: Journey to Fire Mountain",
        "date_x": "12/25/2019 ",
        "score": 78.0,
        "genre": [
            "Animation",
            "Adventure"
        ],
        "overview": "Speckles, a ferocious tarbosaurus and his young son junior, mourning the loss of their family in an epic battle, roam the lands in search of food, adventure and peace. Under the watchful eye of his dad, Junior is growing up healthy and strong, but with an overconfidence thanks to his young age. After one encounter results in Junior being kidnapped, Speckles embarks on an adventure to the ends of earth to find his son. Encountering friend and foe, ally and enemy, Speckles will stop at nothing and will take on all corners to save his offspring.",
        "actors": [
            "Park Hee-soon",
            "Speckles",
            "Ra Mi-ran",
            "",
            "Kim Sung-kyun",
            "",
            "Kim Eung-soo",
            "",
            "Park Jung-geum",
            "",
            "Yeon Ji-won",
            "",
            "Kim Heung-rae",
            ""
        ],
        "orig_title": " 점박이 한반도의 공룡 2: 새로운 낙원",
        "status": " Released",
        "orig_lang": " Korean",
        "budget_x": 101000000.0,
        "revenue": 893800197.2,
        "country": "KR"
    },
    {
        "title": "Amazonia: The Catherine Miles Story",
        "date_x": "08/09/1985 ",
        "score": 62.0,
        "genre": [
            "Adventure",
            "Drama",
            "Horror"
        ],
        "overview": "A young woman seeks vengeance and finds love when her parents are killed in the Amazon and she is taken prisoner by an indigenous tribe of headhunters.",
        "actors": [
            "Elvire Audray",
            "Catherine Miles Armstrong",
            "Will Gonzales",
            "Umukai",
            "Andrea Coppola",
            "Catherine's Uncle",
            "Dick Campbell",
            "",
            "Dick Marshall",
            "",
            "Alma Vernon",
            "",
            "Grace Williams",
            "",
            "Sara Fleszer",
            "",
            "Mark Cannon",
            ""
        ],
        "orig_title": " Schiave bianche: violenza in Amazzonia",
        "status": " Released",
        "orig_lang": " Italian",
        "budget_x": 140200000.0,
        "revenue": 503360993.4,
        "country": "IT"
    },
    {
        "title": "Kung-Fu Zohra",
        "date_x": "03/09/2022 ",
        "score": 56.0,
        "genre": [
            "Comedy",
            "Action",
            "Drama"
        ],
        "overview": "Zohra is convinced that separating from her husband Omar would break her little girl’s heart and so determines not to leave him despite the violence he metes out. Then she meets Chang Sue, the caretaker of the gym where she works to make ends meet. When she learns that he’s a kung fu master, Zohra asks him to teach her some self-defence basics…",
        "actors": [
            "Sabrina Ouazani",
            "Zohra Hamidi",
            "Ramzy Bedia",
            "Omar Hamidi",
            "Eye Haïdara",
            "Binta",
            "Tien Shué",
            "Chang Sue",
            "Lina Hachani",
            "Zina Hamidi",
            "Matthieu Burnel",
            "Le vigile",
            "Olivia Côte",
            "La mère de Marion",
            "Ali El Mechri Efira",
            "Marion",
            "la copine de Zina",
            "Franck Ropers",
            "Jean-Yves Sylvain"
        ],
        "orig_title": "Kung-Fu Zohra",
        "status": " Released",
        "orig_lang": " French",
        "budget_x": 140000000.0,
        "revenue": 167096014.4,
        "country": "FR"
    },
    {
        "title": "The Con Is On",
        "date_x": "05/04/2018 ",
        "score": 41.0,
        "genre": [
            "Comedy",
            "Crime"
        ],
        "overview": "In an effort to avoid paying off a massive gambling debt to a notorious mobster in England, a couple flees to Los Angeles and hatch a jewel theft plot.",
        "actors": [
            "Uma Thurman",
            "Harriet Fox",
            "Tim Roth",
            "Peter Fox",
            "Alice Eve",
            "Jackie",
            "Parker Posey",
            "Gina",
            "Sofía Vergara",
            "Vivien",
            "Maggie Q",
            "Irina Solokov",
            "Crispin Glover",
            "Gabriel Anderson",
            "Stephen Fry",
            "Sidney",
            "Melissa Sue Anderson",
            "Guest Two"
        ],
        "orig_title": "The Con Is On",
        "status": " Released",
        "orig_lang": " English",
        "budget_x": 13000000.0,
        "revenue": 6667322.8,
        "country": "US"
    },
    {
        "title": "Cool World",
        "date_x": "07/10/1992 ",
        "score": 56.0,
        "genre": [
            "Animation",
            "Comedy",
            "Fantasy"
        ],
        "overview": "A bizarre accident lands Frank Harris in Cool World, a realm of cartoons. Years later, cartoonist Jack Deebs, who's been drawing Cool World, crosses over as well. He sets his lustful sights on animated femme fatale Holli Would, but she's got plans of her own to become real, and it's up to Frank to stop her.",
        "actors": [
            "Kim Basinger",
            "Holli Would",
            "Gabriel Byrne",
            "Jack Deebs",
            "Brad Pitt",
            "Detective Frank Harris",
            "Michele Abrams",
            "Jennifer Malley",
            "Deirdre O'Connell",
            "Isabelle Malley",
            "Janni Brenn",
            "Agatha Rose Harris",
            "William Frankfather",
            "Cop",
            "Greg Collins",
            "Cop",
            "Maurice LaMarche",
            "Interrogator #2 / Mash / drunken bar patron / Dr. Vincent \"Vegas Vinnie\" Whiskers / Jack Deebs (super hero version) (voice)"
        ],
        "orig_title": "Cool World",
        "status": " Released",
        "orig_lang": " English",
        "budget_x": 30000000.0,
        "revenue": 14110589.0,
        "country": "US"
    },
    {
        "title": "Seven Days War",
        "date_x": "12/13/2019 ",
        "score": 66.0,
        "genre": [
            "Animation",
            "Drama",
            "Action"
        ],
        "overview": "In the town of Saima, when summer is about to begin, a group of six high school students intend to live a secret adventure by spending seven carefree days in a ruined mining facility.",
        "actors": [
            "Kyoko Yoshine",
            "Aya Chiyono (voice)",
            "Takumi Kitamura",
            "Mamoru Suzuhara (voice)",
            "Haruka Michii",
            "Saki Akutsu (voice)",
            "Makoto Koichi",
            "Malet (voice)",
            "Megumi Han",
            "Kaori Yamazaki (voice)",
            "Rie Miyazawa",
            "Hitomi Nakayama (voice)",
            "Takahiro Sakurai",
            "Masahiko Honda (voice)",
            "Takeo Otsuka",
            "Hiroto Honjō (voice)",
            "Tatsuhisa Suzuki",
            "Sōma Ogata (voice)"
        ],
        "orig_title": " ぼくらの7日間戦争",
        "status": " Released",
        "orig_lang": " Japanese",
        "budget_x": 102300000.0,
        "revenue": 517328396.4,
        "country": "JP"
    },
    {
        "title": "Bewitched",
        "date_x": "06/21/2005 ",
        "score": 50.0,
        "genre": [
            "Comedy",
            "Fantasy",
            "Romance"
        ],
        "overview": "Thinking he can overshadow an unknown actress in the part, an egocentric actor unknowingly gets a witch cast in an upcoming television remake of the classic show \"Bewitched\".",
        "actors": [
            "Nicole Kidman",
            "Isabel Bigelow",
            "Will Ferrell",
            "Jack Wyatt",
            "Shirley MacLaine",
            "Iris Smythson / Endora",
            "Michael Caine",
            "Nigel Bigelow",
            "Jason Schwartzman",
            "Ritchie",
            "Kristin Chenoweth",
            "Maria Kelly",
            "Heather Burns",
            "Nina",
            "Jim Turner",
            "Larry",
            "Stephen Colbert",
            "Stu Robison"
        ],
        "orig_title": "Bewitched",
        "status": " Released",
        "orig_lang": " English",
        "budget_x": 80000000.0,
        "revenue": 131159306.0,
        "country": "AU"
    },
    {
        "title": "Bronson",
        "date_x": "06/24/2009 ",
        "score": 70.0,
        "genre": [
            "Drama",
            "Action",
            "Crime"
        ],
        "overview": "A young man who was sentenced to 7 years in prison for robbing a post office ends up spending 30 years in solitary confinement. During this time, his own personality is supplanted by his alter ego, Charles Bronson.",
        "actors": [
            "Tom Hardy",
            "Michael Peterson / Charles Bronson",
            "Matt King",
            "Paul Daniels",
            "James Lance",
            "Phil",
            "Kelly Adams",
            "Irene",
            "Katy Barker",
            "Julie",
            "Amanda Burton",
            "Charlie's Mum",
            "Andrew Forbes",
            "Charlie's Dad",
            "Jon House",
            "Webber",
            "Juliet Oldfield",
            "Alison"
        ],
        "orig_title": "Bronson",
        "status": " Released",
        "orig_lang": " English",
        "budget_x": 230000.0,
        "revenue": 2703762.0,
        "country": "AU"
    },
    {
        "title": "Shrek the Musical",
        "date_x": "09/17/2013 ",
        "score": 73.0,
        "genre": [
            "Music",
            "Comedy",
            "Fantasy"
        ],
        "overview": "Shrek The Musical is a musical with music by Jeanine Tesori and book and lyrics by David Lindsay-Abaire. It is based on the 2001 DreamWorks Animation's film Shrek and William Steig's 1990 book Shrek! It was nominated for 8 Tony Awards including Best Musical.",
        "actors": [
            "Brian d'Arcy James",
            "Shrek",
            "Sutton Foster",
            "Fiona",
            "Daniel Breaker",
            "Donkey",
            "Christopher Sieber",
            "Lord Farquaad",
            "John Tartaglia",
            "Pinocchio / Magic Mirror",
            "Haven Burton",
            "Sugar Plum Fairy / Gingy / Dragonette",
            "Jennifer Cody",
            "Duloc Doll",
            "Bobby Daye",
            "Sticks / Bishop",
            "Leah Greenhaus",
            "Young Fiona"
        ],
        "orig_title": "Shrek the Musical",
        "status": " Released",
        "orig_lang": " English",
        "budget_x": 116800000.0,
        "revenue": 613280132.0,
        "country": "US"
    },
    {
        "title": "Maximum Risk",
        "date_x": "12/05/1996 ",
        "score": 56.0,
        "genre": [
            "Action",
            "Thriller"
        ],
        "overview": "Alain Moreau's investigation into the death of his identical twin brother leads him from the beauty of the south of France to the mean streets of New York City and into the arms of his brother's beautiful girlfriend. Pursued by ruthless Russian mobsters and renegade FBI agents, the duo race against time to solve his brother's murder and expose an international conspiracy.",
        "actors": [
            "Jean-Claude Van Damme",
            "Alain Moreau / Mikhail Suverov",
            "Natasha Henstridge",
            "Alex Minetti",
            "Jean-Hugues Anglade",
            "Sebastien",
            "Zach Grenier",
            "Ivan Dzasokhov",
            "Paul Ben-Victor",
            "Agent Pellman",
            "Frank Senger",
            "Agent Loomis",
            "Stefanos Miltsakakis",
            "Red Face",
            "David Hemblen",
            "Dmitri Kirov",
            "Stéphane Audran",
            "Chantal"
        ],
        "orig_title": "Maximum Risk",
        "status": " Released",
        "orig_lang": " English",
        "budget_x": 25000000.0,
        "revenue": 51702929.0,
        "country": "AU"
    },
    {
        "title": "The Thin Red Line",
        "date_x": "01/14/1999 ",
        "score": 75.0,
        "genre": [
            "Drama",
            "History",
            "War"
        ],
        "overview": "The story of a group of men, an Army Rifle company called C-for-Charlie, who change, suffer, and ultimately make essential discoveries about themselves during the fierce World War II battle of Guadalcanal. It follows their journey, from the surprise of an unopposed landing, through the bloody and exhausting battles that follow, to the ultimate departure of those who survived.",
        "actors": [
            "Sean Penn",
            "1st Sgt. Edward Welsh",
            "Jim Caviezel",
            "Pvt. Robert Witt",
            "Adrien Brody",
            "Cpl. Geoffrey Fife",
            "Ben Chaplin",
            "Pvt. Jack Bell",
            "Elias Koteas",
            "Capt. James Staros",
            "John Cusack",
            "Capt. John Gaff",
            "Woody Harrelson",
            "Sgt. William Keck",
            "Nick Nolte",
            "Lt. Col. Gordon Tall",
            "John C. Reilly",
            "Sgt. Maynard Storm"
        ],
        "orig_title": "The Thin Red Line",
        "status": " Released",
        "orig_lang": " English",
        "budget_x": 52000000.0,
        "revenue": 97709034.0,
        "country": "CA"
    },
    {
        "title": "Supergirl",
        "date_x": "07/01/1984 ",
        "score": 55.0,
        "genre": [
            "Adventure",
            "Fantasy",
            "Action",
            "Science Fiction"
        ],
        "overview": "After losing a powerful orb, Kara, Superman's cousin, comes to Earth to retrieve it and instead finds herself up against a wicked witch.",
        "actors": [
            "Helen Slater",
            "Kara Zor-El / Linda Lee / Supergirl",
            "Faye Dunaway",
            "Selena",
            "Peter O'Toole",
            "Zaltar",
            "Hart Bochner",
            "Ethan",
            "Mia Farrow",
            "Alura",
            "Brenda Vaccaro",
            "Bianca",
            "Peter Cook",
            "Nigel",
            "Simon Ward",
            "Zor-El",
            "Marc McClure",
            "Jimmy Olsen"
        ],
        "orig_title": "Supergirl",
        "status": " Released",
        "orig_lang": " English",
        "budget_x": 35000000.0,
        "revenue": 14296438.0,
        "country": "AU"
    },
    {
        "title": "Hang 'em High",
        "date_x": "06/11/1970 ",
        "score": 68.0,
        "genre": [
            "Western"
        ],
        "overview": "Marshall Jed Cooper survives a hanging, vowing revenge on the lynch mob that left him dangling. To carry out his oath for vengeance, he returns to his former job as a lawman. Before long, he's caught up with the nine men on his hit list and starts dispensing his own brand of Wild West justice.",
        "actors": [
            "Clint Eastwood",
            "Marshal Jed Cooper",
            "Inger Stevens",
            "Rachel Warren",
            "Ed Begley",
            "Captain Wilson",
            "Pat Hingle",
            "Judge Adam Fenton",
            "Ben Johnson",
            "Marshal Dave Bliss",
            "Charles McGraw",
            "Sheriff Ray Calhoun",
            "Ruth White",
            "Madame Sophie",
            "Bruce Dern",
            "Miller",
            "Alan Hale Jr.",
            "Matt Stone"
        ],
        "orig_title": "Hang 'em High",
        "status": " Released",
        "orig_lang": " English",
        "budget_x": 1800000.0,
        "revenue": 6800000.0,
        "country": "AU"
    },
    {
        "title": "After Sex",
        "date_x": "02/19/2008 ",
        "score": 55.0,
        "genre": [
            "Comedy",
            "Romance",
            "Drama"
        ],
        "overview": "Sex is a background to examine intimacy and vulnerability. Looks at the complexity of modern day relationships told through eight separate couples. Through dialogue and compromising situations, the film takes us from the beginning of a relationship to the aftermath of one, and examines every stage in between seeing humor within the drama, heartache and confusion of it all.",
        "actors": [
            "Marc Blucas",
            "Christopher",
            "Jose Pablo Cantillo",
            "Marco",
            "Emmanuelle Chriqui",
            "Jordy",
            "James DeBello",
            "Bob",
            "Noel Fisher",
            "Jay",
            "Dave Franco",
            "Sam",
            "Mila Kunis",
            "Nikki",
            "Taryn Manning",
            "Alanna",
            "Natalie Elizabeth Marston",
            "Kristy"
        ],
        "orig_title": "After Sex",
        "status": " Released",
        "orig_lang": " English",
        "budget_x": 825000.0,
        "revenue": 15327010.0,
        "country": "US"
    },
    {
        "title": "The Bad Seed",
        "date_x": "09/09/2018 ",
        "score": 71.0,
        "genre": [
            "Drama",
            "Horror",
            "Thriller"
        ],
        "overview": "A widower suspects that his seemingly perfect adolescent daughter is a heartless killer.",
        "actors": [
            "Rob Lowe",
            "David",
            "Mckenna Grace",
            "Emma",
            "Sarah Dugdale",
            "Chloe",
            "Cara Buono",
            "Angela",
            "Patty McCormack",
            "Dr. March",
            "Marci T. House",
            "Mrs. Ellis",
            "Luke Roessler",
            "Milo",
            "Ema Mlinar",
            "Singing Student",
            "Harold Weathersbee",
            "Hero Wasp"
        ],
        "orig_title": "The Bad Seed",
        "status": " Released",
        "orig_lang": " English",
        "budget_x": 75000000.0,
        "revenue": 875796742.8,
        "country": "US"
    },
    {
        "title": "Dark Water",
        "date_x": "01/19/2002 ",
        "score": 68.0,
        "genre": [
            "Drama",
            "Horror",
            "Mystery",
            "Thriller"
        ],
        "overview": "A woman in the midst of an unpleasant divorce moves to an eerie apartment building with her young daughter. The ceiling of their apartment has a dark and active leak.",
        "actors": [
            "Hitomi Kuroki",
            "Yoshimi Matsubara",
            "Rio Kanno",
            "Young Ikuko Matsubara",
            "Mirei Oguchi",
            "Mitsuko Kawai",
            "Asami Mizukawa",
            "Ikuko Hamada",
            "Shigemitsu Ogi",
            "Kishida",
            "Yuu Tokui",
            "Ota",
            "Isao Yatsu",
            "Kamiya",
            "Fumiyo Kohinata",
            "Kunio Hamada",
            "Yukiko Ikari",
            "Young Yoshimi"
        ],
        "orig_title": " 仄暗い水の底から",
        "status": " Released",
        "orig_lang": " Japanese",
        "budget_x": 60000000.0,
        "revenue": 49473093.0,
        "country": "JP"
    },
    {
        "title": "The Snowman",
        "date_x": "10/19/2017 ",
        "score": 52.0,
        "genre": [
            "Crime",
            "Thriller"
        ],
        "overview": "Detective Harry Hole investigates the disappearance of a woman whose pink scarf is found wrapped around an ominous looking snowman.",
        "actors": [
            "Michael Fassbender",
            "Detective Harry Hole",
            "Rebecca Ferguson",
            "Katrine Bratt",
            "Charlotte Gainsbourg",
            "Rakel Fauke",
            "Val Kilmer",
            "Gert Rafto",
            "J.K. Simmons",
            "Arve Støp",
            "Toby Jones",
            "Investigator Svenson",
            "Chloë Sevigny",
            "Sylvia Ottersen / Ane Pedersen",
            "Jonas Karlsson",
            "Mathias Lund-Helgesen",
            "Michael Yates",
            "Oleg Fauke-Gosev"
        ],
        "orig_title": "The Snowman",
        "status": " Released",
        "orig_lang": " English",
        "budget_x": 35000000.0,
        "revenue": 43164679.0,
        "country": "AU"
    },
    {
        "title": "Inazuma Eleven Go vs. Danball Senki W",
        "date_x": "12/01/2012 ",
        "score": 80.0,
        "genre": [
            "Action",
            "Adventure",
            "Animation",
            "Science Fiction"
        ],
        "overview": "As Shinsei Inazuma Japan was about to have a match with Inazuma Legend Japan, a mysterious attack of a person and a swarm of robots interrupted, and another mysterious girl's power drove the world into another dimension. As the world of Inazuma Eleven Go and Danball Senki W met, the two teams must work together to find out what happened to their worlds.",
        "actors": [
            "Yuka Terasaki",
            "松風天馬",
            "Megumi Kubota",
            "山野バン",
            "Hiro Shimono",
            "大空ヒロ",
            "Takashi Oohara",
            "剣城京介",
            "Mitsuki Saiga",
            "Shindou Takuto (voice)",
            "Kana Hanazawa",
            "花咲ラン"
        ],
        "orig_title": " 劇場版 イナズマイレブンGO vs ダンボール戦機W",
        "status": " Released",
        "orig_lang": " Japanese",
        "budget_x": 209000000.0,
        "revenue": 815350721.2,
        "country": "JP"
    },
    {
        "title": "All Eyez on Me",
        "date_x": "06/15/2017 ",
        "score": 67.0,
        "genre": [
            "Drama",
            "Music"
        ],
        "overview": "All Eyez on Me chronicles the life and legacy of Tupac Shakur, including his rise to superstardom as a hip-hop artist, actor, poet and activist, as well as his imprisonment and prolific, controversial time at Death Row Records. Against insurmountable odds, Tupac rose to become a cultural icon whose career and persona both continue to grow long after his passing.",
        "actors": [
            "Demetrius Shipp Jr.",
            "Tupac Shakur",
            "Danai Gurira",
            "Afeni Shakur",
            "Kat Graham",
            "Jada Pinkett",
            "Jamal Woolard",
            "Biggie Smalls",
            "Dominic L. Santana",
            "Suge Knight",
            "Annie Ilonzeh",
            "Kidada Jones",
            "Lauren Cohan",
            "Leila Steinberg",
            "Cory Hardrict",
            "Hatian Jack",
            "Grace Gibson",
            "Faith Evans"
        ],
        "orig_title": "All Eyez on Me",
        "status": " Released",
        "orig_lang": " English",
        "budget_x": 45000000.0,
        "revenue": 57697426.0,
        "country": "AU"
    },
    {
        "title": "See You Soon",
        "date_x": "11/07/2022 ",
        "score": 65.0,
        "genre": [
            "Romance",
            "Drama"
        ],
        "overview": "A U.S. soccer star suffers a career-threatening injury in the run-up to the World Cup, and during his recovery, embarks on an epic romance with a Russian single mom.",
        "actors": [
            "Liam McIntyre",
            "Ryan Hawkes",
            "Harvey Keitel",
            "Billy",
            "Oleg Taktarov",
            "Ruslan",
            "Larisa Malevannaya",
            "Grandma Marina",
            "Poppy Drayton",
            "Elise",
            "Jenia Tanaeva",
            "Lana Kalinina"
        ],
        "orig_title": "See You Soon",
        "status": " Released",
        "orig_lang": " English",
        "budget_x": 111600000.0,
        "revenue": 534358853.4,
        "country": "AU"
    },
    {
        "title": "Assassination Nation",
        "date_x": "03/27/2019 ",
        "score": 63.0,
        "genre": [
            "Thriller",
            "Horror",
            "Comedy"
        ],
        "overview": "High school senior Lily and her friends, Bex, Em and Sarah live in a haze of texts, posts, selfies and chats just like the rest of the world. So, when an anonymous hacker starts posting details from the private lives of everyone in their small town, the result is absolute madness leaving Lily and her friends questioning whether they'll live through the night.",
        "actors": [
            "Odessa Young",
            "Lily Colson",
            "Hari Nef",
            "Bex Warren",
            "Abra",
            "Em Lacey",
            "Suki Waterhouse",
            "Sarah Lacey",
            "Anika Noni Rose",
            "Nancey Lacey",
            "Colman Domingo",
            "Principal Turrell",
            "Maude Apatow",
            "Grace",
            "Bella Thorne",
            "Reagan Hall",
            "Joel McHale",
            "Nick Mathers"
        ],
        "orig_title": "Assassination Nation",
        "status": " Released",
        "orig_lang": " English",
        "budget_x": 7000000.0,
        "revenue": 2852759.0,
        "country": "AU"
    },
    {
        "title": "Persuasion",
        "date_x": "07/01/2022 ",
        "score": 60.0,
        "genre": [
            "Romance",
            "Drama",
            "Comedy"
        ],
        "overview": "Living with her snobby family on the brink of bankruptcy, Anne Elliot is an unconforming woman with modern sensibilities. When Frederick Wentworth - the dashing one she once sent away - crashes back into her life, Anne must choose between putting the past behind her or listening to her heart when it comes to second chances.",
        "actors": [
            "Dakota Johnson",
            "Anne Elliot",
            "Cosmo Jarvis",
            "Captain Frederick Wentworth",
            "Henry Golding",
            "William Elliot",
            "Richard E. Grant",
            "Sir Walter Elliot",
            "Nikki Amuka-Bird",
            "Lady Russell",
            "Ben Bailey Smith",
            "Charles Musgrove (as Ben Bailey-Smith)",
            "Mia McKenna-Bruce",
            "Mary Musgrove",
            "Izuka Hoyle",
            "Henrietta Musgrove",
            "Nia Towle",
            "Louisa Musgrove"
        ],
        "orig_title": "Persuasion",
        "status": " Released",
        "orig_lang": " English",
        "budget_x": 109600000.0,
        "revenue": 520431822.2,
        "country": "US"
    },
    {
        "title": "It's Not You, It's Me",
        "date_x": "08/27/2010 ",
        "score": 73.0,
        "genre": [
            "Drama",
            "Comedy",
            "Romance"
        ],
        "overview": "Javier se ha casado con María, el amor de su vida, y ahora lo único que desea es estar feliz con ella el resto de su vida, pero el destino se la quita poco después de la boda. Ahora Javier está enredado en sus emociones: ¿cómo aceptará la muerte de su mujer para encontrar nuevamente el amor?",
        "actors": [
            "Eugenio Derbez",
            "Javier",
            "Alejandra Barros",
            "Maria",
            "Juan Ramírez",
            "Martin",
            "Martina García",
            "Julia",
            "Alberto Estrella",
            "Carlos",
            "Mariana Gajá",
            "Amandita",
            "Juan Ríos",
            "Martín",
            "Blanca Sánchez",
            "Mamá María",
            "Aarón Hernán",
            "Papá María"
        ],
        "orig_title": " No eres tú, soy yo",
        "status": " Released",
        "orig_lang": " Spanish, Castilian",
        "budget_x": 99000000.0,
        "revenue": 567214986.6,
        "country": "US"
    },
    {
        "title": "Underdog",
        "date_x": "09/20/2007 ",
        "score": 54.0,
        "genre": [
            "Family",
            "Action",
            "Adventure",
            "Comedy",
            "Fantasy",
            "Science Fiction"
        ],
        "overview": "A lab accident gives a hound named Shoeshine some serious superpowers -- a secret that the dog eventually shares with the young boy who becomes his owner and friend.",
        "actors": [
            "Jason Lee",
            "Shoeshine / Underdog (voice)",
            "Jim Belushi",
            "Dan Unger",
            "Patrick Warburton",
            "Cad",
            "John Slattery",
            "Mayor",
            "Peter Dinklage",
            "Dr. Simon Barsinister",
            "Brad Garrett",
            "Riff Raff (voice)",
            "Taylor Momsen",
            "Molly",
            "Amy Adams",
            "Polly Purebred (voice)",
            "Alex Neuberger",
            "Jack Unger"
        ],
        "orig_title": "Underdog",
        "status": " Released",
        "orig_lang": " English",
        "budget_x": 25000000.0,
        "revenue": 65270477.0,
        "country": "AU"
    },
    {
        "title": "Our Friend",
        "date_x": "11/16/2019 ",
        "score": 72.0,
        "genre": [
            "Drama",
            "Romance"
        ],
        "overview": "After learning that his terminally ill wife has six months to live, a man welcomes the support of his best friend who moves into their home to help out.",
        "actors": [
            "Dakota Johnson",
            "Nicole Teague",
            "Casey Affleck",
            "Matthew Teague",
            "Jason Segel",
            "Dane Faucheux",
            "Gwendoline Christie",
            "Teresa",
            "Cherry Jones",
            "Faith",
            "Ahna O'Reilly",
            "Gale",
            "Jake Owen",
            "Aaron",
            "Denée Benton",
            "Charlotte",
            "Marielle Scott",
            "Kat"
        ],
        "orig_title": "Our Friend",
        "status": " Released",
        "orig_lang": " English",
        "budget_x": 10000000.0,
        "revenue": 714255.0,
        "country": "US"
    },
    {
        "title": "Neige",
        "date_x": "03/06/2023 ",
        "score": 58.0,
        "genre": [
            "TV Movie",
            "Thriller",
            "Crime"
        ],
        "overview": "Several notables from the Chamonix region are found murdered in their homes. To move forward with investigation, police captain Thomas Delhaye decides to release Juliette Hémon from prison, imprisoned for a strangely similar case.",
        "actors": [
            "Frédéric Diefenthal",
            "Thomas Delhaye",
            "Murielle Huet des Aunay",
            "Juliette Hémon",
            "Louis Bernard",
            "Hugo Czarlewski",
            "Etienne Diallo",
            "Yacine",
            "Marie Bouvet",
            "Eva",
            "Esther Gaumont",
            "Raphaëlle",
            "Fanny Guidecoq",
            "Maud",
            "Franck Adrien",
            "Médecin ORL",
            "Véronique Kapoyan",
            "Michèle Bussy"
        ],
        "orig_title": "Neige",
        "status": " Released",
        "orig_lang": " French",
        "budget_x": 166000000.0,
        "revenue": 384554704.0,
        "country": "FR"
    },
    {
        "title": "Laura y el misterio del asesino inesperado",
        "date_x": "01/13/2022 ",
        "score": 69.0,
        "genre": [
            "TV Movie",
            "Mystery",
            "Thriller",
            "Comedy"
        ],
        "overview": "After years of leave, Laura Lebrel returns to action. Lydia asks him for help on a case: Eugenio Ortiz, Laura's former instructor, has been murdered. But a new detective, Hector, finds evidence that incriminates Laura. She asks to be allowed to find the killer and Lydia gives her 24 hours to solve the case before arresting her.",
        "actors": [
            "María Pujalte",
            "Laura Lebrel del Bosque",
            "Oriol Tarrasón",
            "Martín Maresca Delfino",
            "Laura Pamplona",
            "Lydia Martínez Fernández / Mercedes García",
            "Beatriz Carvajal",
            "Maribel del Bosque",
            "César Camino",
            "Vicente Cuevas",
            "Raúl Mérida",
            "",
            "Joaquín Climent",
            "",
            "Carmen Conesa",
            "",
            "Carlos Hipólito",
            ""
        ],
        "orig_title": "Laura y el misterio del asesino inesperado",
        "status": " Released",
        "orig_lang": " Spanish, Castilian",
        "budget_x": 147000000.0,
        "revenue": 369556482.6,
        "country": "ES"
    },
    {
        "title": "Last Survivors",
        "date_x": "10/01/2021 ",
        "score": 56.0,
        "genre": [
            "Thriller"
        ],
        "overview": "The pic is set in the aftermath of an apocalyptic event that forces people into extreme isolation. A father and son, who have been living off grid for 20 years, encounter an outsider who threatens to destroy the utopia they’ve built.",
        "actors": [
            "Drew Van Acker",
            "Jake",
            "Alicia Silverstone",
            "Henrietta",
            "Stephen Moyer",
            "Troy",
            "Benjamin Arthur",
            "Andy",
            "Mark Famiglietti",
            "Officer Sharma",
            "Simon Lees",
            "Huntsman"
        ],
        "orig_title": "Last Survivors",
        "status": " Released",
        "orig_lang": " English",
        "budget_x": 115000000.0,
        "revenue": 604531768.4,
        "country": "US"
    },
    {
        "title": "The Final Countdown",
        "date_x": "09/09/1980 ",
        "score": 66.0,
        "genre": [
            "War",
            "Action",
            "Science Fiction"
        ],
        "overview": "During routine manoeuvres near Hawaii in 1980, the aircraft-carrier USS Nimitz is caught in a strange vortex-like storm, throwing the ship back in time to 1941—mere hours before the Japanese attack on Pearl Harbor.",
        "actors": [
            "Kirk Douglas",
            "Capt. Matthew Yelland",
            "Martin Sheen",
            "Warren Lasky",
            "Katharine Ross",
            "Laurel Scott",
            "James Farentino",
            "Wing Commander Richard T. Owens",
            "Ron O'Neal",
            "Commander Dan Thurman",
            "Charles Durning",
            "Senator Samuel Chapman",
            "Victor Mohica",
            "Black Cloud",
            "James Coleman",
            "Lt. Perry",
            "Soon-Tek Oh",
            "Simura"
        ],
        "orig_title": "The Final Countdown",
        "status": " Released",
        "orig_lang": " English",
        "budget_x": 12000000.0,
        "revenue": 16647800.0,
        "country": "AU"
    },
    {
        "title": "Batman",
        "date_x": "08/25/1967 ",
        "score": 63.0,
        "genre": [
            "Action",
            "Comedy",
            "Crime"
        ],
        "overview": "The Dynamic Duo faces four super-villains who plan to hold the world for ransom with the help of a secret invention that instantly dehydrates people.",
        "actors": [
            "Adam West",
            "Batman / Bruce Wayne",
            "Burt Ward",
            "Robin / Dick Grayson",
            "Lee Meriwether",
            "The Catwoman / Kitka",
            "Cesar Romero",
            "The Joker",
            "Burgess Meredith",
            "The Penguin",
            "Frank Gorshin",
            "The Riddler",
            "Alan Napier",
            "Alfred",
            "Neil Hamilton",
            "Commissioner Gordon",
            "Stafford Repp",
            "Chief O'Hara"
        ],
        "orig_title": "Batman",
        "status": " Released",
        "orig_lang": " English",
        "budget_x": 35000000.0,
        "revenue": 411348924.0,
        "country": "AU"
    },
    {
        "title": "Young Guns",
        "date_x": "10/26/1988 ",
        "score": 67.0,
        "genre": [
            "Western",
            "Crime",
            "Action",
            "Adventure"
        ],
        "overview": "A group of young gunmen, led by Billy the Kid, become deputies to avenge the murder of the rancher who became their benefactor. But when Billy takes their authority too far, they become the hunted.",
        "actors": [
            "Emilio Estevez",
            "William H. Bonney",
            "Kiefer Sutherland",
            "Doc Scurlock",
            "Lou Diamond Phillips",
            "Chavez y Chavez",
            "Charlie Sheen",
            "Dick Brewer",
            "Dermot Mulroney",
            "Dirty Steve Stephens",
            "Casey Siemaszko",
            "Charley Bowdre",
            "Terence Stamp",
            "John Tunstall",
            "Jack Palance",
            "L. G. Murphy",
            "Terry O'Quinn",
            "Alex McSween"
        ],
        "orig_title": "Young Guns",
        "status": " Released",
        "orig_lang": " English",
        "budget_x": 13000000.0,
        "revenue": 44726644.0,
        "country": "AU"
    },
    {
        "title": "Buffy the Vampire Slayer",
        "date_x": "09/17/1992 ",
        "score": 56.0,
        "genre": [
            "Action",
            "Comedy",
            "Horror"
        ],
        "overview": "Blonde, bouncy Buffy is your typical high school cheerleader. But all that changes when a strange man informs her she's been chosen by fate to kill vampires.",
        "actors": [
            "Kristy Swanson",
            "Buffy Summers",
            "Donald Sutherland",
            "Merrick Jamison-Smythe",
            "Paul Reubens",
            "Amilyn",
            "Rutger Hauer",
            "Lothos",
            "Luke Perry",
            "Oliver Pike",
            "Hilary Swank",
            "Kimberly Hannah",
            "Michele Abrams",
            "Jennifer",
            "David Arquette",
            "Benny",
            "Natasha Gregson Wagner",
            "Cassandra"
        ],
        "orig_title": "Buffy the Vampire Slayer",
        "status": " Released",
        "orig_lang": " English",
        "budget_x": 7000000.0,
        "revenue": 14231669.0,
        "country": "AU"
    },
    {
        "title": "The Gift",
        "date_x": "08/27/2015 ",
        "score": 67.0,
        "genre": [
            "Thriller",
            "Mystery",
            "Drama"
        ],
        "overview": "Simon and Robyn are a young married couple whose life is going as planned until a chance run-in with Simon's high school acquaintance sends their world into a tailspin.",
        "actors": [
            "Jason Bateman",
            "Simon Callem",
            "Rebecca Hall",
            "Robyn Callem",
            "Joel Edgerton",
            "Gordo Mosley",
            "Allison Tolman",
            "Lucy",
            "Tim Griffin",
            "Kevin 'KK' Keelor",
            "Busy Philipps",
            "Duffy",
            "Adam Lazarre-White",
            "Ron",
            "Beau Knapp",
            "Detective Walker",
            "Wendell Pierce",
            "Detective Mills"
        ],
        "orig_title": "The Gift",
        "status": " Released",
        "orig_lang": " English",
        "budget_x": 10000000.0,
        "revenue": 44567606.0,
        "country": "AU"
    },
    {
        "title": "The Gift",
        "date_x": "08/27/2015 ",
        "score": 67.0,
        "genre": [
            "Thriller",
            "Mystery",
            "Drama"
        ],
        "overview": "Simon and Robyn are a young married couple whose life is going as planned until a chance run-in with Simon's high school acquaintance sends their world into a tailspin.",
        "actors": [
            "Jason Bateman",
            "Simon Callem",
            "Rebecca Hall",
            "Robyn Callem",
            "Joel Edgerton",
            "Gordo Mosley",
            "Allison Tolman",
            "Lucy",
            "Tim Griffin",
            "Kevin 'KK' Keelor",
            "Busy Philipps",
            "Duffy",
            "Adam Lazarre-White",
            "Ron",
            "Beau Knapp",
            "Detective Walker",
            "Wendell Pierce",
            "Detective Mills"
        ],
        "orig_title": "The Gift",
        "status": " Released",
        "orig_lang": " English",
        "budget_x": 5000000.0,
        "revenue": 58978477.0,
        "country": "AU"
    },
    {
        "title": "Rogue City",
        "date_x": "10/30/2020 ",
        "score": 59.0,
        "genre": [
            "Crime",
            "Thriller",
            "Action",
            "Drama"
        ],
        "overview": "Caught in the crosshairs of police corruption and Marseille’s warring gangs, a loyal cop must protect his squad by taking matters into his own hands.",
        "actors": [
            "Lannick Gautry",
            "Richard Vronski",
            "Stanislas Merhar",
            "Willy Kapelian",
            "Kaaris",
            "Max Beaumont",
            "Jean Reno",
            "Ange Leonetti",
            "David Belle",
            "Zach Damato",
            "Gérard Lanvin",
            "Paul Maranzano",
            "Moussa Maaskri",
            "Mario Costa",
            "Catherine Marchal",
            "Katia de Vrindt",
            "Patrick Catalifo",
            "Georges Campana"
        ],
        "orig_title": " Bronx",
        "status": " Released",
        "orig_lang": " French",
        "budget_x": 13000000.0,
        "revenue": 8573.0,
        "country": "FR"
    },
    {
        "title": "Tomorrow, When the War Began",
        "date_x": "08/08/2010 ",
        "score": 62.0,
        "genre": [
            "Action",
            "Adventure",
            "Drama"
        ],
        "overview": "Ellie Linton, a teen from an Australian coastal town, leads her friends on an excursion to a camp deep in the woods, dubbed \"Hell.\" Upon their return, the youths find that their town has been overrun by an enemy army, and their friends and family have been imprisoned. When the hostile invaders become alerted to their presence, Ellie and her friends band together to escape -- and strike back against -- this mysterious enemy.",
        "actors": [
            "Caitlin Stasey",
            "Ellie Linton",
            "Rachel Hurd-Wood",
            "Corrie Mackenzie",
            "Phoebe Tonkin",
            "Fiona Maxwell",
            "Deniz Akdeniz",
            "Homer Yannos",
            "Lincoln Lewis",
            "Kevin Holmes",
            "Chris Pang",
            "Lee Takkam",
            "Ashleigh Cummings",
            "Robyn Mathers",
            "Andrew Ryan",
            "Chris Lang",
            "Colin Friels",
            "Dr. Clements"
        ],
        "orig_title": "Tomorrow, When the War Began",
        "status": " Released",
        "orig_lang": " English",
        "budget_x": 27000000.0,
        "revenue": 16504936.0,
        "country": "AU"
    },
    {
        "title": "Malibu Shark Attack",
        "date_x": "07/25/2009 ",
        "score": 43.0,
        "genre": [
            "Horror",
            "Action",
            "TV Movie"
        ],
        "overview": "An underwater earthquake generates a tsunami that strikes Malibu, bringing a hunting pack of prehistoric-looking goblin sharks to the surface. Although the beach is evacuated before the big wave strikes, a group of lifeguards and a crew of construction workers are stranded in the high water and have to fight the sharks to get to dry land.",
        "actors": [
            "Peta Wilson",
            "Heather",
            "Warren Christie",
            "Chavez",
            "Chelan Simmons",
            "Jenny",
            "Nicholas Cooper",
            "Bryan",
            "Sonya Salomaa",
            "Barb",
            "Remi Broadway",
            "Doug Crenshaw",
            "Mungo McKay",
            "George",
            "Brooke Chamberlain",
            "Bikini Babe 2"
        ],
        "orig_title": "Malibu Shark Attack",
        "status": " Released",
        "orig_lang": " English",
        "budget_x": 3000000.0,
        "revenue": 3690227.8,
        "country": "US"
    },
    {
        "title": "Sleepless Sex 2",
        "date_x": "05/19/2016 ",
        "score": 0.0,
        "genre": [
            "Romance"
        ],
        "overview": "Jeong Mi-rae has had an outstanding ability in writing since she was young. She's realistic and she gets a lot of job offers. However, this is only when she was young and now that she's been at it for 10 years, she doesn't get as much work as she used to. Now, she gets offers for adult comics or erotic movie scenarios. She starts working on them so that she can make a living but as realistic as she is, she needs to experience eroticism herself to write anything about it. She tries out different positions on her own and even on younger men who are easy to seduce. However, the production company doesn't like what she wrote and Mi-rae's ego is hurt. So, she plans doing something that will surprise them.",
        "actors": [
            "Kim Do-hee",
            "",
            "Do Mo-Se",
            "",
            "Kang Ye-na",
            ""
        ],
        "orig_title": " 잠 못 이루는 섹스2",
        "status": " Released",
        "orig_lang": " Korean",
        "budget_x": 181600000.0,
        "revenue": 175269998.8,
        "country": "KR"
    },
    {
        "title": "Tom and Jerry & The Wizard of Oz",
        "date_x": "06/22/2012 ",
        "score": 61.0,
        "genre": [
            "Family",
            "Animation",
            "Comedy",
            "Fantasy"
        ],
        "overview": "After a deadly storm, Tom and Jerry find themselves stranded on an unknown island ruled by the evil Wizard of Oz. As they try to find their way back home, they worry for their master Dorothy's safety.",
        "actors": [
            "Laraine Newman",
            "Miss Gulch/Wicked Witch of The West (voice)",
            "Grey DeLisle",
            "Dorothy (voice)",
            "Rob Paulsen",
            "Hickory/Tin Man (voice)",
            "Stephen Root",
            "Uncle Henry / Crows (voice)",
            "Frances Conroy",
            "Auntie Em/Glinda (voice)",
            "Joe Alaskey",
            "The Wizard of Oz / Droopy / Butch (voice)",
            "Nikki Yanofsky",
            "Dorothy (singing voice)",
            "Michael Gough",
            "The Scarecrow (voice)",
            "Todd Stashwick",
            "The Cowardly Lion (voice)"
        ],
        "orig_title": "Tom and Jerry & The Wizard of Oz",
        "status": " Released",
        "orig_lang": " English",
        "budget_x": 103600000.0,
        "revenue": 374906050.4,
        "country": "AU"
    },
    {
        "title": "Area 51",
        "date_x": "05/15/2015 ",
        "score": 48.0,
        "genre": [
            "Horror",
            "Science Fiction",
            "Mystery"
        ],
        "overview": "Three young conspiracy theorists attempt to uncover the mysteries of Area 51, the government's secret location rumored to have hosted encounters with alien beings. What they find at this hidden facility exposes unimaginable secrets.",
        "actors": [
            "Frank Novak",
            "Frank Novak",
            "Reid Warner",
            "Reid",
            "Darrin Bragg",
            "Darrin",
            "Ben Rovner",
            "Ben",
            "Jelena Nik",
            "Jelena",
            "David Thornsberry",
            "Employee",
            "Amelia Thornsberry",
            "Employee Daughter",
            "Jennefer Folsom",
            "Jennefer Ludwigsen",
            "Roy Abramsohn",
            "Jim Nelson"
        ],
        "orig_title": "Area 51",
        "status": " Released",
        "orig_lang": " English",
        "budget_x": 5000000.0,
        "revenue": 7556.0,
        "country": "US"
    },
    {
        "title": "The Nutcracker: The Untold Story",
        "date_x": "10/14/2011 ",
        "score": 51.0,
        "genre": [
            "Music",
            "Fantasy",
            "Action",
            "Family"
        ],
        "overview": "Set in 1920s Vienna, this is the tale of a little girl, whose godfather gives her a special doll one Christmas Eve.",
        "actors": [
            "Elle Fanning",
            "Mary",
            "Nathan Lane",
            "Uncle Albert",
            "John Turturro",
            "The Rat King",
            "Frances de la Tour",
            "The Rat Queen / Frau Eva",
            "Charlie Rowe",
            "The Prince / Nicholas Charles",
            "Aaron Michael Drozin",
            "Max",
            "Richard E. Grant",
            "Father",
            "Yuliya Vysotskaya",
            "Mother / The Snow Fairy",
            "Jonny Coyne",
            "Gnomad"
        ],
        "orig_title": " The Nutcracker in 3D",
        "status": " Released",
        "orig_lang": " English",
        "budget_x": 90000000.0,
        "revenue": 17177993.0,
        "country": "AU"
    },
    {
        "title": "Embrace of the Vampire",
        "date_x": "05/30/1995 ",
        "score": 49.0,
        "genre": [
            "Horror",
            "Fantasy"
        ],
        "overview": "An 18-year-old college freshman is seduced by a handsome vampire lover who introduces her to a dark world of carnal desires.",
        "actors": [
            "Alyssa Milano",
            "Charlotte",
            "Martin Kemp",
            "Vampire",
            "Harold Pruett",
            "Chris",
            "Jordan Ladd",
            "Eliza",
            "Rachel True",
            "Nicole",
            "Charlotte Lewis",
            "Sarah",
            "Jennifer Tilly",
            "Marika",
            "Rebecca Ferratti",
            "Princess",
            "Glori Gold",
            "Nymph I"
        ],
        "orig_title": "Embrace of the Vampire",
        "status": " Released",
        "orig_lang": " English",
        "budget_x": 500000.0,
        "revenue": 2862233.6,
        "country": "US"
    },
    {
        "title": "Working Girl",
        "date_x": "03/02/1989 ",
        "score": 66.0,
        "genre": [
            "Comedy",
            "Romance",
            "Drama"
        ],
        "overview": "Tess McGill is an ambitious secretary with a unique approach for climbing the ladder to success. When her classy, but villainous boss breaks a leg skiing, Tess takes over her office, her apartment and even her wardrobe. She creates a deal with a handsome investment banker that will either take her to the top, or finish her off for good.",
        "actors": [
            "Melanie Griffith",
            "Tess McGill",
            "Harrison Ford",
            "Jack Trainer",
            "Sigourney Weaver",
            "Katharine Parker",
            "Alec Baldwin",
            "Mick Dugan",
            "Joan Cusack",
            "Cyn",
            "Philip Bosco",
            "Oren Trask",
            "Nora Dunn",
            "Ginny",
            "Oliver Platt",
            "Lutz",
            "James Lally",
            "Turkel"
        ],
        "orig_title": "Working Girl",
        "status": " Released",
        "orig_lang": " English",
        "budget_x": 28000000.0,
        "revenue": 103173635.0,
        "country": "AU"
    },
    {
        "title": "Book of Love",
        "date_x": "03/10/2022 ",
        "score": 57.0,
        "genre": [
            "Comedy",
            "Romance"
        ],
        "overview": "Henry, an English writer who has written a new book that has become a failure in the U.K, gets notified that the dull book has been highly trending over in Mexico. Little does he know that Maria, a Spanish translator, turned the book into an erotic novel. Henry and Maria then swerve around Mexico to do a book tour and go through a wind of events.",
        "actors": [
            "Sam Claflin",
            "Henry",
            "Verónica Echegui",
            "Maria",
            "Antonia Clarke",
            "Alison",
            "Horacio García Rojas",
            "Antonio",
            "Melissa Pino",
            "Helena",
            "Galya Vidal",
            "Francisca",
            "Fernando Becerril",
            "Max Rodríguez",
            "Ruy Gaytan",
            "Diego",
            "Horacio Villalobos",
            "Pedro"
        ],
        "orig_title": "Book of Love",
        "status": " Released",
        "orig_lang": " English",
        "budget_x": 128000000.0,
        "revenue": 419965614.6,
        "country": "AU"
    },
    {
        "title": "The Cable Guy",
        "date_x": "09/12/1996 ",
        "score": 60.0,
        "genre": [
            "Comedy",
            "Drama",
            "Thriller"
        ],
        "overview": "When recently single Steven moves into his new apartment, cable guy Chip comes to hook him up—and doesn't let go. Initially, Chip is just overzealous in his desire to be Steven's pal, but when Steven tries to end the 'friendship', Chip shows his dark side. He begins stalking Steven, who's left to fend for himself because no one else can believe Chip's capable of such behaviour.",
        "actors": [
            "Jim Carrey",
            "Cable Guy",
            "Matthew Broderick",
            "Steven M. Kovacs",
            "Leslie Mann",
            "Robin Harris",
            "Jack Black",
            "Rick",
            "George Segal",
            "Steven's father",
            "Diane Baker",
            "Steven's Mother",
            "Ben Stiller",
            "Sam Sweet / Stan Sweet",
            "Eric Roberts",
            "Eric Roberts",
            "Janeane Garofalo",
            "Medieval Times Waitress"
        ],
        "orig_title": "The Cable Guy",
        "status": " Released",
        "orig_lang": " English",
        "budget_x": 47000000.0,
        "revenue": 102825796.0,
        "country": "AU"
    },
    {
        "title": "Valiant",
        "date_x": "01/05/2006 ",
        "score": 55.0,
        "genre": [
            "Family",
            "Animation",
            "Adventure",
            "Comedy",
            "War"
        ],
        "overview": "Set in 1944, Valiant is a woodland pigeon who wants to become a great hero someday. When he hears they are hiring recruits for the Royal Homing Pigeon Service, he immediately sets out for London. On the way, he meets a smelly but friendly pigeon named Bugsy, who joins him, mainly to get away from clients he cheated in a game of find-the pebble, and helps him sign up for the war.",
        "actors": [
            "Ewan McGregor",
            "Valiant (voice)",
            "Ricky Gervais",
            "Bugsy (voice)",
            "Tim Curry",
            "Von Talon (voice)",
            "Jim Broadbent",
            "Sergeant (voice)",
            "Hugh Laurie",
            "Gutsy (voice)",
            "John Cleese",
            "Mercury (voice)",
            "John Hurt",
            "Felix (voice)",
            "Pip Torrens",
            "Lofty (voice)",
            "Rik Mayall",
            "Cufflingk (voice)"
        ],
        "orig_title": "Valiant",
        "status": " Released",
        "orig_lang": " English",
        "budget_x": 35000000.0,
        "revenue": 64188387.0,
        "country": "AU"
    },
    {
        "title": "13: The Musical",
        "date_x": "08/12/2022 ",
        "score": 62.0,
        "genre": [
            "Family",
            "Drama",
            "Comedy"
        ],
        "overview": "After moving from New York City to Indiana, a 12 year old navigates his parents' divorce, his impending bar mitzvah and his new school's social circles.",
        "actors": [
            "Eli Golden",
            "Evan Goldman",
            "Debra Messing",
            "Jessica Goldman",
            "Rhea Perlman",
            "Grandma Ruth",
            "Peter Hermann",
            "Joel Goldman",
            "Josh Peck",
            "Rabbi Shapiro",
            "Gabriella Uhl",
            "Patrice",
            "JD McCrary",
            "Brett",
            "Lindsey Blackwell",
            "Kendra",
            "Frankie McNellis",
            "Lucy Hallman"
        ],
        "orig_title": "13: The Musical",
        "status": " Released",
        "orig_lang": " English",
        "budget_x": 135400000.0,
        "revenue": 374821369.2,
        "country": "US"
    },
    {
        "title": "Women",
        "date_x": "03/26/2021 ",
        "score": 49.0,
        "genre": [
            "Thriller"
        ],
        "overview": "A small town detective while investigating the disappearance of a local woman comes across an unassuming Sociology professor who is hiding a secret life.",
        "actors": [
            "Anna Marie Dobbins",
            "Jennifer",
            "Anna Maiche",
            "Hailey",
            "Adam Dorsey",
            "Detective Hawk",
            "Kylie Delre",
            "Rose",
            "Tara Warren",
            "Registration Woman",
            "Denise Gossett",
            "Nancy",
            "Heather Fusari",
            "Norma",
            "Anthony Del Negro",
            "Ej",
            "Cindy Hogan",
            "Mandy"
        ],
        "orig_title": "Women",
        "status": " Released",
        "orig_lang": " English",
        "budget_x": 70200000.0,
        "revenue": 716958659.0,
        "country": "GB"
    },
    {
        "title": "Teenage Mutant Ninja Turtles III",
        "date_x": "04/08/1993 ",
        "score": 54.0,
        "genre": [
            "Action",
            "Adventure",
            "Comedy",
            "Family",
            "Fantasy",
            "Science Fiction"
        ],
        "overview": "The four turtles travel back in time to the days of the legendary and deadly samurai in ancient Japan, where they train to perfect the art of becoming one. The turtles also assist a small village in an uprising.",
        "actors": [
            "Elias Koteas",
            "Casey Jones / Whit",
            "Paige Turco",
            "April O'Neil",
            "Stuart Wilson",
            "Walker",
            "Sab Shimono",
            "Lord Norinaga",
            "Vivian Wu",
            "Mitsu",
            "Mark Caso",
            "Leonardo",
            "Matt Hill",
            "Raphael",
            "Jim Raposa",
            "Donatello",
            "David Fraser",
            "Michaelangelo"
        ],
        "orig_title": "Teenage Mutant Ninja Turtles III",
        "status": " Released",
        "orig_lang": " English",
        "budget_x": 21000000.0,
        "revenue": 42273609.0,
        "country": "AU"
    }
]