[
    {
        "title": "Cypher",
        "date_x": "08/14/2003 ",
        "score": 67.0,
        "genre": [
            "Thriller",
            "Science Fiction"
        ],
        "overview": "An unsuspecting, disenchanted man finds himself working as a spy in the dangerous, high-stakes world of corporate espionage. Quickly getting way over-his-head, he teams up with a mysterious femme fatale.",
        "actors": [
            "Jeremy Northam",
            "Morgan Sullivan",
            "Lucy Liu",
            "Rita Foster",
            "Nigel Bennett",
            "Finster",
            "Timothy Webber",
            "Callaway",
            "David Hewlett",
            "Virgil C. Dunn",
            "Kari Matchett",
            "Diane",
            "Kristina Nicoll",
            "Amy",
            "Joseph Scoren",
            "Digicorp Technician #1",
            "Stephen Brown",
            "Digicorp Technician #2"
        ],
        "orig_title": "Cypher",
        "status": " Released",
        "orig_lang": " English",
        "budget_x": 7500000.0,
        "revenue": 898365.0,
        "country": "AU"
    },
    {
        "title": "Dangerous Liaisons",
        "date_x": "03/10/1989 ",
        "score": 72.0,
        "genre": [
            "Drama",
            "Romance"
        ],
        "overview": "In 18th century France, Marquise de Merteuil asks her ex-lover Vicomte de Valmont to seduce the future wife of another ex-lover of hers in return for one last night with her. Yet things don’t go as planned.",
        "actors": [
            "Glenn Close",
            "Marquise Isabelle de Merteuil",
            "John Malkovich",
            "Vicomte Sébastien de Valmont",
            "Michelle Pfeiffer",
            "Madame Marie de Tourvel",
            "Swoosie Kurtz",
            "Madame de Volanges",
            "Keanu Reeves",
            "Le Chevalier Raphael Danceny",
            "Mildred Natwick",
            "Madame de Rosemonde",
            "Uma Thurman",
            "Cécile de Volanges",
            "Peter Capaldi",
            "Azolan",
            "Joe Sheridan",
            "Georges"
        ],
        "orig_title": "Dangerous Liaisons",
        "status": " Released",
        "orig_lang": " English",
        "budget_x": 24200000.0,
        "revenue": 10447579.0,
        "country": "GB"
    },
    {
        "title": "Dangerous Liaisons",
        "date_x": "03/10/1989 ",
        "score": 72.0,
        "genre": [
            "Drama",
            "Romance"
        ],
        "overview": "In 18th century France, Marquise de Merteuil asks her ex-lover Vicomte de Valmont to seduce the future wife of another ex-lover of hers in return for one last night with her. Yet things don’t go as planned.",
        "actors": [
            "Glenn Close",
            "Marquise Isabelle de Merteuil",
            "John Malkovich",
            "Vicomte Sébastien de Valmont",
            "Michelle Pfeiffer",
            "Madame Marie de Tourvel",
            "Swoosie Kurtz",
            "Madame de Volanges",
            "Keanu Reeves",
            "Le Chevalier Raphael Danceny",
            "Mildred Natwick",
            "Madame de Rosemonde",
            "Uma Thurman",
            "Cécile de Volanges",
            "Peter Capaldi",
            "Azolan",
            "Joe Sheridan",
            "Georges"
        ],
        "orig_title": "Dangerous Liaisons",
        "status": " Released",
        "orig_lang": " English",
        "budget_x": 14000000.0,
        "revenue": 34700000.0,
        "country": "GB"
    },
    {
        "title": "LEGO® Scooby-Doo! Blowout Beach Bash",
        "date_x": "07/11/2017 ",
        "score": 74.0,
        "genre": [
            "Animation",
            "Comedy",
            "Family",
            "Mystery"
        ],
        "overview": "Mystery, Inc. heads to Blowout Beach for a real swinging beach party when the Ghost Pirates threaten to harsh the good vibes.",
        "actors": [
            "Natalie Lander",
            "Krissy Holdout (voice)",
            "Kate Micucci",
            "Velma Dinkley (voice)",
            "Matthew Lillard",
            "Shaggy Rogers (voice)",
            "Grey DeLisle",
            "Daphne Blake (voice)",
            "Iqbal Theba",
            "Dr. Najib (voice)",
            "Frank Welker",
            "Scooby-Doo / Fred Jones (voice)",
            "Kate Higgins",
            "Brenda (voice)",
            "Hynden Walch",
            "Mitzi Capaletto (voice)",
            "Jeff Bennett",
            "Deputy / Museum Guide (voice)"
        ],
        "orig_title": "LEGO® Scooby-Doo! Blowout Beach Bash",
        "status": " Released",
        "orig_lang": " English",
        "budget_x": 114600000.0,
        "revenue": 316508149.8,
        "country": "US"
    },
    {
        "title": "Marvel One-Shot: Agent Carter",
        "date_x": "09/03/2013 ",
        "score": 73.0,
        "genre": [
            "Action",
            "Adventure",
            "Science Fiction",
            "Fantasy"
        ],
        "overview": "The film takes place one year after the events of Captain America: The First Avenger, in which Agent Carter, a member of the Strategic Scientific Reserve, is in search of the mysterious Zodiac.",
        "actors": [
            "Hayley Atwell",
            "Peggy Carter",
            "Bradley Whitford",
            "John Flynn",
            "Dominic Cooper",
            "Howard Stark",
            "Neal McDonough",
            "Timothy 'Dum Dum' Dugan",
            "Chris Evans",
            "Steve Rogers / Captain America (archive footage)",
            "Shane Black",
            "Disembodied Voice (voice)",
            "Greg Haines",
            "Agent Johnson",
            "Jon Barinholtz",
            "Analyst",
            "Tim Trobec",
            "Hefty Guard"
        ],
        "orig_title": "Marvel One-Shot: Agent Carter",
        "status": " Released",
        "orig_lang": " English",
        "budget_x": 135000000.0,
        "revenue": 616914789.8,
        "country": "US"
    },
    {
        "title": "The Shepherd: Border Patrol",
        "date_x": "03/04/2008 ",
        "score": 60.0,
        "genre": [
            "Action",
            "Crime",
            "Thriller"
        ],
        "overview": "A Texas cop battles ex-navy seals who are trying to traffic drugs from Mexico into the USA.",
        "actors": [
            "Jean-Claude Van Damme",
            "Jack Robideaux",
            "Bianca Bree",
            "Kassie Robideaux",
            "Phil McKee",
            "Jed",
            "Scott Adkins",
            "Karp",
            "Miles Anderson",
            "Arthur Pennigton",
            "Todd Jensen",
            "Wray",
            "Andrée Bernard",
            "Lexxi",
            "Gary McDonald",
            "Billy Pawnell",
            "Stephen Lord",
            "Benjamin Meyers"
        ],
        "orig_title": "The Shepherd: Border Patrol",
        "status": " Released",
        "orig_lang": " English",
        "budget_x": 8500000.0,
        "revenue": 41221919.2,
        "country": "US"
    },
    {
        "title": "The Time Machine",
        "date_x": "08/17/1960 ",
        "score": 74.0,
        "genre": [
            "Thriller",
            "Adventure",
            "Fantasy",
            "Science Fiction",
            "Romance"
        ],
        "overview": "A Victorian Englishman travels to the far future and finds that humanity has divided into two hostile species.",
        "actors": [
            "Rod Taylor",
            "H. George Wells",
            "Alan Young",
            "David Filby / James Filby",
            "Yvette Mimieux",
            "Weena",
            "Sebastian Cabot",
            "Dr. Philip Hilyer",
            "Tom Helmore",
            "Anthony Bridewell",
            "Whit Bissell",
            "Walter Kemp",
            "Doris Lloyd",
            "Mrs. Watchett",
            "Bob Barran",
            "Eloi Man (uncredited)",
            "Paul Frees",
            "Talking Rings (voice) (uncredited)"
        ],
        "orig_title": "The Time Machine",
        "status": " Released",
        "orig_lang": " English",
        "budget_x": 80000000.0,
        "revenue": 98983590.0,
        "country": "AU"
    },
    {
        "title": "Stay",
        "date_x": "11/03/2005 ",
        "score": 66.0,
        "genre": [
            "Mystery",
            "Thriller",
            "Drama"
        ],
        "overview": "Psychiatrist Sam Foster has a new patient, Henry Letham, who claims to be suicidal. In trying to diagnose him, Sam visits Henry's prior therapist and also finds Henry's mother -- even though Henry has said that he murdered both of his parents. As reality starts to contradict fact, Sam spirals into an unstable mental state. Then he finds a clue as to how and when Henry may try to kill himself, and races to try to stop him.",
        "actors": [
            "Ewan McGregor",
            "Sam Foster",
            "Ryan Gosling",
            "Henry Letham",
            "Naomi Watts",
            "Lila Culpepper",
            "Kate Burton",
            "Mrs. Letham",
            "Elizabeth Reaser",
            "Athena",
            "Bob Hoskins",
            "Dr. Leon Patterson",
            "Janeane Garofalo",
            "Dr. Beth Levy",
            "BD Wong",
            "Dr. Bradley Ren",
            "John Tormey",
            "Custodian / Piano Mover #1"
        ],
        "orig_title": "Stay",
        "status": " Released",
        "orig_lang": " English",
        "budget_x": 50000000.0,
        "revenue": 8342132.0,
        "country": "AU"
    },
    {
        "title": "The Night of the 12th",
        "date_x": "10/13/2022 ",
        "score": 72.0,
        "genre": [
            "Thriller",
            "Crime",
            "Mystery"
        ],
        "overview": "Young and ambitious Captain Vivés has just been appointed group leader at the Grenoble Criminal Squad when Clara's murder case lands on his desk. Vivés and his team investigate Clara's complex life and relations, but what starts as a professional and methodical immersion into the victim's life soon turns into a haunting obsession.",
        "actors": [
            "Bastien Bouillon",
            "Yohan",
            "Bouli Lanners",
            "Marceau",
            "Anouk Grinberg",
            "La juge",
            "Mouna Soualem",
            "Nadia",
            "Pauline Serieys",
            "Nanie",
            "Théo Cholbi",
            "Willy",
            "Johann Dionnet",
            "Fred",
            "Thibaut Évrard",
            "Loïc",
            "Julien Frison",
            "Boris"
        ],
        "orig_title": " La Nuit du 12",
        "status": " Released",
        "orig_lang": " French",
        "budget_x": 25660000.0,
        "revenue": 3467232.0,
        "country": "AU"
    },
    {
        "title": "Jeepers Creepers Returns",
        "date_x": "05/26/2023 ",
        "score": 0.0,
        "genre": [
            "Horror"
        ],
        "overview": "An evil warlock summons the Creeper from the bounds of hell to slay on earth Every 23 years for 23 days, but he also needs to eat and refresh his flesh Or he will loose his immortality forever.",
        "actors": [
            "Rui Constantino",
            "Mayor James",
            "Miguel D. Dias",
            "Hunter Savage",
            "Alexander Sunflower",
            "The Creeper",
            "Yoshida Imatae",
            "Warlock"
        ],
        "orig_title": " Jeepers Creepers O Regresso",
        "status": " In Production",
        "orig_lang": " English",
        "budget_x": 20000.0,
        "revenue": 1240261.6,
        "country": "PT"
    },
    {
        "title": "Geylang",
        "date_x": "04/06/2023 ",
        "score": 0.0,
        "genre": [
            "Thriller",
            "Action",
            "Crime"
        ],
        "overview": "Lust, shame, passion, lies and violence - the lives of individuals intertwine in an unyielding web under the red lights of Geylang. A desperate doctor searching for an organ for his daughter, a tormented prostitute paying off her lover's debt, a social worker with political inclinations willing to cross the line, and a ruthless pimp with a dark secret. Nothing is quite what it seems as a long night awaits.",
        "actors": [
            "Mark Lee",
            "Fatty",
            "Sheila Sim",
            "Celine",
            "Shane Mardjuki",
            "Dr. Sun",
            "Patricia Lin",
            "Shangri-La"
        ],
        "orig_title": " 芽籠",
        "status": " Released",
        "orig_lang": " Chinese",
        "budget_x": 223000000.0,
        "revenue": 175269998.8,
        "country": "SG"
    },
    {
        "title": "Sex, Shame and Tears 2",
        "date_x": "02/04/2022 ",
        "score": 64.0,
        "genre": [
            "Comedy",
            "Drama"
        ],
        "overview": "Twenty years have passed since those two apartments in the heart of Mexico City were the battlefield of a war of the sexes between Ana, Carlos, Andrea, Miguel, Tomás and María. All that is left of those apartments are memories and the image of Tomás' dead body at the bottom of the elevator shaft. Their lives have changed, their families have grown and new and unexpected characters have come to unsettle their daily lives and trigger a chain of events that will make them realize that modesty has been replaced by public disclosure; sex is only an app away; but love...love is still something elusive that everyone in today's banal and chaotic world is seeking.",
        "actors": [
            "Cecilia Suárez",
            "Andrea",
            "Susana Zabaleta",
            "Ana",
            "Mónica Dionne",
            "María",
            "Naian González Norvind",
            "Matilde",
            "Ximena Romo",
            "Katia",
            "Víctor Huggo Martin",
            "Carlos",
            "José Ángel Bichir",
            "Mateo",
            "Paco Rueda",
            "Beny",
            "Jorge Salinas",
            "Miguel"
        ],
        "orig_title": " Sexo, pudor y lágrimas 2",
        "status": " Released",
        "orig_lang": " Spanish, Castilian",
        "budget_x": 115500000.0,
        "revenue": 365470598.0,
        "country": "MX"
    },
    {
        "title": "Playhouse",
        "date_x": "08/28/2020 ",
        "score": 53.0,
        "genre": [
            "Horror",
            "Thriller"
        ],
        "overview": "Reckless Jack Travis is an irreverent horror writer notorious for scaring audiences. But as he obsesses over creating a new theatre show set in a haunted Scottish castle, demonic disturbances from deep within the walls begin to prey on his troubled daughter. When the alarming supernatural forces start to close in on him too, Jack is forced to reckon with the terrifying consequences of creating such a dark and macabre play. But will he realise the danger of unearthing a historic curse and stop writing before he damns himself, his personal sanity and those he loves forever?",
        "actors": [
            "William Holstead",
            "Jack Travis",
            "Grace Courtney",
            "Bee / Beleth",
            "Helen Mackay",
            "Jenny Andrews",
            "James Rottger",
            "Callum Andrews",
            "Rebecca Calienda",
            "Kathryn",
            "Eilidh McLaughlin",
            "Alex",
            "Mathilde Darmady",
            "Katie",
            "Julie Higginson",
            "Samantha",
            "Jim Page",
            "Football Commentator"
        ],
        "orig_title": "Playhouse",
        "status": " Released",
        "orig_lang": " English",
        "budget_x": 125000000.0,
        "revenue": 147540426.0,
        "country": "GB"
    },
    {
        "title": "Herbie Rides Again",
        "date_x": "12/19/1974 ",
        "score": 61.0,
        "genre": [
            "Romance",
            "Comedy",
            "Family",
            "Fantasy"
        ],
        "overview": "The living Volkswagen Beetle helps an old lady protect her home from a corrupt developer.",
        "actors": [
            "Helen Hayes",
            "Mrs. Steinmetz",
            "Ken Berry",
            "Willoughby Whitfield",
            "Stefanie Powers",
            "Nicole Harris",
            "John McIntire",
            "Mr. Judson",
            "Keenan Wynn",
            "Alonzo P Hawk",
            "Chuck McCann",
            "Loostgarten",
            "Huntz Hall",
            "Judge",
            "Ivor Barry",
            "Chauffeur",
            "Dan Tobin",
            "Lawyer"
        ],
        "orig_title": "Herbie Rides Again",
        "status": " Released",
        "orig_lang": " English",
        "budget_x": 15102000.0,
        "revenue": 38229000.0,
        "country": "AU"
    },
    {
        "title": "Swiss Army Man",
        "date_x": "07/14/2016 ",
        "score": 69.0,
        "genre": [
            "Comedy",
            "Drama",
            "Romance",
            "Fantasy",
            "Adventure"
        ],
        "overview": "Alone on a tiny deserted island, Hank has given up all hope of ever making it home again. But one day everything changes when a dead body washes ashore, and he soon realizes it may be his last opportunity to escape certain death. Armed with his new “friend” and an unusual bag of tricks, the duo go on an epic adventure to bring Hank back to the woman of his dreams.",
        "actors": [
            "Paul Dano",
            "Hank",
            "Daniel Radcliffe",
            "Manny",
            "Mary Elizabeth Winstead",
            "Sarah",
            "Antonia Ribero",
            "Crissie",
            "Timothy Eulich",
            "Preston",
            "Richard Gross",
            "Hank's Dad",
            "Marika Casteel",
            "Reporter",
            "Andy Hull",
            "Cameraman",
            "Aaron Marshall",
            "Officer #1"
        ],
        "orig_title": "Swiss Army Man",
        "status": " Released",
        "orig_lang": " English",
        "budget_x": 3000000.0,
        "revenue": 5837111.0,
        "country": "AU"
    },
    {
        "title": "Mockingbird",
        "date_x": "10/07/2014 ",
        "score": 47.0,
        "genre": [
            "Horror",
            "Thriller"
        ],
        "overview": "A couple are given a camera and a set of instructions which they must follow or else someone will die.",
        "actors": [
            "Alyvia Alyn Lind",
            "Megan",
            "Emily Alyn Lind",
            "Abby",
            "Audrey Marie Anderson",
            "Emmy",
            "Lee Garlington",
            "Mom",
            "Spencer List",
            "Jacob Henry",
            "Todd Stashwick",
            "Tom",
            "Natalie Alyn Lind",
            "Jacob's Friend #4",
            "Benjamin Stockham",
            "Jacob's Friend #2",
            "Alexandra Lydon",
            "Beth"
        ],
        "orig_title": "Mockingbird",
        "status": " Released",
        "orig_lang": " English",
        "budget_x": 118800000.0,
        "revenue": 452580073.2,
        "country": "US"
    },
    {
        "title": "Morgan",
        "date_x": "11/17/2016 ",
        "score": 58.0,
        "genre": [
            "Horror",
            "Science Fiction",
            "Thriller"
        ],
        "overview": "A corporate risk-management consultant must determine whether or not to terminate an artificial being's life that was made in a laboratory environment.",
        "actors": [
            "Kate Mara",
            "Lee Weathers",
            "Anya Taylor-Joy",
            "Morgan",
            "Toby Jones",
            "Dr. Simon Ziegler",
            "Rose Leslie",
            "Dr. Amy Menser",
            "Boyd Holbrook",
            "Skip Vronsky",
            "Michelle Yeoh",
            "Dr. Lui Cheng",
            "Jennifer Jason Leigh",
            "Dr. Kathy Grieff",
            "Paul Giamatti",
            "Dr. Alan Shapiro",
            "Michael Yare",
            "Ted Brenner"
        ],
        "orig_title": "Morgan",
        "status": " Released",
        "orig_lang": " English",
        "budget_x": 8000000.0,
        "revenue": 7298786.0,
        "country": "AU"
    },
    {
        "title": "An Eye for an Eye",
        "date_x": "08/14/1981 ",
        "score": 53.0,
        "genre": [
            "Adventure",
            "Action",
            "Crime"
        ],
        "overview": "Sean Kane is forced to resign from the San Francisco Police Department's Narcotics Division when he goes berserk after his partner is murdered. He decides to fight alone and follows a trail of drug traffickers into unexpected high places.",
        "actors": [
            "Chuck Norris",
            "Sean Kane",
            "Christopher Lee",
            "Morgan Canfield",
            "Richard Roundtree",
            "Capt. Stevens",
            "Matt Clark",
            "Tom McCoy",
            "Mako",
            "James Chan",
            "Maggie Cooper",
            "Heather Sullivan",
            "Rosalind Chao",
            "Linda Chan",
            "Professor Toru Tanaka",
            "The Professor",
            "Stuart Pankin",
            "Nicky LaBelle"
        ],
        "orig_title": "An Eye for an Eye",
        "status": " Released",
        "orig_lang": " English",
        "budget_x": 3820017.8,
        "revenue": 7680000.0,
        "country": "US"
    },
    {
        "title": "Dead Man Down",
        "date_x": "05/01/2013 ",
        "score": 61.0,
        "genre": [
            "Thriller",
            "Action",
            "Crime",
            "Drama"
        ],
        "overview": "In New York City, a crime lord's right-hand man is seduced by a woman seeking retribution.",
        "actors": [
            "Colin Farrell",
            "Victor",
            "Noomi Rapace",
            "Beatrice",
            "Terrence Howard",
            "Alphonse",
            "Dominic Cooper",
            "Darcy",
            "Isabelle Huppert",
            "Valentine Louzon",
            "Luis Da Silva Jr.",
            "Terry",
            "John Cenatiempo",
            "Charles",
            "Stuart Bennett",
            "Kilroy",
            "Franky G",
            "Luco"
        ],
        "orig_title": "Dead Man Down",
        "status": " Released",
        "orig_lang": " English",
        "budget_x": 30000000.0,
        "revenue": 19599974.0,
        "country": "AU"
    },
    {
        "title": "What We Do in the Shadows",
        "date_x": "09/04/2014 ",
        "score": 76.0,
        "genre": [
            "Comedy",
            "Horror"
        ],
        "overview": "Vampire housemates try to cope with the complexities of modern life and show a newly turned hipster some of the perks of being undead.",
        "actors": [
            "Taika Waititi",
            "Viago",
            "Jemaine Clement",
            "Vladislav",
            "Jonny Brugh",
            "Deacon",
            "Cori Gonzalez-Macuer",
            "Nick",
            "Stu Rutherford",
            "Stu",
            "Ben Fransham",
            "Petyr",
            "Jackie van Beek",
            "Jackie",
            "Elena Stejko",
            "Pauline (The Beast)",
            "Jason Hoyte",
            "Julian"
        ],
        "orig_title": "What We Do in the Shadows",
        "status": " Released",
        "orig_lang": " English",
        "budget_x": 1600000.0,
        "revenue": 6263224.0,
        "country": "AU"
    },
    {
        "title": "Mimic 2",
        "date_x": "07/17/2001 ",
        "score": 53.0,
        "genre": [
            "Horror",
            "Science Fiction",
            "Thriller"
        ],
        "overview": "When a cockroach-spread plague threatened to decimate the child population of New York City in the original Mimic, biologist Susan Tyler and her research associates developed a species of \"Judas\" bugs and introduced them into the environment, where they were to \"mimic\" the diseased roaches and infiltrate their grubby habitats. The plan worked until the bugs evolved to mimic their next prey... humans! Just when they were all thought to be dead, the giant cockroaches are back, and this time they've mutated to take on human form!",
        "actors": [
            "Alix Koromzay",
            "Remy Panos",
            "Bruno Campos",
            "Det. Klaski",
            "Gaven E. Lucas",
            "Sal Aguirre",
            "Will Estes",
            "Nicky",
            "Edward Albert",
            "Darksuit",
            "Jon Polito",
            "Morrie Deaver",
            "Jim O'Heir",
            "Lou",
            "Paul Schulze",
            "Phillip"
        ],
        "orig_title": "Mimic 2",
        "status": " Released",
        "orig_lang": " English",
        "budget_x": 10000000.0,
        "revenue": 18052360.4,
        "country": "US"
    },
    {
        "title": "Clinical",
        "date_x": "01/13/2017 ",
        "score": 53.0,
        "genre": [
            "Thriller",
            "Horror"
        ],
        "overview": "A psychiatrist tries to put her life back together after a violent attack by seeking to repair the life of a new patient, but he has his own terrifying history.",
        "actors": [
            "Vinessa Shaw",
            "Dr. Jane Mathis",
            "Kevin Rahm",
            "Alex",
            "Aaron Stanford",
            "Miles Richardson",
            "William Atherton",
            "Terry Drummond",
            "India Eisley",
            "Nora Green",
            "Nestor Serrano",
            "Dr. Saul",
            "Sydney Tamiia Poitier",
            "Clara",
            "Wilmer Calderon",
            "Greg",
            "Dion Basco",
            "Jeremy Platt"
        ],
        "orig_title": "Clinical",
        "status": " Released",
        "orig_lang": " English",
        "budget_x": 96200000.0,
        "revenue": 322945018.8,
        "country": "US"
    },
    {
        "title": "Entourage",
        "date_x": "06/04/2015 ",
        "score": 62.0,
        "genre": [
            "Comedy"
        ],
        "overview": "Movie star Vincent Chase, together with his boys, Eric, Turtle and Johnny, are back…and back in business with super agent-turned-studio head Ari Gold. Some of their ambitions have changed, but the bond between them remains strong as they navigate the capricious and often cutthroat world of Hollywood.",
        "actors": [
            "Kevin Connolly",
            "Eric Murphy",
            "Adrian Grenier",
            "Vincent 'Vince' Chase",
            "Kevin Dillon",
            "Johnny 'Drama' Chase",
            "Jerry Ferrara",
            "Turtle",
            "Jeremy Piven",
            "Ari Gold",
            "Emmanuelle Chriqui",
            "Sloane",
            "Perrey Reeves",
            "Mrs. Ari",
            "Rex Lee",
            "Lloyd",
            "Debi Mazar",
            "Shauna"
        ],
        "orig_title": "Entourage",
        "status": " Released",
        "orig_lang": " English",
        "budget_x": 30000000.0,
        "revenue": 46438538.0,
        "country": "AU"
    },
    {
        "title": "Dangal",
        "date_x": "12/23/2016 ",
        "score": 80.0,
        "genre": [
            "Drama",
            "Family",
            "Comedy",
            "Action"
        ],
        "overview": "Dangal is an extraordinary true story based on the life of Mahavir Singh and his two daughters, Geeta and Babita Phogat. The film traces the inspirational journey of a father who trains his daughters to become world class wrestlers.",
        "actors": [
            "Aamir Khan",
            "Mahavir Singh Phogat",
            "Fatima Sana Shaikh",
            "Geeta Phogat",
            "Sanya Malhotra",
            "Babita Kumari",
            "Sakshi Tanwar",
            "Daya Kaur",
            "Aparshakti Khurana",
            "Omkar",
            "Zaira Wasim",
            "Young Geeta",
            "Suhani Bhatnagar",
            "Young Babita",
            "Girish Kulkarni",
            "Coach Pramod Kadam",
            "Vivan Bhatena",
            "Harkinder"
        ],
        "orig_title": " दंगल",
        "status": " Released",
        "orig_lang": " Hindi",
        "budget_x": 9500000.0,
        "revenue": 305149461.0,
        "country": "IN"
    },
    {
        "title": "Wheel of Fortune and Fantasy",
        "date_x": "04/28/2022 ",
        "score": 69.0,
        "genre": [
            "Drama",
            "Romance"
        ],
        "overview": "An unexpected love triangle, a seduction trap, and a random encounter are the three episodes, told in three movements to depict three female characters and trace the trajectories between their choices and regrets.",
        "actors": [
            "Kotone Furukawa",
            "Meiko",
            "Ayumu Nakajima",
            "Kazuaki",
            "Hyunri",
            "Tsugumi",
            "Kiyohiko Shibukawa",
            "Segawa",
            "Katsuki Mori",
            "Nao",
            "Shouma Kai",
            "Sasaki",
            "Fusako Urabe",
            "Moka",
            "Aoba Kawai",
            "Nana"
        ],
        "orig_title": " 偶然と想像",
        "status": " Released",
        "orig_lang": " Japanese",
        "budget_x": 108200000.0,
        "revenue": 405044027.8,
        "country": "AU"
    },
    {
        "title": "Altered States",
        "date_x": "07/24/1981 ",
        "score": 67.0,
        "genre": [
            "Horror",
            "Science Fiction",
            "Thriller"
        ],
        "overview": "A research scientist explores the boundaries and frontiers of consciousness. Using sensory deprivation and hallucinogenic mixtures from native American shamans, he explores these altered states of consciousness and finds that memory, time, and perhaps reality itself are states of mind.",
        "actors": [
            "William Hurt",
            "Professor Eddie Jessup",
            "Blair Brown",
            "Emily Jessup",
            "Bob Balaban",
            "Arthur Rosenberg",
            "Charles Haid",
            "Mason Parrish",
            "Thaao Penghlis",
            "Echeverria",
            "Miguel Godreau",
            "Primal Man",
            "Dori Brenner",
            "Sylvia Rosenberg",
            "Peter Brandon",
            "Hobart",
            "Charles White-Eagle",
            "The Brujo"
        ],
        "orig_title": "Altered States",
        "status": " Released",
        "orig_lang": " English",
        "budget_x": 15000000.0,
        "revenue": 19853892.0,
        "country": "AU"
    },
    {
        "title": "Short Cuts",
        "date_x": "10/01/1993 ",
        "score": 72.0,
        "genre": [
            "Comedy",
            "Drama"
        ],
        "overview": "Many loosely connected characters cross paths in this film, based on the stories of Raymond Carver. Waitress Doreen Piggot accidentally runs into a boy with her car. Soon after walking away, the child lapses into a coma. While at the hospital, the boy's grandfather tells his son, Howard, about his past affairs. Meanwhile, a baker starts harassing the family when they fail to pick up the boy's birthday cake.",
        "actors": [
            "Andie MacDowell",
            "Ann Finnigan",
            "Bruce Davison",
            "Howard Finnigan",
            "Jack Lemmon",
            "Paul Finnigan",
            "Zane Cassidy",
            "Casey Finnigan",
            "Julianne Moore",
            "Marian Wyman",
            "Matthew Modine",
            "Dr. Ralph Wyman",
            "Anne Archer",
            "Claire Kane",
            "Fred Ward",
            "Stuart Kane",
            "Jennifer Jason Leigh",
            "Lois Kaiser"
        ],
        "orig_title": "Short Cuts",
        "status": " Released",
        "orig_lang": " English",
        "budget_x": 23550192.0,
        "revenue": 6110979.0,
        "country": "US"
    },
    {
        "title": "Novitiate",
        "date_x": "10/27/2017 ",
        "score": 64.0,
        "genre": [
            "Drama"
        ],
        "overview": "In the early 1960s, during the Vatican II era, a young woman training to become a nun struggles with issues of faith, sexuality and the changing church.",
        "actors": [
            "Lisa Stewart",
            "Sister Genevieve",
            "Melissa Leo",
            "Reverend Mother",
            "Morgan Saylor",
            "Sister Evelyn",
            "Julianne Nicholson",
            "Nora Harris",
            "Margaret Qualley",
            "Sister Cathleen",
            "Dianna Agron",
            "Sister Mary Grace",
            "Liana Liberato",
            "Sister Emily",
            "Rebecca Dayan",
            "Sister Emanuel",
            "Eline Powell",
            "Sister Candace"
        ],
        "orig_title": "Novitiate",
        "status": " Released",
        "orig_lang": " English",
        "budget_x": 36345000.0,
        "revenue": 580346.0,
        "country": "US"
    },
    {
        "title": "One Direction: This Is Us",
        "date_x": "08/30/2013 ",
        "score": 84.0,
        "genre": [
            "Documentary",
            "Music"
        ],
        "overview": "\"One Direction: This Is Us\" is a captivating and intimate all-access look at life on the road for the global music phenomenon. Weaved with stunning live concert footage, this inspiring feature film tells the remarkable story of Niall, Zayn, Liam, Harry and Louis's really like to be One Direction.",
        "actors": [
            "Harry Styles",
            "Self",
            "Niall Horan",
            "Self",
            "Zayn Malik",
            "Self",
            "Louis Tomlinson",
            "Self",
            "Liam Payne",
            "Self",
            "Simon Cowell",
            "Self",
            "Martin Scorsese",
            "Self",
            "Chris Rock",
            "Self",
            "Jon Shone",
            "Self - MD / Keyboards"
        ],
        "orig_title": "One Direction: This Is Us",
        "status": " Released",
        "orig_lang": " English",
        "budget_x": 10000000.0,
        "revenue": 68500000.0,
        "country": "US"
    },
    {
        "title": "Sandy Wexler",
        "date_x": "04/14/2017 ",
        "score": 55.0,
        "genre": [
            "Comedy"
        ],
        "overview": "When a hapless but dedicated talent manager signs his first client who actually has talent, his career finally starts to take off.",
        "actors": [
            "Adam Sandler",
            "Sandy Wexler",
            "Jennifer Hudson",
            "Courtney Clarke",
            "Kevin James",
            "Ted Rafferty",
            "Colin Quinn",
            "Kevin Connors",
            "Nick Swardson",
            "Gary Rodgers",
            "Jackie Sandler",
            "Amy Baskin",
            "Terry Crews",
            "'Bedtime' Bobby Barnes",
            "Rob Schneider",
            "Firuz",
            "Lamorne Morris",
            "Bling"
        ],
        "orig_title": "Sandy Wexler",
        "status": " Released",
        "orig_lang": " English",
        "budget_x": 70800000.0,
        "revenue": 591573175.2,
        "country": "US"
    },
    {
        "title": "Dance Flick",
        "date_x": "05/22/2009 ",
        "score": 46.0,
        "genre": [
            "Music",
            "Comedy",
            "Action"
        ],
        "overview": "Street dancer, Thomas Uncles is from the wrong side of the tracks, but his bond with the beautiful Megan White might help the duo realize their dreams as they enter in the mother of all dance battles.",
        "actors": [
            "Shoshana Bush",
            "Megan",
            "Damon Wayans Jr.",
            "Thomas",
            "Essence Atkins",
            "Charity",
            "Chris Elliott",
            "Ron",
            "David Alan Grier",
            "Sugar Bear",
            "Shawn Wayans",
            "Baby Daddy",
            "Marlon Wayans",
            "Mr. Moody",
            "Sufe Bradshaw",
            "Keloid",
            "Amy Sedaris",
            "Ms. Cameltoé"
        ],
        "orig_title": "Dance Flick",
        "status": " Released",
        "orig_lang": " English",
        "budget_x": 25000000.0,
        "revenue": 32224624.0,
        "country": "US"
    },
    {
        "title": "Drillbit Taylor",
        "date_x": "03/20/2008 ",
        "score": 58.0,
        "genre": [
            "Comedy"
        ],
        "overview": "Three kids hire a low-budget bodyguard to protect them from the playground bully, not realising he is just a homeless beggar and petty thief looking for some easy cash.",
        "actors": [
            "Owen Wilson",
            "Drillbit Taylor",
            "Leslie Mann",
            "Lisa",
            "Nate Hartley",
            "Wade",
            "Troy Gentile",
            "Ryan",
            "David Dorfman",
            "Emmit",
            "Alex Frost",
            "Filkins",
            "Josh Peck",
            "Ronnie",
            "Casey Boersma",
            "Chuck",
            "Dylan Boersma",
            "Nick"
        ],
        "orig_title": "Drillbit Taylor",
        "status": " Released",
        "orig_lang": " English",
        "budget_x": 40000000.0,
        "revenue": 49686263.0,
        "country": "AU"
    },
    {
        "title": "Thursday",
        "date_x": "11/13/1998 ",
        "score": 70.0,
        "genre": [
            "Thriller"
        ],
        "overview": "A former Los Angeles drug dealer moves far away to Texas, making a new life for himself as a married architect in the suburbs. His old crime partner unexpectedly shows up with heroin and gangster business, attracting a slew of violent unsavory characters.",
        "actors": [
            "Thomas Jane",
            "Casey Wells",
            "Paula Marshall",
            "Christine",
            "Aaron Eckhart",
            "Nick",
            "James Le Gros",
            "Billy Hill",
            "Paulina Porizkova",
            "Dallas",
            "Michael Jeter",
            "Dr. Jarvis",
            "Glenn Plummer",
            "Ice",
            "Mickey Rourke",
            "Kasarov",
            "Luck Hari",
            "Cashier"
        ],
        "orig_title": "Thursday",
        "status": " Released",
        "orig_lang": " English",
        "budget_x": 42680000.0,
        "revenue": 3121.0,
        "country": "US"
    },
    {
        "title": "Wishmaster 2: Evil Never Dies",
        "date_x": "03/12/1999 ",
        "score": 54.0,
        "genre": [
            "Fantasy",
            "Horror"
        ],
        "overview": "During a failed art heist, the Djinn is once again liberated. This time, to complete the 1001 wishes that he needs before the final 3, he lets himself go to prison, where he starts his evil reign twisting the hopes of the prisoners. Meanwhile, the woman who set him free accidentally, Morgana, tries to find a way to stop him, aided by a young priest.",
        "actors": [
            "Holly Fields",
            "Morgana",
            "Chris Weber",
            "Eric",
            "Al Foster",
            "Security Guard #1",
            "Andrew Divoff",
            "Demerest",
            "Vyto Ruginis",
            "Hosticka",
            "Randy Hall",
            "Cop #1",
            "Maria Genero",
            "Reporter",
            "James Staszkiel",
            "Predator",
            "Paul Johansson",
            "Gregory"
        ],
        "orig_title": "Wishmaster 2: Evil Never Dies",
        "status": " Released",
        "orig_lang": " English",
        "budget_x": 2500000.0,
        "revenue": 10531010.8,
        "country": "US"
    },
    {
        "title": "The Borrowers",
        "date_x": "04/09/1998 ",
        "score": 60.0,
        "genre": [
            "Adventure",
            "Fantasy",
            "Action",
            "Comedy",
            "Family"
        ],
        "overview": "The four-inch-tall Clock family secretly share a house with the normal-sized Lender family, \"borrowing\" such items as thread, safety pins, batteries and scraps of food. However, their peaceful co-existence is disturbed when evil lawyer Ocious P. Potter steals the will granting title to the house, which he plans to demolish in order to build apartments. The Lenders are forced to move, and the Clocks face the risk of being exposed to the normal-sized world.",
        "actors": [
            "John Goodman",
            "Ocious P. Potter",
            "Jim Broadbent",
            "Pod Clock",
            "Mark Williams",
            "Exterminator Jeff",
            "Celia Imrie",
            "Homily Clock",
            "Tom Felton",
            "Peagreen Clock",
            "Hugh Laurie",
            "Police Officer Steady",
            "Bradley Pierce",
            "Pete Lender",
            "Ruby Wax",
            "Town Hall Clerk",
            "Doon Mackichan",
            "Victoria Lender"
        ],
        "orig_title": "The Borrowers",
        "status": " Released",
        "orig_lang": " English",
        "budget_x": 29000000.0,
        "revenue": 54045832.0,
        "country": "AU"
    },
    {
        "title": "Cantinflas",
        "date_x": "08/29/2014 ",
        "score": 66.0,
        "genre": [
            "Drama"
        ],
        "overview": "Mike Todd is a Broadway producer struggling to produce the film. Around the World in 80 Days. In Mexico, Mario Moreno, a young entertainer is struggling to get some respect, and he manages to become a star. A twist of faith makes them partners. Together they won the Oscar for Best Picture.",
        "actors": [
            "Óscar Jaenada",
            "Cantinflas",
            "Michael Imperioli",
            "Michael Todd",
            "Luis Gerardo Méndez",
            "Estanislao Chilinsky",
            "Joaquín Cosío",
            "\"El Indio\" Fernández",
            "Teresa Ruiz",
            "Meche Barba",
            "Ilse Salas",
            "Valentina Ivanova",
            "Ximena Rubio",
            "María Félix"
        ],
        "orig_title": "Cantinflas",
        "status": " Released",
        "orig_lang": " English",
        "budget_x": 47220616.4,
        "revenue": 319773152.6,
        "country": "US"
    },
    {
        "title": "Guess Who's Coming to Dinner",
        "date_x": "08/01/1968 ",
        "score": 76.0,
        "genre": [
            "Drama",
            "Comedy"
        ],
        "overview": "A couple's attitudes are challenged when their daughter brings home a fiancé who is black.",
        "actors": [
            "Katharine Houghton",
            "Joanna \"Joey\" Drayton",
            "Sidney Poitier",
            "John Prentice",
            "Katharine Hepburn",
            "Christina Drayton",
            "Spencer Tracy",
            "Matt Drayton",
            "Cecil Kellaway",
            "Monsignor Ryan",
            "Beah Richards",
            "Mrs. Prentice",
            "Roy Glenn",
            "Mr. Prentice",
            "Isabel Sanford",
            "Tillie",
            "Virginia Christine",
            "Hilary St. George"
        ],
        "orig_title": "Guess Who's Coming to Dinner",
        "status": " Released",
        "orig_lang": " English",
        "budget_x": 4000000.0,
        "revenue": 56666667.0,
        "country": "AU"
    },
    {
        "title": "Jackass Number Two",
        "date_x": "11/09/2006 ",
        "score": 65.0,
        "genre": [
            "Action",
            "Comedy",
            "Documentary"
        ],
        "overview": "Jackass Number Two is a compilation of various stunts, pranks and skits, and essentially has no plot. Chris Pontius, Johnny Knoxville, Steve-O, Bam Margera, and the whole crew return to the screen to raise the stakes higher than ever before.",
        "actors": [
            "Johnny Knoxville",
            "Himself",
            "Bam Margera",
            "Himself",
            "Steve-O",
            "Himself",
            "Chris Pontius",
            "Himself",
            "Ryan Dunn",
            "Himself",
            "Jason Acuña",
            "Wee Man",
            "Preston Lacy",
            "Himself",
            "Dave England",
            "Himself",
            "Ehren McGhehey",
            "Himself"
        ],
        "orig_title": "Jackass Number Two",
        "status": " Released",
        "orig_lang": " English",
        "budget_x": 11000000.0,
        "revenue": 72778712.0,
        "country": "AU"
    },
    {
        "title": "The Rhythm Section",
        "date_x": "05/06/2020 ",
        "score": 56.0,
        "genre": [
            "Action",
            "Thriller"
        ],
        "overview": "When she discovers the plane crash that claimed the lives of her family was no accident, Stephanie Patrick enters the dark, complex world of international espionage seeking vengeance. With nothing left to lose, Stephanie transforms from victim to assassin and discovers that neither revenge nor the truth are what they appear.",
        "actors": [
            "Blake Lively",
            "Stephanie Patrick",
            "Jude Law",
            "Iain Boyd \"B\"",
            "Sterling K. Brown",
            "Serra",
            "Ivana Basic",
            "Oksana",
            "Nasser Memarzia",
            "Suleman Kaif",
            "Max Casella",
            "Leon Giler",
            "Richard Brake",
            "Lehmans",
            "Raza Jaffrey",
            "Proctor",
            "Geoff Bell",
            "Green"
        ],
        "orig_title": "The Rhythm Section",
        "status": " Released",
        "orig_lang": " English",
        "budget_x": 50000000.0,
        "revenue": 5983043.0,
        "country": "AU"
    },
    {
        "title": "Joshua Tree",
        "date_x": "10/18/1994 ",
        "score": 61.0,
        "genre": [
            "Action"
        ],
        "overview": "Wellman Santee (Dolph Lundgren) a former race car driver, whose livelihood is transporting exotic stolen super cars, is involved, with his partner Eddie, in shoot out, resulting in the deaths of his friend and a highway cop. Santee is framed for the cop's murder and jailed in a maximum security prison. A few months later, Santee breaks out after narrowly escaping an attempt on his life. He reaches a local diner where he steals a car, abducts the owner, Rita and flees, completely unaware that his hostage is a deputy sheriff. A massive manhunt ensues, spearheaded by Lt. Severance a tough, obessive cop. Santee leads the detective and his men on a dramatic high speed chase, from the desert wilderness to the streets of downtown Los Angeles. Santee's out to clear his name and when it comes to getting even, he's taking revenge into overdrive.",
        "actors": [
            "Dolph Lundgren",
            "Wellman Anthony Santee",
            "Kristian Alfonso",
            "Rita Marek",
            "George Segal",
            "Lt. Franklin L. Severence",
            "Geoffrey Lewis",
            "Sheriff Cepeda",
            "Beau Starr",
            "Jack 'Rudy' Rudisill",
            "Michelle Phillips",
            "Esther Severence",
            "Matt Battaglia",
            "Michael Agnos",
            "Bert Remsen",
            "Woody Engstrom",
            "Michael Paul Chan",
            "Jimmy Shoeshine"
        ],
        "orig_title": "Joshua Tree",
        "status": " Released",
        "orig_lang": " English",
        "budget_x": 9000000.0,
        "revenue": 119419806.6,
        "country": "US"
    },
    {
        "title": "The Boondock Saints II: All Saints Day",
        "date_x": "02/04/2010 ",
        "score": 60.0,
        "genre": [
            "Action",
            "Thriller",
            "Crime"
        ],
        "overview": "Skillfully framed by an unknown enemy for the murder of a priest, wanted vigilante MacManus brothers Murphy and Connor must come out of hiding on a sheep farm in Ireland to fight for justice in Boston.",
        "actors": [
            "Sean Patrick Flanery",
            "Connor MacManus",
            "Norman Reedus",
            "Murphy MacManus",
            "Billy Connolly",
            "Poppa Il Duce",
            "Clifton Collins Jr.",
            "Romeo",
            "Julie Benz",
            "Eunice Bloom",
            "Peter Fonda",
            "The Roman",
            "Paul Johansson",
            "Rick",
            "Judd Nelson",
            "Concezio Yakavetta",
            "David Della Rocco",
            "Rocco"
        ],
        "orig_title": "The Boondock Saints II: All Saints Day",
        "status": " Released",
        "orig_lang": " English",
        "budget_x": 8000000.0,
        "revenue": 10629321.0,
        "country": "AU"
    },
    {
        "title": "Lego DC Comics Super Heroes: The Flash",
        "date_x": "02/13/2018 ",
        "score": 68.0,
        "genre": [
            "Adventure",
            "Animation",
            "Comedy",
            "Family",
            "Science Fiction"
        ],
        "overview": "Reverse-Flash manipulates the Speed Force to put the Flash into a time loop that forces him to relive the same day over and over again—with progressively disastrous results, including losing his powers and being fired by the Justice League. The Flash must find a way to restore time to its original path and finally apprehend his worst enemy before all is lost for the Flash…and the world!",
        "actors": [
            "James Arnold Taylor",
            "The Flash / Barry Allen (voice)",
            "Troy Baker",
            "Batman / Bruce Wayne (voice)",
            "Nolan North",
            "Superman / Clark Kent / Kal-El (voice) and Killer Croc / Waylon Jones (voice)",
            "Dwight Schultz",
            "Reverse-Flash / Eobard Thawne (voice)",
            "Grey DeLisle",
            "Wonder Woman / Diana Prince (voice) and Lois Lane (voice)",
            "Eric Bauza",
            "The Atom (voice)",
            "B'dg (voice) and Jimmy Olsen (voice)",
            "Tom Kenny",
            "Plastic Man / Patrick 'Eel' O'Brian (voice) and The Penguin / Oswald Cobblepot (voice)",
            "Kevin Michael Richardson",
            "Doctor Fate (voice) and Captain Cold / Leonard Snart (voice)",
            "Khary Payton",
            "Cyborg / Victor Stone (voice)"
        ],
        "orig_title": "Lego DC Comics Super Heroes: The Flash",
        "status": " Released",
        "orig_lang": " English",
        "budget_x": 10000000.0,
        "revenue": 253136523.6,
        "country": "US"
    },
    {
        "title": "Howard the Duck",
        "date_x": "12/17/1986 ",
        "score": 54.0,
        "genre": [
            "Comedy",
            "Fantasy",
            "Science Fiction"
        ],
        "overview": "A scientific experiment unknowingly brings extraterrestrial life forms to the Earth through a laser beam. First is the cigar smoking drake Howard from the duck's planet. A few kids try to keep him from the greedy scientists and help him back to his planet. But then a much less friendly being arrives through the beam...",
        "actors": [
            "Lea Thompson",
            "Beverly Switzler",
            "Jeffrey Jones",
            "Dr. Walter Jenning",
            "Tim Robbins",
            "Phil Blumburtt",
            "Ed Gale",
            "Howard T. Duck",
            "Holly Robinson Peete",
            "K.C.",
            "Cherry Bomb",
            "David Paymer",
            "Larry",
            "Scientist",
            "Paul Guilfoyle",
            "Lieutenant Welker",
            "Richard Edson",
            "Ritchie",
            "Dominique Davalos",
            "Cal",
            "Cherry Bomb"
        ],
        "orig_title": "Howard the Duck",
        "status": " Released",
        "orig_lang": " English",
        "budget_x": 30000000.0,
        "revenue": 16295774.0,
        "country": "AU"
    },
    {
        "title": "Casper's Haunted Christmas",
        "date_x": "10/31/2000 ",
        "score": 54.0,
        "genre": [
            "Animation",
            "Family",
            "Fantasy"
        ],
        "overview": "Kibosh, supreme ruler of all ghosts, decrees that casper must scare at least one person before Christmas Day so Casper visits Kriss, Massachusetts where he meets the Jollimore family and sets out to complete his mission. As usual, kindhearted Casper has a ghastky time trying to scare anyone; so The Ghostly Trio, fed up with his goody-boo-shoes behavior, secretly hires Casper's look-alike cousin Spooky to do the job-with hilarious results.",
        "actors": [
            "Brendon Ryan Barrett",
            "Casper (voice)",
            "Kathleen Barr",
            "Carol Jollimor (voice)",
            "Ian James Corlett",
            "Little Kind (voice)",
            "Graeme Kingston",
            "Falso (voice)",
            "Terry Klassen",
            "Skinkie (voice)",
            "David Kaye",
            "Narrator",
            "Scott McNeil",
            "Stretch / Noel Jollimore (voice)",
            "Tegan Moss",
            "Holly Jollimore (voice)",
            "Colin Murdock",
            "Kibosh (voice)"
        ],
        "orig_title": "Casper's Haunted Christmas",
        "status": " Released",
        "orig_lang": " English",
        "budget_x": 196400000.0,
        "revenue": 564327422.8,
        "country": "US"
    },
    {
        "title": "Little Witch Academia: The Enchanted Parade",
        "date_x": "07/03/2015 ",
        "score": 74.0,
        "genre": [
            "Action",
            "Animation",
            "Fantasy",
            "Comedy"
        ],
        "overview": "In Enchanted Parade, Akko, Lotte and Sucy, having gotten in trouble yet again, are forced to team up with three other troublemakers; Amanda O'Neill, Constance Braunschweig Albrechtsburger and Jasmineka Antonenko, and must make an annual witch parade a success or else face expulsion.",
        "actors": [
            "Megumi Han",
            "Akko Kagari (voice)",
            "Fumiko Orikasa",
            "Lotte Yansson (voice)",
            "Michiyo Murase",
            "Sucy Manbavaran (voice)",
            "Yoko Hikasa",
            "Diana Cavendish (voice)",
            "Noriko Hidaka",
            "Professor Ursula / Shiny Chariot (voice)",
            "Arisa Shida",
            "Amanda O'Neill (voice)",
            "Rie Murakawa",
            "Constanze Braunschbank Albrechtsberger (voice)",
            "Reina Ueda",
            "Jasminka Antonenko (voice)",
            "Eri Nakao",
            "Hannah (voice)"
        ],
        "orig_title": " リトルウィッチアカデミア 魔法仕掛けのパレード",
        "status": " Released",
        "orig_lang": " Japanese",
        "budget_x": 625000.0,
        "revenue": 72289914.6,
        "country": "JP"
    },
    {
        "title": "Tinker Tailor Soldier Spy",
        "date_x": "01/19/2012 ",
        "score": 66.0,
        "genre": [
            "Drama",
            "Thriller",
            "Mystery"
        ],
        "overview": "In the bleak days of the Cold War, espionage veteran George Smiley is forced from semi-retirement to uncover a Soviet mole within his former colleagues at the heart of MI6.",
        "actors": [
            "Gary Oldman",
            "George Smiley",
            "Colin Firth",
            "Bill Haydon",
            "Tom Hardy",
            "Ricki Tarr",
            "John Hurt",
            "Control",
            "Toby Jones",
            "Percy Alleline",
            "Mark Strong",
            "Jim Prideaux",
            "Benedict Cumberbatch",
            "Peter Guillam",
            "Ciarán Hinds",
            "Roy Bland",
            "David Dencik",
            "Toby Esterhase"
        ],
        "orig_title": "Tinker Tailor Soldier Spy",
        "status": " Released",
        "orig_lang": " English",
        "budget_x": 21000000.0,
        "revenue": 81428388.0,
        "country": "AU"
    },
    {
        "title": "Thoroughbreds",
        "date_x": "07/11/2018 ",
        "score": 64.0,
        "genre": [
            "Drama",
            "Thriller"
        ],
        "overview": "Two teenage girls in suburban Connecticut rekindle their unlikely friendship after years of growing apart. In the process, they learn that neither is what she seems to be, and that a murder might solve both of their problems.",
        "actors": [
            "Anya Taylor-Joy",
            "Lily",
            "Olivia Cooke",
            "Amanda",
            "Anton Yelchin",
            "Tim",
            "Paul Sparks",
            "Mark",
            "Francie Swift",
            "Cynthia",
            "Kaili Vernoff",
            "Karen",
            "Svetlana Orlova",
            "Cleaning Lady",
            "Alyssa Fishenden",
            "Jessica",
            "Jackson Damon",
            "Phil"
        ],
        "orig_title": "Thoroughbreds",
        "status": " Released",
        "orig_lang": " English",
        "budget_x": 5000000.0,
        "revenue": 3474221.0,
        "country": "AU"
    },
    {
        "title": "Arthur",
        "date_x": "04/21/2011 ",
        "score": 56.0,
        "genre": [
            "Comedy",
            "Romance"
        ],
        "overview": "A drunken playboy stands to lose a wealthy inheritance when he falls for a woman that his family doesn't like.",
        "actors": [
            "Russell Brand",
            "Arthur",
            "Helen Mirren",
            "Hobson",
            "Greta Gerwig",
            "Naomi Quinn",
            "Jennifer Garner",
            "Susan Johnson",
            "Geraldine James",
            "Vivienne",
            "Luis Guzmán",
            "Bitterman",
            "Nick Nolte",
            "Burt Johnson",
            "Peter Van Wagner",
            "Naomi's Dad",
            "Christina Jacquelyn Calph",
            "Tiffany"
        ],
        "orig_title": "Arthur",
        "status": " Released",
        "orig_lang": " English",
        "budget_x": 40000000.0,
        "revenue": 47787943.0,
        "country": "AU"
    },
    {
        "title": "The Hills Have Eyes",
        "date_x": "07/22/1977 ",
        "score": 62.0,
        "genre": [
            "Horror",
            "Thriller"
        ],
        "overview": "On the way to California, a family has the misfortune to have their car break down in an area closed to the public, and inhabited by violent savages ready to attack.",
        "actors": [
            "Martin Speer",
            "Doug Wood",
            "Russ Grieve",
            "Big Bob Carter",
            "John Steadman",
            "Fred",
            "James Whitworth",
            "Jupiter",
            "Virginia Vincent",
            "Ethel Carter",
            "Michael Berryman",
            "Pluto",
            "Janus Blythe",
            "Ruby",
            "Lance Gordon",
            "Mars",
            "Cordy Clark",
            "Mama"
        ],
        "orig_title": "The Hills Have Eyes",
        "status": " Released",
        "orig_lang": " English",
        "budget_x": 17000000.0,
        "revenue": 70355813.0,
        "country": "US"
    },
    {
        "title": "The House That Jack Built",
        "date_x": "03/07/2019 ",
        "score": 72.0,
        "genre": [
            "Drama",
            "Horror",
            "Crime",
            "Thriller"
        ],
        "overview": "Failed architect, engineer and vicious murderer Jack narrates the details of some of his most elaborately orchestrated crimes, each of them a towering piece of art that defines his life's work as a serial killer for twelve years.",
        "actors": [
            "Matt Dillon",
            "Jack",
            "Bruno Ganz",
            "Verge",
            "Uma Thurman",
            "Lady 1",
            "Siobhan Fallon Hogan",
            "Lady 2",
            "Sofie Gråbøl",
            "Lady 3",
            "Riley Keough",
            "Simple",
            "Jeremy Davies",
            "Al",
            "Jack McKenzie",
            "Sonny",
            "Mathias Hjelm",
            "Glenn"
        ],
        "orig_title": "The House That Jack Built",
        "status": " Released",
        "orig_lang": " English",
        "budget_x": 9800000.0,
        "revenue": 5566776.0,
        "country": "AU"
    },
    {
        "title": "Burning Patience",
        "date_x": "12/07/2022 ",
        "score": 65.0,
        "genre": [
            "Romance",
            "Drama"
        ],
        "overview": "Mario is a young fisherman who dreams of becoming a poet. He gets a job as the postman to Pablo Neruda when the legendary writer moves there after being exiled from Chile.",
        "actors": [
            "Andrew Bargsted",
            "Mario",
            "Vivianne Dietz",
            "Beatriz",
            "Claudio Arredondo",
            "Pablo Neruda",
            "Paola Giannini",
            "Elba",
            "Amalia Kassai",
            "Clarita",
            "Rodolfo Pulgar",
            "Cosme",
            "Pablo Macaya",
            "Jorge",
            "Trinidad González",
            "Elvira",
            "Sergio Campos",
            "Announcer"
        ],
        "orig_title": " Ardiente paciencia",
        "status": " Released",
        "orig_lang": " Spanish, Castilian",
        "budget_x": 111600000.0,
        "revenue": 534358853.4,
        "country": "US"
    },
    {
        "title": "The Adventurer: The Curse of the Midas Box",
        "date_x": "10/27/2014 ",
        "score": 57.0,
        "genre": [
            "Fantasy",
            "Adventure",
            "Family"
        ],
        "overview": "Seventeen-year-old Mariah Mundi's life is turned upside down when his parents vanish and his younger brother is kidnapped. Following a trail of clues to the darkly majestic Prince Regent Hotel, Mariah discovers a hidden realm of child-stealing monsters, deadly secrets and a long-lost artefact that grants limitless wealth—but also devastating supernatural power. With the fate of his world, and his family at stake, Mariah will risk everything to unravel the Curse of the Midas Box.",
        "actors": [
            "Aneurin Barnard",
            "Mariah Mundi",
            "Michael Sheen",
            "Charity",
            "Lena Headey",
            "Monica",
            "Sam Neill",
            "Otto Luger",
            "Ioan Gruffudd",
            "Charles Mundi",
            "Keeley Hawes",
            "Catherine Mundi",
            "Tristan Gemmill",
            "Isambard Black",
            "Daniel Wilde",
            "Cleavy",
            "Xavier Atkins",
            "Felix"
        ],
        "orig_title": "The Adventurer: The Curse of the Midas Box",
        "status": " Released",
        "orig_lang": " English",
        "budget_x": 25000000.0,
        "revenue": 0.0,
        "country": "GB"
    },
    {
        "title": "Alone in the Dark",
        "date_x": "01/28/2005 ",
        "score": 33.0,
        "genre": [
            "Action",
            "Fantasy",
            "Horror"
        ],
        "overview": "Edward Carnby is a private investigator specializing in unexplainable supernatural phenomena. His cases delve into the dark corners of the world, searching for truth in the occult remnants of ancient civilizations. Now, the greatest mystery of his past is about to become the most dangerous case he has ever faced.",
        "actors": [
            "Christian Slater",
            "Edward Carnby",
            "Tara Reid",
            "Aline Cedrac",
            "Stephen Dorff",
            "Richard Burke",
            "Will Sanderson",
            "Agent Miles",
            "Ona Grauer",
            "Agent Feenstra",
            "Ho-Sung Pak",
            "Agent Marko",
            "Sarah Deakins",
            "Linda",
            "Françoise Yip",
            "Agent Cheung",
            "Daniel Cudmore",
            "Agent Barr"
        ],
        "orig_title": "Alone in the Dark",
        "status": " Released",
        "orig_lang": " English",
        "budget_x": 20000000.0,
        "revenue": 10588079.0,
        "country": "US"
    },
    {
        "title": "Nocturne",
        "date_x": "10/13/2020 ",
        "score": 59.0,
        "genre": [
            "Horror",
            "Mystery",
            "Thriller",
            "Music"
        ],
        "overview": "Inside the halls of an elite arts academy, a timid music student begins to outshine her more accomplished and outgoing twin sister when she discovers a mysterious notebook belonging to a recently deceased classmate.",
        "actors": [
            "Sydney Sweeney",
            "Juliet Lowe",
            "Madison Iseman",
            "Vivian Lowe",
            "Jacques Colimon",
            "Max",
            "Ivan Shaw",
            "Dr. Henry Cask",
            "John Rothman",
            "Roger",
            "Rodney To",
            "Wilkins",
            "JoNell Kennedy",
            "Gordon",
            "Julie Benz",
            "Cassie Lowe",
            "Brandon Keener",
            "David Lowe"
        ],
        "orig_title": "Nocturne",
        "status": " Released",
        "orig_lang": " English",
        "budget_x": 105600000.0,
        "revenue": 765928718.8,
        "country": "US"
    },
    {
        "title": "Stagecoach",
        "date_x": "03/03/1939 ",
        "score": 77.0,
        "genre": [
            "Western",
            "Adventure",
            "Action",
            "Drama",
            "Romance"
        ],
        "overview": "A group of people traveling on a stagecoach find their journey complicated by the threat of Geronimo, and learn something about each other in the process.",
        "actors": [
            "John Wayne",
            "The Ringo Kid",
            "Claire Trevor",
            "Dallas",
            "Andy Devine",
            "Buck",
            "John Carradine",
            "Hatfield",
            "Thomas Mitchell",
            "Doc Josiah Boone",
            "Louise Platt",
            "Lucy Mallory",
            "George Bancroft",
            "Marshal Curly Wilcox",
            "Donald Meek",
            "Samuel Peacock",
            "Berton Churchill",
            "Ellsworth H. Gatewood"
        ],
        "orig_title": "Stagecoach",
        "status": " Released",
        "orig_lang": " English",
        "budget_x": 531374.0,
        "revenue": 1103757.0,
        "country": "US"
    },
    {
        "title": "The Phantom of the Open",
        "date_x": "07/14/2022 ",
        "score": 69.0,
        "genre": [
            "Drama",
            "Comedy"
        ],
        "overview": "Maurice Flitcroft, a dreamer and unrelenting optimist, managed to gain entry to The British Open Golf Championship qualifying in 1976 and subsequently shot the worst round in Open history, becoming a folk hero in the process.",
        "actors": [
            "Mark Rylance",
            "Maurice Flitcroft",
            "Sally Hawkins",
            "Jean Flitcroft",
            "Rhys Ifans",
            "Keith Mackenzie",
            "Simon Farnaby",
            "Laurent Lambert",
            "Mark Lewis Jones",
            "Cliff",
            "Jonah Lees",
            "James Flitcroft",
            "Christian Lees",
            "Gene Flitcroft",
            "Ash Tandon",
            "Lloyd Donovan",
            "Ian Porter",
            "Dick Nelson"
        ],
        "orig_title": "The Phantom of the Open",
        "status": " Released",
        "orig_lang": " English",
        "budget_x": 143700000.0,
        "revenue": 533458653.6,
        "country": "AU"
    },
    {
        "title": "Seeking a Friend for the End of the World",
        "date_x": "08/23/2012 ",
        "score": 66.0,
        "genre": [
            "Comedy",
            "Drama",
            "Romance",
            "Adventure"
        ],
        "overview": "As an asteroid nears Earth, a man finds himself alone after his wife leaves in a panic. He decides to take a road trip to reunite with his high school sweetheart. Accompanying him is a neighbor who inadvertently puts a wrench in his plan.",
        "actors": [
            "Steve Carell",
            "Dodge Petersen",
            "Keira Knightley",
            "Penelope \"Penny\" Lockhart",
            "Connie Britton",
            "Diane",
            "Rob Corddry",
            "Warren",
            "Adam Brody",
            "Owen",
            "Derek Luke",
            "Alan Speck",
            "Martin Sheen",
            "Frank Petersen",
            "Melanie Lynskey",
            "Karen Amalfi",
            "Nancy Carell",
            "Linda Petersen"
        ],
        "orig_title": "Seeking a Friend for the End of the World",
        "status": " Released",
        "orig_lang": " English",
        "budget_x": 10000000.0,
        "revenue": 11766959.0,
        "country": "AU"
    },
    {
        "title": "The Muppet Movie",
        "date_x": "07/01/1979 ",
        "score": 71.0,
        "genre": [
            "Comedy",
            "Adventure",
            "Music",
            "Family"
        ],
        "overview": "A Hollywood agent persuades Kermit the Frog to pursue a career in Hollywood. On his way there he meets his future muppet crew while being chased by the desperate owner of a frog-leg restaurant!",
        "actors": [
            "Jim Henson",
            "Kermit the Frog / Rowlf / Dr. Teeth / Waldorf / Doc Hopper's Men / Link Hogthrob / Swedish Chef (voice)",
            "Frank Oz",
            "Miss Piggy / Fozzie Bear / Animal / Sam the Eagle / Doc Hopper's Men / Marvin Suggs / Swedish Chef (hands) / Motorcycle Guy (voice)",
            "Jerry Nelson",
            "Floyd Pepper / Robin the Frog / Crazy Harry / Lew Zealand / Camilla / Dr. Bunsen Honeydew (assistant) (voice)",
            "Richard Hunt",
            "Scooter / Statler / Janice / Sweetums / Beaker / Fozzie Bear (assistant) (voice)",
            "Dave Goelz",
            "The Great Gonzo / Dr. Bunsen Honeydew / Zoot / Doglion / Iraqian in El Sleezo Cafe / Pig (voice)",
            "Charles Durning",
            "Doc Hopper",
            "Austin Pendleton",
            "Max",
            "Edgar Bergen",
            "Himself / Charlie McCarthy (voice)",
            "Milton Berle",
            "Mad Man Mooney"
        ],
        "orig_title": "The Muppet Movie",
        "status": " Released",
        "orig_lang": " English",
        "budget_x": 8000000.0,
        "revenue": 76657000.0,
        "country": "AU"
    },
    {
        "title": "Ginger Snaps 2: Unleashed",
        "date_x": "01/30/2004 ",
        "score": 64.0,
        "genre": [
            "Drama",
            "Horror"
        ],
        "overview": "Brigitte has escaped the confines of Bailey Downs but she's not alone. Another werewolf is tailing her closely and her sister's specter haunts her. An overdose of Monkshood - the poison that is keeping her transformation at bay - leads to her being incarcerated in a rehabilitation clinic for drug addicts where her only friend is an eccentric young girl by the name of Ghost.",
        "actors": [
            "Emily Perkins",
            "Brigitte Fitzgerald",
            "Tatiana Maslany",
            "Ghost",
            "Katharine Isabelle",
            "Ginger Fitzgerald",
            "Brendan Fletcher",
            "Jeremy",
            "Janet Kidder",
            "Alice",
            "Eric Johnson",
            "Tyler",
            "Pascale Hutton",
            "Beth-Ann",
            "Patricia Idlette",
            "Dr. Brookner",
            "Michelle Beaudoin",
            "Winnie"
        ],
        "orig_title": "Ginger Snaps 2: Unleashed",
        "status": " Released",
        "orig_lang": " English",
        "budget_x": 190800000.0,
        "revenue": 558458343.4,
        "country": "US"
    },
    {
        "title": "Incoming",
        "date_x": "05/04/2018 ",
        "score": 43.0,
        "genre": [
            "Action",
            "Science Fiction",
            "Thriller"
        ],
        "overview": "The International Space Station is now a prison - the ultimate black site. No one's getting out. And no one knows it's there. But when the imprisoned terrorists take over the Station and turn it into a missile aimed at Moscow, only a shuttle pilot and a rookie doctor can stop them. Their task is complicated by a rogue CIA agent (Scott Adkins) who has his own plans for the station and the terrorists within.",
        "actors": [
            "Scott Adkins",
            "Reiser",
            "Aaron McCusker",
            "Bridges",
            "Michelle Lehane",
            "Stone",
            "Vahidin Prelić",
            "Argun",
            "Lukas Loughran",
            "Kingsley",
            "Alaa Safi",
            "Idris",
            "Milan Kovačević",
            "Kunta",
            "Arkie Reece",
            "Doku",
            "Vladimir Aleksić",
            "Eibek"
        ],
        "orig_title": "Incoming",
        "status": " Released",
        "orig_lang": " English",
        "budget_x": 112300000.0,
        "revenue": 486430114.2,
        "country": "US"
    },
    {
        "title": "White Girl",
        "date_x": "09/02/2016 ",
        "score": 57.0,
        "genre": [
            "Drama"
        ],
        "overview": "Summer, New York City. A college girl falls hard for a guy she just met. After a night of partying goes wrong, she goes to wild extremes to get him back.",
        "actors": [
            "Morgan Saylor",
            "Leah",
            "Brian Marc",
            "Blue",
            "Justin Bartha",
            "Kelly",
            "Chris Noth",
            "George",
            "Bobbi Salvör Menuez",
            "Katie",
            "Adrian Martinez",
            "Lloyd",
            "Anthony Ramos",
            "Kilo",
            "Ralph Rodriguez",
            "Nene",
            "Annabelle Dexter-Jones",
            "Alexa"
        ],
        "orig_title": "White Girl",
        "status": " Released",
        "orig_lang": " English",
        "budget_x": 700000.0,
        "revenue": 200242.0,
        "country": "US"
    },
    {
        "title": "The Runaways",
        "date_x": "07/15/2010 ",
        "score": 65.0,
        "genre": [
            "Music",
            "Drama",
            "History"
        ],
        "overview": "Joan Jett and Cherie Currie, two rebellious teenagers from Southern California, become the frontwomen for The Runaways -- the now-legendary group that paved the way for future generations of female rockers. Under the Svengali-like influence of impresario Kim Fowley, the band becomes a huge success.",
        "actors": [
            "Kristen Stewart",
            "Joan Jett",
            "Dakota Fanning",
            "Cherie Currie",
            "Scout Taylor-Compton",
            "Lita Ford",
            "Riley Keough",
            "Marie Currie",
            "Stella Maeve",
            "Sandy West",
            "Alia Shawkat",
            "Robin",
            "Keir O'Donnell",
            "Rodney Bingenheimer",
            "Michael Shannon",
            "Kim Fowley",
            "Johnny Lewis",
            "Scottie"
        ],
        "orig_title": "The Runaways",
        "status": " Released",
        "orig_lang": " English",
        "budget_x": 9500000.0,
        "revenue": 5278632.0,
        "country": "AU"
    },
    {
        "title": "The Order",
        "date_x": "02/19/2004 ",
        "score": 57.0,
        "genre": [
            "Drama",
            "Fantasy",
            "Horror",
            "Mystery",
            "Romance",
            "Thriller"
        ],
        "overview": "For centuries, a secret Order of priests has existed within the Church. A renegade priest, Father Alex Bernier, is sent to Rome to investigate the mysterious death of one of the Order's most revered members. Following a series of strangely similar killings, Bernier launches an investigation that forces him to confront unimaginable evil.",
        "actors": [
            "Heath Ledger",
            "Alex Bernier",
            "Shannyn Sossamon",
            "Mara Sinclair",
            "Benno Fürmann",
            "William Eden",
            "Mark Addy",
            "Thomas Garrett",
            "Peter Weller",
            "Driscoll",
            "Francesco Carnelutti",
            "Dominic",
            "Mattia Sbragia",
            "Apathetic Bishop",
            "Paola Emilia Villa",
            "Sister Marie",
            "Giulia Lombardi",
            "Little Girl"
        ],
        "orig_title": "The Order",
        "status": " Released",
        "orig_lang": " English",
        "budget_x": 35000000.0,
        "revenue": 11559747.0,
        "country": "AU"
    },
    {
        "title": "I Origins",
        "date_x": "09/15/2014 ",
        "score": 76.0,
        "genre": [
            "Science Fiction",
            "Drama"
        ],
        "overview": "A molecular biologist's study of the human eye has far-reaching implications about humanity's scientific and spiritual beliefs.",
        "actors": [
            "Michael Pitt",
            "Ian Gray",
            "Brit Marling",
            "Karen",
            "Astrid Bergès-Frisbey",
            "Sofi",
            "Steven Yeun",
            "Kenny",
            "Archie Panjabi",
            "Priya Varma",
            "Cara Seymour",
            "Dr. Jane Simmons",
            "Venida Evans",
            "Margaret Dairy",
            "William Mapother",
            "Darryl Mackenzie",
            "Kashish",
            "Salomina"
        ],
        "orig_title": "I Origins",
        "status": " Released",
        "orig_lang": " English",
        "budget_x": 1000000.0,
        "revenue": 852399.0,
        "country": "AU"
    },
    {
        "title": "The Artist",
        "date_x": "12/09/2011 ",
        "score": 74.0,
        "genre": [
            "Drama",
            "Comedy",
            "Romance"
        ],
        "overview": "Hollywood, 1927: As silent movie star George Valentin wonders if the arrival of talking pictures will cause him to fade into oblivion, he sparks with Peppy Miller, a young dancer set for a big break.",
        "actors": [
            "Jean Dujardin",
            "George Valentin",
            "Bérénice Bejo",
            "Peppy Miller",
            "John Goodman",
            "Al Zimmer",
            "James Cromwell",
            "Clifton",
            "Penelope Ann Miller",
            "Doris",
            "Missi Pyle",
            "Constance",
            "Beth Grant",
            "Peppy's Maid",
            "Ed Lauter",
            "Peppy's Butler",
            "Joel Murray",
            "Policeman Fire"
        ],
        "orig_title": "The Artist",
        "status": " Released",
        "orig_lang": " French",
        "budget_x": 16000000.0,
        "revenue": 128100584.0,
        "country": "AU"
    },
    {
        "title": "Toys of Terror",
        "date_x": "10/18/2020 ",
        "score": 61.0,
        "genre": [
            "Horror"
        ],
        "overview": "A big family moves into a dusty old house in the snowy woods of Washington with hopes of it being a nice holiday escape. But the kids soon discover a stash of old toys that just so happen to belong to a creepy ghost boy. As stranger and stranger things start to happen, some of the kids begin to sense that something in the house is not quite right…",
        "actors": [
            "Kyana Teresa",
            "Hannah",
            "Georgia Waters",
            "Rose",
            "Dayo Ade",
            "David",
            "Saul Elias",
            "Franklin",
            "Zoe Fish",
            "Zoe",
            "Verity Marks",
            "Alicia",
            "Ernie Pitts",
            "Emmett",
            "Lauren Mary Marshall",
            "Mrs. Modig",
            "Muriel Hogue",
            "Nurse"
        ],
        "orig_title": "Toys of Terror",
        "status": " Released",
        "orig_lang": " English",
        "budget_x": 146500000.0,
        "revenue": 321770184.6,
        "country": "US"
    },
    {
        "title": "Intolerable Cruelty",
        "date_x": "09/02/2003 ",
        "score": 59.0,
        "genre": [
            "Crime",
            "Comedy",
            "Romance"
        ],
        "overview": "A revenge-seeking gold digger marries a womanizing Beverly Hills lawyer with the intention of making a killing in the divorce.",
        "actors": [
            "George Clooney",
            "Miles Massey",
            "Catherine Zeta-Jones",
            "Marilyn Rexroth",
            "Edward Herrmann",
            "Rex Rexroth",
            "Geoffrey Rush",
            "Donovan Donaly",
            "Richard Jenkins",
            "Freddy Bender",
            "Billy Bob Thornton",
            "Howard D. Doyle",
            "Stacey Travis",
            "Bonnie Donaly",
            "Cedric the Entertainer",
            "Gus Petch",
            "Paul Adelstein",
            "Wrigley"
        ],
        "orig_title": "Intolerable Cruelty",
        "status": " Released",
        "orig_lang": " English",
        "budget_x": 60000000.0,
        "revenue": 121327628.0,
        "country": "US"
    },
    {
        "title": "Le Gendarme de Saint-Tropez",
        "date_x": "09/09/1964 ",
        "score": 71.0,
        "genre": [
            "Comedy"
        ],
        "overview": "The ambitious police officer Cruchot is transferred to St. Tropez. He's struggling with crimes such as persistent nude swimming, but even more with his teenage daughter, who's trying to impress her rich friends by telling them her father was a millionaire and owned a yacht in the harbor.",
        "actors": [
            "Louis de Funès",
            "Ludovic Cruchot",
            "Geneviève Grad",
            "Nicole Cruchot",
            "Michel Galabru",
            "Jérôme Gerber",
            "Daniel Cauchy",
            "Richard",
            "Maria Pacôme",
            "Émilie Lareine-Leroy",
            "Claude Piéplu",
            "André-Hugues Boiselier",
            "Madeleine Delavaivre",
            "Woman on holiday",
            "Gabriele Tinti",
            "Henchman of Mr. Harpers",
            "Michelle Wargnier",
            ""
        ],
        "orig_title": "Le Gendarme de Saint-Tropez",
        "status": " Released",
        "orig_lang": " French",
        "budget_x": 105200000.0,
        "revenue": 558301701.8,
        "country": "FR"
    },
    {
        "title": "Golden Job",
        "date_x": "09/20/2018 ",
        "score": 65.0,
        "genre": [
            "Action",
            "Adventure",
            "Crime"
        ],
        "overview": "A group of former mercenaries reunite to plan an epic heist: boosting a truck full of medicine held by a foreign intelligence agency to supply a refugee camp in need. But when they find the truck is actually filled with stolen gold, the band of brothers realize they’ve been double-crossed by one of their own - and putting the situation right will be all out war.",
        "actors": [
            "Ekin Cheng",
            "Lion",
            "Jordan Chan",
            "Crater",
            "Michael Tse",
            "Bill",
            "Chin Ka-Lok",
            "Dan Ding",
            "Jerry Lamb Hiu-Fung",
            "Mouse",
            "Charmaine Sheh",
            "Dr. Zoe Chow",
            "Eric Tsang",
            "Papa",
            "Sergej Onopko",
            "Rick Rice",
            "Yasuaki Kurata",
            ""
        ],
        "orig_title": " 黃金兄弟",
        "status": " Released",
        "orig_lang": " Cantonese",
        "budget_x": 149000000.0,
        "revenue": 251276175.0,
        "country": "HK"
    },
    {
        "title": "Laruan",
        "date_x": "12/16/2022 ",
        "score": 47.0,
        "genre": [
            "Drama"
        ],
        "overview": "Thea, Rene’s wife, always invites her other man, Geoff, over dinner for them to make out in the house. But when a new woman, Camille, enters the picture, Thea’s wild and crazy gameplay changes.",
        "actors": [
            "Franki Russell",
            "",
            "Kiko Estrada",
            "",
            "Jay Manalo",
            "",
            "Ava Mendez",
            ""
        ],
        "orig_title": "Laruan",
        "status": " Released",
        "orig_lang": " Tagalog",
        "budget_x": 167000000.0,
        "revenue": 660864312.8,
        "country": "PH"
    },
    {
        "title": "*batteries not included",
        "date_x": "03/31/1988 ",
        "score": 67.0,
        "genre": [
            "Science Fiction",
            "Comedy",
            "Family",
            "Fantasy"
        ],
        "overview": "In a soon to be demolished block of apartments, the residents resist the criminal methods used to force them to leave so a greedy tycoon can build his new skyscraper. When tiny mechanical aliens land for a recharge, they decide to stay and help out.",
        "actors": [
            "Hume Cronyn",
            "Frank Riley",
            "Jessica Tandy",
            "Faye Riley",
            "Frank McRae",
            "Harry Noble",
            "Elizabeth Peña",
            "Marisa Esteval",
            "Michael Carmine",
            "Carlos",
            "Dennis Boutsikaris",
            "Mason Baylor",
            "Tom Aldredge",
            "Sid Hogenson",
            "Jane Hoffman",
            "Muriel Hogenson",
            "John DiSanti",
            "Gus"
        ],
        "orig_title": "*batteries not included",
        "status": " Released",
        "orig_lang": " English",
        "budget_x": 25000000.0,
        "revenue": 65088797.0,
        "country": "AU"
    },
    {
        "title": "StreetDance 2",
        "date_x": "03/30/2012 ",
        "score": 62.0,
        "genre": [
            "Music",
            "Romance",
            "Drama"
        ],
        "overview": "After suffering humiliation by the crew Invincible, street dancer Ash looks to gather the best dancers from around the world for a rematch.",
        "actors": [
            "Falk Hentschel",
            "Ash",
            "Sofia Boutella",
            "Eva",
            "George Sampson",
            "Eddie",
            "Stephanie Nguyen",
            "",
            "Delphine Nguyen",
            "",
            "Niek Traa",
            "",
            "Elisabetta Di Carlo",
            "",
            "Samuel Revell",
            "",
            "Kaito Masai",
            ""
        ],
        "orig_title": "StreetDance 2",
        "status": " Released",
        "orig_lang": " English",
        "budget_x": 126800000.0,
        "revenue": 556502850.0,
        "country": "GB"
    },
    {
        "title": "Good Luck Chuck",
        "date_x": "10/25/2007 ",
        "score": 59.0,
        "genre": [
            "Comedy",
            "Romance"
        ],
        "overview": "Cursed since childhood, dentist Charlie Logan cannot find the right woman. Even worse, he learns that each of his ex-girlfriends finds true love with the man she meets after her relationship with him ends. Hearing of Charlie's reputation as a good-luck charm, women from all over line up for a quick tryst. But when Charlie meets the woman of his dreams, he must find a way to break the curse or risk losing her to the next man she meets.",
        "actors": [
            "Dane Cook",
            "Dr. Charlie Logan",
            "Jessica Alba",
            "Cam Wexler",
            "Dan Fogler",
            "Dr. Stu Kaminsky",
            "Ellia English",
            "Reba",
            "Lonny Ross",
            "Joe",
            "Troy Gentile",
            "Young Stu",
            "Chelan Simmons",
            "Carol",
            "Mackenzie Mowat",
            "Birthday Girl",
            "Sasha Pieterse",
            "Goth Girl"
        ],
        "orig_title": "Good Luck Chuck",
        "status": " Released",
        "orig_lang": " English",
        "budget_x": 25000000.0,
        "revenue": 60709968.0,
        "country": "AU"
    },
    {
        "title": "Torrente, the Dumb Arm of the Law",
        "date_x": "03/13/1998 ",
        "score": 64.0,
        "genre": [
            "Comedy",
            "Crime"
        ],
        "overview": "Torrente, The Stupid Arm of The Law by Santiago Segura stars Javier Cámara as a corrupt, poor, delusional, sexist, egocentric, drunk and right-winged Madrid cop named Torrente. This over the top comedy shows Torrente on his search for heroin drug dealers and the outrageous characters he passes on his way. A cult film and one of the funniest Spanish films was the most successful box-office film.",
        "actors": [
            "Santiago Segura",
            "José Luis Torrente",
            "Javier Cámara",
            "Rafi",
            "Neus Asensi",
            "Amparito",
            "Chus Lampreave",
            "Reme",
            "Tony Leblanc",
            "Felipe Torrente",
            "Jimmy Barnatán",
            "Toneti",
            "Darío Paso",
            "Bombilla",
            "Cañita Brava",
            "Antoñito",
            "Manuel Manquiña",
            "Francés"
        ],
        "orig_title": " Torrente, el brazo tonto de la ley",
        "status": " Released",
        "orig_lang": " Spanish, Castilian",
        "budget_x": 92000000.0,
        "revenue": 379803427.4,
        "country": "ES"
    },
    {
        "title": "Awake",
        "date_x": "11/30/2007 ",
        "score": 65.0,
        "genre": [
            "Thriller",
            "Crime",
            "Mystery"
        ],
        "overview": "While undergoing heart surgery, a man experiences a phenomenon called ‘anesthetic awareness’, which leaves him awake but paralyzed throughout the operation. As various obstacles present themselves, his wife must make life-altering decisions while wrestling with her own personal drama.",
        "actors": [
            "Hayden Christensen",
            "Clay Beresford",
            "Jessica Alba",
            "Sam Lockwood",
            "Terrence Howard",
            "Dr. Jack Harper",
            "Lena Olin",
            "Lilith Beresford",
            "Christopher McDonald",
            "Dr. Larry Lupin",
            "Sam Robards",
            "Clayton Beresford Sr.",
            "Arliss Howard",
            "Dr. Jonathan Neyer",
            "Fisher Stevens",
            "Dr. Puttnam",
            "Georgina Chapman",
            "Penny Carver"
        ],
        "orig_title": "Awake",
        "status": " Released",
        "orig_lang": " English",
        "budget_x": 8600000.0,
        "revenue": 32968648.0,
        "country": "US"
    },
    {
        "title": "White Boy Rick",
        "date_x": "09/14/2018 ",
        "score": 63.0,
        "genre": [
            "Crime",
            "Drama"
        ],
        "overview": "The story of a teenager, Richard Wershe Jr., who became an undercover informant for the police during the 1980s and was ultimately arrested for drug-trafficking and sentenced to life in prison.",
        "actors": [
            "Richie Merritt",
            "Ricky Wershe Jr.",
            "Matthew McConaughey",
            "Richard Wershe Sr.",
            "Jennifer Jason Leigh",
            "Alex Snyder",
            "Bel Powley",
            "Dawn Wershe",
            "RJ Cyler",
            "Rudell Boo Curry",
            "Rory Cochrane",
            "Agent Byrd",
            "Eddie Marsan",
            "Art Derrick",
            "Bruce Dern",
            "Grandpa Roman Wershe",
            "Piper Laurie",
            "Grandma Verna Wershe"
        ],
        "orig_title": "White Boy Rick",
        "status": " Released",
        "orig_lang": " English",
        "budget_x": 30000000.0,
        "revenue": 25947983.0,
        "country": "US"
    },
    {
        "title": "Sunshine",
        "date_x": "04/12/2007 ",
        "score": 70.0,
        "genre": [
            "Science Fiction",
            "Thriller"
        ],
        "overview": "Fifty years into the future, the sun is dying, and Earth is threatened by arctic temperatures. A team of astronauts is sent to revive the Sun — but the mission fails. Seven years later, a new team is sent to finish the mission as mankind’s last hope.",
        "actors": [
            "Cillian Murphy",
            "Capa",
            "Rose Byrne",
            "Cassie",
            "Chris Evans",
            "Mace",
            "Michelle Yeoh",
            "Corazon",
            "Cliff Curtis",
            "Searle",
            "Hiroyuki Sanada",
            "Kaneda",
            "Troy Garity",
            "Harvey",
            "Benedict Wong",
            "Trey",
            "Mark Strong",
            "Pinbacker"
        ],
        "orig_title": "Sunshine",
        "status": " Released",
        "orig_lang": " English",
        "budget_x": 40000000.0,
        "revenue": 32030610.0,
        "country": "AU"
    },
    {
        "title": "Playing with Love",
        "date_x": "05/17/1977 ",
        "score": 52.0,
        "genre": [
            "Drama"
        ],
        "overview": "Laura and Fabrizio have been meeting every summer in the forest by her parent's summer home. Fabrizio is a solitary boy with only his dog for company; Laura a sweet but unconfident child. This summer new aspects enter into their story as both are growing up. Laura is falling in love with Fabrizio, while he displays a new sexual awareness of her masked by his malice. Things develop further when they meet Sylvia who, unlike the innocent Laura, is confident and assertive. Fabrizio develops a fascination with her, eventually bribing Laura to fetch her to the forest to join them in play.",
        "actors": [
            "Lara Wendel",
            "Laura",
            "Éva Ionesco",
            "Silvia",
            "Martin Loeb",
            "Fabrizio",
            "Xylot",
            "Iro - the dog"
        ],
        "orig_title": " Maladolescenza",
        "status": " Released",
        "orig_lang": " Italian",
        "budget_x": 111940000.0,
        "revenue": 638332462.6,
        "country": "IT"
    }
]