[
    {
        "title": "The Scorpion King",
        "date_x": "04/18/2002 ",
        "score": 56.0,
        "genre": [
            "Action",
            "Adventure",
            "Fantasy"
        ],
        "overview": "In ancient Egypt, peasant Mathayus is hired to exact revenge on the powerful Memnon and the sorceress Cassandra, who are ready to overtake Balthazar's village. Amid betrayals, thieves, abductions and more, Mathayus strives to bring justice to his complicated world.",
        "actors": [
            "Dwayne Johnson",
            "Mathayus / The Scorpion King",
            "Steven Brand",
            "Memnon",
            "Michael Clarke Duncan",
            "Balthazar",
            "Kelly Hu",
            "Cassandra",
            "Bernard Hill",
            "Philos",
            "Grant Heslov",
            "Arpid",
            "Peter Facinelli",
            "Takmet",
            "Ralf Moeller",
            "Thorak",
            "Branscombe Richmond",
            "Jesup"
        ],
        "orig_title": "The Scorpion King",
        "status": " Released",
        "orig_lang": " English",
        "budget_x": 60000000.0,
        "revenue": 165890634.0,
        "country": "AU"
    },
    {
        "title": "Big Momma's House 2",
        "date_x": "01/26/2006 ",
        "score": 58.0,
        "genre": [
            "Comedy",
            "Crime"
        ],
        "overview": "FBI agent Malcolm Turner goes back undercover as Big Momma, a slick-talking, slam-dunking Southern granny with attitude to spare! Now this granny must play nanny to three dysfunctional upper class kids in order to spy on their computer hacked dad.",
        "actors": [
            "Martin Lawrence",
            "Malcolm Turner / Big Momma",
            "Marisol Nichols",
            "Liliana Morales",
            "Kevin Durand",
            "Oshima",
            "Dan Lauria",
            "Crawford",
            "Kat Dennings",
            "Molly Fuller",
            "Josh Flitter",
            "Stewart",
            "Zachary Levi",
            "Kevin Keneally",
            "Jascha Washington",
            "Trent",
            "Jeanene Fox",
            "Yasmeen"
        ],
        "orig_title": "Big Momma's House 2",
        "status": " Released",
        "orig_lang": " English",
        "budget_x": 40000000.0,
        "revenue": 137047376.0,
        "country": "AU"
    },
    {
        "title": "12 Hour Shift",
        "date_x": "10/02/2020 ",
        "score": 54.0,
        "genre": [
            "Thriller",
            "Horror",
            "Comedy",
            "Crime"
        ],
        "overview": "It's 1999 and over the course of one 12-hour shift at an Arkansas hospital, a junkie nurse, her scheming cousin and a group of black market organ-trading criminals start a heist that could lead to their collective demise.",
        "actors": [
            "Angela Bettis",
            "Mandy",
            "David Arquette",
            "Jefferson",
            "Chloe Farnworth",
            "Regina",
            "Mick Foley",
            "Nicholas",
            "Kit Williamson",
            "Officer Meyers",
            "Nikea Gamby-Turner",
            "Karen",
            "Tara Perry",
            "Dorothy",
            "Brooke Seguin",
            "Janet",
            "Dusty Warren",
            "Mikey"
        ],
        "orig_title": "12 Hour Shift",
        "status": " Released",
        "orig_lang": " English",
        "budget_x": 115400000.0,
        "revenue": 825272362.4,
        "country": "US"
    },
    {
        "title": "Time Is Up",
        "date_x": "09/09/2021 ",
        "score": 64.0,
        "genre": [
            "Romance",
            "Drama"
        ],
        "overview": "Vivien, an accomplished student with a passion for physics, and Roy, a troubled young man, are involved in an accident that forces them to reclaim their lives one minute at the time.",
        "actors": [
            "Bella Thorne",
            "Vivien",
            "Benjamin Mascolo",
            "Roy",
            "Sebastiano Pigazzi",
            "Steve",
            "Bonnie Baddoo",
            "Christine",
            "Giampiero Judica",
            "Neil",
            "Robert Davide",
            "Bryan",
            "Nikolay Moss",
            "Dylan",
            "Emma Lo Bianco",
            "Sarah",
            "Linda Zampaglione",
            "April"
        ],
        "orig_title": "Time Is Up",
        "status": " Released",
        "orig_lang": " English",
        "budget_x": 102000000.0,
        "revenue": 254278668.2,
        "country": "US"
    },
    {
        "title": "No Escape",
        "date_x": "11/05/2015 ",
        "score": 69.0,
        "genre": [
            "Thriller"
        ],
        "overview": "In their new overseas home, an American family soon finds themselves caught in the middle of a coup, and they frantically look for a safe escape in an environment where foreigners are being immediately executed.",
        "actors": [
            "Owen Wilson",
            "Jack Dwyer",
            "Lake Bell",
            "Annie Dwyer",
            "Pierce Brosnan",
            "Hammond",
            "Sterling Jerins",
            "Lucy Dwyer",
            "Claire Geare",
            "Beeze Dwyer",
            "Spencer Garrett",
            "Recruiter",
            "Sahajak Boonthanakit",
            "Kenny Rogers",
            "Tanapol Chuksrida",
            "Krit",
            "Nophand Boonyai",
            "Concierge"
        ],
        "orig_title": "No Escape",
        "status": " Released",
        "orig_lang": " English",
        "budget_x": 5000000.0,
        "revenue": 42844516.0,
        "country": "AU"
    },
    {
        "title": "Happy Death Day",
        "date_x": "01/17/2018 ",
        "score": 66.0,
        "genre": [
            "Horror",
            "Mystery",
            "Comedy"
        ],
        "overview": "Caught in a bizarre and terrifying time warp, college student Tree finds herself repeatedly reliving the day of her murder, ultimately realizing that she must identify the killer and the reason for her death before her chances of survival run out.",
        "actors": [
            "Jessica Rothe",
            "Theresa ‘Tree’ Gelbman",
            "Israel Broussard",
            "Carter Davis",
            "Ruby Modine",
            "Lori Spengler",
            "Rachel Matthews",
            "Danielle Bouseman",
            "Billy Slaughter",
            "Dr. Winter",
            "Charles Aitken",
            "Gregory Butler",
            "Jimmy Gonzales",
            "Police Officer",
            "Jason Bayle",
            "David Gelbman",
            "Rob Mello",
            "John Tombs"
        ],
        "orig_title": "Happy Death Day",
        "status": " Released",
        "orig_lang": " English",
        "budget_x": 5000000.0,
        "revenue": 125010260.0,
        "country": "AU"
    },
    {
        "title": "Super Mario Bros. Mix",
        "date_x": "09/08/2009 ",
        "score": 0.0,
        "genre": [
            ""
        ],
        "overview": "Mario Bros. Mix is a DVD with episodes from The Super Mario Bros. Super Show!, The Adventures of Super Mario Bros. 3, and Super Mario World.",
        "actors": [
            ""
        ],
        "orig_title": "Super Mario Bros. Mix",
        "status": " Released",
        "orig_lang": " English",
        "budget_x": 167540000.0,
        "revenue": 175269998.8,
        "country": "US"
    },
    {
        "title": "Shallow Hal",
        "date_x": "01/01/2002 ",
        "score": 62.0,
        "genre": [
            "Comedy",
            "Romance"
        ],
        "overview": "After taking his dying father's advice, Hal dates only the embodiments of female physical perfection. But that all changes after Hal has an unexpected run-in with self-help guru Tony Robbins. Intrigued by Hal's shallowness, Robbins hypnotizes him into seeing the beauty that exists even in the least physically appealing women. Hal soon falls for Rosemary, but he doesn't realize that his gorgeous girlfriend is actually a 300-pound-not-so-hottie.",
        "actors": [
            "Gwyneth Paltrow",
            "Rosemary",
            "Jack Black",
            "Hal",
            "Jason Alexander",
            "Mauricio",
            "Joe Viterelli",
            "Steve Shanahan",
            "Rene Kirby",
            "Walt",
            "Bruce McGill",
            "Reverend Larson",
            "Tony Robbins",
            "Tony Robbins",
            "Susan Ward",
            "Jill",
            "Zen Gesner",
            "Ralph"
        ],
        "orig_title": "Shallow Hal",
        "status": " Released",
        "orig_lang": " English",
        "budget_x": 40000000.0,
        "revenue": 70836296.0,
        "country": "AU"
    },
    {
        "title": "Wonder Park",
        "date_x": "04/04/2019 ",
        "score": 65.0,
        "genre": [
            "Comedy",
            "Animation",
            "Adventure",
            "Family",
            "Fantasy"
        ],
        "overview": "A young girl named June with a big imagination makes an incredible discovery -- the amusement park of her dreams has come to life. Filled with the world's wildest rides operated by fun-loving animals, the excitement never ends. But when trouble hits, June and her misfit team of furry friends begin an unforgettable journey to save the park.",
        "actors": [
            "Jennifer Garner",
            "June's Mom (voice)",
            "Matthew Broderick",
            "June's Dad (voice)",
            "John Oliver",
            "Steve (voice)",
            "Mila Kunis",
            "Greta (voice)",
            "Kenan Thompson",
            "Gus (voice)",
            "Ken Jeong",
            "Cooper (voice)",
            "Norbert Leo Butz",
            "Peanut (voice)",
            "Brianna Denski",
            "June (voice)",
            "Ken Hudson Campbell",
            "Boomer (voice)"
        ],
        "orig_title": "Wonder Park",
        "status": " Released",
        "orig_lang": " English",
        "budget_x": 100000000.0,
        "revenue": 115103325.0,
        "country": "AU"
    },
    {
        "title": "12 Years a Slave",
        "date_x": "01/30/2014 ",
        "score": 79.0,
        "genre": [
            "Drama",
            "History"
        ],
        "overview": "In the pre-Civil War United States, Solomon Northup, a free black man from upstate New York, is abducted and sold into slavery. Facing cruelty as well as unexpected kindnesses Solomon struggles not only to stay alive, but to retain his dignity. In the twelfth year of his unforgettable odyssey, Solomon’s chance meeting with a Canadian abolitionist will forever alter his life.",
        "actors": [
            "Chiwetel Ejiofor",
            "Solomon Northup",
            "Michael Fassbender",
            "Edwin Epps",
            "Lupita Nyong'o",
            "Patsey",
            "Benedict Cumberbatch",
            "William Ford",
            "Paul Dano",
            "John Tibeats",
            "Sarah Paulson",
            "Mary Epps",
            "Adepero Oduye",
            "Eliza",
            "Scoot McNairy",
            "Brown",
            "Paul Giamatti",
            "Theophilus Freeman"
        ],
        "orig_title": "12 Years a Slave",
        "status": " Released",
        "orig_lang": " English",
        "budget_x": 20000000.0,
        "revenue": 180765061.0,
        "country": "AU"
    },
    {
        "title": "Quest for Camelot",
        "date_x": "09/17/1998 ",
        "score": 69.0,
        "genre": [
            "Fantasy",
            "Animation",
            "Drama",
            "Romance",
            "Family"
        ],
        "overview": "During the times of King Arthur, Kayley is a brave girl who dreams of following her late father as a Knight of the Round Table. The evil Ruber wants to invade Camelot and take the throne of King Arthur, and Kayley has to stop him.",
        "actors": [
            "Jessalyn Gilsig",
            "Kayley (voice)",
            "Andrea Corr",
            "Kayley (singing voice)",
            "Cary Elwes",
            "Garrett (voice)",
            "Bryan White",
            "Garrett (singing voice)",
            "Gary Oldman",
            "Ruber (voice)",
            "Eric Idle",
            "Devon (voice)",
            "Don Rickles",
            "Cornwall (voice)",
            "Jane Seymour",
            "Juliana (voice)",
            "Céline Dion",
            "Juliana (singing voice)"
        ],
        "orig_title": "Quest for Camelot",
        "status": " Released",
        "orig_lang": " English",
        "budget_x": 40000000.0,
        "revenue": 38172500.0,
        "country": "AU"
    },
    {
        "title": "Stan Helsing",
        "date_x": "02/10/2010 ",
        "score": 42.0,
        "genre": [
            "Comedy"
        ],
        "overview": "It's Halloween night and video store clerk Stan Helsing just got stuck with a last minute request to deliver some videos. With his best friend, his best friend's date, and a smoking hot ex-girlfriend waiting to go to a party, Stan convinces them to take a side trip to Stormy Night Estates for the drop. But the group gets locked inside and Stan discovers he's actually Stan Van Helsing, descendan",
        "actors": [
            "Steve Howey",
            "Stan Helsing",
            "Diora Baird",
            "Nadine",
            "Leslie Nielsen",
            "Kay",
            "Kenan Thompson",
            "Teddy",
            "Tara Wilson",
            "Screaming Woman",
            "Ben Cotton",
            "Fweddy",
            "Ildiko Ferenczi",
            "Bride of Dracula",
            "Desi Lydic",
            "Mia",
            "Elysia Rotaru",
            "Sexy Employee"
        ],
        "orig_title": "Stan Helsing",
        "status": " Released",
        "orig_lang": " English",
        "budget_x": 365000.0,
        "revenue": 1400000.0,
        "country": "AU"
    },
    {
        "title": "The Naked Gun 2½: The Smell of Fear",
        "date_x": "09/12/1991 ",
        "score": 68.0,
        "genre": [
            "Comedy",
            "Crime"
        ],
        "overview": "Bumbling lieutenant Frank Drebin is out to foil the big boys in the energy industry, who intend to suppress technology that will put them out of business.",
        "actors": [
            "Leslie Nielsen",
            "Frank Drebin",
            "Priscilla Presley",
            "Jane Spencer",
            "George Kennedy",
            "Captain Ed Hocken",
            "O.J. Simpson",
            "Nordberg",
            "Robert Goulet",
            "Quentin Hapsburg",
            "Richard Griffiths",
            "Dr. Meinheimer / Earl Hacker",
            "Jacqueline Brookes",
            "Commissioner Brumford",
            "Anthony James",
            "Hector Savage",
            "Lloyd Bochner",
            "Baggett"
        ],
        "orig_title": "The Naked Gun 2½: The Smell of Fear",
        "status": " Released",
        "orig_lang": " English",
        "budget_x": 23000000.0,
        "revenue": 86930411.0,
        "country": "AU"
    },
    {
        "title": "Batman: Under the Red Hood",
        "date_x": "07/27/2010 ",
        "score": 78.0,
        "genre": [
            "Science Fiction",
            "Crime",
            "Action",
            "Animation",
            "Mystery"
        ],
        "overview": "One part vigilante, one part criminal kingpin, Red Hood begins cleaning up Gotham with the efficiency of Batman, but without following the same ethical code.",
        "actors": [
            "Bruce Greenwood",
            "Bruce Wayne / Batman (voice)",
            "Jensen Ackles",
            "Jason Todd / Red Hood (voice)",
            "Neil Patrick Harris",
            "Dick Grayson / Nightwing (voice)",
            "Jason Isaacs",
            "Ra's al Ghul (voice)",
            "John DiMaggio",
            "Joker (voice)",
            "Wade Williams",
            "Black Mask (voice)",
            "Carlos Alazraqui",
            "Chi Chi / Thug #1 / Baton (voice)",
            "Robert Clotworthy",
            "Leon / Thug (voice)",
            "Gary Cole",
            "Bobo / Commissioner Gordon / Shot / Guard (voice)"
        ],
        "orig_title": "Batman: Under the Red Hood",
        "status": " Released",
        "orig_lang": " English",
        "budget_x": 25911149.2,
        "revenue": 6629178.0,
        "country": "AU"
    },
    {
        "title": "Temptation of Aunt 2",
        "date_x": "07/05/2019 ",
        "score": 53.0,
        "genre": [
            "Drama"
        ],
        "overview": "Se-min lives alone. He was having a good time with his girlfriend, Mi-ho, when they suddenly feel someone's eyes on them and turn around to see a woman looking at them with a blank face.  It turns out the woman is Se-min's mother's friend, Ji-hye. She's packed up her things from abroad and moved back to Korea very suddenly. She'd called her childhood friend, Se-min's mother, and they decided she would live with Se-min for 3 days. Mi-ho is angry about Ji-hye.  She tells Se-min to make her leave, but he can't do that and Mi-ho leaves angrily. Se-min and Ji-hye are living together for 3 days. Ji-hye comforts Se-min with some drinks, but he blacks out, only to wake up the next day and retrace his memory to the hot night they had.",
        "actors": [
            "Shin Yeon-woo",
            "",
            "Kim Ji-ah",
            "",
            "Tae Kyung",
            "",
            "Lee Eun-mi",
            ""
        ],
        "orig_title": " 이모의 유혹 2",
        "status": " Released",
        "orig_lang": " Korean",
        "budget_x": 119600000.0,
        "revenue": 362461687.2,
        "country": "KR"
    },
    {
        "title": "Killer Elite",
        "date_x": "11/01/2011 ",
        "score": 63.0,
        "genre": [
            "Action",
            "Adventure",
            "Thriller"
        ],
        "overview": "Based on a shocking true story, Killer Elite pits two of the world’s most elite operatives—Danny, an ex-special ops agent and Hunter, his longtime mentor—against the cunning leader of a secret military society. Covering the globe from Australia to Paris, London and the Middle East, Danny and Hunter are plunged into a highly dangerous game of cat and mouse—where the predators become the prey.",
        "actors": [
            "Jason Statham",
            "Danny",
            "Clive Owen",
            "Spike",
            "Robert De Niro",
            "Hunter",
            "Dominic Purcell",
            "Davies",
            "Aden Young",
            "Meier",
            "Yvonne Strahovski",
            "Anne",
            "Ben Mendelsohn",
            "Martin",
            "Adewale Akinnuoye-Agbaje",
            "Agent",
            "David Whiteley",
            "M16 Man"
        ],
        "orig_title": "Killer Elite",
        "status": " Released",
        "orig_lang": " English",
        "budget_x": 70000000.0,
        "revenue": 65409046.0,
        "country": "AU"
    },
    {
        "title": "Near Dark",
        "date_x": "07/14/1988 ",
        "score": 69.0,
        "genre": [
            "Horror"
        ],
        "overview": "A farm boy reluctantly becomes a member of the undead when a girl he meets turns out to be part of a band of vampires who roam the highways in stolen cars.",
        "actors": [
            "Adrian Pasdar",
            "Caleb Colton",
            "Jenny Wright",
            "Mae",
            "Lance Henriksen",
            "Jesse Hooker",
            "Bill Paxton",
            "Severen",
            "Jenette Goldstein",
            "Diamondback",
            "Tim Thomerson",
            "Loy Colton",
            "Joshua John Miller",
            "Homer",
            "Marcie Leeds",
            "Sarah Colton",
            "James Le Gros",
            "Teenage Cowboy"
        ],
        "orig_title": "Near Dark",
        "status": " Released",
        "orig_lang": " English",
        "budget_x": 5000000.0,
        "revenue": 135943431.8,
        "country": "AU"
    },
    {
        "title": "Dragon Ball Z: The Fall of Men",
        "date_x": "10/13/2015 ",
        "score": 60.0,
        "genre": [
            "Action",
            "Adventure"
        ],
        "overview": "The World isn't like it's supposed to be. Something happened along the way. With these words TRUNKS reminds himself the arrival of CELL, the loss of his friends and his training for combat. While he knows he doesn't have any chance, he will try to make the difference and bring back the lost hope.",
        "actors": [
            "Benjamin Hubert",
            "Trunks",
            "Aurélie Dujarrier",
            "Bulma",
            "Christophe Perez",
            "Krillin",
            "Samuel Aldrich",
            "Tenshinhan",
            "Juliette Ceintre",
            "Chaozu",
            "Bastien Guio",
            "Dr. Brief",
            "Carole Labouze",
            "Luna",
            "Romain Lapierre",
            "Upa",
            "Michel Durand",
            "Cell"
        ],
        "orig_title": "Dragon Ball Z: The Fall of Men",
        "status": " Released",
        "orig_lang": " English",
        "budget_x": 9662.0,
        "revenue": 22840186.8,
        "country": "US"
    },
    {
        "title": "Her Blue Sky",
        "date_x": "10/11/2019 ",
        "score": 71.0,
        "genre": [
            "Animation",
            "Romance"
        ],
        "overview": "High school student Aoi Aioi lives with her elder sister, Akane, after a tragic accident took their parents away 13 years ago. Because Akane has since been taking care of her single-handedly, Aoi wants to move to Tokyo after her graduation to relieve her sister's burden and pursue a musical career, inspired by Akane's ex-boyfriend Shinnosuke \"Shinno\" Kanamuro. Shinno was part of a band until he left for Tokyo to become a professional guitarist after the sisters' parents passed away, and he was never to be seen again.",
        "actors": [
            "Ryo Yoshizawa",
            "Shinnosuke Kanamuro / Shinno (voice)",
            "Riho Yoshioka",
            "Akane Aioi (voice)",
            "Shion Wakayama",
            "Aoi Aioi (voice)",
            "Ken Matsudaira",
            "Dankichi Nitobe (voice)",
            "Fukushi Ochiai",
            "Masamichi Nakamura (voice)",
            "You Taichi",
            "Masatsugu Nakamura (voice)",
            "Atsumi Tanezaki",
            "Chika Ootaki (voice)",
            "Yuto Uemura",
            "Bamba (voice)",
            "Hiroyuki Yoshino",
            "Abo (voice)"
        ],
        "orig_title": " 空の青さを知る人よ",
        "status": " Released",
        "orig_lang": " Japanese",
        "budget_x": 29606012.8,
        "revenue": 4736031.0,
        "country": "JP"
    },
    {
        "title": "The Island of Giant Insects",
        "date_x": "01/10/2020 ",
        "score": 44.0,
        "genre": [
            "Animation",
            "Mystery",
            "Drama",
            "Horror",
            "Adventure"
        ],
        "overview": "After an airplane crash during a school trip, Oribe Mutsumi and her classmates were stranded on a seemingly deserted island. Mutsumi found the other survivors, and used her wilderness knowledge to help them. She expects that they will be rescued in about three days, which doesn't seem so long to endure. However, she didn't account for the fact that the island is populated with gigantic killer insects. Her knowledge of butterflies, wasps, and more may be the only thing that will help any of her classmates survive to be rescued!",
        "actors": [
            "Momo Asakura",
            "Mami Miura",
            "Takuya Eguchi",
            "Kazuhiko Kai",
            "Misato Fukuen",
            "Ayumi Matsuoka",
            "Mao Ichimichi",
            "Mutsumi Oribe",
            "Marina Inoue",
            "Inaho Enoki",
            "Wataru Komada",
            "Atsushi Kamijo",
            "Yurika Kubo",
            "Ai Ino",
            "Rika Tachibana",
            "Chitose Tachibana",
            "Chiaki Takahashi",
            "Misuzu Jinno"
        ],
        "orig_title": " 劇場版 巨蟲列島",
        "status": " Released",
        "orig_lang": " Japanese",
        "budget_x": 134300000.0,
        "revenue": 883363665.0,
        "country": "JP"
    },
    {
        "title": "Chevalier",
        "date_x": "04/21/2023 ",
        "score": 0.0,
        "genre": [
            "Drama",
            "History"
        ],
        "overview": "The illegitimate son of an African slave and a French plantation owner, Bologne rises to improbable heights in French society as a celebrated violinist-composer and fencer, complete with an ill-fated love affair and a falling out with Marie Antoinette and her court. Inspired by the incredible true story of composer Joseph Bologne, Chevalier de Saint-Georges.",
        "actors": [
            "Kelvin Harrison Jr.",
            "Chevalier",
            "Samara Weaving",
            "Marie-Josephine",
            "Lucy Boynton",
            "Marie Antoinette",
            "Alex Fitzalan",
            "Philippe",
            "Minnie Driver",
            "La Guimard",
            "Sian Clifford",
            "Madame de Genlis",
            "Marton Csokas",
            "Montalembert",
            "Alec Newman",
            "Poncet",
            "Ronkẹ Adékoluẹjo",
            "Nanon"
        ],
        "orig_title": "Chevalier",
        "status": " Released",
        "orig_lang": " English",
        "budget_x": 179600000.0,
        "revenue": 175269998.8,
        "country": "US"
    },
    {
        "title": "Secret Window",
        "date_x": "04/08/2004 ",
        "score": 66.0,
        "genre": [
            "Mystery",
            "Thriller"
        ],
        "overview": "Mort Rainey, a writer just emerging from a painful divorce with his ex-wife, is stalked at his remote lake house by a psychotic stranger and would-be scribe who claims Rainey swiped his best story idea. But as Rainey endeavors to prove his innocence, he begins to question his own sanity.",
        "actors": [
            "Johnny Depp",
            "Mort Rainey",
            "John Turturro",
            "John Shooter",
            "Maria Bello",
            "Amy Rainey",
            "Timothy Hutton",
            "Ted Milner",
            "Charles S. Dutton",
            "Ken Karsch",
            "Len Cariou",
            "Sheriff Dave Newsome",
            "Joan Heney",
            "Mrs. Garvey",
            "John Dunn-Hill",
            "Tom Greenleaf",
            "Vlasta Vrana",
            "Fire Chief Wickersham"
        ],
        "orig_title": "Secret Window",
        "status": " Released",
        "orig_lang": " English",
        "budget_x": 40000000.0,
        "revenue": 92110539.0,
        "country": "AU"
    },
    {
        "title": "Pokémon the Movie: The Power of Us",
        "date_x": "11/25/2018 ",
        "score": 71.0,
        "genre": [
            "Animation",
            "Family",
            "Adventure",
            "Fantasy"
        ],
        "overview": "A young athlete whose running days might be behind her, a compulsive liar, a shy researcher, a bitter old woman, and a little girl with a big secret—the only thing they have in common is the annual Wind Festival in Fula City.  The festival celebrates the Legendary Pokémon Lugia, who brings the wind that powers this seaside city. When a series of threats endangers not just the festival, but all the people and Pokémon of Fula City, it’ll take more than just Satoshi and Pikachu to save the day! Can everyone put aside their differences and work together—or will it all end in destruction?",
        "actors": [
            "Rica Matsumoto",
            "Satoshi (voice)",
            "Ikue Otani",
            "Pikachu (voice)",
            "Megumi Hayashibara",
            "Musashi (voice)",
            "Shin-ichiro Miki",
            "Kojiro (voice)",
            "Inuko Inuyama",
            "Nyarth (voice)",
            "Unsho Ishizuka",
            "Narrator (voice)",
            "Rina Kawaei",
            "Lisa (voice)",
            "Koji Ohkura",
            "Kagachi (voice)",
            "Gaku Hamada",
            "Torito (voice)"
        ],
        "orig_title": " 劇場版ポケットモンスター みんなの物語",
        "status": " Released",
        "orig_lang": " Japanese",
        "budget_x": 34757939.2,
        "revenue": 23740788.0,
        "country": "AU"
    },
    {
        "title": "Leprechaun 4: In Space",
        "date_x": "02/25/1997 ",
        "score": 46.0,
        "genre": [
            "Comedy",
            "Fantasy",
            "Horror",
            "Science Fiction"
        ],
        "overview": "On a planet in a distant galaxy, a power hungry Leprechaun, holds a beautiful alien princess hostage in order to marry her for her royal title. With her title and his beloved gold, he'll be able to rule the universe. While making his maniacal plans, what he doesn't count on is an invading platoon of marines from Earth, to save the princess and foil his plans. An accomplished trickster, the Leprechaun stows himself away on the orbiting spaceship and wreaks havoc on the crew in an attempt to recapture his bride.",
        "actors": [
            "Warwick Davis",
            "Leprechaun",
            "Brent Jasmer",
            "SSgt. Brooks Malloy",
            "Jessica Collins",
            "Dr. Tina Reeves",
            "Rebecca Carlton",
            "Princess Zarina",
            "Gary Grossman",
            "Harold",
            "Debbe Dunning",
            "Delores",
            "Rick Peters",
            "Mooch",
            "Geoff Meed",
            "Kowalski",
            "Tim Colceri",
            "Metal Head"
        ],
        "orig_title": "Leprechaun 4: In Space",
        "status": " Released",
        "orig_lang": " English",
        "budget_x": 152500000.0,
        "revenue": 894602091.2,
        "country": "US"
    },
    {
        "title": "Cruel Intentions",
        "date_x": "03/31/1999 ",
        "score": 68.0,
        "genre": [
            "Drama",
            "Romance"
        ],
        "overview": "Slaking a thirst for dangerous games, Kathryn challenges her stepbrother, Sebastian, to deflower their headmaster's daughter before the summer ends. If he succeeds, the prize is the chance to bed Kathryn. But if he loses, Kathryn will claim his most prized possession.",
        "actors": [
            "Sarah Michelle Gellar",
            "Kathryn Merteuil",
            "Ryan Phillippe",
            "Sebastian Valmont",
            "Reese Witherspoon",
            "Annette Hargrove",
            "Selma Blair",
            "Cecile Caldwell",
            "Louise Fletcher",
            "Helen Rosemond",
            "Joshua Jackson",
            "Blaine Tuttle",
            "Eric Mabius",
            "Greg McConnell",
            "Sean Patrick Thomas",
            "Ronald Clifford",
            "Swoosie Kurtz",
            "Dr.  Regina Greenbaum"
        ],
        "orig_title": "Cruel Intentions",
        "status": " Released",
        "orig_lang": " English",
        "budget_x": 11000000.0,
        "revenue": 76238901.0,
        "country": "AU"
    },
    {
        "title": "Stardust",
        "date_x": "10/19/2007 ",
        "score": 72.0,
        "genre": [
            "Adventure",
            "Fantasy",
            "Romance",
            "Family"
        ],
        "overview": "In a countryside town bordering on a magical land, a young man makes a promise to his beloved that he'll retrieve a fallen star by venturing into the magical realm. His journey takes him into a world beyond his wildest dreams and reveals his true identity.",
        "actors": [
            "Claire Danes",
            "Yvaine",
            "Charlie Cox",
            "Tristan Thorn",
            "Michelle Pfeiffer",
            "Lamia",
            "Robert De Niro",
            "Captain Shakespeare",
            "Sienna Miller",
            "Victoria",
            "Ricky Gervais",
            "Ferdy the Fence",
            "Jason Flemyng",
            "Primus",
            "Mark Strong",
            "Septimus",
            "Ian McKellen",
            "Narrator (voice)"
        ],
        "orig_title": "Stardust",
        "status": " Released",
        "orig_lang": " English",
        "budget_x": 70000000.0,
        "revenue": 137022245.0,
        "country": "AU"
    },
    {
        "title": "Oliver & Company",
        "date_x": "12/14/1989 ",
        "score": 67.0,
        "genre": [
            "Animation",
            "Comedy",
            "Family"
        ],
        "overview": "This animated take on Oliver Twist re-imagines Oliver as an adorable orphaned kitten who struggles to survive in New York City and falls in with a band of canine criminals led by an evil human. First, Oliver meets Dodger, a carefree mutt with street savoir faire. But when Oliver meets wealthy Jenny on one of the gang's thieving missions, his life changes forever.",
        "actors": [
            "Joey Lawrence",
            "Oliver (voice)",
            "Billy Joel",
            "Dodger (voice)",
            "Cheech Marin",
            "Tito (voice)",
            "Richard Mulligan",
            "Einstein (voice)",
            "Roscoe Lee Browne",
            "Francis (voice)",
            "Sheryl Lee Ralph",
            "Rita (voice)",
            "Dom DeLuise",
            "Fagin (voice)",
            "Taurean Blacque",
            "Roscoe (voice)",
            "Carl Weintraub",
            "Desoto (voice)"
        ],
        "orig_title": "Oliver & Company",
        "status": " Released",
        "orig_lang": " English",
        "budget_x": 31000000.0,
        "revenue": 74151346.0,
        "country": "AU"
    },
    {
        "title": "Escape from Mogadishu",
        "date_x": "03/17/2022 ",
        "score": 71.0,
        "genre": [
            "War",
            "Action",
            "Thriller",
            "Drama"
        ],
        "overview": "Diplomats from the North and South Korean embassies in Somalia attempt a daring joint escape from Mogadishu when the outbreak of civil war leaves them stranded.",
        "actors": [
            "Kim Yoon-seok",
            "Han Shin-seong",
            "Jo In-sung",
            "Kang Dae-jin",
            "Heo Joon-ho",
            "Lim Yong-soo",
            "Kim So-jin",
            "Kim Myeong-hee",
            "Jeong Man-sik",
            "Gong Soo-cheol",
            "Koo Kyo-hwan",
            "Tae Jun-ki",
            "Kim Jae-hwa",
            "Cho Su-jin",
            "Park Kyung-hye",
            "Paek Ji-eun",
            "Park Myung-shin",
            "Bae Young-sook"
        ],
        "orig_title": " 모가디슈",
        "status": " Released",
        "orig_lang": " Korean",
        "budget_x": 36647040.0,
        "revenue": 29855981.0,
        "country": "AU"
    },
    {
        "title": "Room Salon College Girls",
        "date_x": "03/29/2018 ",
        "score": 0.0,
        "genre": [
            "Romance"
        ],
        "overview": "Sexy female college students get part-time jobs at a room salon and provide very special services.",
        "actors": [
            "Kim Hee-jeong",
            "",
            "Yoon Da-hyun",
            "",
            "Choi Chul-min",
            ""
        ],
        "orig_title": " 룸싸롱 여대생들",
        "status": " Released",
        "orig_lang": " Korean",
        "budget_x": 181600000.0,
        "revenue": 175269998.8,
        "country": "KR"
    },
    {
        "title": "Freaks",
        "date_x": "09/13/2019 ",
        "score": 68.0,
        "genre": [
            "Science Fiction",
            "Thriller",
            "Drama",
            "Mystery"
        ],
        "overview": "Kept locked inside the house by her father, 7-year-old Chloe lives in fear and fascination of the outside world, where Abnormals create a constant threat—or so she believes. When a mysterious stranger offers her a glimpse of what's really happening outside, Chloe soon finds that while the truth isn't so simple, the danger is very real.",
        "actors": [
            "Emile Hirsch",
            "Dad",
            "Bruce Dern",
            "Mr. Snowcone",
            "Grace Park",
            "Agent Ray",
            "Amanda Crew",
            "Mary",
            "Lexy Kolker",
            "Chloe",
            "Ava Telek",
            "Harper Reed",
            "Michelle Harrison",
            "Nancy Reed",
            "Matty Finochio",
            "Steven Reed",
            "Aleks Paunovic",
            "Robert Kraigen"
        ],
        "orig_title": "Freaks",
        "status": " Released",
        "orig_lang": " English",
        "budget_x": 50648967.0,
        "revenue": 333593.0,
        "country": "US"
    },
    {
        "title": "End of Days",
        "date_x": "12/26/1999 ",
        "score": 60.0,
        "genre": [
            "Action",
            "Fantasy",
            "Horror",
            "Mystery"
        ],
        "overview": "On 28 December 1999, the citizens of New York City are getting ready for the turn of the millennium. However, Satan decides to crash the party by coming to the city  and searching for his chosen bride — a 20-year-old woman named Christine York. The world will end, and the only hope lies within an atheist named Jericho Cane.",
        "actors": [
            "Arnold Schwarzenegger",
            "Jericho Cane",
            "Gabriel Byrne",
            "The Man",
            "Robin Tunney",
            "Christine York",
            "Kevin Pollak",
            "Bobby Chicago",
            "CCH Pounder",
            "Detective Margie Francis",
            "Derrick O'Connor",
            "Thomas Aquinas",
            "David Weisenberg",
            "OB-GYN",
            "Rainer Judd",
            "Christine's Mother",
            "Miriam Margolyes",
            "Mabel"
        ],
        "orig_title": "End of Days",
        "status": " Released",
        "orig_lang": " English",
        "budget_x": 100000000.0,
        "revenue": 212026975.0,
        "country": "AU"
    },
    {
        "title": "Please Enlighten Me",
        "date_x": "02/03/2021 ",
        "score": 66.0,
        "genre": [
            "Romance"
        ],
        "overview": "A  story between Lin Zhi Xiao, a graduating student from the Conservatory of Music, and her father's attending physician Gu Wei. Fourth-year student Lin Zhi Xiao hits rock bottom right before her graduation. Her father is hospitalized due to cancer leaving her no choice but to give up the chance to work at a reputable company. She also bears the pain from a relationship that has ended. All her beautiful imaginations towards love and her future are shattered in an instant. Just then, her father's doctor Gu Wei walks into Lin Zhi Xiao's life. When love begins, people often don't know that it's love. Two people who have been hurt before and no longer believe in love start to get to know each other. There are uncertainties and setbacks, misunderstandings and downturns, but in the process of falling in love, they become more assured that they have found the person to whom they can entrust the rest of their lives.",
        "actors": [
            "Estelle Chen",
            "Lin Zhi Xiao",
            "Fangzhou Xu",
            "Gu Wei",
            "Ming Min",
            "Gu Xiao",
            "Wen Sheng",
            "Doctor Su",
            "Wang Pei Yi",
            "Gao Xi",
            "Man Ningxi",
            "Lin's mother"
        ],
        "orig_title": " 余生，请多指教",
        "status": " Released",
        "orig_lang": " Chinese",
        "budget_x": 53340523.8,
        "revenue": 359866643.6,
        "country": "CN"
    },
    {
        "title": "Superman Returns",
        "date_x": "06/29/2006 ",
        "score": 57.0,
        "genre": [
            "Science Fiction",
            "Action",
            "Adventure"
        ],
        "overview": "Superman returns to discover his 5-year absence has allowed Lex Luthor to walk free, and that those he was closest to felt abandoned and have moved on. Luthor plots his ultimate revenge that could see millions killed and change the face of the planet forever, as well as ridding himself of the Man of Steel.",
        "actors": [
            "Brandon Routh",
            "Superman / Clark Kent",
            "Kevin Spacey",
            "Lex Luthor",
            "Kate Bosworth",
            "Lois Lane",
            "James Marsden",
            "Richard White",
            "Parker Posey",
            "Kitty Kowalski",
            "Frank Langella",
            "Perry White",
            "Sam Huntington",
            "Jimmy Olsen",
            "Eva Marie Saint",
            "Martha Kent",
            "Marlon Brando",
            "Jor-El"
        ],
        "orig_title": "Superman Returns",
        "status": " Released",
        "orig_lang": " English",
        "budget_x": 232000000.0,
        "revenue": 391081192.0,
        "country": "AU"
    },
    {
        "title": "Bleach the Movie: Hell Verse",
        "date_x": "12/04/2010 ",
        "score": 75.0,
        "genre": [
            "Action",
            "Animation",
            "Fantasy",
            "Adventure"
        ],
        "overview": "Hell – A place where beings that have committed mortal sins during their lifetime are sent. It is a realm where even Soul Reapers are forbidden to interfere. When a group of vicious Sinners plot to escape from this eternal prison, they discover that Substitute Soul Reaper Ichigo Kurosaki is the key to their freedom.",
        "actors": [
            "Masakazu Morita",
            "Ichigo Kurosaki (voice)",
            "Fumiko Orikasa",
            "Rukia Kuchiki (voice)",
            "Noriaki Sugiyama",
            "Uryū Ishida (voice)",
            "Hiroki Yasumoto",
            "Yasutora \"Chad\" Sado (voice)",
            "Yuki Matsuoka",
            "Orihime Inoue (voice)",
            "Ryotaro Okiayu",
            "Byakuya Kuchiki (voice)",
            "Kentaro Ito",
            "Renji Abarai (voice)",
            "Masaaki Tsukada",
            "Shigekuni Yamamoto-Genryūsai (voice)",
            "Kazuya Nakai",
            "Kokuto (voice)"
        ],
        "orig_title": " 劇場版 BLEACH 地獄篇",
        "status": " Released",
        "orig_lang": " Japanese",
        "budget_x": 3865000.0,
        "revenue": 8749681.0,
        "country": "JP"
    },
    {
        "title": "Inside Man",
        "date_x": "03/30/2006 ",
        "score": 74.0,
        "genre": [
            "Crime",
            "Drama",
            "Thriller"
        ],
        "overview": "When an armed, masked gang enter a Manhattan bank, lock the doors and take hostages, the detective assigned to effect their release enters negotiations preoccupied with corruption charges he is facing.",
        "actors": [
            "Denzel Washington",
            "Detective Keith Frazier",
            "Clive Owen",
            "Dalton Russell",
            "Jodie Foster",
            "Madeleine White",
            "Christopher Plummer",
            "Arthur Case",
            "Willem Dafoe",
            "Captain John Darius",
            "Chiwetel Ejiofor",
            "Detective Bill Mitchell",
            "Carlos Andrés Gómez",
            "Steve",
            "Kim Director",
            "Stevie",
            "James Ransone",
            "Steve-O"
        ],
        "orig_title": "Inside Man",
        "status": " Released",
        "orig_lang": " English",
        "budget_x": 50000000.0,
        "revenue": 185798265.0,
        "country": "AU"
    },
    {
        "title": "The French Dispatch",
        "date_x": "12/09/2021 ",
        "score": 72.0,
        "genre": [
            "Comedy",
            "Drama",
            "Romance"
        ],
        "overview": "The staff of an American magazine based in France puts out its last issue, with stories featuring an artist sentenced to life imprisonment, student riots, and a kidnapping resolved by a chef.",
        "actors": [
            "Bill Murray",
            "Arthur Howitzer",
            "Jr.",
            "Benicio del Toro",
            "Moses Rosenthaler",
            "Adrien Brody",
            "Julian Cadazio",
            "Tilda Swinton",
            "J. K. L. Berensen",
            "Léa Seydoux",
            "Simone",
            "Frances McDormand",
            "Lucinda Krementz",
            "Timothée Chalamet",
            "Zeffirelli B.",
            "Lyna Khoudri",
            "Juliette",
            "Jeffrey Wright",
            "Roebuck Wright"
        ],
        "orig_title": "The French Dispatch",
        "status": " Released",
        "orig_lang": " English",
        "budget_x": 25000000.0,
        "revenue": 46333545.0,
        "country": "AU"
    },
    {
        "title": "Princess Principal Crown Handler: Chapter 3",
        "date_x": "04/07/2023 ",
        "score": 0.0,
        "genre": [
            "Animation",
            "Action",
            "Adventure",
            "Drama",
            "Mystery"
        ],
        "overview": "The third out of six movie sequels to the TV series.",
        "actors": [
            "Aoi Koga",
            "Ange (voice)",
            "Akira Sekine",
            "Princess (voice)",
            "You Taichi",
            "Dorothy (voice)",
            "Akari Kageyama",
            "Beatrice (voice)",
            "Nozomi Furuki",
            "Chise (voice)",
            "Takayuki Sugo",
            "L (voice)",
            "Miyuki Sawashiro",
            "7 (voice)",
            "Hiroyuki Honda",
            "Dollyshop (voice)",
            "Takumi Yamazaki",
            "Colonel (voice)"
        ],
        "orig_title": " プリンセス・プリンシパル Crown Handler 第3章",
        "status": " Released",
        "orig_lang": " Japanese",
        "budget_x": 231940000.0,
        "revenue": 178359863.0,
        "country": "JP"
    },
    {
        "title": "Murder on the Orient Express",
        "date_x": "11/09/2017 ",
        "score": 67.0,
        "genre": [
            "Drama",
            "Mystery",
            "Crime"
        ],
        "overview": "Genius Belgian detective Hercule Poirot investigates the murder of an American tycoon aboard the Orient Express train.",
        "actors": [
            "Kenneth Branagh",
            "Hercule Poirot",
            "Tom Bateman",
            "Mr. Bouc",
            "Michelle Pfeiffer",
            "Caroline Hubbard",
            "Johnny Depp",
            "Samuel Ratchett / Cassetti",
            "Josh Gad",
            "Hector MacQueen",
            "Willem Dafoe",
            "Gerhard Hardman",
            "Judi Dench",
            "Natalia Dragomiroff",
            "Derek Jacobi",
            "Edward Masterman",
            "Leslie Odom Jr.",
            "Dr. Arbuthnot"
        ],
        "orig_title": "Murder on the Orient Express",
        "status": " Released",
        "orig_lang": " English",
        "budget_x": 55000000.0,
        "revenue": 351767147.0,
        "country": "AU"
    },
    {
        "title": "Winchester",
        "date_x": "02/02/2018 ",
        "score": 59.0,
        "genre": [
            "Horror",
            "Thriller"
        ],
        "overview": "San Jose, California, 1906. Isolated in her labyrinthine mansion, eccentric firearm heiress Sarah Winchester believes that she is being haunted by the souls of those killed by the guns manufactured by her company.",
        "actors": [
            "Jason Clarke",
            "Dr. Eric Price",
            "Helen Mirren",
            "Sarah Winchester",
            "Sarah Snook",
            "Marian Marriott",
            "Finn Scicluna-O'Prey",
            "Henry Marriott",
            "Emm Wiseman",
            "Nancy",
            "Alana Fagan",
            "Partially Dressed Lady #1",
            "Rebecca Makar",
            "Partially Dressed Lady #2",
            "Tyler Coppin",
            "Arthur Gates",
            "Michael Carman",
            "Frank"
        ],
        "orig_title": "Winchester",
        "status": " Released",
        "orig_lang": " English",
        "budget_x": 3500000.0,
        "revenue": 45960255.0,
        "country": "US"
    },
    {
        "title": "The Legend of the Nahuala",
        "date_x": "10/31/2007 ",
        "score": 77.0,
        "genre": [
            "Animation",
            "Family",
            "Fantasy",
            "Horror"
        ],
        "overview": "Leo San Juan, an insecure child of nine years old, lives eternally frightened by horror stories that Nando tells his older brother. Within these stories it is 'The Legend of Nahuala', according to which, an old abandoned Casona is possessed by the spirit of an evil witch known as the Nahuala.",
        "actors": [
            "Andrés Bustamante",
            "Don Andres (voice)",
            "Jesús Ochoa",
            "Santos (voice)",
            "Rafael Inclán",
            "Alebrije (voice)",
            "Martha Higareda",
            "Xochitl (voice)",
            "Ofelia Medina",
            "Nahuala (voice)",
            "Fabrizio Santini",
            "Leo San Juan (voice)",
            "Manuel Valdés",
            "Lorenzo Villavicencio (voice)"
        ],
        "orig_title": " La Leyenda de la Nahuala",
        "status": " Released",
        "orig_lang": " Spanish, Castilian",
        "budget_x": 153135539.8,
        "revenue": 575175637.2,
        "country": "MX"
    },
    {
        "title": "Kuroko's Basketball - Movie: Winter Cup - Crossing the Door",
        "date_x": "12/03/2016 ",
        "score": 75.0,
        "genre": [
            "Animation"
        ],
        "overview": "The third of three Kuroko no Basket compilation films.",
        "actors": [
            "Kensho Ono",
            "Tetsuya Kuroko (voice)",
            "Yuki Ono",
            "Taiga Kagami (voice)",
            "Ryota Osaka",
            "Chihiro Mayuzumi (voice)",
            "Hiroshi Kamiya",
            "Seijuro Akashi (voice)",
            "Daisuke Ono",
            "Shintaro Midorima (voice)"
        ],
        "orig_title": " 劇場版「黒子のバスケ」ウインターカップ総集編～扉の向こう～",
        "status": " Released",
        "orig_lang": " Japanese",
        "budget_x": 99600000.0,
        "revenue": 396508441.0,
        "country": "JP"
    },
    {
        "title": "The Good Doctor",
        "date_x": "04/23/2011 ",
        "score": 62.0,
        "genre": [
            "Drama",
            "Thriller",
            "Mystery"
        ],
        "overview": "Dr. Martin Blake, who has spent his life looking for respect, meets an 18-year-old patient named Diane, suffering from a kidney infection, and gets a much-needed boost of self-esteem. However, when her health starts improving, Martin fears losing her, so he begins tampering with her treatment, keeping Diane sick and in the hospital right next to him.",
        "actors": [
            "Orlando Bloom",
            "Dr. Martin Blake",
            "Riley Keough",
            "Diane Nixon",
            "Taraji P. Henson",
            "Nurse Theresa",
            "Rob Morrow",
            "Dr. Waylans",
            "Michael Peña",
            "Jimmy",
            "Troy Garity",
            "Dan",
            "J.K. Simmons",
            "Detective Krauss",
            "Wade Williams",
            "Mr. Nixon",
            "Molly Price",
            "Mrs. Nixon"
        ],
        "orig_title": "The Good Doctor",
        "status": " Released",
        "orig_lang": " English",
        "budget_x": 6000000.0,
        "revenue": 5206.0,
        "country": "US"
    },
    {
        "title": "Jaws: The Revenge",
        "date_x": "07/17/1987 ",
        "score": 41.0,
        "genre": [
            "Adventure",
            "Thriller",
            "Horror"
        ],
        "overview": "After another deadly shark attack, Ellen Brody decides she has had enough of New England's Amity Island and moves to the Caribbean to join her son, Michael, and his family. But a great white shark has followed her there, hungry for more lives.",
        "actors": [
            "Lorraine Gary",
            "Ellen Brody",
            "Lance Guest",
            "Michael Brody",
            "Mario Van Peebles",
            "Jake",
            "Michael Caine",
            "Hoagie Newcombe",
            "Karen Young",
            "Carla Brody",
            "Judith Barsi",
            "Thea Brody",
            "Lynn Whitfield",
            "Louisa",
            "Mitchell Anderson",
            "Sean Brody",
            "Jay Mello",
            "Young Sean Brody"
        ],
        "orig_title": "Jaws: The Revenge",
        "status": " Released",
        "orig_lang": " English",
        "budget_x": 23000000.0,
        "revenue": 51881013.0,
        "country": "US"
    },
    {
        "title": "Big Fish",
        "date_x": "02/05/2004 ",
        "score": 78.0,
        "genre": [
            "Adventure",
            "Fantasy",
            "Drama"
        ],
        "overview": "Throughout his life Edward Bloom has always been a man of big appetites, enormous passions and tall tales. In his later years, he remains a huge mystery to his son, William. Now, to get to know the real man, Will begins piecing together a true picture of his father from flashbacks of his amazing adventures.",
        "actors": [
            "Ewan McGregor",
            "Younger Ed Bloom",
            "Albert Finney",
            "Older Ed Bloom",
            "Billy Crudup",
            "Will Bloom",
            "Jessica Lange",
            "Older Sandra Bloom",
            "Helena Bonham Carter",
            "Younger & Older Jenny/The Witch",
            "Alison Lohman",
            "Younger Sandra Bloom",
            "Robert Guillaume",
            "Older Dr. Bennett",
            "Marion Cotillard",
            "Josephine",
            "Steve Buscemi",
            "Norther Winslow"
        ],
        "orig_title": "Big Fish",
        "status": " Released",
        "orig_lang": " English",
        "budget_x": 70000000.0,
        "revenue": 123954323.0,
        "country": "AU"
    },
    {
        "title": "Enthada Saji",
        "date_x": "04/08/2023 ",
        "score": 0.0,
        "genre": [
            "Comedy",
            "Fantasy",
            "Drama"
        ],
        "overview": "We don't have an overview translated in English. Help us expand our database by adding one.",
        "actors": [
            "Kunchacko Boban",
            "",
            "Jayasurya",
            "",
            "Nivetha Thomas",
            "Sajimol",
            "Sidhartha Siva",
            "",
            "Prem Prakash",
            "",
            "Senthil Krishna Rajamani",
            "",
            "Rajesh Sharma",
            "",
            "Prayaga Martin",
            "",
            "Arya Babu",
            "Mini"
        ],
        "orig_title": " എന്താടാ സജി",
        "status": " Released",
        "orig_lang": " Malayalam",
        "budget_x": 185000000.0,
        "revenue": 175269998.8,
        "country": "IN"
    },
    {
        "title": "A Man of Action",
        "date_x": "11/30/2022 ",
        "score": 68.0,
        "genre": [
            "History",
            "Drama"
        ],
        "overview": "Loosely inspired by the life of Lucio Urtubia, explore the figure of the so-called anarchist 'Robin Hood,' who ran a legendary counterfeiting operation in Paris that put him in the crosshairs of America's largest bank, when he managed to obtain a huge amount of money by forging traveler's checks to invest in causes he believed in.",
        "actors": [
            "Juan José Ballesta",
            "Lucio",
            "Miki Esparbé",
            "Quico",
            "Luis Callejo",
            "Asturiano",
            "Liah O'Prey",
            "Anne",
            "Alexandre Blazy",
            "Inspecteur Costello",
            "Josean Bengoetxea",
            "Germinal",
            "Philip Schurer",
            "Director Banque Credite Mondiale",
            "Daniel Chamorro",
            "Dueño Coche",
            "Ben Temple",
            "Barrow"
        ],
        "orig_title": " Un hombre de acción",
        "status": " Released",
        "orig_lang": " Spanish, Castilian",
        "budget_x": 65240000.0,
        "revenue": 537395648.0,
        "country": "AU"
    },
    {
        "title": "Spy Kids: All the Time in the World",
        "date_x": "09/15/2011 ",
        "score": 47.0,
        "genre": [
            "Family",
            "Comedy",
            "Action"
        ],
        "overview": "Eight years after the third film, the OSS has become the world's top spy agency, while the Spy Kids department has since become defunct. A retired spy Marissa is thrown back into the action along with her stepchildren when a maniacal Timekeeper attempts to take over the world. In order to save the world, Rebecca and Cecil must team up with their hated stepmother. Carmen and Juni have since also grown up and will provide gadgets to them.",
        "actors": [
            "Jessica Alba",
            "Marissa Wilson",
            "Joel McHale",
            "Wilbur Wilson",
            "Rowan Blanchard",
            "Rebecca Wilson",
            "Mason Cook",
            "Cecil Wilson",
            "Jeremy Piven",
            "Danger D'Amo / Tick Tock / Time Keeper",
            "Alexa PenaVega",
            "Carmen Cortez",
            "Daryl Sabara",
            "Juni Cortez",
            "Danny Trejo",
            "Uncle Machete",
            "Belle Solorzano",
            "Spy Baby"
        ],
        "orig_title": "Spy Kids: All the Time in the World",
        "status": " Released",
        "orig_lang": " English",
        "budget_x": 27000000.0,
        "revenue": 80681183.0,
        "country": "AU"
    },
    {
        "title": "Mars Attacks!",
        "date_x": "12/24/1996 ",
        "score": 64.0,
        "genre": [
            "Comedy",
            "Fantasy",
            "Science Fiction"
        ],
        "overview": "A fleet of Martian spacecraft surrounds the world's major cities and all of humanity waits to see if the extraterrestrial visitors have, as they claim, \"come in peace.\" U.S. President James Dale receives assurance from science professor Donald Kessler that the Martians' mission is a friendly one. But when a peaceful exchange ends in the total annihilation of the U.S. Congress, military men call for a full-scale nuclear retaliation.",
        "actors": [
            "Jack Nicholson",
            "President Dale / Art Land",
            "Glenn Close",
            "Marsha Dale",
            "Annette Bening",
            "Barbara Land",
            "Pierce Brosnan",
            "Donald Kessler",
            "Danny DeVito",
            "Rude Gambler",
            "Martin Short",
            "Jerry Ross",
            "Sarah Jessica Parker",
            "Nathalie Lake",
            "Michael J. Fox",
            "Jason Stone",
            "Rod Steiger",
            "General Decker"
        ],
        "orig_title": "Mars Attacks!",
        "status": " Released",
        "orig_lang": " English",
        "budget_x": 80000000.0,
        "revenue": 101371017.0,
        "country": "AU"
    },
    {
        "title": "Open Season",
        "date_x": "11/30/2006 ",
        "score": 61.0,
        "genre": [
            "Animation",
            "Family",
            "Adventure",
            "Comedy"
        ],
        "overview": "Boog, a domesticated 900lb. Grizzly bear finds himself stranded in the woods 3 days before Open Season. Forced to rely on Elliot, a fast-talking mule deer, the two form an unlikely friendship and must quickly rally other forest animals if they are to form a rag-tag army against the hunters.",
        "actors": [
            "Martin Lawrence",
            "Boog (voice)",
            "Ashton Kutcher",
            "Elliot (voice)",
            "Gary Sinise",
            "Shaw (voice)",
            "Debra Messing",
            "Beth (voice)",
            "Billy Connolly",
            "McSquizzy (voice)",
            "Georgia Engel",
            "Bobbie (voice)",
            "Jon Favreau",
            "Reilly (voice)",
            "Jane Krakowski",
            "Giselle (voice)",
            "Gordon Tootoosis",
            "Gordy (voice)"
        ],
        "orig_title": "Open Season",
        "status": " Released",
        "orig_lang": " English",
        "budget_x": 85000000.0,
        "revenue": 191932158.0,
        "country": "AU"
    },
    {
        "title": "Hot Hair Salon",
        "date_x": "09/04/2020 ",
        "score": 54.0,
        "genre": [
            "Drama",
            "Romance"
        ],
        "overview": "Yoon Bong receives a breakup notice from his wife because of premature ejaculation. Yoon Bong's junior Hae-seong said that it was his special experience. Introduce them. A beauty salon that provides services with bikinis. Yun Bong finds his senses little by little there. With the efforts of Hyun-joo and Min-hee, Yun Bong cures premature ejaculation. So-yoon, his wife, is also happy to see Yoon Bong, who has returned as before.",
        "actors": [
            "Sae Bom",
            "",
            "Kim Ji-ah",
            "",
            "Yeo Reum",
            "",
            "Min Do-yoon",
            "",
            "Han Seok-bong",
            ""
        ],
        "orig_title": " 화끈한 미용실",
        "status": " Released",
        "orig_lang": " Korean",
        "budget_x": 88000000.0,
        "revenue": 314837194.0,
        "country": "KR"
    },
    {
        "title": "The Fear of God: 25 Years of The Exorcist",
        "date_x": "06/13/1998 ",
        "score": 72.0,
        "genre": [
            "Documentary",
            "TV Movie"
        ],
        "overview": "A behind-the-scenes retrospective made for the twenty-fifth anniversary of the classic horror film, The Exorcist. Includes interviews with Linda Blair and the other stars of the film, along with commentary from the director and writer on some of the deeper meanings behind the elements they used to terrify their audiences, and previously unreleased footage including make-up tests and deleted scenes.",
        "actors": [
            "Mark Kermode",
            "Himself - Presenter",
            "Ellen Burstyn",
            "Herself - 'Chris MacNeil'",
            "William O'Malley",
            "Himself - 'Fr. Dyer'",
            "William Friedkin",
            "Himself",
            "Max von Sydow",
            "Himself - 'Fr. Merrin'",
            "Linda Blair",
            "Herself - 'Regan MacNeil'",
            "William Peter Blatty",
            "Himself",
            "Thomas Bermingham",
            "Himself",
            "Jason Miller",
            "Himself - 'Damien Karras'"
        ],
        "orig_title": "The Fear of God: 25 Years of The Exorcist",
        "status": " Released",
        "orig_lang": " English",
        "budget_x": 139000000.0,
        "revenue": 474806856.8,
        "country": "GB"
    },
    {
        "title": "One Piece: Baron Omatsuri and the Secret Island",
        "date_x": "03/05/2005 ",
        "score": 73.0,
        "genre": [
            "Action",
            "Animation",
            "Comedy"
        ],
        "overview": "The Straw Hats visit a recreational island, run by Baron Omatsuri, who asks them to complete a series of ordeals if they wish to stay on the island. Luffy accepts and the Straw Hats work together to complete them, but as the island's mysteries unfold, their lives and friendships are put to the test. It's up to Luffy to stop the Baron's plot and keep his crew together.",
        "actors": [
            "Mayumi Tanaka",
            "Monkey D. Luffy",
            "Kazuya Nakai",
            "Roronoa Zoro",
            "Akemi Okamura",
            "Nami",
            "Kappei Yamaguchi",
            "Usopp",
            "Hiroaki Hirata",
            "Sanji",
            "Ikue Otani",
            "Tony Tony Chopper",
            "Yuriko Yamaguchi",
            "Nico Robin",
            "Akio Otsuka",
            "Baron Omatsuri",
            "Takeshi Kusao",
            "Muchigoro"
        ],
        "orig_title": " ワンピース the movie オマツリ男爵と秘密の島",
        "status": " Released",
        "orig_lang": " Japanese",
        "budget_x": 25745000.0,
        "revenue": 10494545.0,
        "country": "JP"
    },
    {
        "title": "Paranormal Activity 2",
        "date_x": "10/21/2010 ",
        "score": 57.0,
        "genre": [
            "Horror",
            "Mystery",
            "Fantasy"
        ],
        "overview": "Days after welcoming a newborn baby, Dan and Kristi Rey return home one day to find their house ransacked with seemingly no explanation. Their fear forces them to put in security cameras, which begin to capture strange activity around the house.",
        "actors": [
            "Sprague Grayden",
            "Kristi Rey",
            "Brian Boland",
            "Daniel Rey",
            "Molly Ephraim",
            "Ali Rey",
            "Katie Featherston",
            "Katie",
            "Micah Sloat",
            "Micah",
            "Seth Ginsberg",
            "Brad",
            "Vivis Cortez",
            "Martine",
            "William Juan Prieto",
            "Hunter Rey",
            "Jackson Xenia Prieto",
            "Hunter Rey"
        ],
        "orig_title": "Paranormal Activity 2",
        "status": " Released",
        "orig_lang": " English",
        "budget_x": 3000000.0,
        "revenue": 177512032.0,
        "country": "AU"
    },
    {
        "title": "Ju-on: The Grudge",
        "date_x": "01/25/2003 ",
        "score": 67.0,
        "genre": [
            "Horror"
        ],
        "overview": "Volunteer home-care worker Rika is assigned to visit a family, she is cursed and chased by two revengeful fiends: Kayako, a woman brutally murdered by her husband and her son Toshio. Each person that lives in or visits the haunted house is murdered or disappears.",
        "actors": [
            "Megumi Okina",
            "Rika Nishina",
            "Misaki Ito",
            "Hitomi Tokunaga",
            "Misa Uehara",
            "Izumi Toyama",
            "Yui Ichikawa",
            "Chiharu",
            "Kanji Tsuda",
            "Katsuya Tokunaga",
            "Kayoko Shibata",
            "Mariko",
            "Yukako Kukuri",
            "Miyuki",
            "Shuri Matsuda",
            "Kazumi Tokunaga",
            "Yoji Tanaka",
            "Yuji Toyama (uncredited)"
        ],
        "orig_title": " 呪怨",
        "status": " Released",
        "orig_lang": " Japanese",
        "budget_x": 3500000.0,
        "revenue": 3657876.0,
        "country": "JP"
    },
    {
        "title": "Rhinegold",
        "date_x": "10/27/2022 ",
        "score": 69.0,
        "genre": [
            "Drama",
            "History",
            "Music",
            "Romance",
            "Crime"
        ],
        "overview": "Xatar’s way from the ghetto to the top of the charts is as dramatic as it is daring: Fatih Akin’s new film is based on the autobiographical novel »Alles oder Nix« (»All or Nothing«) of the probably most authentic exponent of German gangsta rap. From the hell of an Iraqi jail, Giwar Hajabi (Emilio Sakraya) emigrated to Germany as a young boy with his family in the mid-1980s and has to start right at the bottom. There are opportunities, but far more obstacles. Giwar’s rise from petty criminal to major dealer is swift. Until one shipment goes missing. In order to clear his debts with the cartel, he plans a legendary gold heist. But just as everything goes wrong, another door opens for Giwar thanks to his passion for music …",
        "actors": [
            "Emilio Sakraya",
            "Giwar Hajabi",
            "Kardo Razzazi",
            "Ali Brecher",
            "Mona Pirzad",
            "Rasal Hajabi",
            "Majid Bakhtiari",
            "Mullah",
            "Julia Goldberg",
            "Leila",
            "Karim Günes",
            "Ali Brecher",
            "Doğa Gürer",
            "Murat",
            "Marlon Heidel",
            "Gymnasiast",
            "Samir Jebrelli",
            "Sidar"
        ],
        "orig_title": " Rheingold",
        "status": " Released",
        "orig_lang": " German",
        "budget_x": 29720000.0,
        "revenue": 9598008.0,
        "country": "DE"
    },
    {
        "title": "My Little Pony: The Movie",
        "date_x": "11/02/2017 ",
        "score": 72.0,
        "genre": [
            "Family",
            "Animation",
            "Music",
            "Adventure",
            "Fantasy"
        ],
        "overview": "A new dark force threatens Ponyville, and the Mane 6 – Twilight Sparkle, Applejack, Rainbow Dash, Pinkie Pie, Fluttershy and Rarity – embark on an unforgettable journey beyond Equestria where they meet new friends and exciting challenges on a quest to use the magic of friendship and save their home.",
        "actors": [
            "Tara Strong",
            "Twilight Sparkle (voice)",
            "Ashleigh Ball",
            "Applejack / Rainbow Dash (voice)",
            "Andrea Libman",
            "Pinkie Pie / Fluttershy (voice)",
            "Tabitha St. Germain",
            "Rarity / Princess Luna / Granny Smith / Derpy Hooves (voice)",
            "Cathy Weseluck",
            "Spike (voice)",
            "Emily Blunt",
            "Tempest Shadow (voice)",
            "Michael Peña",
            "Grubber (voice)",
            "Liev Schreiber",
            "The Storm King (voice)",
            "Taye Diggs",
            "Capper (voice)"
        ],
        "orig_title": "My Little Pony: The Movie",
        "status": " Released",
        "orig_lang": " English",
        "budget_x": 6500000.0,
        "revenue": 61294644.0,
        "country": "AU"
    },
    {
        "title": "The Water Horse",
        "date_x": "01/10/2008 ",
        "score": 65.0,
        "genre": [
            "Family",
            "Adventure",
            "Fantasy"
        ],
        "overview": "A lonely boy discovers a mysterious egg that hatches a sea creature of Scottish legend.",
        "actors": [
            "Alexander Nathan Etel",
            "Angus MacMorrow",
            "Emily Watson",
            "Anne MacMorrow",
            "Ben Chaplin",
            "Lewis Mowbray",
            "David Morrissey",
            "Captain Thomas Hamilton",
            "Priyanka Xi",
            "Kirstie MacMorrow",
            "Craig Hall",
            "Charlie MacMorrow",
            "Brian Cox",
            "Old Angus",
            "Erroll Shand",
            "Lt. Wormsley",
            "Joel Tobeck",
            "Sgnt. Walker"
        ],
        "orig_title": "The Water Horse",
        "status": " Released",
        "orig_lang": " English",
        "budget_x": 40000000.0,
        "revenue": 103071443.0,
        "country": "AU"
    },
    {
        "title": "Leatherface: The Texas Chainsaw Massacre III",
        "date_x": "01/12/1990 ",
        "score": 53.0,
        "genre": [
            "Horror"
        ],
        "overview": "Two college students driving coast to coast are lured off the main highway and onto a deserted Texas road. Here they are stalked by the menacing Leatherface and his demented family...a bizarre cannibalistic clan with blood on their hands and a feast on their minds. The students’ only chance for escape is a survivalist with enough firepower to blast Leatherface and the rest of the grisly predators to hell. A depraved shocker of intense terror from the gruesome beginning to the bloody finish.",
        "actors": [
            "Kate Hodge",
            "Michelle",
            "Ken Foree",
            "Benny",
            "R.A. Mihailoff",
            "Leatherface 'Junior' Sawyer",
            "William Butler",
            "Ryan",
            "Viggo Mortensen",
            "Eddie 'Tex' Sawyer",
            "Tom Everett",
            "Alfredo Sawyer",
            "Toni Hudson",
            "Sara",
            "Jennifer Banko",
            "Leatherface's Daughter",
            "Duane Whitaker",
            "Ken 'Kim'"
        ],
        "orig_title": "Leatherface: The Texas Chainsaw Massacre III",
        "status": " Released",
        "orig_lang": " English",
        "budget_x": 2000000.0,
        "revenue": 55765562.0,
        "country": "US"
    },
    {
        "title": "Wild Things",
        "date_x": "05/14/1998 ",
        "score": 63.0,
        "genre": [
            "Mystery",
            "Thriller",
            "Drama"
        ],
        "overview": "When teen-socialite Kelly Van Ryan and troubled bad girl Suzie Toller accuse guidance counselor Sam Lombardo of rape, he's suspended by the school, rejected by the town, and fighting to get his life back. One cop suspects conspiracy, but nothing is what it seems...",
        "actors": [
            "Kevin Bacon",
            "Sergeant Ray Duquette",
            "Matt Dillon",
            "Sam Lombardo",
            "Neve Campbell",
            "Suzie Toller",
            "Denise Richards",
            "Kelly Van Ryan",
            "Theresa Russell",
            "Sandra Van Ryan",
            "Bill Murray",
            "Kenneth Bowden",
            "Daphne Rubin-Vega",
            "Detective Gloria Perez",
            "Robert Wagner",
            "Tom Baxter",
            "Carrie Snodgress",
            "Ruby"
        ],
        "orig_title": "Wild Things",
        "status": " Released",
        "orig_lang": " English",
        "budget_x": 20000000.0,
        "revenue": 55576210.0,
        "country": "AU"
    },
    {
        "title": "Arthur 3: The War of the Two Worlds",
        "date_x": "08/22/2010 ",
        "score": 58.0,
        "genre": [
            "Animation",
            "Adventure",
            "Fantasy",
            "Family"
        ],
        "overview": "Maltazard, the Evil M, is now 7 feet tall and evolving among the humans, causing terror wherever he goes. His goal is simple: forming an army of giant henchmen and ruling over the universe. Meanwhile, Arthur is still a Minimoy, and thus in a state where he's unable to fend him off. With the help of Selenia and Betameche, he hatches a plan to regain his usual size: all they must do is infiltrate Arthur's house through the pipeworks, catch an electric train from his bedroom to his grandfather's study and find an elixir that will make him grow back to his human size. Sounds simple enough, if it weren't for Darkos, Maltazard's own son, hot on their tails.",
        "actors": [
            "Freddie Highmore",
            "Arthur Montgomery",
            "Mia Farrow",
            "Granny",
            "Robert Stanton",
            "Armand",
            "Penny Balfour",
            "Rose Montgomery",
            "David Gasman",
            "The Mechanic",
            "Antony Hickling",
            "Douglas",
            "Dashiell Eaves",
            "Simon",
            "Joseph Rezwin",
            "Brad",
            "Cooper Daniels",
            "George Lucas"
        ],
        "orig_title": " Arthur 3: la guerre des deux mondes",
        "status": " Released",
        "orig_lang": " English",
        "budget_x": 70200000.0,
        "revenue": 50649644.8,
        "country": "US"
    },
    {
        "title": "Children of the Corn",
        "date_x": "03/09/1984 ",
        "score": 57.0,
        "genre": [
            "Horror",
            "Thriller"
        ],
        "overview": "A boy preacher named Isaac goes to a town in Nebraska called Gatlin and gets all the children to murder every adult in town.",
        "actors": [
            "Peter Horton",
            "Burton Stanton",
            "Linda Hamilton",
            "Vicky",
            "R. G. Armstrong",
            "Diehl",
            "John Franklin",
            "Isaac Chroner",
            "Courtney Gains",
            "Malachai",
            "Anne Marie McEvoy",
            "Sarah",
            "Robby Kiger",
            "Job",
            "Julie Maddalena",
            "Rachel",
            "Jonas Marlowe",
            "Joseph"
        ],
        "orig_title": "Children of the Corn",
        "status": " Released",
        "orig_lang": " English",
        "budget_x": 800000.0,
        "revenue": 14568989.0,
        "country": "US"
    },
    {
        "title": "Close Encounters of the Third Kind",
        "date_x": "01/27/1978 ",
        "score": 74.0,
        "genre": [
            "Science Fiction",
            "Drama"
        ],
        "overview": "After an encounter with UFOs, an electricity linesman feels undeniably drawn to an isolated area in the wilderness where something spectacular is about to happen.",
        "actors": [
            "Richard Dreyfuss",
            "Roy Neary",
            "François Truffaut",
            "Claude Lacombe",
            "Teri Garr",
            "Ronnie Neary",
            "Melinda Dillon",
            "Jillian Guiler",
            "Bob Balaban",
            "David Laughlin",
            "J. Patrick McNamara",
            "Project Leader",
            "Warren J. Kemmerling",
            "Wild Bill",
            "Roberts Blossom",
            "Farmer",
            "Phil Dodds",
            "ARP Musician"
        ],
        "orig_title": "Close Encounters of the Third Kind",
        "status": " Released",
        "orig_lang": " English",
        "budget_x": 20000000.0,
        "revenue": 340800479.0,
        "country": "AU"
    },
    {
        "title": "Mac & Devin Go to High School",
        "date_x": "07/03/2012 ",
        "score": 64.0,
        "genre": [
            "Comedy"
        ],
        "overview": "A comedy that follows two high school students -- one overachiever struggling to write his valedictorian speech, the other a senior now going on his 15th year of school.",
        "actors": [
            "Snoop Dogg",
            "Mac Johnson",
            "Wiz Khalifa",
            "Devin Overstreet",
            "Mike Epps",
            "Mr. Armstrong",
            "Teairra Mari",
            "Ms. Huck",
            "Andy Milonakis",
            "Knees Down",
            "Samantha Cope",
            "Jasmine",
            "Teni Panosian",
            "Ashley",
            "Luenell",
            "Principal Cummings",
            "Mystikal",
            "Slow Burn"
        ],
        "orig_title": "Mac & Devin Go to High School",
        "status": " Released",
        "orig_lang": " English",
        "budget_x": 90544000.0,
        "revenue": 519948264.6,
        "country": "US"
    },
    {
        "title": "National Lampoon's Van Wilder",
        "date_x": "04/04/2002 ",
        "score": 60.0,
        "genre": [
            "Comedy",
            "Romance"
        ],
        "overview": "Van Wilder has been attending college for far too many years and is scared to graduate, but Van’s father eventually realizes what is going on. When he stops paying his son's tuition fees, Van must come up with the money if he wants to stay in college, so he and his friends come up with a great fund-raising idea – throwing parties. However, when the college magazine finds out and reporter, Gwen is sent to do a story on Van Wilder, things get a little complicated.",
        "actors": [
            "Ryan Reynolds",
            "Van Wilder",
            "Tara Reid",
            "Gwen Pearson",
            "Tim Matheson",
            "Vance Wilder Sr.",
            "Kal Penn",
            "Taj Mahal Badalandabad",
            "Teck Holmes",
            "Hutch",
            "Daniel Cosgrove",
            "Richard Bagg",
            "Emily Rutherfurd",
            "Jeannie",
            "Paul Gleason",
            "Professor McDoogle",
            "Erik Estrada",
            "Erik Estrada"
        ],
        "orig_title": "National Lampoon's Van Wilder",
        "status": " Released",
        "orig_lang": " English",
        "budget_x": 6000000.0,
        "revenue": 39241323.0,
        "country": "AU"
    },
    {
        "title": "Barbie & Her Sisters in the Great Puppy Adventure",
        "date_x": "10/27/2015 ",
        "score": 73.0,
        "genre": [
            "Family",
            "Animation",
            "Adventure"
        ],
        "overview": "Barbie and her sisters, Skipper, Stacie and Chelsea, and their adorable new puppy friends find unexpected mystery and adventure when they return to their hometown of Willows. While going through mementos in Grandma's attic, the sisters discover an old map, believed to lead to a long-lost treasure buried somewhere in the town. With their puppy pals in tow, the four girls go on an exciting treasure hunt, along the way discovering that the greatest treasure of all is the love and laughter they share as sisters!",
        "actors": [
            "Kelly Sheridan",
            "Barbie Roberts (voice)",
            "Kazumi Evans",
            "Skipper Roberts / Lady Mistaken for Barbie (voice)",
            "Claire Maggie Corlett",
            "Stacie Roberts (voice)",
            "Alyssya Swales",
            "Chelsea Roberts (voice)",
            "Chelsea Miller",
            "Taffy (voice)",
            "Taylor Dianne Robinson",
            "DJ (voice)",
            "Bronwen Holmes",
            "Rookie (voice)",
            "Amelia Shoichet-Stoll",
            "Honey (voice)",
            "Joanne Wilson",
            "Grandma Roberts (voice)"
        ],
        "orig_title": "Barbie & Her Sisters in the Great Puppy Adventure",
        "status": " Released",
        "orig_lang": " English",
        "budget_x": 139400000.0,
        "revenue": 555808781.6,
        "country": "US"
    },
    {
        "title": "Safer at Home",
        "date_x": "02/26/2021 ",
        "score": 56.0,
        "genre": [
            "Thriller",
            "Horror"
        ],
        "overview": "Two years into the pandemic, a group of friends throw an online party with a night of games, drinking and drugs. After taking an ecstasy pill, things go terribly wrong and the safety of their home becomes more terrifying than the raging chaos outside.",
        "actors": [
            "Jocelyn Hudon",
            "Jen",
            "Emma Lahana",
            "Mia",
            "Alisa Allapach",
            "Harper",
            "Adwin Brown",
            "Ben",
            "Dan J. Johnson",
            "Evan",
            "Brandon Morales",
            "Officer Hernandez",
            "Daniel Robaire",
            "Liam",
            "Michael Kupisk",
            "Oliver",
            "Mark Irvingsen",
            "Antonio"
        ],
        "orig_title": "Safer at Home",
        "status": " Released",
        "orig_lang": " English",
        "budget_x": 125000000.0,
        "revenue": 357244801.8,
        "country": "US"
    },
    {
        "title": "Enter the Dragon",
        "date_x": "11/01/1973 ",
        "score": 74.0,
        "genre": [
            "Action"
        ],
        "overview": "A martial artist agrees to spy on a reclusive crime lord using his invitation to a tournament there as cover.",
        "actors": [
            "Bruce Lee",
            "Lee",
            "John Saxon",
            "Roper",
            "Jim Kelly",
            "Williams",
            "Sek Kin",
            "Han",
            "Ahna Capri",
            "Tania",
            "Robert Wall",
            "Oharra",
            "Angela Mao Ying",
            "Su Lin",
            "Betty Chung",
            "Mei Ling",
            "Bolo Yeung",
            "Bolo"
        ],
        "orig_title": "Enter the Dragon",
        "status": " Released",
        "orig_lang": " English",
        "budget_x": 10000000.0,
        "revenue": 21485066.0,
        "country": "AU"
    },
    {
        "title": "Home Team",
        "date_x": "01/28/2022 ",
        "score": 68.0,
        "genre": [
            "Family",
            "Comedy"
        ],
        "overview": "Two years after a Super Bowl win when NFL head coach Sean Payton is suspended, he goes back to his hometown and finds himself reconnecting with his 12-year-old son by coaching his Pop Warner football team.",
        "actors": [
            "Kevin James",
            "Sean Payton",
            "Taylor Lautner",
            "Coach Troy Lambert",
            "Rob Schneider",
            "Jamie",
            "Jackie Sandler",
            "Beth",
            "Tait Blum",
            "Connor Payton",
            "Gary Valentine",
            "Coach Mitch Bizone",
            "Lavell Crawford",
            "Gus the bus driver",
            "Chloe Fineman",
            "Intern Emily",
            "Maxwell Simkins",
            "Paulie"
        ],
        "orig_title": "Home Team",
        "status": " Released",
        "orig_lang": " English",
        "budget_x": 99000000.0,
        "revenue": 534705883.4,
        "country": "AU"
    },
    {
        "title": "Jungle",
        "date_x": "06/27/2017 ",
        "score": 66.0,
        "genre": [
            "Adventure",
            "Drama",
            "Thriller"
        ],
        "overview": "In 1981, an enthusiastic young adventurer follows his dreams into the Bolivian Amazon jungle with two friends and a guide with a mysterious past. Their journey quickly turns into a terrifying ordeal as the darkest elements of human nature and the deadliest threats of the wilderness lead to an all-out fight for survival.",
        "actors": [
            "Daniel Radcliffe",
            "Yossi",
            "Thomas Kretschmann",
            "Karl",
            "Alex Russell",
            "Kevin",
            "Joel Jackson",
            "Marcus",
            "Yasmin Kassim",
            "Kina",
            "Luis Jose Lopez",
            "Tico",
            "Lily Sullivan",
            "Amie",
            "Jacek Koman",
            "Yossi's Father",
            "Angie Milliken",
            "Yossi's Mother"
        ],
        "orig_title": "Jungle",
        "status": " Released",
        "orig_lang": " English",
        "budget_x": 51060000.0,
        "revenue": 1906640.0,
        "country": "AU"
    },
    {
        "title": "Hardcore Henry",
        "date_x": "05/27/2016 ",
        "score": 64.0,
        "genre": [
            "Action",
            "Adventure",
            "Science Fiction"
        ],
        "overview": "Henry, a newly resurrected cyborg who must save his wife/creator from the clutches of a psychotic tyrant with telekinetic powers, AKAN, and his army of mercenaries. Fighting alongside Henry is Jimmy, who is Henry's only hope to make it through the day. Hardcore Henry takes place over the course of one day, in Moscow, Russia.",
        "actors": [
            "Sharlto Copley",
            "Jimmy",
            "Andrey Dementyev",
            "Henry / Slick Dmitry",
            "Haley Bennett",
            "Estelle",
            "Danila Kozlovsky",
            "Akan",
            "Tim Roth",
            "Henry's Father",
            "Ilya Naishuller",
            "Timothy / Higher-Self Merc / Henry",
            "Darya Charusha",
            "Katya the Dominatrix",
            "Svetlana Ustinova",
            "Olga the Dominatrix",
            "Will Stewart",
            "Robbie"
        ],
        "orig_title": "Hardcore Henry",
        "status": " Released",
        "orig_lang": " English",
        "budget_x": 2000000.0,
        "revenue": 17187434.0,
        "country": "AU"
    },
    {
        "title": "The Father",
        "date_x": "04/01/2021 ",
        "score": 81.0,
        "genre": [
            "Drama"
        ],
        "overview": "A man refuses all assistance from his daughter as he ages and, as he tries to make sense of his changing circumstances, he begins to doubt his loved ones, his own mind and even the fabric of his reality.",
        "actors": [
            "Anthony Hopkins",
            "Anthony",
            "Olivia Colman",
            "Anne",
            "Mark Gatiss",
            "The Man",
            "Olivia Williams",
            "The Woman",
            "Imogen Poots",
            "Laura",
            "Rufus Sewell",
            "Paul",
            "Ayesha Dharker",
            "Dr. Sarai",
            "Roman Zeller",
            "Boy",
            "Evie Wray",
            "Lucy (uncredited)"
        ],
        "orig_title": "The Father",
        "status": " Released",
        "orig_lang": " English",
        "budget_x": 6000000.0,
        "revenue": 36427155.0,
        "country": "AU"
    },
    {
        "title": "The World to Come",
        "date_x": "02/12/2021 ",
        "score": 71.0,
        "genre": [
            "Romance",
            "Drama",
            "Western"
        ],
        "overview": "In 1856, two women forge a close connection despite their isolation on the American frontier.",
        "actors": [
            "Katherine Waterston",
            "Abigail",
            "Casey Affleck",
            "Dyer",
            "Vanessa Kirby",
            "Tallie",
            "Christopher Abbott",
            "Finney",
            "Kim Ciobanu",
            "Widow Weldon's Son",
            "Daniel Blumberg",
            "Tinker",
            "Andreea Vasile",
            "Mother",
            "James Longshore",
            "Man No. 1"
        ],
        "orig_title": "The World to Come",
        "status": " Released",
        "orig_lang": " English",
        "budget_x": 177200000.0,
        "revenue": 334227586.6,
        "country": "US"
    },
    {
        "title": "Hellraiser: Hellworld",
        "date_x": "09/06/2005 ",
        "score": 48.0,
        "genre": [
            "Horror",
            "Thriller"
        ],
        "overview": "Gamers who participate in an online role-playing game called Hellworld are invited to a rave whose host plans to show them all the truth behind the Cenobite mythos.",
        "actors": [
            "Katheryn Winnick",
            "Chelsea",
            "Christopher Jacot",
            "Jake",
            "Henry Cavill",
            "Mike",
            "Khary Payton",
            "Derrick",
            "Anna Tolputt",
            "Allison",
            "Lance Henriksen",
            "The Host",
            "Doug Bradley",
            "Pinhead",
            "Stelian Urian",
            "Adam",
            "Catalina Alexandru",
            "Sister Ursala"
        ],
        "orig_title": "Hellraiser: Hellworld",
        "status": " Released",
        "orig_lang": " English",
        "budget_x": 5000000.0,
        "revenue": 7522517.0,
        "country": "US"
    },
    {
        "title": "Extremely Wicked, Shockingly Evil and Vile",
        "date_x": "05/02/2019 ",
        "score": 70.0,
        "genre": [
            "Crime"
        ],
        "overview": "A chronicle of the crimes of Ted Bundy, from the perspective of his longtime girlfriend, Elizabeth Kloepfer, who refused to believe the truth about him for years.",
        "actors": [
            "Zac Efron",
            "Ted Bundy",
            "Lily Collins",
            "Liz Kendall",
            "Kaya Scodelario",
            "Carole Anne Boone",
            "John Malkovich",
            "Edward Cowart",
            "Jim Parsons",
            "Larry Simpson",
            "Angela Sarafyan",
            "Joanna",
            "Haley Joel Osment",
            "Jerry",
            "Grace Victoria Cox",
            "Carol Daronch",
            "Forba Shepherd",
            "Louise Bundy"
        ],
        "orig_title": "Extremely Wicked, Shockingly Evil and Vile",
        "status": " Released",
        "orig_lang": " English",
        "budget_x": 128000000.0,
        "revenue": 355806627.4,
        "country": "AU"
    },
    {
        "title": "Rise",
        "date_x": "06/23/2022 ",
        "score": 77.0,
        "genre": [
            "Drama"
        ],
        "overview": "After emigrating to Greece from Nigeria, Vera and Charles Antetokounmpo struggled to survive and provide for their five children, while living under the daily threat of deportation. Desperate to obtain Greek citizenship but undermined by a system that blocked them at every turn, the family's vision, determination and faith lifted them out of obscurity to launch the careers of three NBA champions.",
        "actors": [
            "Uche Agada",
            "Giannis Antetokounmpo",
            "Dayo Okeniyi",
            "Charles Antetokounmpo",
            "Yetide Badaki",
            "Veronica Antetokounmpo",
            "Ral Agada",
            "Thanasis Antetokounmpo",
            "Jaden Osimuwa",
            "Kostas Antetokounmpo",
            "Elijah Sholanke",
            "Alexandros Antetokounmpo",
            "Taylor Nichols",
            "John Hammond",
            "Panos Koronis",
            "Takis Zivas",
            "Manish Dayal",
            "Kevin Stephanides"
        ],
        "orig_title": "Rise",
        "status": " Released",
        "orig_lang": " English",
        "budget_x": 114200000.0,
        "revenue": 736329646.2,
        "country": "US"
    },
    {
        "title": "RoboCop",
        "date_x": "02/06/2014 ",
        "score": 58.0,
        "genre": [
            "Science Fiction",
            "Action"
        ],
        "overview": "In RoboCop, the year is 2028 and multinational conglomerate OmniCorp is at the center of robot technology.  Overseas, their drones have been used by the military for years, but have been forbidden for law enforcement in America.  Now OmniCorp wants to bring their controversial technology to the home front, and they see a golden opportunity to do it.  When Alex Murphy – a loving husband, father and good cop doing his best to stem the tide of crime and corruption in Detroit – is critically injured, OmniCorp sees their chance to build a part-man, part-robot police officer.  OmniCorp envisions a RoboCop in every city and even more billions for their shareholders, but they never counted on one thing: there is still a man inside the machine.",
        "actors": [
            "Joel Kinnaman",
            "RoboCop / Alex Murphy",
            "Gary Oldman",
            "Norton",
            "Michael Keaton",
            "Raymond Sellars",
            "Abbie Cornish",
            "Ellen Murphy",
            "Jackie Earle Haley",
            "Maddox",
            "Michael Kenneth Williams",
            "Jack Lewis",
            "Jennifer Ehle",
            "Liz Kline",
            "Jay Baruchel",
            "Pope",
            "Marianne Jean-Baptiste",
            "Karen Dean"
        ],
        "orig_title": "RoboCop",
        "status": " Released",
        "orig_lang": " English",
        "budget_x": 120000000.0,
        "revenue": 242981799.0,
        "country": "AU"
    },
    {
        "title": "RoboCop",
        "date_x": "02/06/2014 ",
        "score": 58.0,
        "genre": [
            "Science Fiction",
            "Action"
        ],
        "overview": "In RoboCop, the year is 2028 and multinational conglomerate OmniCorp is at the center of robot technology.  Overseas, their drones have been used by the military for years, but have been forbidden for law enforcement in America.  Now OmniCorp wants to bring their controversial technology to the home front, and they see a golden opportunity to do it.  When Alex Murphy – a loving husband, father and good cop doing his best to stem the tide of crime and corruption in Detroit – is critically injured, OmniCorp sees their chance to build a part-man, part-robot police officer.  OmniCorp envisions a RoboCop in every city and even more billions for their shareholders, but they never counted on one thing: there is still a man inside the machine.",
        "actors": [
            "Joel Kinnaman",
            "RoboCop / Alex Murphy",
            "Gary Oldman",
            "Norton",
            "Michael Keaton",
            "Raymond Sellars",
            "Abbie Cornish",
            "Ellen Murphy",
            "Jackie Earle Haley",
            "Maddox",
            "Michael Kenneth Williams",
            "Jack Lewis",
            "Jennifer Ehle",
            "Liz Kline",
            "Jay Baruchel",
            "Pope",
            "Marianne Jean-Baptiste",
            "Karen Dean"
        ],
        "orig_title": "RoboCop",
        "status": " Released",
        "orig_lang": " English",
        "budget_x": 13000000.0,
        "revenue": 54125172.0,
        "country": "AU"
    },
    {
        "title": "Thunderball",
        "date_x": "01/26/1966 ",
        "score": 66.0,
        "genre": [
            "Adventure",
            "Action",
            "Thriller"
        ],
        "overview": "A criminal organization has obtained two nuclear bombs and are asking for a 100 million pound ransom in the form of diamonds in seven days or they will use the weapons. The secret service sends James Bond to the Bahamas to once again save the world.",
        "actors": [
            "Sean Connery",
            "James Bond",
            "Claudine Auger",
            "Dominique 'Domino' Derval",
            "Adolfo Celi",
            "Emilio Largo",
            "Luciana Paluzzi",
            "Fiona Volpe",
            "Rik Van Nutter",
            "Felix Leiter",
            "Guy Doleman",
            "Count Lippe",
            "Molly Peters",
            "Patricia Fearing",
            "Martine Beswick",
            "Paula Caplan",
            "Bernard Lee",
            "M"
        ],
        "orig_title": "Thunderball",
        "status": " Released",
        "orig_lang": " English",
        "budget_x": 9000000.0,
        "revenue": 141200000.0,
        "country": "AU"
    }
]