[
    {
        "title": "Alexander and the Terrible, Horrible, No Good, Very Bad Day",
        "date_x": "12/04/2014 ",
        "score": 62.0,
        "genre": [
            "Family",
            "Comedy"
        ],
        "overview": "Alexander's day begins with gum stuck in his hair, followed by more calamities. Though he finds little sympathy from his family and begins to wonder if bad things only happen to him, his mom, dad, brother, and sister all find themselves living through their own terrible, horrible, no good, very bad day.",
        "actors": [
            "Kerris Dorsey",
            "Emily Cooper",
            "Jennifer Garner",
            "Kelly Cooper",
            "Dylan Minnette",
            "Anthony Cooper",
            "Ed Oxenbould",
            "Alexander Cooper",
            "Steve Carell",
            "Ben Cooper",
            "Sidney Fullmer",
            "Becky Gibson",
            "Bella Thorne",
            "Celia",
            "Toni Trucks",
            "Steph",
            "Elise Vargas",
            "Baby Trevor"
        ],
        "orig_title": "Alexander and the Terrible, Horrible, No Good, Very Bad Day",
        "status": " Released",
        "orig_lang": " English",
        "budget_x": 28000000.0,
        "revenue": 100654149.0,
        "country": "AU"
    },
    {
        "title": "Beyond the Boundary: I'll Be Here – Future",
        "date_x": "04/25/2015 ",
        "score": 76.0,
        "genre": [
            "Animation",
            "Action",
            "Fantasy",
            "Drama",
            "Comedy"
        ],
        "overview": "The battle is over, and they can go about their normal lives now... or so they thought. With no time to rejoice after miraculously saving Mirai from Beyond the Boundary, Mirai lost all her memories. Akihito, now a high school senior, starts to avoid Mirai thinking it’s for the better. Not aware of Akihito’s feelings, Mirai tries to get closer to Akihito. Then, someone who knows of Mirai appears in front of the two. With Akihito’s troubles in vain, Mirai once again sets forth on a battle that forces her to look within.",
        "actors": [
            "Risa Taneda",
            "Mirai Kuriyama (voice)",
            "KENN",
            "Akihito Kanbara (voice)",
            "Minori Chihara",
            "Mitsuki Nase (voice)",
            "Tatsuhisa Suzuki",
            "Hiroomi Nase (voice)",
            "Akeno Watanabe",
            "Shizuku Ninomiya (voice)",
            "Naomi Shindo",
            "Ayaka Shindou (voice)",
            "Yuri Yamaoka",
            "Ai Shindou (voice)",
            "Masaya Matsukaze",
            "Miroku Fujima (voice)",
            "Moe Toyota",
            "Sakura Inami (voice)"
        ],
        "orig_title": " 劇場版 境界の彼方 -I'll Be Here- 未来篇",
        "status": " Released",
        "orig_lang": " Japanese",
        "budget_x": 105000000.0,
        "revenue": 549817752.0,
        "country": "JP"
    },
    {
        "title": "Goodbye World",
        "date_x": "06/15/2013 ",
        "score": 54.0,
        "genre": [
            "Drama",
            "Comedy"
        ],
        "overview": "When a mysterious cyber-attack cripples civilization, a group of old college friends and lovers retreat to a remote country cabin, where they must cope with an uncertain future while navigating the minefield of their shared past.",
        "actors": [
            "Caroline Dhavernas",
            "Becky",
            "Adrian Grenier",
            "James",
            "Ben McKenzie",
            "Nick",
            "Gaby Hoffmann",
            "Laura",
            "Mark Webber",
            "Benji",
            "Kerry Bishé",
            "Lily",
            "Kid Cudi",
            "Lev",
            "Mckenna Grace",
            "Hannah",
            "Julie Dretzin",
            "Claire"
        ],
        "orig_title": "Goodbye World",
        "status": " Released",
        "orig_lang": " English",
        "budget_x": 71800000.0,
        "revenue": 356681368.0,
        "country": "US"
    },
    {
        "title": "Don't Knock Twice",
        "date_x": "02/03/2017 ",
        "score": 55.0,
        "genre": [
            "Horror"
        ],
        "overview": "A mother desperate to reconnect with her troubled daughter becomes embroiled in the urban legend of a demonic witch.",
        "actors": [
            "Katee Sackhoff",
            "Jess",
            "Lucy Boynton",
            "Chloe",
            "Javier Botet",
            "Ginger Special",
            "Nick Moran",
            "Detective Boardman",
            "Pooneh Hajimohammadi",
            "Tira",
            "Jordan Bolger",
            "Danny",
            "Callum Griffiths",
            "Michael",
            "Ania Marson",
            "Mary Aminov",
            "David Broughton-Davies",
            "Caretaker"
        ],
        "orig_title": "Don't Knock Twice",
        "status": " Released",
        "orig_lang": " English",
        "budget_x": 49200000.0,
        "revenue": 427304425.6,
        "country": "US"
    },
    {
        "title": "God, Sex and Truth",
        "date_x": "01/27/2018 ",
        "score": 66.0,
        "genre": [
            "Romance"
        ],
        "overview": "'God, Sex and Truth' delves into the world of sex where it digs out and projects the deepest dignity, divinity of the act and a women's true purpose of her sexuality.",
        "actors": [
            "Mia Malkova",
            "Herself"
        ],
        "orig_title": "God, Sex and Truth",
        "status": " Released",
        "orig_lang": " English",
        "budget_x": 53340523.8,
        "revenue": 359866643.6,
        "country": "US"
    },
    {
        "title": "Come True",
        "date_x": "09/24/2020 ",
        "score": 61.0,
        "genre": [
            "Science Fiction",
            "Horror"
        ],
        "overview": "Looking for an escape from her recurring nightmares, 18-year-old Sarah submits to a university sleep study, but soon realizes she's become the conduit to a frightening new discovery.",
        "actors": [
            "Julia Sarah Stone",
            "Sarah",
            "Landon Liboiron",
            "Jeremy",
            "Carlee Ryski",
            "Anita",
            "Christopher Heatherington",
            "Dr. Meyer",
            "Tedra Rogers",
            "Zoe",
            "Brandon DeWyn",
            "Michael",
            "John Tasker",
            "Lyle",
            "Austin Baker",
            "Will",
            "Shane Ghostkeeper",
            "Aaron"
        ],
        "orig_title": "Come True",
        "status": " Released",
        "orig_lang": " English",
        "budget_x": 5700000.0,
        "revenue": 70459.0,
        "country": "CA"
    },
    {
        "title": "Office Christmas Party",
        "date_x": "11/25/2016 ",
        "score": 57.0,
        "genre": [
            "Comedy"
        ],
        "overview": "When Carol Vanstone, CEO of the technology company Zenotek, expresses her intention to close the Chicago branch, run by her brother Clay, he and his co-workers organize a Christmas party in an effort to impress a potential client and save their jobs. But the party gets out of control…",
        "actors": [
            "Jason Bateman",
            "Josh Parker",
            "Olivia Munn",
            "Tracey Hughes",
            "T.J. Miller",
            "Clay Vanstone",
            "Jennifer Aniston",
            "Carol Vanstone",
            "Kate McKinnon",
            "Mary",
            "Jillian Bell",
            "Trina",
            "Vanessa Bayer",
            "Allison",
            "Courtney B. Vance",
            "Walter Davis",
            "Rob Corddry",
            "Jeremy"
        ],
        "orig_title": "Office Christmas Party",
        "status": " Released",
        "orig_lang": " English",
        "budget_x": 45000000.0,
        "revenue": 115097874.0,
        "country": "AU"
    },
    {
        "title": "True Grit",
        "date_x": "01/26/2011 ",
        "score": 73.0,
        "genre": [
            "Drama",
            "Adventure",
            "Western"
        ],
        "overview": "Following the murder of her father by a hired hand, a 14-year-old farm girl sets out to capture the killer. To aid her, she hires the toughest U.S. Marshal she can find—a man with 'true grit'—Reuben J. 'Rooster' Cogburn.",
        "actors": [
            "Jeff Bridges",
            "Reuben J. \"Rooster\" Cogburn",
            "Hailee Steinfeld",
            "Mattie Ross",
            "Matt Damon",
            "LaBoeuf",
            "Josh Brolin",
            "Tom Chaney",
            "Barry Pepper",
            "\"Lucky\" Ned Pepper",
            "Domhnall Gleeson",
            "Moon (The Kid)",
            "Bruce Green",
            "Harold Parmalee",
            "Roy Lee Jones",
            "Yarnell Poindexter",
            "Paul Rae",
            "Emmett Quincy"
        ],
        "orig_title": "True Grit",
        "status": " Released",
        "orig_lang": " English",
        "budget_x": 35000000.0,
        "revenue": 252276928.0,
        "country": "AU"
    },
    {
        "title": "Arthur & Merlin: Knights of Camelot",
        "date_x": "09/25/2020 ",
        "score": 53.0,
        "genre": [
            "Adventure",
            "History",
            "Action"
        ],
        "overview": "King Arthur returns home after fighting the Roman Empire. His illegitimate son has corrupted the throne of Camelot and King Arthur must reunite with the wizard Merlin and the Knights of the Round Table to fight to get back his crown.",
        "actors": [
            "Richard Short",
            "Arthur",
            "Joe Egan",
            "The Beast",
            "Ronan Summers",
            "Lucan",
            "Olivia Bernstone",
            "Tabitha",
            "Georgia Curtis",
            "Mathilde",
            "Charlie Hiett",
            "Alexander",
            "Jennifer Matter",
            "Vortigone",
            "Stella Stocker",
            "Guinevere",
            "James G. Nunn",
            "Tristram"
        ],
        "orig_title": "Arthur & Merlin: Knights of Camelot",
        "status": " Released",
        "orig_lang": " English",
        "budget_x": 132000000.0,
        "revenue": 356470658.8,
        "country": "US"
    },
    {
        "title": "Thirst",
        "date_x": "04/30/2009 ",
        "score": 71.0,
        "genre": [
            "Drama",
            "Horror",
            "Thriller"
        ],
        "overview": "A respected priest volunteers for an experimental procedure that may lead to a cure for a deadly virus. He gets infected and dies, but a blood transfusion of unknown origin brings him back to life. Now, he’s torn between faith and bloodlust, and has a newfound desire for the wife of a childhood friend.",
        "actors": [
            "Song Kang-ho",
            "Priest Sang-hyeon",
            "Kim Ok-vin",
            "Tae-ju",
            "Kim Hae-sook",
            "Lady Ra",
            "Shin Ha-kyun",
            "Kang-woo",
            "Song Young-chang",
            "Seung-dae",
            "Mercedes Cabral",
            "Evelyn",
            "Ériq Ebouaney",
            "Immanuel",
            "Seo Dong-soo",
            "Hyo-seong",
            "Oh Dal-su",
            "Yeong-doo"
        ],
        "orig_title": " 박쥐",
        "status": " Released",
        "orig_lang": " Korean",
        "budget_x": 5000000.0,
        "revenue": 13085023.0,
        "country": "KR"
    },
    {
        "title": "The Wages of Fear",
        "date_x": "11/01/1977 ",
        "score": 80.0,
        "genre": [
            "Drama",
            "Thriller",
            "Adventure"
        ],
        "overview": "In a run-down South American town, four men are paid to drive trucks loaded with nitroglycerin into the jungle through to the oil field. Friendships are tested and rivalries develop as they embark upon the perilous journey.",
        "actors": [
            "Yves Montand",
            "Mario Livi",
            "Charles Vanel",
            "Mr. Jo",
            "Peter van Eyck",
            "Bimba",
            "Folco Lulli",
            "Luigi",
            "Véra Clouzot",
            "Linda",
            "Antonio Centa",
            "Camp Chief",
            "Luis De Lima",
            "Bernardo",
            "Jo Dest",
            "Hans Smerloff",
            "Darío Moreno",
            "Pepito Hernandez"
        ],
        "orig_title": " Le Salaire de la peur",
        "status": " Released",
        "orig_lang": " French",
        "budget_x": 185260000.0,
        "revenue": 791480522.4,
        "country": "AU"
    },
    {
        "title": "The Dressmaker",
        "date_x": "10/29/2015 ",
        "score": 70.0,
        "genre": [
            "Drama",
            "Comedy"
        ],
        "overview": "In 1950s Australia, beautiful, talented dressmaker Tilly returns to her tiny hometown to right wrongs from her past. As she tries to reconcile with her mother, she starts to fall in love while transforming the fashion of the town.",
        "actors": [
            "Kate Winslet",
            "Myrtle \"Tilly\" Dunnage",
            "Liam Hemsworth",
            "Teddy McSwiney",
            "Caroline Goodall",
            "Elsbeth Beaumont",
            "Judy Davis",
            "Molly Dunnage",
            "Hayley Magnus",
            "Prudence",
            "Hugo Weaving",
            "Sergeant Farrat",
            "Sarah Snook",
            "Gertrude \"Trudy\" Pratt",
            "Kerry Fox",
            "Beulah Harridiene",
            "Shane Jacobson",
            "Alvin Pratt"
        ],
        "orig_title": "The Dressmaker",
        "status": " Released",
        "orig_lang": " English",
        "budget_x": 11900000.0,
        "revenue": 24374909.0,
        "country": "AU"
    },
    {
        "title": "Lamp Life",
        "date_x": "01/31/2020 ",
        "score": 73.0,
        "genre": [
            "Animation",
            "Comedy",
            "Family"
        ],
        "overview": "Bo Peep explains what happened to herself and her sheep between the events of Toy Story 2 and Toy Story 4.",
        "actors": [
            "Annie Potts",
            "Bo Peep (voice)",
            "Ally Maki",
            "Giggles McDimples (voice)",
            "Jim Hanks",
            "Woody (voice)",
            "Emily Davis",
            "Billy",
            "Goat and Gruff (voice)"
        ],
        "orig_title": "Lamp Life",
        "status": " Released",
        "orig_lang": " English",
        "budget_x": 90000000.0,
        "revenue": 761987823.8,
        "country": "US"
    },
    {
        "title": "Never Been Kissed",
        "date_x": "07/01/1999 ",
        "score": 62.0,
        "genre": [
            "Romance",
            "Comedy",
            "Drama"
        ],
        "overview": "Josie Geller, a baby-faced junior copywriter at the Chicago Sun-Times, must pose as a student at her former high school to research contemporary teenage culture. With the help of her brother, Rob, Josie infiltrates the inner circle of the most popular clique on campus. But she hits a major snag in her investigation -- not to mention her own failed love life -- when she falls for her dreamy English teacher, Sam Coulson.",
        "actors": [
            "Drew Barrymore",
            "Josie Geller",
            "David Arquette",
            "Rob Geller",
            "Molly Shannon",
            "Anita",
            "Michael Vartan",
            "Sam Coulson",
            "Jessica Alba",
            "Kirsten",
            "John C. Reilly",
            "Gus Strauss",
            "James Franco",
            "Jason",
            "Octavia Spencer",
            "Cynthia",
            "Jenny Bicks",
            "Miss Haskell"
        ],
        "orig_title": "Never Been Kissed",
        "status": " Released",
        "orig_lang": " English",
        "budget_x": 25000000.0,
        "revenue": 84565230.0,
        "country": "AU"
    },
    {
        "title": "Mickey's Once Upon a Christmas",
        "date_x": "12/07/1999 ",
        "score": 71.0,
        "genre": [
            "Animation",
            "Family",
            "Comedy"
        ],
        "overview": "Mickey, Minnie, and their famous friends Goofy, Donald, Daisy and Pluto gather together to reminisce about the love, magic and surprises in three wonder-filled stories of Christmas past.",
        "actors": [
            "Kelsey Grammer",
            "Narrator (voice)",
            "Wayne Allwine",
            "Mickey Mouse (voice)",
            "Russi Taylor",
            "Minnie Mouse / Huey / Dewey / Louie (voice)",
            "Tony Anselmo",
            "Donald Duck (voice)",
            "Diane Michelle",
            "Daisy Duck (voice)",
            "Tress MacNeille",
            "Chip / Daisy / Aunt Gurtie (voice)",
            "Alan Young",
            "Uncle Scrooge McDuck (voice)",
            "Bill Farmer",
            "Goofy / Pluto (voice)",
            "Corey Burton",
            "Dale (voice)"
        ],
        "orig_title": "Mickey's Once Upon a Christmas",
        "status": " Released",
        "orig_lang": " English",
        "budget_x": 69000000.0,
        "revenue": 560979338.0,
        "country": "US"
    },
    {
        "title": "Rebound",
        "date_x": "04/05/2023 ",
        "score": 98.0,
        "genre": [
            "Drama"
        ],
        "overview": "Joong-Ang High School was once renowned for its high ranked basketball team, but as the years bass and victories grow fewer, the school's social worker Kang Yang-hyun who was a former minor league baseball player, becomes the head coach. Left over talent refuses to play under an inexperienced coach, leaving Coach Kang to pull together a ragtag team of sports misfits. The team is pushed to their limits, but one final obstacle threatens to destroy what little hope was left, until six members agree to return for the love of the game and take on the KBA National Tournament. With only six players on their roster, they begin knocking on victory's door, following Coach Kang's motto: \"There is no such thing as missed shots, there are only rebounds!\" The miracle journey of Busan Joong-Ang High begins.",
        "actors": [
            "Ahn Jae-hong",
            "Kang Yang-hyun",
            "Lee Sin-young",
            "Cheon Gi-beom",
            "Jeong Jin-woon",
            "Bae Gyu-hyuk",
            "Kim Taek",
            "Hong Sun-gyu",
            "Jung Gun-joo",
            "Jung Kang-ho",
            "Kim Min",
            "Heo Jae-yoon",
            "Ahn Ji-ho",
            "Jung Jin-wook"
        ],
        "orig_title": " 리바운드",
        "status": " Released",
        "orig_lang": " Korean",
        "budget_x": 45000000.0,
        "revenue": 17492014.0,
        "country": "KR"
    },
    {
        "title": "The Anthrax Attacks: In the Shadow of 9/11",
        "date_x": "09/08/2022 ",
        "score": 69.0,
        "genre": [
            "Documentary"
        ],
        "overview": "Days after 9/11, letters containing fatal anthrax spores spark panic and tragedy in the US. This documentary follows the subsequent FBI investigation.",
        "actors": [
            "Clark Gregg",
            "Dr. Bruce Ivins",
            "Regan Burns",
            "Bernard Dunn",
            "Brigitte Kali Canales",
            "Agent Moore",
            "Tongayi Chirisa",
            "Agent Shaw",
            "Peri Gilpin",
            "Sara Hughes",
            "Chris Johnson",
            "Vince Lisi",
            "Derek Phillips",
            "Agent Hayward",
            "John Redlinger",
            "Agent Braxton",
            "Rudolph Giuliani",
            "Self (Archival Footage)"
        ],
        "orig_title": "The Anthrax Attacks: In the Shadow of 9/11",
        "status": " Released",
        "orig_lang": " English",
        "budget_x": 111600000.0,
        "revenue": 767228967.6,
        "country": "US"
    },
    {
        "title": "Deseo",
        "date_x": "09/13/2013 ",
        "score": 67.0,
        "genre": [
            "Drama"
        ],
        "overview": "Eight short stories of seduction and illicit encounters between lovers, filled with humor and eroticism, which use a circular structure located in the cosmopolitan atmosphere of a colonial city of Mexico.",
        "actors": [
            "Edith González",
            "Actriz",
            "Christian Bach",
            "La Señora",
            "Paola Nuñez",
            "Jovencita",
            "Paulina Gaitán",
            "Adolescente",
            "Leonor Varela",
            "Muchacha",
            "Lila Downs",
            "Lila Downs",
            "Pedro Damián",
            "El Marido",
            "Gerardo Taracena",
            "Marino",
            "Ari Borovoy",
            "El Joven"
        ],
        "orig_title": "Deseo",
        "status": " Released",
        "orig_lang": " Spanish, Castilian",
        "budget_x": 75500000.0,
        "revenue": 509726081.0,
        "country": "MX"
    },
    {
        "title": "A Gruta",
        "date_x": "10/29/2020 ",
        "score": 63.0,
        "genre": [
            "Horror"
        ],
        "overview": "The only one survivor of a mysterious murderer that killed his wife, friends and the tourism guide who leaded them through a interdicted grotto, a boy become the only suspect to make the crime. He, however, claim for his innocence saying that your wife killed those people as she was possessed by an evil force. Refusing to talk to police officers who are in charge for the crime investigation, he asks for help to a nun.",
        "actors": [
            "Carolina Ferraz",
            "Helena",
            "Arthur Vinciprova",
            "Jesus",
            "Nayara Justino",
            "Ana",
            "Pietro Mário",
            "Padre Gabriel",
            "Monica Izidoro",
            "Marina",
            "Luciene Martes",
            "Lúcia",
            "Fábio Soares",
            "Caio",
            "Jhenifer Emerick",
            "Laura"
        ],
        "orig_title": "A Gruta",
        "status": " Released",
        "orig_lang": " Portuguese",
        "budget_x": 87000000.0,
        "revenue": 476680473.8,
        "country": "BR"
    },
    {
        "title": "Pizza Dare 1",
        "date_x": "04/10/2020 ",
        "score": 68.0,
        "genre": [
            "Romance"
        ],
        "overview": "Seok, who wants to try perverted sex, pesters Hyun-jin every day, but Hyun-jin rejects it saying she only like normal things.  And then one day while delivering chicken, he found So-ra and Hyun-soo, a couple who enjoys delivery exposures.  Frustrated as he is with Hyun-jin, he starts neglecting her and became more and more hooked with the So-ra couple.  To recover their relationship, Hyun-jin goes on a date with Seok. But then a call came for him. The couple invites him for sex.  Will he be having a date with his wife, or will he accept the invitation he may only get once in a lifetime?  What would be his choice?",
        "actors": [
            "Yoo Jung",
            "",
            "Yoon So-jung-I",
            "",
            "Jin Si-ah",
            "",
            "Yoon Jae",
            "",
            "Kang Min-woo",
            "",
            "Shin Yeon-woo",
            "",
            "Yuuta",
            ""
        ],
        "orig_title": " 배달노출: 알몸으로 유혹하기",
        "status": " Released",
        "orig_lang": " Korean",
        "budget_x": 78200000.0,
        "revenue": 360564423.2,
        "country": "KR"
    },
    {
        "title": "Brooklyn",
        "date_x": "10/20/2015 ",
        "score": 73.0,
        "genre": [
            "Romance",
            "Drama"
        ],
        "overview": "In 1950s Ireland and New York, young Eilis Lacey has to choose between two men and two countries.",
        "actors": [
            "Saoirse Ronan",
            "Eilis Lacey",
            "Domhnall Gleeson",
            "Jim Farrell",
            "Emory Cohen",
            "Tony Fiorello",
            "Jim Broadbent",
            "Father Flood",
            "Julie Walters",
            "Madge Kehoe",
            "Jessica Paré",
            "Miss Fortini",
            "Eve Macklin",
            "Diana Montini",
            "Brid Brennan",
            "Miss Kelly",
            "Fiona Glascott",
            "Rose Lacey"
        ],
        "orig_title": "Brooklyn",
        "status": " Released",
        "orig_lang": " English",
        "budget_x": 11000000.0,
        "revenue": 62076141.0,
        "country": "AU"
    },
    {
        "title": "The Secret Life of Bees",
        "date_x": "03/05/2009 ",
        "score": 75.0,
        "genre": [
            "Family",
            "Adventure",
            "Drama"
        ],
        "overview": "Set in South Carolina in 1964, this is the tale of Lily Owens a 14 year-old girl who is haunted by the memory of her late mother. To escape her lonely life and troubled relationship with her father, Lily flees with Rosaleen, her caregiver and only friend, to a South Carolina town that holds the secret to her mother's past.",
        "actors": [
            "Dakota Fanning",
            "Lily Owens",
            "Queen Latifah",
            "August Boatwright",
            "Jennifer Hudson",
            "Rosaleen Daise",
            "Alicia Keys",
            "June Boatwright",
            "Sophie Okonedo",
            "May Boatwright",
            "Paul Bettany",
            "T. Ray Owens",
            "Hilarie Burton",
            "Deborah Owens",
            "Tristan Mack Wilds",
            "Zach Taylor",
            "Nate Parker",
            "Neil"
        ],
        "orig_title": "The Secret Life of Bees",
        "status": " Released",
        "orig_lang": " English",
        "budget_x": 11000000.0,
        "revenue": 39994347.0,
        "country": "AU"
    },
    {
        "title": "What's Your Number?",
        "date_x": "09/30/2011 ",
        "score": 65.0,
        "genre": [
            "Comedy",
            "Romance"
        ],
        "overview": "Ally Darling is realizing she's a little lost in life. Her latest romance has just fizzled out, and she's just been fired from her marketing job. Then she reads an eye-opening magazine article that warns that 96 percent of women who've been with 20 or more lovers are unlikely to find a husband. Determined to turn her life around and prove the article wrong, Ally embarks on a mission to find the perfect mate from among her numerous ex-boyfriends.",
        "actors": [
            "Anna Faris",
            "Ally Darling",
            "Chris Evans",
            "Colin Shea",
            "Ari Graynor",
            "Daisy Darling",
            "Blythe Danner",
            "Ava Darling",
            "Ed Begley Jr.",
            "Mr. Darling",
            "Oliver Jackson-Cohen",
            "Eddie Vogel",
            "Heather Burns",
            "Eileen",
            "Eliza Coupe",
            "Sheila",
            "Kate Simses",
            "Katie"
        ],
        "orig_title": "What's Your Number?",
        "status": " Released",
        "orig_lang": " English",
        "budget_x": 20000000.0,
        "revenue": 30163785.0,
        "country": "AU"
    },
    {
        "title": "Last Film Show",
        "date_x": "11/05/2021 ",
        "score": 73.0,
        "genre": [
            "Drama"
        ],
        "overview": "A 9-year-old boy in a remote village in India begins a lifelong love affair with cinema when he bribes his way into a rundown movie palace and spends a summer watching movies from the projection booth.",
        "actors": [
            "Bhavin Rabari",
            "Samay",
            "Richa Meena",
            "Ba (Samay's Mother)",
            "Bhavesh Shrimali",
            "Fazal",
            "Dipen Raval",
            "Bapuji (Samay's Father)",
            "Rahul Koli",
            "Manu",
            "Vikas Bata",
            "Nano",
            "Shoban Makwa",
            "Badshah",
            "Kishan Parmar",
            "S.T.",
            "Vijay Mer",
            "Tiku"
        ],
        "orig_title": " છેલ્લો શો",
        "status": " Released",
        "orig_lang": " Gujarati",
        "budget_x": 2000000.0,
        "revenue": 69897819.6,
        "country": "AU"
    },
    {
        "title": "Dream Horse",
        "date_x": "06/10/2021 ",
        "score": 71.0,
        "genre": [
            "Comedy",
            "Drama"
        ],
        "overview": "The inspiring true story of Dream Alliance, an unlikely race horse bred by small town bartender, Jan Vokes. With very little money and no experience, Jan convinces her neighbors to chip in their meager earnings to help raise Dream and compete with the racing elites. Their investment pays off as Dream rises through the ranks and becomes a beacon of hope in their struggling community.",
        "actors": [
            "Toni Collette",
            "Jan Vokes",
            "Owen Teale",
            "Brian Vokes",
            "Damian Lewis",
            "Howard Davies",
            "Karl Johnson",
            "Kerby",
            "Siân Phillips",
            "Maureen",
            "Joanna Page",
            "Angela Davies",
            "Alan David",
            "Bert",
            "Lynda Baron",
            "Elsie",
            "Steffan Rhodri",
            "Gerwyn"
        ],
        "orig_title": "Dream Horse",
        "status": " Released",
        "orig_lang": " English",
        "budget_x": 20000000.0,
        "revenue": 6435260.0,
        "country": "AU"
    },
    {
        "title": "The Man Who Shot Liberty Valance",
        "date_x": "04/22/1962 ",
        "score": 78.0,
        "genre": [
            "Western"
        ],
        "overview": "A senator, who became famous for killing a notorious outlaw, returns for the funeral of an old friend and tells the truth about his deed.",
        "actors": [
            "John Wayne",
            "Tom Doniphon",
            "James Stewart",
            "Ransom Stoddard",
            "Vera Miles",
            "Hallie Stoddard",
            "Lee Marvin",
            "Liberty Valance",
            "Edmond O'Brien",
            "Dutton Peabody",
            "Andy Devine",
            "Marshal Link Appleyard",
            "Ken Murray",
            "Doc Willoughby",
            "John Carradine",
            "Maj. Cassius Starbuckle",
            "Jeanette Nolan",
            "Nora Ericson"
        ],
        "orig_title": "The Man Who Shot Liberty Valance",
        "status": " Released",
        "orig_lang": " English",
        "budget_x": 3200000.0,
        "revenue": 8000000.0,
        "country": "US"
    },
    {
        "title": "Vicky Cristina Barcelona",
        "date_x": "08/15/2008 ",
        "score": 68.0,
        "genre": [
            "Drama",
            "Romance"
        ],
        "overview": "Two girlfriends on a summer holiday in Spain become enamored with the same painter, unaware that his ex-wife, with whom he has a tempestuous relationship, is about to re-enter the picture.",
        "actors": [
            "Scarlett Johansson",
            "Cristina",
            "Rebecca Hall",
            "Vicky",
            "Javier Bardem",
            "Juan Antonio Gonzalo",
            "Penélope Cruz",
            "María Elena",
            "Christopher Evan Welch",
            "Narrator (voice)",
            "Chris Messina",
            "Doug",
            "Patricia Clarkson",
            "Judy Nash",
            "Kevin Dunn",
            "Mark Nash",
            "Julio Perillán",
            "Charles"
        ],
        "orig_title": "Vicky Cristina Barcelona",
        "status": " Released",
        "orig_lang": " English",
        "budget_x": 16000000.0,
        "revenue": 104504817.0,
        "country": "US"
    },
    {
        "title": "Operation Overlord",
        "date_x": "11/30/2021 ",
        "score": 62.0,
        "genre": [
            "War"
        ],
        "overview": "A week before storming the beaches of Normandy, two US Soldiers infiltrate an abandoned complex to rescue a prisoner of war from the clutches of the Nazi regime.",
        "actors": [
            "Thom Hallum",
            "Corporal Brown",
            "Billy Blair",
            "Corporal Anderson",
            "Stacey A. Sheffield",
            "Private Donovan",
            "Tom Zembrod",
            "Koch",
            "Robert Keith",
            ""
        ],
        "orig_title": "Operation Overlord",
        "status": " Released",
        "orig_lang": " English",
        "budget_x": 107200000.0,
        "revenue": 402125768.6,
        "country": "US"
    },
    {
        "title": "Doraemon: Nobita and the Spiral City",
        "date_x": "03/08/1997 ",
        "score": 73.0,
        "genre": [
            "Animation",
            "Science Fiction",
            "Family"
        ],
        "overview": "After Suneo bragged about having a ranch, Nobita was asked whether or not he has one, pressuring him to say yes. Doraemon won a number of lotteries for useless planets in the belt between Mars and Jupiter. When Suneo and the rest came to see the ranch, Nobita happened to read the last of the lottery number to the go-anywhere-door, leading them to a huge dreamlike area. As Nobita's toy horse pranced around because of the wind-up life gadget, Suneo and the others became interested in doing the same to their toys and let them live in the area. So they decided to make their own clockwork city.",
        "actors": [
            "Michiko Nomura",
            "Shizuka Minamoto (voice)",
            "Kazuya Tatekabe",
            "Takeshi Goda (voice)",
            "Kaneta Kimotsuki",
            "Suneo Honegawa (voice)",
            "Noriko Ohara",
            "Nobita Nobi (voice)",
            "Nobuyo Oyama",
            "Doraemon (voice)"
        ],
        "orig_title": " のび太のねじ巻き都市シティー冒険記",
        "status": " Released",
        "orig_lang": " Japanese",
        "budget_x": 93000000.0,
        "revenue": 345008293.2,
        "country": "JP"
    },
    {
        "title": "I Love You, Man",
        "date_x": "06/04/2009 ",
        "score": 65.0,
        "genre": [
            "Comedy",
            "Romance"
        ],
        "overview": "Peter Klaven is a successful real estate agent who, upon getting engaged to the woman of his dreams, Zooey, discovers, to his dismay and chagrin, that he has no male friend close enough to serve as his Best Man. Peter immediately sets out to rectify the situation, embarking on a series of bizarre and awkward \"man-dates.\"",
        "actors": [
            "Paul Rudd",
            "Peter Klaven",
            "Jason Segel",
            "Sydney Fife",
            "Rashida Jones",
            "Zooey Rice",
            "Andy Samberg",
            "Robbie Klaven",
            "J.K. Simmons",
            "Oswald Klaven",
            "Jane Curtin",
            "Joyce Klaven",
            "Jon Favreau",
            "Barry",
            "Jaime Pressly",
            "Denise",
            "Rob Huebel",
            "Tevin Downey"
        ],
        "orig_title": "I Love You, Man",
        "status": " Released",
        "orig_lang": " English",
        "budget_x": 40000000.0,
        "revenue": 92302502.0,
        "country": "AU"
    },
    {
        "title": "Zombie Shark",
        "date_x": "07/20/2015 ",
        "score": 41.0,
        "genre": [
            "Horror",
            "Science Fiction",
            "TV Movie",
            "Action"
        ],
        "overview": "A perfect getaway weekend turns into a nightmare for four friends who find themselves fighting for their lives against an experimental shark. In order to survive they must fight sharks, zombies, and shark zombies.",
        "actors": [
            "Cassie Steele",
            "Amber",
            "Jason London",
            "Maxwell",
            "Laura Cayouette",
            "Dr. Palmer",
            "Roger J. Timber",
            "Lester",
            "Ross Britz",
            "Jenner",
            "Sloane Coe",
            "Sophie",
            "Becky Andrews",
            "Bridgette",
            "Ladson Deyne",
            "Russ",
            "Leslie Castay",
            "Divina"
        ],
        "orig_title": "Zombie Shark",
        "status": " Released",
        "orig_lang": " English",
        "budget_x": 101800000.0,
        "revenue": 858637629.0,
        "country": "US"
    },
    {
        "title": "Monstrum",
        "date_x": "09/12/2018 ",
        "score": 67.0,
        "genre": [
            "Action",
            "Horror",
            "Drama",
            "Fantasy"
        ],
        "overview": "Ancient Korea, 1506. The tyrannical King Yeonsan-gun of Joseon is overthrown by his half-brother Jung-jong, whose reign begins with a blood bath. Over the years, traitors plot against him, sinking the kingdom into chaos. In 1528, frightened rumors come to royal palace, regarding a mysterious creature, known as Monstrum by the peasants.",
        "actors": [
            "Kim Myung-min",
            "Yun-gyeom",
            "Kim In-kwon",
            "Seong-han / Mulgoe's Voice (voice)",
            "Lee Hye-ri",
            "Myeong-i",
            "Choi Woo-shik",
            "Royal Court Officer Heo",
            "Lee Kyung-young",
            "Sim-un",
            "Park Hee-soon",
            "King Jung-jong",
            "Park Sung-woong",
            "Jin-yong",
            "Lee Do-gyeong",
            "Grandpa Song",
            "Lee Kyu-bok",
            "Mo-gae"
        ],
        "orig_title": " 물괴",
        "status": " Released",
        "orig_lang": " Korean",
        "budget_x": 85051500.0,
        "revenue": 5577666.0,
        "country": "KR"
    },
    {
        "title": "St. Agatha",
        "date_x": "04/20/2018 ",
        "score": 56.0,
        "genre": [
            "Horror",
            "Thriller"
        ],
        "overview": "St. Agatha is set in the 1950s in small town Georgia. A pregnant con woman named Agatha is on the run and seeks refuge in a convent hidden in deafening isolation. What first starts out as the perfect place to have a child turns into a dark lair where silence is forced. Ghastly secrets are masked, and every bit of will power Agatha has is tested. She soon learns the sick and twisted truth of the convent and the odd people that lurk inside its halls. Agatha must now find a way to discover the unyielding strength needed to escape and save her baby before she’s caged behind these walls forever.",
        "actors": [
            "Sabrina Kern",
            "Mary / Agatha",
            "Carolyn Hennesy",
            "Mother Superior",
            "Courtney Halverson",
            "Catherine",
            "Seth Michaels",
            "Father Andrew",
            "Trin Miller",
            "Paula",
            "Lindsay Seim",
            "Doris",
            "Jayson Warner Smith",
            "Mary's Dad",
            "Hannah Fierman",
            "Sarah",
            "Shaun Fletcher",
            "Deputy Pearl"
        ],
        "orig_title": "St. Agatha",
        "status": " Released",
        "orig_lang": " English",
        "budget_x": 5460000.0,
        "revenue": 1468454.0,
        "country": "US"
    },
    {
        "title": "Sharknado",
        "date_x": "09/09/2013 ",
        "score": 39.0,
        "genre": [
            "Horror",
            "Action",
            "Comedy",
            "TV Movie",
            "Science Fiction",
            "Adventure"
        ],
        "overview": "A freak hurricane hits Los Angeles, causing man-eating sharks to be scooped up in tornadoes and flooding the city with shark-infested seawater. Surfer and bar-owner Fin sets out with his friends Baz and Nova to rescue his estranged wife April and teenage daughter Claudia.",
        "actors": [
            "Ian Ziering",
            "Fin Shepard",
            "Tara Reid",
            "April",
            "John Heard",
            "George",
            "Cassandra Scerbo",
            "Nova",
            "Jaason Simmons",
            "Baz",
            "Alex Arleo",
            "Bobby",
            "Neil H. Berkow",
            "Carl Hubert",
            "Heather Jocelyn Blair",
            "Candice",
            "Sumiko Braun",
            "Deanna"
        ],
        "orig_title": "Sharknado",
        "status": " Released",
        "orig_lang": " English",
        "budget_x": 1000000.0,
        "revenue": 1240261.6,
        "country": "AU"
    },
    {
        "title": "Fantomas vs. Scotland Yard",
        "date_x": "03/16/1967 ",
        "score": 67.0,
        "genre": [
            "Comedy",
            "Crime",
            "Adventure",
            "Fantasy"
        ],
        "overview": "In the third and final episode of the trilogy, Fantômas imposes a head tax on the rich, threatening to kill those who do not comply.",
        "actors": [
            "Jean Marais",
            "Fantômas / Fandor / Sir Walter Brown / Giuseppe Luigi",
            "Louis de Funès",
            "Commissaire Juve",
            "Mylène Demongeot",
            "Hélène",
            "Françoise Christophe",
            "Lady Dorothée MacRashley",
            "Jean-Roger Caussimon",
            "Lord Edward MacRashley / Fantômas",
            "Robert Dalban",
            "Directeur du journal",
            "André Dumas",
            "Tom Smith",
            "Max Montavon",
            "Alexandre",
            "Rita Renoir",
            "La vedette qui descend d'avion"
        ],
        "orig_title": " Fantômas contre Scotland Yard",
        "status": " Released",
        "orig_lang": " French",
        "budget_x": 108200000.0,
        "revenue": 389368281.6,
        "country": "FR"
    },
    {
        "title": "The Vanished",
        "date_x": "08/21/2020 ",
        "score": 60.0,
        "genre": [
            "Thriller",
            "Horror",
            "Crime",
            "Action"
        ],
        "overview": "A family vacation takes a terrifying turn when parents Paul and Wendy discover their young daughter has vanished without a trace. Stopping at nothing to find her, the search for the truth leads to a shocking revelation.",
        "actors": [
            "Anne Heche",
            "Wendy",
            "Thomas Jane",
            "Paul",
            "Jason Patric",
            "Sheriff Baker",
            "John D. Hickman",
            "Tom",
            "Peter Facinelli",
            "Deputy Rakes",
            "Alex Haydon",
            "Justin",
            "Aleksei Archer",
            "Miranda",
            "Kristopher Wente",
            "Eric",
            "Rebecca Lines",
            "Marianne"
        ],
        "orig_title": "The Vanished",
        "status": " Released",
        "orig_lang": " English",
        "budget_x": 150600000.0,
        "revenue": 511519016.8,
        "country": "US"
    },
    {
        "title": "Starship Troopers: Traitor of Mars",
        "date_x": "09/01/2017 ",
        "score": 60.0,
        "genre": [
            "Action",
            "Animation",
            "Science Fiction"
        ],
        "overview": "Federation trooper Johnny Rico is ordered to work with a group of new recruits on a satellite station on Mars, where giant bugs have decided to target their next attack.",
        "actors": [
            "Casper Van Dien",
            "Johnny Rico (voice)",
            "Dina Meyer",
            "Dizzy Flores (voice)",
            "DeRay Davis",
            "One-Oh-One (voice)",
            "Justin Doran",
            "Carl Jenkins (voice)",
            "Luci Christian",
            "Carmen Ibanez (voice)",
            "Emily Neves",
            "Sky Marshal Amy Snapp (voice)",
            "Scott Gibbs",
            "Lieutenant Baba (voice)",
            "Juliet Simmons",
            "Camacho (voice)",
            "Chris Gibson",
            "Dutch (voice)"
        ],
        "orig_title": "Starship Troopers: Traitor of Mars",
        "status": " Released",
        "orig_lang": " English",
        "budget_x": 112000000.0,
        "revenue": 558251841.6,
        "country": "AU"
    },
    {
        "title": "The Flintstones in Viva Rock Vegas",
        "date_x": "04/28/2000 ",
        "score": 48.0,
        "genre": [
            "Comedy",
            "Family",
            "Romance"
        ],
        "overview": "The Flintstones are at it again. The Flintstones and the Rubbles head for Rock Vegas with Fred hoping to court the lovely Wilma. Nothing will stand in the way of love, except for the conniving Chip Rockefeller who is the playboy born in Baysville but who has made it in the cutthroat town of Rock Vegas. Will Fred win Wilma's love?",
        "actors": [
            "Mark Addy",
            "Fred Flintstone",
            "Stephen Baldwin",
            "Barney Rubble",
            "Kristen Johnston",
            "Wilma Slaghoople",
            "Jane Krakowski",
            "Betty O'Shale",
            "Joan Collins",
            "Pearl Slaghoople",
            "Thomas Gibson",
            "Chip Rockefeller",
            "Alan Cumming",
            "The Great Gazoo / Mick Jagged",
            "Harvey Korman",
            "Colonel Slaghoople",
            "Alex Meneses",
            "Roxie"
        ],
        "orig_title": "The Flintstones in Viva Rock Vegas",
        "status": " Released",
        "orig_lang": " English",
        "budget_x": 58000000.0,
        "revenue": 59431365.0,
        "country": "US"
    },
    {
        "title": "A Perfect Getaway",
        "date_x": "06/08/2009 ",
        "score": 63.0,
        "genre": [
            "Thriller",
            "Mystery",
            "Adventure"
        ],
        "overview": "For their honeymoon, newlyweds Cliff and Cydney head to the tropical islands of Hawaii. While journeying through the paradisaical countryside the couple encounters Kale and Cleo, two disgruntled hitchhikers and Nick and Gina, two wild but well-meaning spirits who help guide them through the lush jungles. The picturesque waterfalls and scenic mountainsides quickly give way to terror when Cliff and Cydney learn of a grisly murder that occurred nearby and realize that they're being followed by chance acquaintances that suspiciously fit the description of the killers.",
        "actors": [
            "Steve Zahn",
            "Cliff",
            "Milla Jovovich",
            "Cydney",
            "Timothy Olyphant",
            "Nick",
            "Kiele Sanchez",
            "Gina",
            "Chris Hemsworth",
            "Kale",
            "Marley Shelton",
            "Cleo",
            "Holt McCallany",
            "Police Lieutenant",
            "Anthony Ruivivar",
            "Chronic",
            "Dale Dickey",
            "Earth Momma"
        ],
        "orig_title": "A Perfect Getaway",
        "status": " Released",
        "orig_lang": " English",
        "budget_x": 14000000.0,
        "revenue": 22815460.0,
        "country": "US"
    },
    {
        "title": "The Powerpuff Girls Movie",
        "date_x": "09/30/2002 ",
        "score": 66.0,
        "genre": [
            "Animation",
            "Action",
            "Family"
        ],
        "overview": "Based on the hit animated television series, this feature film adaptation tells the story of how Blossom, Bubbles and Buttercup - three exuberant young girls - obtain their unique powers, become superheroes and join forces to foil evil mutant monkey Mojo Jojo's plan to take over the world.",
        "actors": [
            "Cathy Cavadini",
            "Blossom (voice)",
            "Tara Strong",
            "Bubbles (voice)",
            "Elizabeth Daily",
            "Buttercup (voice)",
            "Tom Kane",
            "Professor Utonium (voice)",
            "Tom Kenny",
            "Mayor / Narrator / Ka-Ching Ka-Ching (voice)",
            "Roger Jackson",
            "Mojo Jojo (voice)",
            "Jennifer Hale",
            "Ms. Keane (voice)",
            "Jennifer Martin",
            "Miss Bellum (voice)",
            "Jeff Bennett",
            "Ace / Big Billy / Grubber (voice)"
        ],
        "orig_title": "The Powerpuff Girls Movie",
        "status": " Released",
        "orig_lang": " English",
        "budget_x": 10000000.0,
        "revenue": 11411644.0,
        "country": "AU"
    },
    {
        "title": "Camp Cool Kids",
        "date_x": "07/11/2017 ",
        "score": 56.0,
        "genre": [
            "Family"
        ],
        "overview": "Encouraged by his quirky grandfather, a young boy faces his fears at summer camp.",
        "actors": [
            "Markie Post",
            "Euginia",
            "Logan Shroyer",
            "Zach",
            "Leigh-Allyn Baker",
            "Taryn",
            "Michael Gross",
            "Grandpa Norman",
            "A.J. Trauth",
            "Garrett",
            "Emily Hahn",
            "Jen",
            "Sean Ryan Fox",
            "Dean",
            "Tyree Brown",
            "Firefly",
            "Shawn-Caulin Young",
            "Adam"
        ],
        "orig_title": "Camp Cool Kids",
        "status": " Released",
        "orig_lang": " English",
        "budget_x": 1000000.0,
        "revenue": 5199.0,
        "country": "US"
    },
    {
        "title": "A Very Harold & Kumar Christmas",
        "date_x": "10/19/2012 ",
        "score": 60.0,
        "genre": [
            "Comedy"
        ],
        "overview": "Six years have elapsed since Guantanamo Bay, leaving Harold and Kumar estranged from one another with very different families, friends and lives. But when Kumar arrives on Harold's doorstep during the holiday season with a mysterious package in hand, he inadvertently burns down Harold's father-in-law's beloved Christmas tree. To fix the problem, Harold and Kumar embark on a mission through New York City to find the perfect Christmas tree, once again stumbling into trouble at every single turn.",
        "actors": [
            "John Cho",
            "Harold Lee",
            "Kal Penn",
            "Kumar Patel",
            "Paula Garcés",
            "Maria",
            "Neil Patrick Harris",
            "Neil",
            "Elias Koteas",
            "Sergie Katsov",
            "Danneel Ackles",
            "Vanessa Fanning",
            "Thomas Lennon",
            "Todd",
            "Jake Johnson",
            "Jesus",
            "Danny Trejo",
            "Mr. Perez"
        ],
        "orig_title": "A Very Harold & Kumar Christmas",
        "status": " Released",
        "orig_lang": " English",
        "budget_x": 19000000.0,
        "revenue": 36192775.0,
        "country": "AU"
    },
    {
        "title": "1987: When the Day Comes",
        "date_x": "12/27/2017 ",
        "score": 81.0,
        "genre": [
            "Drama",
            "History",
            "Thriller"
        ],
        "overview": "In 1987 Korea, under an oppressive military regime, a college student gets killed during a police interrogation involving torture. Government of officials are quick to cover up the death and order the body to be cremated. A prosecutor who is supposed to sign the cremation release, raises questions about a 21-year-old kid dying of a heart attack, and he begins looking into the case for truth. Despite a systematic attempt to silence everyone involved in the case, the truth gets out, causing an eruption of public outrage.",
        "actors": [
            "Kim Yoon-seok",
            "Park Cheo-won",
            "Ha Jung-woo",
            "Prosecutor Choi Hwan",
            "Yoo Hae-jin",
            "Han Byung-yong",
            "Kim Tae-ri",
            "Yeon-hee",
            "Park Hee-soon",
            "Detective Jo Han-kyung",
            "Lee Hee-jun",
            "Reporter Yoon Sang-sam",
            "Sol Kyung-gu",
            "Kim Jung-nam",
            "Yeo Jin-goo",
            "Park Jong-chul",
            "Gang Dong-won",
            "Lee Han-yeol"
        ],
        "orig_title": " 1987",
        "status": " Released",
        "orig_lang": " Korean",
        "budget_x": 12308000.0,
        "revenue": 49380115.0,
        "country": "KR"
    },
    {
        "title": "Tequila Sunrise",
        "date_x": "02/02/1989 ",
        "score": 61.0,
        "genre": [
            "Crime",
            "Romance",
            "Thriller"
        ],
        "overview": "In a seaside California town, best friends Mac and Nick are on opposite sides of the law. Mac is a former drug dealer trying to clean up his act, while Nick is a high-profile detective trying to take down a Mexican drug lord named Carlos. Soon Nick's loyalties are put to the test when he begins an affair with restaurateur Jo Ann  -- a love interest of Mac's -- unwittingly leading his friend into a police-orchestrated trap.",
        "actors": [
            "Mel Gibson",
            "Dale \"Mac\" McKussic",
            "Michelle Pfeiffer",
            "Jo Ann Vallenari",
            "Kurt Russell",
            "Nick Frescia",
            "Raúl Juliá",
            "Carlos / Comandante Xavier Escalante",
            "J.T. Walsh",
            "Agent Hal McGuire",
            "Arliss Howard",
            "Gregg Lindroff",
            "Arye Gross",
            "Andy Leonard",
            "Gabriel Damon",
            "Cody McKussic",
            "Daniel Zacapa",
            "Arturo"
        ],
        "orig_title": "Tequila Sunrise",
        "status": " Released",
        "orig_lang": " English",
        "budget_x": 23000000.0,
        "revenue": 105900000.0,
        "country": "AU"
    },
    {
        "title": "Heartbreakers",
        "date_x": "07/05/2001 ",
        "score": 61.0,
        "genre": [
            "Comedy",
            "Romance",
            "Crime"
        ],
        "overview": "Max and Page are a brilliant mother/daughter con team who have their grift down to a fine science. Max targets wealthy, willing men and marries them. Page then seduces them, and Max catches her husband in the act. Then it's off to palimony city and the next easy mark.",
        "actors": [
            "Sigourney Weaver",
            "Max Conners",
            "Jennifer Love Hewitt",
            "Page Conners",
            "Jason Lee",
            "Jack Withrowe",
            "Gene Hackman",
            "William B. Tensy",
            "Ray Liotta",
            "Dean Cumanno",
            "Anne Bancroft",
            "Gloria Vogal",
            "Stacey Travis",
            "Nurse Gale Grey",
            "Jeffrey Jones",
            "Mr. Appel",
            "Nora Dunn",
            "Miss Madress"
        ],
        "orig_title": "Heartbreakers",
        "status": " Released",
        "orig_lang": " English",
        "budget_x": 38000000.0,
        "revenue": 57753825.0,
        "country": "AU"
    },
    {
        "title": "Halloweentown High",
        "date_x": "10/08/2004 ",
        "score": 65.0,
        "genre": [
            "Adventure",
            "Comedy",
            "Family",
            "Fantasy",
            "TV Movie"
        ],
        "overview": "Marnie Piper prepares to begin a new school year, she asks the Halloweentown Hot Witches' Council to work toward openness between Halloweentown and the mortal world. She proposes to bring a group of Halloweentown students to her own high school in the mortal world.",
        "actors": [
            "Kimberly J. Brown",
            "Marnie Piper",
            "Debbie Reynolds",
            "Aggie Cromwell",
            "Judith Hoag",
            "Gwen Piper",
            "Emily Roeske",
            "Sophie Piper",
            "Lucas Grabeel",
            "Ethan Dalloway",
            "Joey Zimmerman",
            "Dylan Piper",
            "Finn Wittrock",
            "Cody",
            "Clifton Davis",
            "Principal Flannigan",
            "Eliana Reyes",
            "Cassie the Witch"
        ],
        "orig_title": "Halloweentown High",
        "status": " Released",
        "orig_lang": " English",
        "budget_x": 92940000.0,
        "revenue": 488676116.0,
        "country": "US"
    },
    {
        "title": "Mississippi Burning",
        "date_x": "12/08/1988 ",
        "score": 77.0,
        "genre": [
            "Drama",
            "Thriller",
            "Crime",
            "History",
            "Mystery"
        ],
        "overview": "Two FBI agents investigating the murder of civil rights workers during the 60s seek to breach the conspiracy of silence in a small Southern town where segregation divides black and white. The younger agent trained in FBI school runs up against the small town ways of his partner, a former sheriff.",
        "actors": [
            "Gene Hackman",
            "Anderson",
            "Willem Dafoe",
            "Ward",
            "Frances McDormand",
            "Mrs. Pell",
            "Brad Dourif",
            "Deputy Pell",
            "R. Lee Ermey",
            "Mayor Tilman",
            "Gailard Sartain",
            "Sheriff Stuckey",
            "Stephen Tobolowsky",
            "Townley",
            "Michael Rooker",
            "Frank Bailey",
            "Pruitt Taylor Vince",
            "Lester Cowens"
        ],
        "orig_title": "Mississippi Burning",
        "status": " Released",
        "orig_lang": " English",
        "budget_x": 15000000.0,
        "revenue": 34604000.0,
        "country": "US"
    },
    {
        "title": "Apostle",
        "date_x": "10/12/2018 ",
        "score": 61.0,
        "genre": [
            "Horror",
            "Mystery",
            "Thriller",
            "Drama"
        ],
        "overview": "In 1905, a man travels to a remote island in search of his missing sister who has been kidnapped by a mysterious religious cult.",
        "actors": [
            "Dan Stevens",
            "Thomas Richardson",
            "Michael Sheen",
            "Malcolm Howe",
            "Lucy Boynton",
            "Andrea",
            "Mark Lewis Jones",
            "Quinn",
            "Bill Milner",
            "Jeremy",
            "Kristine Froseth",
            "Ffion",
            "Paul Higgins",
            "Frank",
            "Richard Elfyn",
            "Charles",
            "Catrin Aaron",
            "Elaine"
        ],
        "orig_title": "Apostle",
        "status": " Released",
        "orig_lang": " English",
        "budget_x": 109600000.0,
        "revenue": 509088123.0,
        "country": "AU"
    },
    {
        "title": "Elizabeth: The Golden Age",
        "date_x": "10/23/2007 ",
        "score": 67.0,
        "genre": [
            "Drama",
            "History",
            "Romance"
        ],
        "overview": "When Queen Elizabeth's reign is threatened by ruthless familial betrayal and Spain's invading army, she and her shrewd adviser must act to safeguard the lives of her people.",
        "actors": [
            "Cate Blanchett",
            "Elizabeth I",
            "Clive Owen",
            "Sir Walter Raleigh",
            "Geoffrey Rush",
            "Sir Francis Walsingham",
            "Laurence Fox",
            "Sir Christopher Hatton",
            "Tom Hollander",
            "Amyas Paulet",
            "Abbie Cornish",
            "Elizabeth Throckmorton",
            "Rhys Ifans",
            "Robert Reston",
            "Jordi Mollà",
            "Philip II",
            "Samantha Morton",
            "Queen Mary"
        ],
        "orig_title": "Elizabeth: The Golden Age",
        "status": " Released",
        "orig_lang": " English",
        "budget_x": 55000000.0,
        "revenue": 74870866.0,
        "country": "AU"
    },
    {
        "title": "Sorry to Bother You",
        "date_x": "10/29/2018 ",
        "score": 68.0,
        "genre": [
            "Fantasy",
            "Science Fiction",
            "Comedy"
        ],
        "overview": "In an alternate present-day version of Oakland, black telemarketer Cassius Green discovers a magical key to professional success – which propels him into a macabre universe.",
        "actors": [
            "Lakeith Stanfield",
            "Cassius \"Cash\" Green",
            "Tessa Thompson",
            "Detroit",
            "Jermaine Fowler",
            "Salvador",
            "Omari Hardwick",
            "Mr. _______",
            "Terry Crews",
            "Sergio Green",
            "Patton Oswalt",
            "Mr. _______'s White Voice",
            "David Cross",
            "Cassius Green's White Voice",
            "Danny Glover",
            "Langston",
            "Steven Yeun",
            "Squeeze"
        ],
        "orig_title": "Sorry to Bother You",
        "status": " Released",
        "orig_lang": " English",
        "budget_x": 3200000.0,
        "revenue": 18285560.0,
        "country": "AU"
    },
    {
        "title": "Young Guns II",
        "date_x": "11/19/1990 ",
        "score": 65.0,
        "genre": [
            "Western",
            "Adventure"
        ],
        "overview": "Three of the original five \"young guns\" — Billy the Kid (Emilio Estevez), Jose Chavez y Chavez (Lou Diamond Phillips), and Doc Scurlock (Kiefer Sutherland) — return in Young Guns, Part 2, which is the story of Billy the Kid and his race to safety in Old Mexico while being trailed by a group of government agents led by Pat Garrett.",
        "actors": [
            "Emilio Estevez",
            "William H. 'Billy the Kid' Bonney",
            "Kiefer Sutherland",
            "Josiah Gordon 'Doc' Scurlock",
            "Lou Diamond Phillips",
            "Jose Chavez y Chavez",
            "Christian Slater",
            "Arkansas Dave Rudabaugh",
            "William Petersen",
            "Patrick Floyd 'Pat' Garrett",
            "Alan Ruck",
            "Hendry William French",
            "R. D. Call",
            "D.A. Rynerson",
            "Balthazar Getty",
            "Tom O'Folliard",
            "Jack Kehoe",
            "Ashmun Upson"
        ],
        "orig_title": "Young Guns II",
        "status": " Released",
        "orig_lang": " English",
        "budget_x": 20000000.0,
        "revenue": 59000000.0,
        "country": "AU"
    },
    {
        "title": "The Enforcer",
        "date_x": "01/20/1977 ",
        "score": 68.0,
        "genre": [
            "Action",
            "Crime",
            "Thriller"
        ],
        "overview": "Dirty Harry Callahan returns again, this time saddled with a rookie female partner. Together, they must stop a terrorist group consisting of angry Vietnam veterans.",
        "actors": [
            "Clint Eastwood",
            "Insp. Harry Callahan",
            "Tyne Daly",
            "Insp. Kate Moore",
            "Harry Guardino",
            "Lt. Al Bressler",
            "Bradford Dillman",
            "Captain McKay",
            "John Mitchum",
            "DiGiorgio",
            "DeVeren Bookwalter",
            "Bobby Maxwell",
            "John Crawford",
            "The Mayor",
            "Samantha Doane",
            "Wanda",
            "Robert F. Hoy",
            "Buchinski"
        ],
        "orig_title": "The Enforcer",
        "status": " Released",
        "orig_lang": " English",
        "budget_x": 9000000.0,
        "revenue": 46236000.0,
        "country": "AU"
    },
    {
        "title": "Killers of the Flower Moon",
        "date_x": "10/06/2023 ",
        "score": 0.0,
        "genre": [
            "Crime",
            "Drama",
            "Thriller"
        ],
        "overview": "When oil is discovered in 1920s Oklahoma under Osage Nation land, the Osage people are murdered one by one—until the FBI steps in to unravel the mystery.",
        "actors": [
            "Leonardo DiCaprio",
            "Ernest Burkhart",
            "Jesse Plemons",
            "Tom White",
            "Lily Gladstone",
            "Mollie Burkhart",
            "Robert De Niro",
            "William Hale",
            "Tantoo Cardinal",
            "Lizzie Q. Kyle",
            "Cara Jade Myers",
            "Anna",
            "JaNae Collins",
            "Rita Smith",
            "Jillian Dion",
            "Minnie",
            "William Belleau",
            "Henry Roan"
        ],
        "orig_title": "Killers of the Flower Moon",
        "status": " Post Production",
        "orig_lang": " English",
        "budget_x": 200000000.0,
        "revenue": 1240261.6,
        "country": "US"
    },
    {
        "title": "24 Hours to Live",
        "date_x": "12/01/2017 ",
        "score": 59.0,
        "genre": [
            "Action",
            "Science Fiction",
            "Thriller",
            "Mystery"
        ],
        "overview": "An assassin seeks redemption after being given a second chance at life.",
        "actors": [
            "Ethan Hawke",
            "Travis Conrad",
            "Xu Qing",
            "Lin Bisset",
            "Paul Anderson",
            "Jim Morrow",
            "Rutger Hauer",
            "Frank",
            "Tyrone Keogh",
            "Keith Zera",
            "Nathalie Boltt",
            "Dr. Helen",
            "Liam Cunningham",
            "Wetzler",
            "Jeremy Yong",
            "Christopher Bisset",
            "Susan Young",
            "Vicky Liu"
        ],
        "orig_title": " 24 Hours To Live",
        "status": " Released",
        "orig_lang": " English",
        "budget_x": 21600000.0,
        "revenue": 5805201.0,
        "country": "US"
    },
    {
        "title": "Raging Fire",
        "date_x": "08/19/2021 ",
        "score": 69.0,
        "genre": [
            "Action",
            "Crime",
            "Thriller"
        ],
        "overview": "Cheung Sung-bong is a highly respected cop with a long history of success in dangerous cases. However, his past soon comes back to haunt him when a former protégé resurfaces, seeking revenge.",
        "actors": [
            "Donnie Yen",
            "Cheung Sung-bong",
            "Nicholas Tse",
            "Yau Kong-ngo",
            "Qin Lan",
            "Anna Lam",
            "Ray Lui",
            "Superintendent Yiu Yeuk-sing",
            "Patrick Tam",
            "Yuen Ka-po",
            "Kenny Wong Tak-Ban",
            "Tai Cheuk-yin",
            "Deep Ng Ho-Hong",
            "Chow Chi-chun",
            "Jeana Ho Pui-Yu",
            "Turbo Lui",
            "Angus Yeung",
            "Cho Ning"
        ],
        "orig_title": " 怒火",
        "status": " Released",
        "orig_lang": " Cantonese",
        "budget_x": 4631396.6,
        "revenue": 205000000.0,
        "country": "AU"
    },
    {
        "title": "Bizarre",
        "date_x": "01/16/1987 ",
        "score": 46.0,
        "genre": [
            "Drama",
            "Thriller"
        ],
        "overview": "A wife escapes her pressure-filled marriage only to have her husband haunt her literally and figuratively.",
        "actors": [
            "Florence Guérin",
            "Laurie / Lorenza",
            "Luciano Bartoli",
            "Corbi",
            "Robert Egon",
            "Edward (as Robert Egon Spechtenhauser)",
            "Stefano Sabelli",
            "",
            "Giuliano Sestili",
            "",
            "Vasco Santoni",
            "",
            "Erminia Garofano",
            ""
        ],
        "orig_title": " Profumo",
        "status": " Released",
        "orig_lang": " Italian",
        "budget_x": 74000000.0,
        "revenue": 898538380.0,
        "country": "IT"
    },
    {
        "title": "Street Fighter: The Legend of Chun-Li",
        "date_x": "02/27/2009 ",
        "score": 44.0,
        "genre": [
            "Action",
            "Adventure",
            "Science Fiction",
            "Thriller"
        ],
        "overview": "When a teenager, Chun-Li witnesses the kidnapping of her father by wealthy crime lord M. Bison. When she grows up, she goes on a quest for vengeance and becomes the famous crime-fighter of the Street Fighter universe.",
        "actors": [
            "Kristin Kreuk",
            "Chun-Li",
            "Chris Klein",
            "Charlie Nash",
            "Neal McDonough",
            "Bison",
            "Michael Clarke Duncan",
            "Balrog",
            "Moon Bloodgood",
            "Det. Maya Sunee",
            "Robin Shou",
            "Gen",
            "Josie Ho",
            "Cantana",
            "Taboo",
            "Vega",
            "Cheng Pei-pei",
            "Zhilan"
        ],
        "orig_title": "Street Fighter: The Legend of Chun-Li",
        "status": " Released",
        "orig_lang": " English",
        "budget_x": 50000000.0,
        "revenue": 12660287.0,
        "country": "US"
    },
    {
        "title": "The Deep End of the Ocean",
        "date_x": "03/12/1999 ",
        "score": 64.0,
        "genre": [
            "Drama",
            "Mystery"
        ],
        "overview": "Michelle Pfeiffer is ferocious in the role of a desperate mother whose 3-year-old son disappears during her high school reunion. Nine years later, by chance, he turns up in the town in which the family has just relocated. Based on Jacquelyn Mitchard's best-selling novel (an Oprah book club selection), the movie effectively presents the troubling dynamics that exist between family members who've suffered such an unsettling loss.",
        "actors": [
            "Michelle Pfeiffer",
            "Beth Cappadora",
            "Treat Williams",
            "Pat Cappadora",
            "Whoopi Goldberg",
            "Candy Bliss",
            "Jonathan Jackson",
            "Vincent Cappadora - Age 16",
            "Ryan Merriman",
            "Sam Karras / Ben Cappadora - Age 12",
            "Alexa PenaVega",
            "Kerry Cappadora",
            "Michael McGrady",
            "Jimmy Daugherty",
            "Brenda Strong",
            "Ellen",
            "Michael McElroy",
            "Ben Cappadora - Age 3"
        ],
        "orig_title": "The Deep End of the Ocean",
        "status": " Released",
        "orig_lang": " English",
        "budget_x": 40000000.0,
        "revenue": 13508635.0,
        "country": "US"
    },
    {
        "title": "Piper",
        "date_x": "06/16/2016 ",
        "score": 82.0,
        "genre": [
            "Family",
            "Animation"
        ],
        "overview": "A mother bird tries to teach her little one how to find food by herself. In the process, she encounters a traumatic experience that she must overcome in order to survive.",
        "actors": [
            ""
        ],
        "orig_title": "Piper",
        "status": " Released",
        "orig_lang": " English",
        "budget_x": 70700000.0,
        "revenue": 906265370.4,
        "country": "AU"
    },
    {
        "title": "Take Me Home Tonight",
        "date_x": "03/04/2011 ",
        "score": 60.0,
        "genre": [
            "Comedy",
            "Drama",
            "Romance"
        ],
        "overview": "Recent MIT grad Matt Franklin should be well on his way to a successful career at a Fortune 500 company, but instead he rebels against maturity by taking a job at a video store. Matt rethinks his position when his unrequited high-school crush, Tori, walks in and invites him to an end-of-summer party. With the help of his twin sister and his best friend, Matt hatches a plan to change the course of his life.",
        "actors": [
            "Topher Grace",
            "Matt Franklin",
            "Anna Faris",
            "Wendy Franklin",
            "Dan Fogler",
            "Barry Nathan",
            "Teresa Palmer",
            "Tori Frederking",
            "Michelle Trachtenberg",
            "Kitchelle Storms",
            "Michael Biehn",
            "Bill Franklin",
            "Chris Pratt",
            "Kyle Masterson",
            "Jeanie Hackett",
            "Libby Franklin",
            "Lucy Punch",
            "Shelly"
        ],
        "orig_title": "Take Me Home Tonight",
        "status": " Released",
        "orig_lang": " English",
        "budget_x": 19000000.0,
        "revenue": 7576604.0,
        "country": "US"
    },
    {
        "title": "Backdraft",
        "date_x": "08/15/1991 ",
        "score": 66.0,
        "genre": [
            "Crime",
            "Drama",
            "Thriller",
            "Action"
        ],
        "overview": "Firemen brothers Brian and Stephen McCaffrey battle each other over past slights while trying to stop an arsonist with a diabolical agenda from torching Chicago.",
        "actors": [
            "Kurt Russell",
            "Stephen McCaffrey / Dennis McCaffrey",
            "William Baldwin",
            "Brian McCaffrey",
            "Robert De Niro",
            "Donald Rimgale",
            "Donald Sutherland",
            "Ronald Bartel",
            "Jennifer Jason Leigh",
            "Jennifer Vaitkus",
            "Scott Glenn",
            "John 'Axe' Adcox",
            "Rebecca De Mornay",
            "Helen McCaffrey",
            "Jason Gedrick",
            "Tim Kirzminski",
            "J.T. Walsh",
            "Alderman Marty Swayzak"
        ],
        "orig_title": "Backdraft",
        "status": " Released",
        "orig_lang": " English",
        "budget_x": 75000000.0,
        "revenue": 152368585.0,
        "country": "AU"
    },
    {
        "title": "Rust Creek",
        "date_x": "01/04/2019 ",
        "score": 64.0,
        "genre": [
            "Thriller",
            "Drama",
            "Action",
            "Crime"
        ],
        "overview": "When an overachieving college senior makes a wrong turn, her road trip becomes a life-changing fight for survival in rural Kentucky.",
        "actors": [
            "Hermione Corfield",
            "Sawyer",
            "Jay Paulson",
            "Lowell",
            "Sean O'Bryan",
            "Sheriff O'Doyle",
            "Micah A. Hauptman",
            "Hollister",
            "Daniel R. Hill",
            "Buck",
            "Jeremy Glazer",
            "Katz",
            "John Marshall Jones",
            "Slattery",
            "Jake Kidwell",
            "Josh",
            "Virginia Schneider",
            "Donna"
        ],
        "orig_title": "Rust Creek",
        "status": " Released",
        "orig_lang": " English",
        "budget_x": 750000.0,
        "revenue": 0.0,
        "country": "US"
    },
    {
        "title": "The Prey",
        "date_x": "04/12/2011 ",
        "score": 63.0,
        "genre": [
            "Action",
            "Crime",
            "Thriller"
        ],
        "overview": "A robber escapes from prison with a single objective in mind: to track down his former cellmate, a serial killer who intends to pin his crimes on him. A cop is sent after the robber who, despite his best efforts, soon becomes Public Enemy Number One. As the protagonists are driven to their limits, it becomes increasingly unclear who is the hunter and who is the prey.",
        "actors": [
            "Albert Dupontel",
            "Franck Adrien",
            "Alice Taglioni",
            "Claire Linné",
            "Stéphane Debac",
            "Jean-Louis Maurel",
            "Natacha Régnier",
            "Christine Maurel",
            "Sergi López",
            "Manuel Carrega",
            "Caterina Murino",
            "Anna Adrien",
            "Olivier Schneider",
            "Novik",
            "Zinedine Soualem",
            "Lucciani",
            "Serge Hazanavicius",
            "Lafay"
        ],
        "orig_title": " La Proie",
        "status": " Released",
        "orig_lang": " French",
        "budget_x": 134000000.0,
        "revenue": 465164351.2,
        "country": "FR"
    },
    {
        "title": "Emmanuelle in Space 4: Concealed Fantasy",
        "date_x": "09/27/1994 ",
        "score": 54.0,
        "genre": [
            "Science Fiction",
            "Romance"
        ],
        "overview": "As Emmanuelle demonstrates the hidden joys of sexual fantasy to her intergalactic students, the alien's leader is torn between love and jealousy.",
        "actors": [
            "Krista Allen",
            "Emmanuelle",
            "Paul Michael Robinson",
            "Haffron",
            "Tiendra Demian",
            "Tasha",
            "Timothy Di Pri",
            "Theo",
            "Debra K. Beatty",
            "Cara",
            "Kimberly Rowe",
            "Angie",
            "Brad Nickell",
            "Pierre",
            "Reginald Chevalier",
            "Raymond",
            "David Armstrong",
            "Michael"
        ],
        "orig_title": "Emmanuelle in Space 4: Concealed Fantasy",
        "status": " Released",
        "orig_lang": " English",
        "budget_x": 162800000.0,
        "revenue": 358420061.6,
        "country": "ES"
    },
    {
        "title": "Batman Unmasked: The Psychology of 'The Dark Knight'",
        "date_x": "07/15/2008 ",
        "score": 75.0,
        "genre": [
            "Documentary"
        ],
        "overview": "Delve into the world of Batman and the vigilante justice that he brought to the city of Gotham. Batman is a man who, after experiencing great tragedy, devotes his life to an ideal--but what happens when one man takes on the evil underworld alone? Examine why Batman is who he is--and explore how a boy scarred by tragedy becomes a symbol of hope to everyone else.",
        "actors": [
            "Robert Clotworthy",
            "Narrator",
            "Dan Didio",
            "Self",
            "Len Wein",
            "Self",
            "Christopher Nolan",
            "Self",
            "Christian Bale",
            "Self",
            "Paul Levitz",
            "Self",
            "Denny O'Neil",
            "Self"
        ],
        "orig_title": "Batman Unmasked: The Psychology of 'The Dark Knight'",
        "status": " Released",
        "orig_lang": " English",
        "budget_x": 98800000.0,
        "revenue": 580810039.6,
        "country": "US"
    },
    {
        "title": "Jesus Christ Superstar",
        "date_x": "10/16/2000 ",
        "score": 71.0,
        "genre": [
            "Drama",
            "Music"
        ],
        "overview": "Tim Rice and Andrew Lloyd Webber's Jesus Christ Superstar first exploded onto the West End stage in 1971 and it was clear that the musical world would never be the same again. For the first time ever, Jesus Christ Superstar has been specially filmed for video.  Shot at Pinewood Studios, this brand new filmed stage version starring Glenn Carter and Rik Mayall captures one of the best score Andrew Lloyd Webber has ever written and is packed with hit songs including, 'I Don't Know How To Love Him', 'Gethsemane' and 'Superstar'.",
        "actors": [
            "Glenn Carter",
            "Jesus Christ",
            "Jerome Pradon",
            "Judas Iscariot",
            "Renee Castle",
            "Mary Magdalene",
            "Fred Johanson",
            "Pontius Pilate",
            "Rik Mayall",
            "King Herod",
            "Cavin Cornwall",
            "Peter",
            "Frederick B. Owens",
            "Caiaphas",
            "Michael Shaeffer",
            "Annas",
            "Tony Vincent",
            "Simon Zealotes"
        ],
        "orig_title": "Jesus Christ Superstar",
        "status": " Released",
        "orig_lang": " English",
        "budget_x": 119000000.0,
        "revenue": 296708146.2,
        "country": "GB"
    },
    {
        "title": "Chocolat",
        "date_x": "02/14/2001 ",
        "score": 70.0,
        "genre": [
            "Comedy",
            "Drama",
            "Romance"
        ],
        "overview": "A mother and daughter move to a small French town where they open a chocolate shop. The town, religious and morally strict, is against them, as they represent free-thinking and indulgence. When a group of Boat Gypsies float down the river, the prejudice of the Mayor leads to a crisis.",
        "actors": [
            "Juliette Binoche",
            "Vianne Rocher",
            "Alfred Molina",
            "Count Paul de Reynaud",
            "Johnny Depp",
            "Roux",
            "Judi Dench",
            "Armande Voizin",
            "Leslie Caron",
            "Mrs. Audel",
            "Carrie-Anne Moss",
            "Caroline Clairmont",
            "Aurelien Parent Koenig",
            "Luc Clairmont",
            "Lena Olin",
            "Josephine Muscat",
            "Peter Stormare",
            "Serge Muscat"
        ],
        "orig_title": "Chocolat",
        "status": " Released",
        "orig_lang": " English",
        "budget_x": 25000000.0,
        "revenue": 152500343.0,
        "country": "AU"
    },
    {
        "title": "App",
        "date_x": "04/03/2013 ",
        "score": 51.0,
        "genre": [
            "Thriller"
        ],
        "overview": "A young psychology student is drawn into the dark and fearful world of a diabolic and mysterious App that starts to terrorize her, distributing compromising photographs, videos and text messages about herself and delves deeper and deeper into her personal life, flawlessly exposing all of her deepest secrets.",
        "actors": [
            "Hannah Hoekstra",
            "Anna Rijnders",
            "Isis Cabolet",
            "Sophie Welts",
            "Robert de Hoog",
            "Tim Maas",
            "Jeroen Spitzenberger",
            "Jerry",
            "Matthijs van de Sande Bakhuyzen",
            "Daan Thijsse",
            "Alex Hendrickx",
            "Stijn Rijnders",
            "Mark van Eeuwen",
            "Sim",
            "Patrick Martens",
            "Henry",
            "Harry van Rijthoven",
            "Doctor Carlo"
        ],
        "orig_title": "App",
        "status": " Released",
        "orig_lang": " Dutch, Flemish",
        "budget_x": 2000000.0,
        "revenue": 3280243.8,
        "country": "NL"
    },
    {
        "title": "Fire with Fire",
        "date_x": "08/31/2012 ",
        "score": 57.0,
        "genre": [
            "Action",
            "Crime",
            "Drama",
            "Thriller"
        ],
        "overview": "A fireman takes an unexpected course of action when a man whom he's been ordered to testify against—after being held up at a local convenience store—threatens him.",
        "actors": [
            "Josh Duhamel",
            "Jeremy Coleman",
            "Bruce Willis",
            "Mike Cella",
            "Rosario Dawson",
            "Talia Durham",
            "Vincent D'Onofrio",
            "Neil Hagan",
            "50 Cent",
            "Lamar",
            "Richard Schiff",
            "Harold Gethers",
            "Vinnie Jones",
            "Boyd",
            "James Lesure",
            "Craig",
            "Arie Verveen",
            "Darren"
        ],
        "orig_title": "Fire with Fire",
        "status": " Released",
        "orig_lang": " English",
        "budget_x": 20000000.0,
        "revenue": 2500277.0,
        "country": "US"
    },
    {
        "title": "Wet Dream: Prostitute Woman",
        "date_x": "04/09/2020 ",
        "score": 70.0,
        "genre": [
            "Romance"
        ],
        "overview": "Sang-hee feels lonely whenever she sees her drunkard husband… Whenever her husband comes home late, she is being comforted by Min-gi, the character in the video. Then one day, she learns about a man named Lewis from a business card her friend Mi-yeon gave her, and strange things happen to Sang-hee’s life. Dong-seok, her husband, started to think weirdly about Sang-hee, and Min-gi worries about her because she’s been saying strange things. Unaware who’s telling the truth, Sang-hee is in denial with what’s real, saying that all of this is just a dream.  Louis seems to know the situation… Who’s telling the truth… It comes out one by one…",
        "actors": [
            "Ahn So-hee",
            "Sang-hee",
            "Jo Wan-jin",
            "Dong-seok",
            "Shin Yeon-woo",
            "",
            "Sae Bom",
            "",
            "Min Do-yoon",
            "Louis",
            "Lee Soo",
            "Mi-yeon"
        ],
        "orig_title": " 몽정: 파는 여자",
        "status": " Released",
        "orig_lang": " Korean",
        "budget_x": 105740523.8,
        "revenue": 345465556.8,
        "country": "KR"
    },
    {
        "title": "Lawa",
        "date_x": "03/03/2023 ",
        "score": 20.0,
        "genre": [
            "Thriller"
        ],
        "overview": "A young videographer uses his camera to capture intimate moment of lovers visiting a beautiful and peaceful lake. He uses the captured videos for his own benefit of earning cash. It's just a matter of time until his dark practice will be revealed and dealt with accordingly.",
        "actors": [
            "Sean de Guzman",
            "",
            "Cara Gonzales",
            "",
            "Jela Cuenca",
            "",
            "Josef Elizalde",
            "",
            "Julia Bersana",
            "",
            "Shiela Snow",
            "",
            "Millen Gal",
            "",
            "Thor Gomez",
            "",
            "Ardy Raymundo",
            ""
        ],
        "orig_title": "Lawa",
        "status": " Released",
        "orig_lang": " Tagalog",
        "budget_x": 12001040.0,
        "revenue": 38139010.0,
        "country": "PH"
    },
    {
        "title": "My Friend Dahmer",
        "date_x": "10/03/2018 ",
        "score": 66.0,
        "genre": [
            "Drama",
            "Crime"
        ],
        "overview": "Jeffrey Dahmer struggles with a difficult family life as a young boy. During his teenage years he slowly transforms, edging closer to the serial killer he was to become.",
        "actors": [
            "Ross Lynch",
            "Jeffrey Dahmer",
            "Alex Wolff",
            "John 'Derf' Backderf",
            "Anne Heche",
            "Joyce Dahmer",
            "Dallas Roberts",
            "Lionel Dahmer",
            "Liam Koeth",
            "Dave Dahmer",
            "Nancy Telzerow",
            "Carol Backderf",
            "Tommy Nelson",
            "Neil",
            "Harrison Holzer",
            "Mike",
            "Sydney Ozerov-Meyer",
            "Bridget"
        ],
        "orig_title": "My Friend Dahmer",
        "status": " Released",
        "orig_lang": " English",
        "budget_x": 47660000.0,
        "revenue": 1361611.0,
        "country": "AU"
    },
    {
        "title": "The 7th Voyage of Sinbad",
        "date_x": "12/23/1958 ",
        "score": 69.0,
        "genre": [
            "Action",
            "Adventure",
            "Family",
            "Fantasy"
        ],
        "overview": "When a princess is shrunken by an evil wizard, Sinbad must undertake a quest to an island of monsters to cure her and prevent a war.",
        "actors": [
            "Kerwin Mathews",
            "Sinbad",
            "Kathryn Grant",
            "Princess Parisa",
            "Torin Thatcher",
            "Sokurah the Magician",
            "Richard Eyer",
            "Barani the Genie",
            "Alec Mango",
            "Caliph",
            "Danny Green",
            "Karim",
            "Harold Kasket",
            "Sultan",
            "Alfred Brown",
            "Harufa",
            "Nana DeHerrera",
            "Sadi"
        ],
        "orig_title": "The 7th Voyage of Sinbad",
        "status": " Released",
        "orig_lang": " English",
        "budget_x": 650000.0,
        "revenue": 257720413.2,
        "country": "US"
    },
    {
        "title": "The Promise",
        "date_x": "04/21/2017 ",
        "score": 69.0,
        "genre": [
            "History",
            "Romance",
            "Drama"
        ],
        "overview": "Set during the last days of the Ottoman Empire, a love triangle develops between Mikael, a brilliant medical student, the beautiful and sophisticated artist Ana, and Chris, a renowned American journalist based in Paris.",
        "actors": [
            "Oscar Isaac",
            "Mikael Boghosian",
            "Charlotte Le Bon",
            "Ana Khesarian",
            "Christian Bale",
            "Chris Myers",
            "Daniel Giménez Cacho",
            "Reverend Dikran Antreassian",
            "Tom Hollander",
            "Garin",
            "Shohreh Aghdashloo",
            "Marta Boghosian",
            "Rade Šerbedžija",
            "Stephan",
            "Marwan Kenzari",
            "Emre Ogan",
            "Angela Sarafyan",
            "Maral"
        ],
        "orig_title": "The Promise",
        "status": " Released",
        "orig_lang": " English",
        "budget_x": 90000000.0,
        "revenue": 10551417.0,
        "country": "US"
    },
    {
        "title": "Crocodile Dundee II",
        "date_x": "02/23/1989 ",
        "score": 58.0,
        "genre": [
            "Adventure",
            "Comedy"
        ],
        "overview": "Australian outback expert protects his New York love from gangsters who've followed her down under.",
        "actors": [
            "Paul Hogan",
            "Michael J. 'Crocodile' Dundee",
            "Linda Kozlowski",
            "Sue Charlton",
            "John Meillon",
            "Walter Reilly",
            "Ernie Dingo",
            "Charlie",
            "Charles S. Dutton",
            "Leroy Brown",
            "Hechter Ubarry",
            "Luis Rico",
            "Juan Fernández",
            "Miguel",
            "Luis Guzmán",
            "Jose",
            "Stephen Root",
            "DEA Agent (Toilet)"
        ],
        "orig_title": "Crocodile Dundee II",
        "status": " Released",
        "orig_lang": " English",
        "budget_x": 14000000.0,
        "revenue": 239606210.0,
        "country": "AU"
    },
    {
        "title": "Detective Conan: The Last Wizard of the Century",
        "date_x": "04/17/1999 ",
        "score": 72.0,
        "genre": [
            "Animation",
            "Thriller",
            "Mystery"
        ],
        "overview": "Kaitou Kid dares to challenge the police once more, setting his sights on the Russian Imperial Easter Egg. With the date, time, and place, the Osaka police force scrambles to stop him. But this time, Kid may have bitten off more than he can chew—Conan Edogawa, Heiji Hattori, and numerous others are also trying to get their hands on the jeweled egg.",
        "actors": [
            "Minami Takayama",
            "Conan Edogawa (voice)",
            "Kappei Yamaguchi",
            "Shinichi Kudo / Kaito Kuroba (voice)",
            "Wakana Yamazaki",
            "Ran Mori (voice)",
            "Akira Kamiya",
            "Kogoro Mori (voice)",
            "Kenichi Ogata",
            "Dr. Agatha (voice)",
            "Naoko Matsui",
            "Suzuki Sonoko (voice)",
            "Ryou Horikawa",
            "Hattori Heiji (voice)",
            "Megumi Hayashibara",
            "Ai Haibara (voice)",
            "Chafurin",
            "Detective Juzo Megure (voice)"
        ],
        "orig_title": " 名探偵コナン 世紀末の魔術師",
        "status": " Released",
        "orig_lang": " Japanese",
        "budget_x": 3768000.0,
        "revenue": 22951145.0,
        "country": "JP"
    },
    {
        "title": "Satan's Slaves",
        "date_x": "09/28/2017 ",
        "score": 68.0,
        "genre": [
            "Horror",
            "Mystery"
        ],
        "overview": "After the death of Rini's mother, something is disturbing her family.",
        "actors": [
            "Tara Basro",
            "Rini Suwono",
            "Endy Arfian",
            "Toni",
            "Nasar Anuz",
            "Bondi",
            "M. Adhiyat",
            "Ian",
            "Ayu Laksmi",
            "Mawarni Suwono",
            "Bront Palarae",
            "Suwono",
            "Elly D. Luthan",
            "Rini's Grandmother",
            "Arswendi Nasution",
            "Ustad",
            "Dimas Aditya",
            "Hendra"
        ],
        "orig_title": " Pengabdi Setan",
        "status": " Released",
        "orig_lang": " Indonesian",
        "budget_x": 147983.0,
        "revenue": 235836556.2,
        "country": "ID"
    },
    {
        "title": "Fragile",
        "date_x": "10/14/2005 ",
        "score": 65.0,
        "genre": [
            "Horror",
            "Thriller",
            "Mystery"
        ],
        "overview": "Haunted by memories of a patient's death, a nurse  takes a job at an antiquated hospital for children. Soon she learns that the kids fear a ghost that prowls the floors and will not allow anyone to leave. Amy tries to protect them and convince the other staffers of the evil that lurks there.",
        "actors": [
            "Calista Flockhart",
            "Amy Nicholls",
            "Richard Roxburgh",
            "Robert Marcus",
            "Elena Anaya",
            "Helen Perez",
            "Gemma Jones",
            "Mrs. Folder",
            "Colin McFarlane",
            "Roy",
            "Yasmin Murphy",
            "Maggie",
            "Michael Pennington",
            "Marcus",
            "Daniel Ortiz",
            "Matt",
            "Ivana Baquero",
            "Mandy"
        ],
        "orig_title": "Fragile",
        "status": " Released",
        "orig_lang": " English",
        "budget_x": 73500000.0,
        "revenue": 422567635.4,
        "country": "US"
    }
]